cnpj_basico,n_socios,n_administradores,socio_mais_antigo
29525137,12,4,2017-12-15
24300927,11,3,2016-02-17
52064027,1,0,2023-09-04
60026346,2,1,2025-03-21
57469133,1,0,2024-09-27
52412563,1,0,2023-10-03
10374009,4,1,2008-09-04
49611525,1,0,2023-02-15
53086925,2,1,2023-12-04
48780786,2,1,2022-12-01
57644549,1,0,2024-10-10
17898774,1,0,2013-03-06
60958734,1,0,2025-05-22
33595629,1,0,2019-04-30
56083192,2,1,2024-07-25
62224567,1,0,2025-08-14
62226415,1,0,2025-08-14
59912846,2,1,2025-03-14
51628255,1,0,2023-07-31
63074354,1,0,2025-10-07
52232280,1,0,2023-09-19
37010323,1,0,2020-04-24
60915486,1,0,2025-05-20
31805124,2,1,2018-10-08
39276406,1,0,2020-10-01
63246754,1,0,2025-10-17
35461510,1,0,2019-11-08
41606945,1,0,2021-04-16
24764976,1,0,2016-04-27
45898024,1,0,2022-04-04
28340344,1,0,2017-07-13
40583168,1,0,2021-01-27
60401629,1,0,2025-04-14
36157887,1,0,2020-01-27
18258125,5,1,2016-09-30
42437264,1,0,2021-06-23
03635901,6,6,1998-08-12
50032596,1,0,2023-03-22
43558905,1,0,2021-09-17
14574855,4,2,2011-10-18
56934658,1,0,2024-08-20
46202371,1,0,2022-04-29
09294443,1,0,2007-12-21
62133323,1,0,2025-08-08
26416117,1,0,2016-10-07
59857418,2,2,2025-03-12
53312426,1,0,2023-12-27
23711656,3,1,2015-09-25
57089208,1,0,2024-08-30
46259558,1,0,2022-05-04
27410111,1,0,2017-03-08
48909016,1,0,2022-12-16
46056435,1,0,2022-04-18
28120077,1,0,2017-05-17
58356898,1,0,2024-12-05
29127203,1,0,2017-11-10
39668353,1,0,2020-11-04
52998216,2,2,2023-11-24
53998822,1,0,2024-02-21
64113449,1,0,2025-12-17
55560850,1,0,2024-06-17
64037887,1,0,2025-12-10
50439864,1,0,2023-04-25
24814370,1,0,2016-04-29
51979459,1,0,2023-08-28
54911212,1,0,2024-04-26
61474015,1,0,2025-06-26
39783718,1,0,2020-11-13
62299660,1,0,2025-08-19
63987816,1,0,2025-12-09
61305204,1,0,2025-06-13
57879502,1,0,2024-10-29
61225034,1,0,2025-06-09
04000367,48,1,2000-08-19
24310241,9,4,2015-11-26
47277581,1,0,2022-07-25
58392218,22,1,1989-01-23
54436560,1,0,2024-03-22
46330413,1,0,2022-05-10
47696962,2,2,2022-08-24
01100438,2,2,1996-01-19
13106972,2,1,2010-12-15
07736161,1,0,2006-11-06
49836016,2,1,2023-03-07
59472827,1,0,2025-02-14
59788178,1,0,2025-03-07
43556288,1,0,2021-09-17
59512881,1,0,2025-02-17
57498624,1,0,2024-09-30
29291153,1,0,2017-11-14
31130649,2,1,2018-07-04
58256001,1,0,2024-11-27
57427217,1,0,2024-09-25
30993128,1,0,2018-06-25
52946158,1,0,2023-11-21
05014818,1,1,2002-04-16
57135944,1,0,2024-09-03
62749922,1,0,2025-09-16
56956749,2,1,2024-08-21
48877580,1,0,2022-12-13
23875405,7,1,2015-12-04
62679315,1,0,2025-09-11
52891007,1,0,2023-11-14
51926245,1,0,2023-08-23
28877987,1,0,2017-07-17
50100526,1,0,2023-03-27
60627220,1,0,2025-04-30
59261474,1,0,2025-02-03
36161577,1,0,2020-01-27
61454118,1,0,2025-06-25
23026873,2,1,2015-07-03
56746265,1,0,2024-08-14
57229330,1,0,2024-09-10
62114821,1,0,2025-08-07
54954008,1,0,2024-04-30
49575076,1,0,2023-02-13
32963896,1,0,2018-12-18
36706073,1,0,2020-03-09
50892866,1,0,2023-05-31
11499021,1,0,2009-12-08
53136766,1,0,2023-12-07
41773617,1,0,2021-04-30
49843411,1,0,2023-03-07
41247392,1,0,2021-03-17
62525006,1,0,2025-09-02
51421533,1,0,2023-07-14
34303682,1,0,2019-06-24
51477264,2,2,2023-07-19
63570384,1,0,2025-11-07
56936521,1,0,2024-08-20
59981893,1,0,2025-03-19
36226455,1,0,2020-02-03
54373434,1,0,2024-03-18
39978553,1,0,2020-12-01
53674667,1,0,2024-01-26
59193205,1,0,2025-01-30
27283089,1,0,2017-02-22
61736999,1,0,2025-07-14
40174577,1,0,2020-12-21
17893390,1,0,2012-06-20
41167663,1,0,2021-03-10
48109110,106,85,1995-08-11
60920919,1,0,2025-05-20
22742671,1,0,2015-06-12
18044841,2,2,2013-04-03
11712277,1,0,2010-03-04
41324440,1,0,2021-03-23
49018969,2,2,2023-01-02
25344277,1,0,2016-06-27
47010146,1,0,2022-07-04
39314994,1,0,2020-10-05
21947090,2,1,2014-12-08
45955590,1,0,2022-04-07
33649064,1,0,2019-05-07
40502899,2,0,2021-01-21
24183526,1,0,2015-12-16
31781237,1,0,2018-09-28
50366528,1,0,2023-04-18
37807272,1,0,2020-07-21
61134785,1,0,2025-06-03
60667613,1,0,2025-05-05
51921288,1,0,2023-08-23
44926645,1,0,2022-01-19
52604878,1,0,2023-10-20
61368664,1,0,2025-06-18
53847938,1,0,2024-02-07
47459028,1,0,2022-08-08
29648956,1,0,2018-01-09
11672427,2,1,2010-02-26
11025199,2,1,2009-07-27
59952800,1,0,2025-03-18
32883707,9,1,2019-01-31
60673709,1,0,2025-05-05
34345123,3,2,2019-06-24
55931060,1,0,2024-07-15
52361325,14,1,2023-09-29
33202646,2,2,2017-11-08
60898804,1,0,2025-05-19
37024199,4,2,2020-04-28
23083197,4,1,2015-08-04
28607382,1,0,2017-08-31
31030428,1,0,2018-07-13
04813785,3,2,2001-12-12
07191468,3,1,2017-02-21
55844956,1,0,2024-07-08
26071327,1,0,2016-08-05
62677048,1,0,2025-09-11
19596167,2,1,2014-01-20
43106777,1,0,2021-08-12
53033154,1,0,2023-11-28
08580745,1,0,2006-11-09
42126841,1,0,2021-05-28
50750253,3,1,2023-05-19
57067341,1,0,2024-08-29
57037454,1,0,2024-08-27
54547135,1,0,2024-04-01
61995488,1,0,2025-07-30
60230442,1,1,2025-04-03
50974299,4,0,2023-06-07
27975898,1,0,2017-05-17
29970927,2,2,2018-01-04
54592841,1,0,2024-04-04
24226310,2,2,2015-12-16
54383586,1,0,2024-03-19
62802915,1,0,2025-09-19
47278037,1,0,2022-07-25
30189600,1,0,2018-03-16
03828916,10,3,2005-02-23
28839458,1,0,2017-09-18
02383299,21,2,1997-10-28
19701439,4,1,2014-01-28
51013322,1,0,2023-06-12
36392881,1,0,2020-02-14
19060412,1,1,2013-08-30
53652197,1,0,2024-01-25
46390800,1,0,2022-05-13
43008575,1,0,2021-08-05
62650780,1,0,2025-09-10
05137943,2,1,2002-06-24
07028086,2,2,2004-09-29
51383949,1,0,2023-07-11
02371448,1,1,1997-12-09
08768523,4,1,2007-04-17
49193532,1,0,2023-01-16
29840203,1,0,2018-01-31
50168539,1,0,2023-03-31
64187249,1,0,2025-12-29
40379019,1,0,2021-01-13
53926908,1,0,2024-02-15
49369870,1,0,2023-01-27
23686840,1,0,2015-10-02
57066424,1,0,2024-08-29
60143180,1,0,2025-03-28
59405008,1,1,2025-02-11
63857790,1,0,2025-11-28
15407093,1,0,2012-03-29
26895400,2,2,2016-12-06
51574586,1,0,2023-07-26
37873343,1,0,2017-08-14
41165643,1,0,2021-03-10
46799517,1,0,2022-06-15
47078453,1,0,2022-07-08
27012809,1,0,2017-01-23
42622906,1,0,2021-07-07
18381460,9,2,2013-05-31
04460149,2,2,2001-05-10
26904826,3,2,2016-04-06
23546388,2,2,2015-10-16
38305260,1,0,2020-09-01
42296435,1,0,2021-06-11
59459705,1,0,2025-02-13
59822626,1,0,2025-03-10
63207589,1,0,2025-10-15
42084705,2,2,2021-05-25
29612531,1,0,2018-01-29
30407412,1,0,2018-04-10
55209428,2,2,2024-05-21
01599190,1,0,1987-11-25
62544246,1,0,2025-09-03
15258482,1,0,2012-03-06
58451773,1,0,2024-12-13
50889941,1,0,2023-05-31
01263813,1,0,1985-05-16
62860060,1,0,2025-09-23
26672682,1,0,2016-11-23
22503792,1,1,2015-04-24
54342017,1,0,2024-03-15
56928728,1,0,2024-08-20
56928808,1,0,2024-08-20
45880612,1,0,2022-04-01
23869554,2,2,2015-11-30
04927361,4,1,2002-02-28
26725208,3,3,2016-12-12
58019786,1,0,2024-11-07
02538454,2,2,2002-02-22
63999857,1,0,2025-12-09
38247320,1,0,2020-08-27
56186960,1,0,2024-07-31
52269468,1,0,2023-09-21
56945434,3,3,2024-08-21
32263784,1,0,2018-11-28
59958897,1,0,2025-03-18
48694401,1,0,2022-11-22
63792165,1,0,2025-11-24
44945270,2,1,2022-01-20
06244125,2,1,2004-02-15
23639698,2,2,2015-09-03
47876005,2,1,2022-09-08
61867058,1,0,2025-07-22
28831757,1,0,2017-09-15
11295186,2,1,2009-10-27
22405011,2,1,2015-04-24
62699104,1,0,2025-09-12
45880685,1,0,2022-04-01
28725280,1,0,2017-09-15
23538982,1,0,2015-10-16
33530513,1,0,2018-11-05
54196611,1,0,2024-03-05
40479790,1,0,2021-01-20
55086644,1,0,2024-05-10
44968435,1,0,2022-01-21
35658726,1,0,2019-11-14
63123610,1,0,2025-10-09
54812977,1,0,2024-04-19
59003957,1,0,2025-01-21
08957588,4,3,2007-05-30
08008370,3,2,2010-05-27
07829134,2,1,2006-01-26
61558691,1,0,2025-07-02
34517494,1,0,2019-07-24
31188361,1,0,2021-09-28
28150513,1,0,2017-06-21
47759922,1,0,2022-08-29
04549858,1,0,2001-04-24
34680895,1,0,2019-07-24
52891370,1,0,2023-11-14
49997306,1,0,2023-03-20
13369279,1,0,2011-02-02
62298883,1,0,2025-08-19
30256350,1,0,2018-04-10
56936315,1,0,2024-08-20
41145019,3,1,2021-03-09
38489163,1,0,2020-09-16
39406357,1,0,2020-10-13
38060353,1,0,2020-08-12
57778818,1,0,2024-10-21
49633501,1,0,2023-02-16
59213284,10,1,2025-01-31
50313136,2,2,2023-04-13
24825299,1,0,2016-05-06
04050354,17,1,2000-02-10
51015872,1,0,2023-06-12
05678638,5,2,2003-05-14
43388213,1,0,2021-09-02
57370739,1,0,2024-09-20
40178310,1,0,2020-12-22
59717889,1,0,2025-02-28
59972412,1,0,2025-03-19
38315823,1,0,2021-09-27
51706155,1,1,2023-08-07
21793072,1,0,2015-01-15
05156020,2,2,2002-07-16
52976749,1,0,2023-11-23
06311608,1,0,2004-04-22
34032955,1,0,2019-06-24
60916610,1,0,2025-05-20
60067970,1,0,2025-03-25
22476260,1,0,2015-04-24
47406182,1,0,2022-08-03
31104465,1,0,2018-07-25
60488386,1,0,2025-04-22
62991582,1,0,2025-10-01
63991155,1,0,2025-12-09
54592609,1,0,2024-04-04
38182537,1,0,2020-08-21
44230994,1,0,2021-11-12
01372837,1,0,1999-07-07
51039828,1,0,2023-06-14
57036475,2,2,2024-08-27
51016672,1,0,2023-06-12
52531388,2,2,2023-10-16
46777166,1,0,2022-06-14
50644633,1,0,2023-05-11
01060583,2,1,1995-12-01
54952872,1,0,2024-04-30
25115962,1,0,2016-06-27
38729006,1,0,2020-09-23
54422758,1,0,2024-03-21
55210928,1,0,2024-05-21
34992525,1,0,2019-09-23
58340139,2,2,2024-12-04
18537683,1,1,2024-11-14
53800691,1,0,2024-02-05
26549368,1,0,2016-10-28
56073560,1,0,2024-07-24
47424136,1,0,2022-08-04
60437713,1,0,2025-04-16
21176931,1,0,2014-08-21
48311341,1,0,2022-10-17
49403592,1,0,2023-01-31
28161316,1,0,2017-07-04
41574414,1,0,2021-04-14
37088367,1,0,2020-02-14
07660568,2,2,2005-09-30
20289655,3,1,2014-03-07
28939725,1,0,2017-10-26
54342754,1,0,2024-03-15
62837890,1,0,2025-09-22
47298262,3,3,2022-07-26
38085698,1,0,2020-08-13
44967952,1,0,2022-01-21
52114775,1,0,2023-09-08
61994096,1,0,2025-07-30
35819714,1,0,2019-12-18
60808965,1,0,2025-05-13
24671972,2,2,2016-04-06
36394635,1,0,2016-03-15
17862752,1,0,2014-07-24
59590464,1,0,2025-02-21
62446706,2,1,2025-08-28
60173835,1,0,2025-03-31
14852914,2,1,2011-10-17
46518116,1,0,2022-05-24
59193385,1,0,2025-01-30
27903175,1,0,2017-05-17
59982915,1,0,2025-03-19
35557992,1,0,2019-11-13
32263885,2,2,2018-12-11
25070492,1,0,2016-04-29
40088503,1,0,2020-12-11
56904596,1,0,2024-08-19
54759739,1,0,2024-04-16
32263825,2,1,2018-06-15
46074210,1,0,2022-04-19
31226845,1,0,2018-08-08
39316743,1,0,2020-10-05
41644061,1,0,2021-04-20
42671641,1,0,2021-07-12
09039072,4,2,2007-08-20
38182201,2,2,2020-08-21
60143735,1,0,2025-03-28
12295632,4,2,2009-07-07
02853210,4,2,1998-11-20
50798949,1,0,2023-05-24
40903307,1,0,2021-02-18
10482203,1,0,2008-07-25
33713763,1,0,2019-05-22
57925792,1,0,2024-10-31
35360699,1,0,2019-10-30
34345102,1,0,2019-07-10
58012803,1,0,2024-11-07
14787217,2,2,2011-12-01
62959166,1,0,2025-09-30
33956634,2,2,2019-06-12
47077077,1,0,2022-07-08
31743943,1,0,2018-10-03
41422485,2,1,2021-03-31
55226419,3,3,1997-05-31
59523410,1,0,2025-02-18
50396751,2,1,2023-04-20
47978616,1,0,2022-09-16
57465334,1,0,2024-09-27
63227986,1,0,2025-10-16
27011919,1,0,2016-12-06
59509870,1,0,2025-02-17
54925500,1,0,2024-04-29
48060223,1,0,2022-09-23
47894347,1,0,2022-09-09
51033810,1,0,2023-06-13
20607415,1,0,2013-12-04
27135741,1,0,2017-01-17
62082859,1,0,2025-08-05
05955204,1,0,2003-01-09
60627385,1,0,2025-04-30
03409100,2,1,2001-03-26
46819240,1,0,2022-06-17
02347022,6,1,1998-02-04
41420964,5,4,2021-03-31
25099040,1,0,2016-06-08
52264279,11,6,2023-09-21
24472734,3,3,2015-12-04
22554357,6,1,2015-03-20
54468949,1,0,2024-03-25
46777766,1,0,2022-06-14
33902814,1,0,2019-04-25
59508178,1,0,2025-02-17
16539471,3,3,2012-05-14
28363384,1,0,2017-07-17
21425674,1,0,2014-11-06
51795871,4,2,2023-08-14
58323880,1,0,2024-12-03
60440953,1,0,2025-04-16
50049528,1,0,2023-03-23
39563759,1,0,2020-10-26
44966693,1,0,2022-01-21
59224130,2,2,2025-01-31
63999204,1,0,2025-12-09
62671853,1,0,2025-09-11
60697666,1,0,2025-05-06
53556200,1,0,2024-01-18
57728705,1,0,2024-10-17
42072928,1,0,2021-05-25
59016407,1,0,2025-01-21
48050907,2,2,2022-09-22
43812334,1,0,2021-10-07
31204593,1,0,2018-06-05
48836127,1,0,2022-12-07
24373015,1,0,2016-03-04
19622716,2,1,2019-06-25
56935769,1,0,2024-08-20
60721316,1,0,2025-05-07
01142138,8,3,1998-08-13
23827831,1,0,2015-10-02
14139252,4,1,2011-07-13
07863524,7,2,2005-11-04
37231770,1,0,2020-05-26
50823529,1,0,2023-05-25
59677650,1,0,2025-02-26
62032499,1,0,2025-08-01
47838617,1,0,2022-09-05
57468643,1,0,2024-09-27
63555298,2,1,2025-11-06
49723665,1,0,2023-02-27
60410352,1,0,2025-04-15
53495127,1,0,2024-01-15
43814164,1,0,2021-10-07
52784064,1,0,2026-05-26
63052646,1,0,2025-10-06
33649059,1,0,2019-04-30
50425337,1,0,2023-04-24
14538518,2,1,2009-10-28
63650961,2,2,2025-11-13
31439344,1,0,2018-08-28
48304375,2,2,2022-10-17
41192788,1,0,2021-03-12
61157078,1,0,2025-06-04
26849875,2,1,2016-11-23
35178398,1,0,2019-10-14
30776233,1,0,2018-05-07
55658315,1,0,2024-06-24
49073635,1,0,2023-01-05
40140305,2,1,2020-12-17
42460308,1,0,2021-06-24
51796368,4,3,2023-08-14
29952845,1,0,2018-03-01
64170609,2,2,2025-12-17
41213683,1,0,2021-03-15
62589292,2,2,2025-09-05
25184741,1,0,2016-06-27
50278272,1,0,2023-04-11
02758567,7,1,1998-09-11
59212999,1,0,2025-01-31
62292341,2,2,2025-08-19
62501111,1,0,2025-09-01
63320892,1,0,2025-10-22
39979474,1,0,2020-12-01
31479228,1,0,2018-08-24
20743668,1,0,2014-06-12
56988248,2,0,2024-08-23
49946237,1,0,2023-03-15
37887604,1,0,2020-07-28
44924834,1,0,2022-01-19
37754291,1,0,2020-07-16
46257235,1,0,2019-09-16
54986762,1,0,2024-05-03
27314968,1,0,2017-03-08
27420799,1,0,2017-02-22
30517559,3,1,2018-05-02
26266820,1,0,2016-04-29
27446617,1,0,2017-03-28
18806649,1,0,2013-08-16
56886471,2,2,2024-08-16
57639354,1,0,2024-10-10
55656884,1,0,2024-06-24
02945589,2,2,1999-01-22
35694069,1,0,2019-12-03
27079163,1,0,2017-02-07
37236838,1,0,2020-05-26
54697523,1,0,2024-04-11
01791711,33,2,1997-04-23
62893296,1,0,2025-09-25
26710633,1,0,2017-09-04
53420894,3,2,2024-01-09
51982381,8,2,2023-08-28
63338964,1,0,2025-10-23
04438804,4,4,2000-12-15
60970640,1,0,2025-05-23
28578841,1,0,2017-07-31
47370679,1,0,2022-08-01
45056705,1,0,2022-01-28
26447615,2,2,1997-11-04
10517518,7,2,2008-11-05
36957775,3,3,2020-04-17
33337966,1,0,2019-04-08
49634659,1,0,2023-02-16
41080879,1,0,2021-03-03
49750849,1,0,2023-02-28
44697253,2,2,2021-12-29
62213760,1,0,2025-08-13
08769521,2,1,2021-02-19
11170523,1,0,2009-09-10
25212843,1,0,2016-06-27
37076656,2,1,2020-05-05
48536634,1,0,2022-11-07
52551316,2,2,2023-10-17
54714824,1,0,2024-04-12
12012379,1,0,2010-05-21
36313455,1,0,2020-02-10
52825060,1,0,2023-11-08
23299247,1,0,2015-07-10
53648930,1,0,2024-01-25
55499956,1,0,2024-06-12
42775978,1,0,2021-07-19
61352295,1,0,2025-06-17
30745071,1,0,2018-06-15
23881233,4,2,2015-11-26
18684095,4,2,2013-05-17
45226569,1,0,2022-02-09
41629557,4,1,2021-04-19
28691808,1,0,2017-08-31
52352491,1,0,2023-09-28
17466242,2,1,2006-12-18
50743381,2,1,2023-05-19
28659681,1,0,2017-08-22
42767908,1,0,2021-07-19
46564221,2,2,2022-08-30
49829222,1,0,2023-03-06
40897827,1,0,2021-02-18
52692907,1,0,2023-10-27
48834829,1,0,2022-12-07
36359838,1,0,2020-02-11
39238549,1,0,2020-09-29
28407231,1,0,2017-07-13
62860855,1,0,2025-09-23
22548405,2,2,2015-04-24
47115722,1,0,2022-07-12
63493689,1,0,2025-11-03
59330796,1,0,2025-02-06
20097999,1,0,2015-06-24
18310791,2,1,2013-05-17
25450144,1,0,2016-07-14
54994676,1,0,2024-05-03
52026954,1,0,2023-08-31
32071592,2,2,2018-11-14
34568379,2,2,2019-07-01
62989830,1,0,2025-10-01
40717973,1,0,2021-02-04
08612797,3,2,2007-01-11
51128703,1,0,2023-06-21
31204508,1,0,2018-05-04
28065964,1,0,2017-06-05
28354936,1,0,2017-07-04
34033155,1,0,2019-06-04
32252677,5,2,2018-11-26
14803098,2,1,2011-12-13
10492490,5,2,2008-10-06
22997306,2,1,2015-06-12
58095930,1,0,2024-11-13
28036833,1,0,2017-06-21
56936737,2,2,2024-08-20
17277115,3,1,2012-11-21
49834552,1,0,2023-03-07
23118957,2,2,2014-11-06
46661762,1,0,2022-06-03
34987519,2,2,2019-09-24
52217787,2,2,2023-09-18
27879016,1,0,2017-05-17
36225797,1,0,2020-02-03
45024901,1,0,2022-01-26
27923157,2,2,2017-05-26
57570205,1,0,2024-10-04
60171756,1,0,2025-03-31
43608813,1,0,2021-09-22
57036681,1,0,2024-08-27
35048528,1,0,2019-09-16
42419417,1,0,2021-06-22
49636643,1,0,2023-02-16
34693292,1,0,2019-08-14
00932338,2,2,1995-10-03
62698615,1,0,2025-09-12
61884829,1,0,2025-07-23
05965396,2,1,2003-10-07
54712933,1,0,2024-04-12
42728452,1,0,2021-07-15
54006982,1,0,2024-02-21
40364483,2,2,2021-01-12
36360045,1,0,2020-02-11
12842064,33,2,2010-10-26
55220462,1,0,2024-05-21
35810592,4,1,2019-12-16
60372318,1,0,2025-04-11
33388481,1,0,2019-04-08
58503717,1,0,2024-12-18
32083227,1,0,2018-11-14
59544391,1,0,2025-02-19
47908984,2,2,2022-09-12
52868525,1,0,2023-11-13
46743674,1,0,2022-06-10
10555908,3,3,2008-12-15
53010475,2,2,2023-11-27
43985155,2,1,2021-10-22
30479045,2,1,2018-03-01
48766160,1,0,2022-11-30
49020116,1,0,2023-01-02
10624869,1,0,2011-09-22
25263611,2,2,2016-06-14
59211963,1,0,2025-01-31
62872682,1,0,2025-09-24
63994366,1,0,2025-12-09
24901364,1,0,2016-05-31
07599549,2,1,2005-08-24
54812195,1,0,2024-04-19
64278093,1,0,2025-12-22
63895392,1,0,2025-12-01
56658385,1,0,2024-08-13
53095290,4,3,2023-12-04
30305371,1,0,2018-04-20
48104877,1,0,2022-09-27
29147651,1,0,2017-11-08
55692191,1,0,2024-06-26
57259779,1,0,2024-09-12
34905371,1,0,2019-08-19
41149358,1,0,2021-03-09
51379144,1,0,2023-07-11
51893690,1,0,2023-08-21
24901513,1,0,2016-02-26
50150472,1,0,2023-03-30
50550641,1,0,2023-05-04
30915838,1,0,2018-06-15
44464648,1,0,2021-12-02
62141194,1,0,2025-08-08
62279763,1,0,2025-08-18
63742833,1,0,2025-11-19
63026088,1,0,2025-10-03
27685343,1,0,2017-01-27
51182163,1,0,2023-06-26
35558216,1,0,2019-11-13
57567009,2,1,2024-10-04
47760476,1,0,2022-08-29
10969479,6,1,2009-06-23
58196810,1,0,2024-11-22
26304351,3,1,2016-09-09
13418532,2,2,2010-12-02
33396996,4,2,2019-03-29
63209580,1,0,2025-10-15
60126142,1,0,2025-03-27
63985495,1,0,2025-12-09
48952985,1,0,2022-12-21
44225991,1,0,2021-11-12
42838692,1,0,2021-07-23
29067209,1,0,2017-10-23
57354366,1,0,2024-09-19
60398606,1,0,2025-04-14
00058194,1,0,1994-05-04
63437133,1,0,2025-10-30
55891745,1,0,2024-07-11
63201077,1,0,2025-10-15
44705068,1,0,2021-12-30
20390655,1,0,2014-04-11
54756169,1,0,2024-04-16
53654767,1,0,2024-01-25
63534426,1,0,2025-11-05
06655029,1,0,2000-01-04
56936394,1,0,2024-08-20
55598606,1,0,2024-06-19
57881212,1,0,2024-10-29
59472271,1,0,2025-02-14
46996076,1,0,2022-07-01
59985313,1,0,2025-03-19
52087985,1,0,2023-09-05
39979344,1,0,2020-12-01
16848720,1,0,2012-08-16
38488574,1,0,2020-09-16
38074677,2,1,2020-08-13
00496653,3,1,1993-04-07
48823327,1,0,2022-12-06
62137057,1,0,2025-08-08
02094129,2,1,1997-09-11
08605830,2,1,2006-11-09
63637975,2,0,2025-11-12
10835012,4,2,2006-04-27
62075344,2,1,2025-08-05
55550242,1,0,2024-06-17
47760203,1,0,2022-08-29
18544996,1,0,2013-06-06
49746454,1,0,2023-02-28
25301731,3,1,2016-07-14
52999154,1,0,2023-11-24
52999119,1,0,2023-11-24
55720210,1,0,2024-06-28
46202505,3,2,2022-04-29
56934315,1,0,2024-08-20
44967668,1,0,2022-01-21
58503267,1,0,2024-12-18
55654485,1,0,2024-06-24
50805302,1,0,2023-05-24
30745011,3,3,2018-06-18
36758785,1,0,2020-03-24
60829697,2,1,2025-05-14
28273629,1,0,2017-07-13
23633459,3,1,2015-10-02
52788763,1,0,2023-11-06
04757351,5,1,2001-10-25
36395984,1,0,2020-02-14
60441468,2,2,2025-04-16
42748754,1,0,2021-07-16
60251612,1,0,2025-04-04
55973219,1,0,2024-07-17
57307130,1,0,2025-10-08
50168674,1,0,2023-03-31
11250914,1,0,2009-04-22
50091465,1,0,2023-03-27
28120763,1,0,2017-06-28
49326676,1,0,2023-01-25
35004953,1,0,2019-09-23
35789973,26,1,1989-08-21
03011963,2,1,1999-02-22
02665120,2,2,2001-04-10
62139788,1,0,2025-08-08
35700114,3,1,2026-02-24
30686366,1,0,2018-05-28
52029976,1,0,2023-08-31
42078629,3,1,2021-05-25
61448384,2,1,2025-06-25
52605015,1,0,2023-10-20
34574414,2,1,2019-08-05
31081575,1,0,2018-06-15
51553209,1,0,2023-07-25
63185644,1,0,2025-10-14
25163952,2,2,2016-06-08
23639548,1,0,2015-10-30
58212379,2,2,2024-11-25
39943181,1,0,2020-11-27
34786530,1,0,2019-09-05
60757202,1,0,2025-05-09
43585682,1,0,2021-09-20
30004472,1,0,2017-11-08
47945665,1,0,2022-09-14
14053322,1,0,2011-06-30
57283659,1,0,2024-09-13
57914577,1,0,2024-10-31
27477168,1,0,2017-03-28
54950866,1,0,2024-04-30
51854243,1,0,2023-08-17
63859347,1,0,2025-11-28
47372854,1,0,2022-08-01
49634383,1,0,2023-02-16
55137141,2,2,2024-05-15
41271298,2,0,2021-03-18
14133829,18,18,2011-06-01
39315964,1,0,2020-10-05
59115135,1,0,2025-01-27
34524235,1,0,2019-08-09
52561467,2,2,2023-10-17
52197034,1,0,2023-09-15
52150374,2,1,2023-09-12
62122038,1,0,2025-08-07
55266098,2,2,2024-05-24
50277753,1,0,2023-04-11
30686319,1,0,2018-06-06
43083934,1,0,2021-08-11
16568709,1,0,2012-07-10
53171594,3,1,2023-12-12
33389623,1,0,2019-02-22
45324499,1,0,2022-02-16
49984787,2,1,2023-03-17
54813059,1,0,2024-04-19
61666407,1,0,2025-07-09
51421974,1,0,2023-07-14
60807964,1,0,2025-05-13
55720606,1,0,2024-06-28
62113619,1,0,2025-08-07
52997339,1,0,2023-11-24
22791785,1,0,2015-06-26
43722451,1,0,2021-09-30
57517798,2,1,2024-10-01
62836092,1,0,2025-09-22
42519055,1,0,2021-06-29
59536215,1,0,2025-02-18
60917241,1,0,2025-05-20
58149171,2,0,2024-11-19
41811236,1,0,2021-05-04
61885122,1,0,2025-07-23
26718109,1,0,2016-11-04
24782988,1,0,2016-05-04
38305117,1,0,2020-09-01
10890129,9,1,2009-04-09
52030953,1,0,2023-08-31
59696116,1,0,2025-02-27
08829091,3,1,2007-04-13
50052814,1,0,2023-03-23
22807826,2,1,2015-06-26
61001156,1,0,2025-05-26
47894728,2,1,2022-09-09
55254151,1,0,2024-05-23
63630708,1,0,2025-11-12
48835910,2,1,2022-12-07
22351064,2,2,2015-01-08
37852421,1,0,2020-07-24
11377018,2,1,2009-11-20
63840140,3,3,2025-11-27
57391734,1,0,2024-09-23
18123153,2,1,2013-03-12
63157144,1,0,2025-10-13
31041381,1,0,2018-07-20
61800156,1,0,2025-07-17
53754797,1,0,2024-02-01
40088755,1,0,2020-12-11
31805503,2,1,2018-10-08
18604062,2,1,2013-06-21
48862217,1,0,2022-12-12
35004244,1,0,2019-09-23
25079637,2,2,2016-06-14
63415344,1,0,2025-10-29
61669236,1,0,2025-07-09
20164504,1,0,2014-03-21
58019089,1,0,2024-11-07
22465282,2,1,2015-04-10
61350779,1,0,2025-06-17
49019500,1,0,2023-01-02
10404140,2,1,2008-10-03
01164774,2,1,1996-03-12
57697210,1,0,2024-10-15
35743439,1,0,2019-12-09
62470860,1,0,2025-08-29
54955074,1,0,2024-04-30
35405493,1,0,2019-10-31
38561172,2,2,2020-09-18
24573630,11,3,2016-04-06
51884719,1,0,2023-08-21
24069725,3,2,2015-06-12
61026887,1,0,2025-05-27
55693044,1,0,2024-06-26
61349394,1,0,2025-06-17
44967055,1,0,2022-01-21
35258473,1,0,2019-10-21
52478346,1,0,2023-10-09
41237038,2,1,2021-03-16
51126918,1,0,2023-06-21
52700558,1,0,2023-10-27
57084384,1,0,2024-08-30
29147809,4,2,2017-11-14
63015482,1,0,2025-10-02
03298196,2,2,1999-07-26
57037132,2,0,2024-08-27
35064190,1,0,2019-10-02
53529367,2,1,2024-01-17
63245908,2,2,2025-10-17
33132039,1,0,2019-03-15
27662163,1,0,2017-04-10
34903661,1,0,2019-08-27
57261442,1,0,2024-09-12
30530194,1,0,2018-05-07
41196900,1,0,2021-03-12
49635614,1,0,2023-02-16
61298131,1,0,2025-06-13
33971090,1,0,2019-06-04
46022668,2,2,2022-04-13
23630151,2,2,2013-06-06
40605951,1,0,2021-01-28
33523794,2,2,2019-05-03
50285661,1,0,2023-04-12
51343007,1,0,2023-07-07
38377710,1,0,2020-09-08
52790546,1,0,2023-11-06
49518597,1,0,2023-02-08
28427447,3,1,2017-06-28
61453407,1,0,2025-06-25
59719190,1,0,2025-02-28
62958763,1,0,2025-09-30
57553800,2,2,2024-10-03
61995766,2,1,2025-07-30
29799864,1,0,2017-12-15
59930919,1,0,2025-03-17
05276499,2,1,2002-05-31
37545263,1,0,2020-06-26
49518763,1,0,2023-02-08
62990428,1,0,2025-10-01
48082295,1,0,2022-09-26
39802060,1,0,2020-11-16
60253047,1,0,2025-04-04
59882238,1,0,2025-03-13
08211718,1,0,2006-06-12
59707909,2,0,2025-02-28
28026900,1,0,2017-06-12
55087421,1,0,2024-05-10
09282783,9,4,2007-10-22
32617153,1,0,2018-12-11
20311261,4,1,2014-05-16
32916264,1,1,2025-12-03
06833456,4,2,2004-07-05
42028104,1,0,2021-05-20
28855844,1,0,2017-09-20
07187444,6,1,2004-11-18
53019789,2,2,2023-11-27
22327446,7,1,2015-03-19
24968311,1,0,2016-05-25
57391011,1,0,2024-09-23
60028911,1,0,2025-03-21
61006109,1,0,2025-05-26
63697945,1,0,2025-11-17
38013915,1,0,2020-08-07
06888716,3,1,2004-05-25
51209177,1,0,2023-06-27
64156454,2,2,2025-12-19
33625243,1,0,2019-05-07
38245143,2,1,2020-08-27
38245449,1,0,2020-08-27
59651137,1,0,2025-02-25
57134846,1,0,2024-09-03
34303558,1,0,2019-07-01
48138125,1,0,2022-09-29
63983733,1,0,2025-12-09
20846173,1,0,2015-12-16
48584133,1,0,2022-11-10
44859144,1,0,2022-01-13
50511126,1,0,2023-05-02
35280796,2,2,2019-10-21
13510629,20,1,2011-02-28
40151368,2,2,2020-12-18
02670295,2,1,1998-08-12
36162793,1,0,2020-01-27
60720200,1,0,2025-05-07
24940523,1,0,2016-02-19
50877038,2,1,2023-05-30
10897200,3,2,2009-06-10
60215804,1,0,2025-04-02
14574913,3,3,2011-10-21
50425672,1,0,2023-04-24
24670364,1,0,2016-01-29
54812527,1,0,2024-04-19
55692868,1,0,2024-06-26
52889910,1,0,2023-11-14
50287620,2,1,2023-04-12
05419036,1,0,2002-11-25
58097369,2,1,2024-11-13
28588322,1,0,2017-08-29
28713958,1,0,2017-08-14
25212767,1,0,2016-05-20
55393346,1,0,2024-06-04
59512321,2,0,2025-02-17
61975596,1,0,2025-07-29
05917566,2,1,2003-09-08
52867653,1,0,2023-11-13
61363373,1,0,2025-06-18
63133240,1,0,2025-10-10
59404813,1,0,2025-02-11
23611109,1,0,2015-10-02
36449332,1,0,1996-07-01
48079959,1,0,2022-09-26
45709991,1,0,2022-03-18
50657376,1,0,2023-05-12
60127306,1,0,2025-03-27
39619362,1,0,2020-10-29
51460950,1,0,2023-07-18
27901567,1,0,2017-05-26
62834181,1,0,2025-09-22
62232932,1,0,2025-08-14
24552848,1,0,2016-03-29
43935735,1,0,2021-10-19
40606144,7,1,2021-11-04
60721076,1,0,2025-05-07
44967011,2,2,2022-01-21
27390280,1,0,2017-01-27
34921564,1,0,2019-07-01
60940748,1,0,2025-05-21
50443725,1,0,2023-04-25
55230083,1,0,2024-05-22
40281011,1,0,2021-01-06
48311051,1,0,2022-10-17
31366659,6,1,2018-08-24
40151453,2,1,2020-12-18
57088444,1,0,2024-08-30
63424806,1,0,2025-10-29
57508487,1,0,2024-10-01
63651999,1,0,2025-11-13
52270499,1,0,2023-09-21
54046703,1,0,2024-02-23
60717251,1,0,2025-05-07
25357214,1,0,2016-06-08
59997581,1,0,2025-03-20
60220264,1,0,2025-04-02
60970137,1,0,2025-05-23
14482713,1,0,2011-10-11
30699829,1,0,2018-06-05
28193750,1,0,2017-06-14
61472713,1,0,2025-06-26
49359575,1,0,2023-01-27
07062368,1,1,2004-09-14
56955806,1,0,2024-08-21
34542111,1,0,2019-08-14
15521464,1,0,2012-04-26
62739570,1,0,2025-09-16
55314293,2,2,2024-05-28
14158790,2,2,2011-08-19
29902452,1,0,2018-01-03
22768003,1,0,2015-05-08
51384290,1,0,2023-07-11
25053532,1,0,2016-05-25
22842255,5,3,2015-07-03
58495918,1,0,2024-12-17
23108063,1,0,2015-08-13
44717983,1,0,2022-01-03
63360505,1,0,2025-10-24
45880060,1,0,2022-04-01
42967697,1,0,2021-08-03
55655457,1,0,2024-06-24
26312602,1,0,2016-08-31
24670319,2,1,2016-02-26
29116862,1,0,2017-10-23
29513525,1,0,2018-01-03
45709903,1,0,2022-03-18
01434665,1,0,1996-09-10
56932363,1,0,2024-08-20
46209423,1,0,2022-04-29
54643981,1,0,2024-04-08
27219638,1,0,2017-01-23
42063855,2,2,2021-05-24
59883184,2,1,2025-03-13
17543923,2,1,2013-02-04
60521854,1,0,2025-04-24
27683798,4,1,2017-02-17
22158738,2,1,2015-02-25
17908921,7,3,2013-03-07
45304493,1,0,2022-02-15
49403509,1,0,2023-01-31
61533464,1,0,2025-07-01
12742063,2,1,2010-10-05
51009940,1,0,2023-06-12
46649826,1,0,2022-06-03
50060371,1,0,2023-03-23
54767601,1,0,2024-04-17
47155504,1,0,2022-07-14
51484771,3,1,2023-07-19
32602175,1,0,2018-12-18
37160181,2,1,1992-09-09
52713531,1,0,2023-10-30
56130759,2,1,2024-07-29
62528956,1,0,2025-09-02
42601943,1,0,2021-07-06
59118389,1,0,2025-01-27
33337991,1,0,2019-04-05
53458722,1,0,2024-01-11
63966086,1,0,2025-12-03
49018356,1,0,2023-01-02
09429991,1,0,2023-07-24
27000308,1,0,2016-12-20
57645331,1,0,2024-10-10
26540723,1,0,2016-10-21
07563931,1,0,2005-07-20
59822091,3,1,2025-03-10
51695372,1,0,2023-08-04
57507100,1,0,2024-10-01
07648737,5,1,2005-09-13
07440576,4,1,2004-10-14
44206215,1,0,2021-11-11
49293220,1,0,2023-01-23
45646812,2,2,2022-03-14
30689334,1,0,2018-06-12
51628778,1,0,2023-07-31
53529109,1,0,2024-01-17
00368019,1,0,2025-01-03
38245325,1,0,2020-08-27
08957574,3,3,2007-07-06
24504341,4,2,2016-03-15
40943431,2,2,2021-02-22
25353473,2,1,2016-05-18
24351294,2,2,2016-02-19
38245617,1,0,2020-08-27
21336360,2,2,2014-07-25
59326671,1,0,2025-02-06
55937078,1,0,2024-07-15
60963760,1,0,2025-05-22
44458710,2,0,2021-12-02
50364010,1,0,2023-04-18
50511731,1,0,2023-05-02
55084742,1,0,2024-05-10
53464545,1,1,2024-01-11
30101725,1,0,2018-03-27
45557768,1,0,2022-03-08
61489074,1,0,2025-06-27
25107001,1,0,2016-05-25
17827194,1,0,2013-02-26
49560107,1,0,2023-02-10
48123538,3,1,2022-09-28
27262067,1,0,2017-02-01
61509656,1,0,2025-06-30
33325875,1,0,2019-02-22
05122786,3,1,2002-06-10
55768652,1,0,2024-07-02
17764700,1,1,2013-03-14
59198233,1,0,2025-01-30
59078694,1,0,2025-01-24
34125267,1,0,2019-07-01
61267986,1,0,2025-06-11
45893131,1,0,2022-04-04
10685975,2,2,2009-03-09
35136158,1,0,2019-09-16
36607883,1,0,2020-03-09
53848074,1,0,2024-02-07
63524949,1,0,2025-11-05
30905229,1,0,2018-06-27
02077462,1,0,1997-09-02
58338895,1,0,2024-12-04
46743511,1,0,2022-06-10
52023152,1,0,2023-08-31
62838139,1,0,2025-09-22
60740929,1,0,2025-05-08
53907709,1,0,2024-02-14
22074023,1,0,2015-02-20
53171884,1,0,2023-12-12
28448723,4,1,2017-06-09
04863719,2,1,2002-01-24
62123558,1,0,2025-08-07
62658029,2,1,2025-09-10
63177894,1,0,2025-10-14
49611256,1,0,2023-02-15
25040690,1,0,2016-05-25
01625281,9,3,1998-11-26
51129111,1,0,2023-06-21
44572508,1,0,2021-12-13
34112016,1,0,2019-06-24
36235085,1,0,2020-01-24
23900910,1,0,2015-12-04
35729322,1,0,2019-11-13
46331779,1,0,2022-05-10
47609830,1,0,2022-08-17
40152156,1,0,2020-12-18
50679330,1,0,2023-05-15
46611038,1,0,2023-03-22
40755037,1,0,2021-02-08
46454770,1,0,2022-05-19
20057803,3,2,2014-03-28
54363127,2,2,2024-03-18
59871093,1,0,2025-03-12
45235836,1,0,2022-02-10
35178678,2,1,2019-10-14
26242734,1,0,2016-02-26
45226942,1,0,2022-02-09
27953438,2,2,2017-06-05
26331254,1,0,2016-09-16
33036235,1,0,2019-02-22
26881182,1,0,2016-12-23
50108115,1,0,2023-03-28
35073282,1,0,2019-10-03
49171624,1,0,2023-01-13
28003934,1,0,2017-01-30
44446190,1,0,2021-12-01
52202178,1,0,2023-09-15
56928916,1,0,2024-08-20
48550949,1,0,2022-11-08
61841652,1,0,2025-07-21
12291813,41,2,2010-07-07
26733222,2,1,2016-11-21
26191902,10,8,2016-06-27
60782052,1,0,2025-05-12
55228541,1,0,2024-05-22
33971097,2,2,2019-06-14
47637345,1,0,2022-08-19
08234369,2,2,2004-12-29
30258441,2,2,2018-03-27
31744026,1,0,2018-09-20
15776748,2,1,2012-06-20
62960880,1,0,2025-09-30
60809242,1,0,2025-05-13
42785795,1,0,2021-07-20
14934951,2,1,2011-11-03
03129884,3,1,1999-05-05
60719909,1,0,2025-05-07
27178370,1,0,2016-09-02
59161337,1,0,2025-01-29
35698113,1,0,2019-12-02
49778625,1,0,2023-03-02
54179699,1,0,2024-03-04
28670598,1,0,2017-08-31
28534817,1,0,2017-08-14
37100880,21,2,1991-09-26
62115800,1,0,2025-08-07
11483667,2,1,2007-08-20
24384179,5,1,2016-03-04
62964687,1,0,2025-09-30
28715584,2,1,2017-08-14
40897933,1,0,2021-02-18
45442434,1,0,2022-02-24
52394633,1,0,2023-10-02
58222104,2,2,2024-11-25
31324421,1,0,2018-08-21
53432949,1,0,2024-01-09
46676271,1,0,2022-06-06
57785408,2,2,2024-10-22
48694687,1,0,2022-11-22
35138115,1,0,2019-10-03
48925680,1,0,2022-12-19
22313734,2,2,2015-03-19
31632999,2,2,2018-09-06
31793190,1,0,2018-09-24
31286689,2,0,2018-08-13
19240612,1,0,2013-08-08
00637294,1,0,1995-06-02
29758680,2,1,2018-01-26
36607157,1,0,2020-03-09
45056676,1,0,2022-01-28
52540702,1,0,2023-10-16
59470254,2,2,2025-02-14
61776465,1,0,2025-07-16
51239004,1,0,2023-06-29
20278840,1,0,2014-03-14
60972176,1,0,2025-05-23
35664203,1,0,2019-11-29
43793325,1,0,2021-10-06
49039311,1,0,2023-01-03
51919094,2,1,2023-08-23
63181001,1,0,2025-10-14
57435305,1,0,2024-09-25
02542631,3,2,1998-05-28
60583463,2,2,2025-04-28
55393209,1,0,2024-06-04
56933481,1,0,2024-08-20
51528582,1,0,2023-07-24
39856529,1,0,2020-11-20
39915207,2,2,2020-11-25
29992194,1,0,2018-03-16
61916835,1,0,2025-07-25
61995688,1,0,2025-07-30
34443902,1,0,2019-07-10
20626254,1,0,2014-06-27
04021310,2,1,2004-04-05
32546033,1,0,2018-12-18
50550171,1,0,2023-05-04
34308322,1,0,2019-07-01
27629560,1,0,2017-04-10
01411274,2,1,1998-03-13
35706714,1,0,2019-11-13
61707480,1,0,2025-07-11
28121208,1,0,2017-05-26
30585990,1,0,2018-05-08
52479168,1,0,2023-10-09
47008952,1,0,2022-07-04
59981433,1,0,2025-03-19
54633027,1,0,2024-04-08
60364506,1,0,2025-04-11
59620458,1,0,2025-02-24
59666526,1,0,2025-02-26
25212828,1,0,2016-06-16
52024739,1,0,2023-08-31
42278541,1,0,2021-06-10
20828051,2,1,2014-02-26
35255028,1,0,2019-10-21
30467053,1,0,2018-05-07
63343529,2,1,1991-04-29
60280122,2,1,2025-04-07
36689132,5,1,2020-03-09
12288630,6,2,2010-06-18
32243257,1,0,2018-12-07
47966680,2,1,2022-09-15
55231595,1,0,2024-05-22
57463712,3,3,2024-09-27
41221069,1,0,2021-03-15
47335528,1,0,2022-07-28
59115703,1,0,2025-01-27
46494262,1,0,2022-05-23
40183502,1,0,2020-12-22
55505829,1,0,2024-06-12
43877027,1,0,2021-10-14
24995491,1,0,2016-05-10
52970262,1,0,2023-11-22
22817703,1,0,2021-09-02
62116257,1,0,2025-08-07
48052304,1,0,2022-09-22
36159083,1,0,2020-01-27
55143334,1,0,2024-05-15
25353528,1,0,2016-07-01
10368662,2,1,2008-09-04
32234337,2,1,2018-10-03
52283202,1,0,2023-09-22
45502076,1,0,2022-03-03
11668032,10,2,2010-03-01
53724474,1,0,2024-01-30
16647357,1,0,2012-07-20
34633205,1,0,2019-08-20
07800407,3,2,2005-10-18
35404150,1,0,2019-10-31
11288464,2,2,2009-10-28
54949898,1,0,2024-04-30
39745723,2,1,2020-10-19
54757054,1,0,2024-04-16
59327145,1,0,2025-02-06
26570328,1,0,2016-03-15
26561172,1,0,2023-01-27
54233250,1,0,2024-03-07
48966665,1,0,2022-12-23
50440153,1,0,2023-04-25
28993880,1,0,2017-10-02
33887457,2,1,2019-05-15
51911654,1,0,2023-08-22
63808574,1,0,2025-11-25
28407101,1,0,2017-07-31
29177038,1,0,2017-04-20
35902118,1,0,2019-10-31
49487377,1,0,2023-02-06
57352350,1,0,2024-09-19
28427440,1,0,2017-07-04
46424682,5,2,2022-05-17
16804314,2,2,2012-06-20
43861971,3,1,2021-10-13
32473980,2,2,2019-01-03
11514617,2,1,2007-08-20
33396852,2,2,2019-04-08
50350204,1,0,2023-04-17
49243653,1,0,2023-01-18
42773209,1,0,2021-07-19
44858225,1,0,2022-01-13
34680874,1,0,2019-08-09
54713054,1,0,2024-04-12
30294502,1,0,2018-04-16
27478633,1,0,2017-02-22
44266029,1,0,2021-11-17
52634230,8,1,2023-10-23
31414800,1,0,2018-04-10
52842659,1,0,2023-11-09
39874586,1,0,2020-11-23
25402719,1,0,2016-03-15
28194590,1,0,2017-07-04
28024799,1,0,2017-06-05
61304848,1,0,2025-06-13
24008828,1,0,2015-12-16
54911473,1,0,2024-04-26
25083639,1,1,2016-05-25
60666436,2,2,2025-05-05
18179781,2,2,2013-04-10
29525242,1,0,2018-01-03
48836641,1,0,2022-12-07
27035677,2,2,2016-11-23
12414857,4,2,2013-08-14
36157704,4,1,2020-01-27
35808976,1,0,2019-12-02
45462700,4,1,2022-02-25
02997396,3,1,1999-02-26
26733283,2,2,2016-11-10
60860896,1,0,2025-05-16
55158081,1,0,2024-05-16
37789049,1,0,2020-07-20
43140515,1,0,2021-08-16
20145949,1,0,2014-04-09
52788136,1,0,2023-11-06
34999618,1,0,2019-09-23
51802974,1,0,2023-08-14
59114664,1,0,2025-01-27
64351425,1,0,2026-01-08
55212315,1,0,2024-05-21
24813279,1,0,2016-05-04
52608861,1,0,2023-10-20
24225974,3,2,2016-02-02
32316132,1,0,2018-12-06
24405695,1,0,2015-12-23
59161882,1,0,2025-01-29
61229306,1,0,2025-06-09
40729050,1,0,2021-02-05
49138000,1,0,2023-01-11
49123371,2,2,2023-01-10
19222619,17,3,2015-01-28
34705060,1,0,2019-08-09
62859755,1,0,2025-09-23
29147624,1,0,2017-11-14
25366913,1,0,2016-07-20
24740861,1,0,2016-04-06
60372130,1,0,2025-04-11
59114262,1,0,2025-01-27
13417249,1,0,2011-03-21
40896494,2,1,2021-02-18
68326834,3,2,1993-08-13
09648860,2,1,2008-01-24
48700143,1,0,2022-11-23
56935355,1,0,2024-08-20
42010594,1,0,2021-05-19
49368690,1,0,2023-01-27
24142513,2,2,2015-12-16
49758959,1,0,2023-03-01
14797866,2,1,2011-12-13
59910006,1,0,2025-03-14
57400156,1,0,2024-09-23
28899181,1,0,2017-10-09
34033348,1,0,2019-06-14
46905389,1,0,2022-06-24
62222810,1,0,2025-08-14
58011510,2,1,2024-11-07
48051959,1,0,2022-09-22
26945882,1,0,2016-11-23
11428814,21,2,2010-05-06
13224921,7,2,2010-10-26
26872340,1,0,2016-04-29
27262001,1,0,2017-02-22
30926538,1,0,2018-06-25
54856722,1,0,2024-04-23
24690438,2,2,2016-03-21
35135634,4,1,2019-09-25
58516622,1,0,2024-12-19
37686614,1,0,2020-07-10
57408493,1,0,2024-09-24
53611526,1,0,2024-01-23
54500622,1,0,2024-03-27
24874530,2,1,2016-04-15
26978024,1,0,2017-01-20
53186168,1,0,2023-12-13
55220595,1,0,2024-05-21
47235447,1,0,2025-04-03
63830843,1,0,2025-11-26
55931508,1,0,2024-07-15
24622364,1,0,2016-02-26
26616787,1,0,2016-06-08
04569129,3,1,2001-07-04
43565708,1,0,2021-09-17
31259947,1,0,2018-08-08
33466175,2,1,2020-10-13
51109969,1,1,2023-06-20
47372787,1,0,2022-08-01
22622920,2,1,2018-02-16
63781963,1,0,2025-11-24
53180237,1,0,2023-12-12
60324809,1,0,2025-04-09
62769004,1,0,2025-09-17
13371457,1,0,2011-02-14
10872253,2,2,2009-05-14
22355254,2,2,2015-03-06
41541911,1,0,2021-04-12
08809431,2,2,2007-04-19
34312929,1,0,2019-07-01
59459280,1,0,2025-02-13
26236146,2,1,2016-08-31
12145860,9,1,2013-09-20
38561712,3,2,2020-09-18
33441579,1,0,2019-04-08
50734764,1,0,2023-05-18
48401695,1,0,2022-10-25
08489430,2,1,2006-11-22
02886438,2,1,1998-12-10
34883862,1,0,2019-08-20
10580718,2,2,2008-12-19
25126447,2,1,2016-06-22
47202603,2,2,2022-07-19
62298619,1,0,2025-08-19
05819138,1,0,2003-08-08
63245238,1,0,2025-10-17
22615352,3,1,2015-05-08
31415845,2,2,2018-08-24
59601403,1,0,2025-02-21
35411741,2,1,2019-10-31
49672356,1,0,2023-02-22
53842940,2,2,2024-02-07
55498967,1,0,2024-06-12
33688225,1,0,2019-05-07
59457343,1,0,2025-02-13
04043278,2,1,2004-09-30
51137673,1,0,2023-06-21
34306315,1,0,2019-07-01
51653357,1,0,2023-08-02
40422327,1,0,2021-01-15
26711321,1,0,2016-10-21
64155672,1,0,2025-12-19
19103485,1,0,2013-09-04
47257661,1,0,2022-07-22
43216847,1,0,2021-08-20
60370330,1,0,2025-04-11
57283916,1,0,2024-09-13
23720361,18,2,2015-08-03
62286927,17,1,1990-04-25
07299715,2,1,2005-02-17
58412006,1,0,2024-12-10
49619196,1,0,2023-02-15
18833843,2,1,2013-08-12
42013049,2,0,2021-05-19
10995733,1,0,2009-05-29
34650219,1,0,2019-08-09
24740897,1,0,2016-04-20
39737064,1,0,2020-11-10
24423942,1,0,2016-02-26
33427815,1,0,2019-04-08
06982729,1,0,2004-09-13
62679672,1,0,2025-09-11
22575087,1,0,2012-02-08
22652585,2,1,2015-05-22
62181716,1,0,2025-08-12
42092824,2,2,2021-05-26
26191785,1,0,2016-08-01
28025474,2,2,2017-06-05
55964769,1,0,2024-07-17
34993288,1,0,2019-09-23
45855406,1,0,2022-03-31
60080245,1,0,2025-03-25
30452904,1,0,2018-05-07
59328397,1,0,2025-02-06
59718029,1,0,2025-02-28
09624885,13,2,2008-06-04
55763287,1,0,2024-07-02
22405711,3,2,2015-02-25
19492583,2,2,2013-11-28
49055931,7,3,2023-01-04
29312578,1,0,2017-12-12
43136460,2,1,2021-08-16
63309174,1,0,2025-10-22
63378021,1,0,2025-10-27
15478361,5,2,2012-04-24
57285586,1,0,2024-09-13
59821522,1,0,2025-03-10
28390674,3,1,2017-08-01
07720558,5,2,2005-09-15
55029118,2,1,2024-05-07
34055785,1,0,2019-06-04
52041973,2,2,2024-07-23
64094609,1,0,2025-12-16
46316877,2,1,2022-05-09
44459920,1,0,2021-12-02
54954213,1,0,2024-04-30
28098337,1,0,2017-06-13
62301534,2,1,2025-08-19
37864450,1,0,2020-07-27
58424720,1,0,2024-12-11
33400181,1,0,2019-03-19
48165865,1,0,2022-10-03
43273811,1,0,2021-08-25
31144004,2,2,2021-01-13
56933863,1,0,2024-08-20
63003145,2,2,2025-10-02
22662110,2,2,2015-05-08
63227004,1,0,2025-10-16
35004603,2,1,2019-09-23
52026766,1,0,2023-08-31
55229098,1,0,2024-05-22
47027604,2,2,2022-07-05
13277269,4,1,2011-02-08
22014893,3,1,2015-02-19
08885614,2,2,2005-05-24
47258179,1,0,2022-07-22
36158648,1,0,2020-01-27
31518810,2,2,2018-08-08
24069892,3,3,2015-12-04
51213870,1,0,2023-06-28
21781434,2,1,2014-12-29
55690757,1,0,2024-06-26
42570881,2,1,2021-07-02
09523426,4,1,2008-04-23
47637499,1,0,2022-08-19
25084219,2,2,2016-06-14
10592322,2,1,2009-01-20
60861367,1,0,2025-05-16
55763607,1,0,2024-07-02
46819356,1,0,2022-06-17
48355369,1,0,2022-10-20
46072314,1,0,2022-04-19
24434214,2,1,2015-12-16
43529331,1,0,2021-09-15
62300457,1,0,2025-08-19
21489462,1,0,2014-10-28
62292018,1,0,2025-08-19
63552892,1,0,2025-11-06
56929996,1,0,2024-08-20
46816616,1,0,2022-06-17
36767328,6,1,2020-03-25
22776283,2,2,2015-04-08
61580046,2,2,2025-07-03
34785962,1,0,2019-09-05
03393149,4,1,1999-09-15
48836201,2,1,2022-12-07
34069155,1,0,2019-06-18
64151577,2,1,2025-12-16
45147138,2,0,2022-02-03
41571359,2,1,2021-04-14
54755409,1,0,2024-04-16
54535207,1,0,2024-04-01
47077598,1,0,2022-07-08
61952641,1,0,2025-07-28
63864878,1,0,2025-11-28
47760316,1,0,2022-08-29
49243071,1,0,2023-01-18
44553604,1,0,2021-12-10
44672575,1,0,2021-12-23
61242023,1,0,2025-06-10
33325496,1,0,2019-03-19
49438548,1,0,2023-02-02
52906668,2,2,2023-11-16
26297373,1,0,2016-09-30
40498612,1,0,2021-01-21
40145421,1,0,2020-12-17
54911117,1,0,2024-04-26
05611445,1,0,2003-04-25
45008404,1,0,2022-01-25
45520259,1,0,2022-03-04
59718370,1,0,2025-02-28
00941944,2,2,2000-03-20
41483732,1,0,2021-04-07
60921090,1,0,2025-05-20
06234430,17,0,2003-11-11
04684745,32,9,2001-09-05
63402738,1,0,2025-10-28
57554296,1,0,2024-10-03
50729824,1,0,2023-05-18
57135372,1,0,2024-09-03
57569858,1,0,2024-10-04
45227210,2,2,2022-02-09
26446526,3,1,1990-03-16
20905938,3,0,2012-09-20
49636983,1,0,2023-02-16
57261998,3,3,2024-09-12
46097554,2,2,2022-04-20
45520367,2,0,2022-03-04
17100859,2,1,2012-07-20
04792841,3,1,2001-11-26
33901475,1,0,2019-04-24
44944870,2,0,2022-01-20
26577568,1,0,2016-11-10
59525180,1,0,2025-02-18
46284531,1,0,2022-05-05
55499589,1,0,2024-06-12
23594657,2,1,2015-10-27
35004863,1,0,2019-09-23
12201250,1,0,2010-06-25
63884991,2,2,2025-12-01
37133265,1,0,2020-05-13
58411476,1,0,2024-12-10
64056710,1,0,2025-12-15
26050429,1,0,2016-07-27
46674843,1,0,2022-06-06
62414174,1,0,2025-08-26
64356760,1,0,2026-01-08
58094505,1,0,2024-11-13
35288548,2,1,2019-10-23
43915798,2,1,2021-10-18
61942682,1,0,2025-07-28
48357179,1,0,2022-10-20
22342500,2,1,2015-03-06
53805680,1,0,2024-02-05
51137145,1,0,2023-06-21
22731232,1,0,2015-06-15
46726073,1,0,2022-06-09
57261237,1,0,2024-09-12
47772318,1,0,2022-08-30
52542147,1,0,2023-10-16
59598456,3,0,2025-02-21
04523159,2,2,2001-06-20
25384424,1,0,2016-08-05
47184698,2,2,2022-07-18
17593943,2,1,2013-01-10
57512570,1,0,2024-10-01
62106335,2,2,2025-08-06
25043060,3,2,2016-06-16
20229303,4,2,2014-03-21
38024110,1,0,2020-08-10
33299779,1,0,2019-03-19
47185080,1,0,2022-07-18
41238085,1,0,2021-03-16
60354538,1,0,2025-04-10
22828219,2,2,2015-06-24
60666946,1,0,2025-05-05
41386669,1,0,2021-03-29
47371003,1,0,2022-08-01
53193582,1,0,2023-12-13
61172421,1,0,2025-06-05
26657032,1,1,2016-11-23
46144733,1,0,2022-04-26
58018637,1,0,2024-11-07
59882631,1,0,2025-03-13
63404122,1,0,2025-10-28
46209536,3,3,2022-04-29
60238498,2,2,2025-04-03
05864324,2,2,2003-08-26
40825034,9,2,2021-02-11
21170904,12,1,2014-09-19
27455076,1,0,2017-03-28
62450735,1,0,2025-12-15
51801776,1,0,2023-08-14
34464541,1,0,2019-07-24
18614864,2,1,2015-06-08
50693824,1,0,2023-05-16
60024518,1,0,2025-03-21
51479883,2,2,2023-07-19
29305700,2,1,2017-11-20
52998742,1,0,2023-11-24
50013091,1,0,2023-03-21
56705790,1,0,2024-08-14
49999321,1,0,2023-03-20
61708428,1,0,2025-07-11
34306527,1,0,2019-07-04
30006976,1,0,2018-01-09
44216093,2,2,2021-11-11
58213838,1,0,2024-11-25
02986544,2,2,1999-02-23
59783640,1,0,2025-03-07
06318717,1,0,2004-05-28
26624799,1,0,2016-11-04
03911504,2,2,2000-06-28
37358266,1,0,2020-06-08
55362983,1,0,2024-06-03
24383541,1,0,2016-03-15
38223421,1,0,2020-08-25
43141037,1,0,2021-08-16
64338535,1,0,2025-12-22
31414784,1,0,2018-08-29
60787064,1,0,2025-05-12
04182212,77,3,2001-11-22
42493306,1,0,2021-06-28
34426658,2,1,2019-07-24
59750595,1,0,2025-03-05
25044184,1,0,2016-06-08
35752359,1,0,2019-12-09
43048625,1,0,2021-08-09
55107060,2,2,2024-05-13
56100839,1,0,2024-07-26
60851447,2,0,2025-05-15
53309070,1,0,2023-12-27
38503289,1,0,2020-09-17
63642085,1,0,2025-11-12
61294770,4,1,2025-06-13
22063942,4,1,2015-03-06
61758144,1,0,2025-07-15
34248908,1,0,2019-07-10
33491781,1,0,2018-05-03
04837490,1,0,2002-08-15
60888099,1,0,2025-05-19
54754846,1,0,2024-04-16
60718644,1,0,2025-05-07
62113985,1,0,2025-08-07
63414975,1,0,2025-10-29
53655674,1,0,2024-01-25
51092850,1,0,2023-06-19
49559519,1,0,2023-02-10
63954472,1,0,2025-12-04
13131589,1,0,2010-12-27
34190094,1,0,2019-07-01
19649341,3,3,2014-01-10
34421761,3,1,2019-07-24
62405396,1,0,2025-08-26
58422004,1,0,2024-12-11
52266224,1,0,2023-09-21
29385854,1,0,2017-12-15
46138763,2,1,2022-04-25
32901779,9,1,1989-06-15
31414765,2,1,2018-08-13
44925792,1,0,2022-01-19
09362555,1,0,2007-10-22
39439952,2,2,2020-10-15
57691273,1,0,2024-10-15
43292576,1,0,2021-08-26
48000419,1,0,2022-09-19
52669685,1,0,2023-10-25
59035901,1,0,2025-01-22
08991891,1,0,2007-07-16
63289081,1,0,2025-10-21
62810662,1,0,2025-09-19
35810379,1,0,2019-12-16
05781289,40,9,2003-07-17
13162484,3,2,2011-01-20
39618260,1,0,2020-10-29
08951875,26,3,2007-05-14
30905297,1,0,2018-03-16
54068534,1,0,2024-02-26
39668519,1,0,2020-11-04
14537499,2,2,2011-10-04
59714438,1,0,2025-02-28
55109158,1,0,2024-05-13
43722124,2,1,2021-09-30
29147638,2,1,2026-06-22
41357228,1,0,2021-03-25
35178814,1,0,2019-10-14
59114957,1,0,2025-01-27
31302408,1,0,2018-08-08
49421500,1,0,2023-02-01
43790796,1,0,2021-10-06
63706171,1,0,2025-11-17
26744845,1,0,2016-09-22
28898832,1,0,2017-10-02
51590344,1,0,2023-07-27
59867115,2,2,2025-03-12
55791504,1,0,2024-07-03
41366405,1,0,2021-03-26
45746714,1,0,2022-03-22
48207200,2,1,2022-10-06
62133691,1,0,2025-08-08
26924856,1,0,2016-12-23
51379613,1,0,2023-07-11
32477791,2,1,2019-01-02
48823260,2,2,2022-12-06
46263691,1,0,2022-05-04
57553168,1,0,2024-10-03
61158134,1,0,2025-06-04
48805720,1,0,2022-12-05
58022011,1,0,2024-11-07
47875187,1,0,2022-09-08
50438091,1,0,2023-04-25
55599124,2,2,2024-06-19
57831889,1,0,2024-10-24
60164428,1,0,2025-03-31
30620425,1,0,2018-05-07
60055955,1,0,2025-03-24
53311039,1,0,2023-12-27
59973785,1,0,2025-03-19
59509368,1,0,2025-02-17
59326992,1,0,2025-02-06
27836278,1,0,2016-11-21
33491785,3,1,2019-04-25
50975336,1,0,2023-06-07
22901751,2,1,2015-07-03
54634540,1,0,2024-04-08
50425608,1,0,2023-04-24
57045456,1,0,2024-08-28
56746512,1,0,2024-08-14
43468444,2,1,2021-09-10
14905261,1,0,2011-12-22
11900178,4,1,2009-10-28
52040593,1,0,2023-09-01
62960188,1,0,2025-09-30
26040092,4,1,2016-08-17
59116009,1,0,2025-01-27
46539213,1,0,2022-05-25
43935396,1,0,2021-10-19
51127276,1,0,2023-06-21
27641450,1,0,2017-04-10
14491896,4,2,2011-10-10
29167828,2,1,2017-11-14
51237921,2,0,2023-06-29
57570099,1,0,2024-10-04
52700936,1,0,2023-10-27
63384668,1,0,2025-10-27
28756491,1,0,2017-08-29
14782649,1,0,2011-04-07
59119689,2,1,2025-01-27
60916994,1,0,2025-05-20
45900111,1,0,2022-04-04
29720755,1,0,2018-02-16
42689692,2,1,2021-07-13
29879750,3,1,2018-03-06
49505144,3,2,2023-02-07
34150283,1,0,2019-06-24
59754343,1,0,2025-03-05
58510550,1,0,2024-12-18
24793969,1,0,2016-05-06
61192312,1,0,2025-06-06
50168497,1,0,2023-03-31
61115278,1,0,2025-06-02
02374253,1,0,1998-02-20
45879766,1,0,2022-04-01
21700907,1,0,2014-12-18
59435377,1,0,2025-02-12
60350933,1,0,2025-04-10
21947191,2,2,2015-02-10
63210236,1,0,2025-10-15
46649926,1,0,2022-06-03
28097573,1,0,2017-06-23
46800048,1,0,2022-06-15
60409847,1,0,2025-04-15
44450533,1,0,2021-12-01
28704918,1,0,2016-07-14
58221399,1,0,2024-11-25
62312259,1,0,2025-08-20
46929471,1,0,2022-06-27
33277975,1,0,2019-03-20
58405698,1,0,2024-12-10
36227377,1,0,2020-02-03
61684440,1,0,2025-07-10
04799799,1,0,1999-12-15
13955845,1,0,2011-07-06
50376006,1,0,2023-04-19
53826361,1,0,2024-02-06
31581571,1,0,2018-08-24
40911308,1,0,2021-02-19
60331852,1,0,2025-04-09
27370217,6,2,2017-03-22
33887732,2,1,2019-04-15
33595641,1,0,2019-04-25
59893580,1,0,2025-03-13
05896419,5,2,2003-09-08
35809468,3,1,2019-12-16
61126593,2,1,2025-06-03
58139839,1,0,2024-11-18
32955539,2,1,2019-02-14
62606931,1,0,2025-09-08
52102978,1,0,2023-09-06
61886127,1,0,2025-07-23
26912690,1,0,2016-12-20
41175650,2,2,2021-03-11
56103045,1,0,2024-07-26
51762674,2,1,2023-08-10
60572398,1,0,2025-04-28
42460449,3,1,2021-06-24
27793831,2,2,2016-08-22
62959742,2,1,2025-09-30
07269424,2,1,2004-12-08
48657295,2,2,2022-11-18
26112202,1,0,2017-11-08
04074640,3,3,2000-08-24
22879525,5,2,2015-06-12
00490632,2,1,1995-03-17
06928553,4,2,2004-07-15
60980343,1,0,2025-05-23
24928658,1,0,2016-05-04
54955214,1,0,2024-04-30
43651859,1,0,2021-09-24
50851586,1,0,2023-05-29
54955397,1,0,2024-04-30
17198119,1,1,2012-11-21
22948922,1,0,2015-07-10
57637706,2,2,2024-10-10
59118971,1,0,2025-01-27
41417531,1,0,2021-03-31
32138650,1,1,2018-11-29
34701118,2,2,2019-08-27
63378497,1,0,2025-10-27
13748578,2,1,2011-05-23
62269177,1,0,2025-08-18
11393018,2,2,2009-11-20
54953395,2,1,2024-04-30
30519538,1,0,2018-04-05
47052911,1,0,2022-06-30
07248565,1,1,2004-10-05
49835518,1,0,2023-03-07
59532573,1,0,2025-02-18
29904211,1,0,2018-03-01
57560590,1,0,2024-10-04
35001586,1,0,2020-01-20
52940416,1,0,2023-11-20
24931409,1,0,2016-05-25
61327163,1,0,2025-06-16
52386140,1,0,2023-10-02
63247122,1,0,2025-10-17
39721961,1,0,2020-11-09
28128066,2,1,2017-05-31
51334978,1,0,2023-07-07
52561277,1,0,2023-10-17
04395399,2,2,2001-04-04
25004283,2,2,2016-05-18
36983896,1,0,2020-04-22
52362574,1,0,2023-09-29
48045836,1,0,2022-09-22
50127944,1,0,2023-03-29
28904535,1,1,2022-09-21
52534903,1,0,2023-10-16
49627240,2,2,2023-02-16
59079926,2,0,2025-01-24
26491081,1,0,2016-10-07
51865883,2,2,2011-06-16
51180127,1,0,2023-06-26
60258697,1,0,2025-04-04
50360088,2,1,2023-04-18
62994141,1,0,2025-10-01
59509093,1,0,2025-02-17
45260836,1,0,2022-02-11
57284147,1,0,2024-09-13
52201525,1,0,2023-09-15
49629196,1,0,2023-02-16
60963996,1,0,2025-05-22
53805300,1,0,2024-02-05
32517381,1,0,2018-12-18
73291437,1,0,1993-08-31
56933324,1,0,2024-08-20
53328567,1,0,2023-12-29
36751148,1,0,2020-03-23
44176137,6,2,2021-11-09
34688442,1,0,2019-08-27
10554105,3,3,2008-12-19
08972961,2,1,2007-04-20
26946377,1,0,2017-01-10
39601189,1,0,2020-10-28
51517553,1,0,2023-07-21
63914239,3,0,2025-12-03
53854298,1,0,2024-02-08
31518627,1,0,2018-08-24
30686312,2,1,2018-06-05
09544663,2,2,2008-02-22
05534271,2,0,2003-02-17
24733593,1,0,2015-04-10
46536814,1,0,2022-05-25
32968452,1,0,2019-02-01
60667864,1,0,2025-05-05
33438130,1,0,2019-04-08
62010511,1,0,2025-07-31
52200437,1,0,2023-09-15
43792792,1,0,2021-10-06
50520131,1,1,2023-05-02
59195146,1,0,2025-01-30
57409023,1,0,2024-09-24
50798037,1,0,2023-05-24
59014100,28,1,1990-01-09
33278007,2,2,2019-03-20
52752716,1,0,2023-11-01
56052532,1,0,2024-07-23
27500462,2,2,2017-03-31
35257704,1,0,2019-10-21
63551957,1,0,2025-11-06
04828827,2,2,2001-12-12
61471393,1,0,2025-06-26
10384012,4,3,2008-09-19
27215273,1,0,2017-01-27
61451520,1,0,2025-06-25
63864717,1,0,2025-11-28
32718886,1,0,2019-01-02
34460635,1,0,2019-07-15
40606852,1,0,2021-01-28
58398750,1,0,2024-12-09
25356088,1,0,2016-07-28
34837692,1,0,2017-05-17
33715519,1,0,2019-04-29
49996637,1,0,2023-03-20
34057960,1,0,2019-05-15
48611351,1,0,2022-11-14
43820611,1,0,2021-10-08
38322659,1,0,2020-09-02
28501276,1,0,2017-07-31
47666074,1,0,2022-08-22
44127292,1,0,2021-11-04
26717778,1,0,2016-11-21
25136198,1,0,2016-06-08
60486998,1,0,2025-04-22
51342751,1,0,2023-07-07
40610426,1,0,2021-01-28
39383595,2,2,2020-10-09
47308307,2,2,2022-07-27
31430817,1,0,2018-08-27
48314357,1,0,2022-10-17
26261382,1,0,2016-06-08
25096820,2,1,2016-06-14
02590746,3,2,1998-06-23
47292050,2,2,2022-07-26
43856564,5,2,2021-10-13
50807399,1,0,2023-05-24
64040962,1,0,2025-12-11
31339264,4,2,2018-08-10
01777548,2,0,1997-04-17
61305606,1,0,2025-06-13
42027922,2,2,2021-05-20
46205301,2,1,2022-04-29
63317364,1,0,2025-10-22
45189091,1,0,2022-02-07
20320525,3,1,2014-02-05
28397931,1,0,2017-07-31
62248685,1,0,2025-08-15
26297661,2,2,2015-08-07
63832119,2,1,2025-11-26
11367524,3,0,2008-11-04
59193984,1,0,2025-01-30
63955836,1,0,2025-12-05
58114944,1,0,2024-11-14
43442754,1,0,2021-09-08
60691361,2,1,2025-05-06
59826239,2,1,2025-03-10
08291503,2,2,2006-06-12
21520335,2,1,2014-09-29
20708089,1,0,2014-06-27
52221726,1,0,2023-09-18
52901746,1,0,2023-11-16
47786614,1,0,2022-08-31
26251472,1,0,2016-08-31
54691275,1,0,2024-04-11
40310920,1,0,2021-01-08
62115240,1,0,2025-08-07
60552186,2,2,2025-04-25
29695336,2,1,2018-02-09
31479221,2,1,2018-08-24
62580047,2,0,2025-09-05
30189353,1,0,2018-03-28
37659282,3,1,2020-07-08
53655071,1,0,2024-01-25
15429763,2,2,2012-03-19
45436061,1,0,2022-02-24
53649736,1,0,2024-01-25
60332647,1,0,2025-04-09
54729161,1,0,2024-04-15
59939286,1,0,2025-03-17
32871326,1,0,2019-01-16
59212177,1,0,2025-01-31
49891848,1,0,2023-03-10
03996810,6,3,2000-05-05
32342046,1,0,2018-12-11
31707436,1,1,2018-10-02
59532281,1,0,2025-02-18
04654267,4,2,2001-08-28
31466380,1,0,2018-08-10
62762263,3,3,2025-09-17
45954953,1,0,2022-04-07
26902660,1,0,2016-12-20
42290042,1,0,2021-06-11
27924280,1,0,2017-05-26
32718901,1,0,2019-02-06
41491336,1,0,2021-04-07
17331820,16,1,2012-12-12
26362161,1,0,2016-10-04
26153265,1,0,2016-08-16
64144235,1,0,2025-12-19
62358575,1,0,2025-08-22
42063624,1,0,2021-05-24
15733198,2,1,2012-05-08
17282960,3,3,2012-12-06
22442947,2,2,2015-01-22
02792978,3,3,1998-10-16
16621206,2,2,2012-07-18
08334619,1,0,2006-06-12
26334752,1,0,2016-09-19
32982145,1,0,2019-02-08
42291418,1,0,2021-06-11
59502506,1,0,2025-02-17
54210983,1,0,2024-03-06
51343256,1,0,2023-07-07
46601629,2,1,2022-05-31
54805354,1,0,2024-04-19
57323567,1,0,2024-09-17
39258513,1,0,2020-06-15
29215172,2,2,2017-11-14
35828245,1,0,2019-12-19
43821827,1,0,2021-10-08
10908717,1,0,2009-06-03
48975251,1,0,2022-12-26
26717564,1,0,2019-07-16
30379495,1,0,2018-05-03
61268372,1,0,2025-06-11
47983527,1,0,2022-09-16
40191160,2,2,2020-12-23
32402622,5,1,2018-12-18
27249191,3,1,2018-08-31
10412523,8,1,2008-09-19
46064702,1,0,2022-04-18
03877704,2,1,2000-06-08
24292006,1,0,2016-02-04
61950016,1,0,2025-07-28
17258071,4,0,2012-11-07
51240343,1,0,2023-06-29
61048528,1,0,2025-05-28
02952652,2,1,1999-01-26
52789829,1,0,2023-11-06
22554708,1,0,2015-05-15
49314978,1,0,2023-01-24
54805190,1,0,2024-04-19
31188640,1,0,2018-08-08
06095407,2,2,2004-01-27
55786175,1,0,2024-07-03
12079097,2,1,2010-06-08
60982101,1,1,2025-05-23
35404619,1,0,2019-10-31
54439699,1,0,2024-03-22
51238643,1,0,2023-06-29
60919632,2,2,2025-05-20
54497526,1,0,2024-03-27
13163393,1,0,2012-07-24
49861258,1,0,2023-03-08
42311525,1,0,2021-06-14
54440020,1,0,2024-03-22
10718471,5,3,2009-03-05
52790206,1,0,2023-11-06
08946775,3,1,2007-06-26
27836326,1,0,2017-05-17
41096556,1,0,2021-03-04
22928205,7,3,2015-07-01
41663504,1,0,2021-04-22
51940964,1,0,2023-08-24
52822326,2,1,2023-11-08
31339662,2,1,2018-08-15
43649554,3,0,2021-09-24
59512778,1,0,2025-02-17
53212048,1,0,2023-12-15
53013095,1,0,2023-11-27
47758683,2,1,2022-08-29
23110006,4,1,2015-08-03
27684910,3,2,2017-04-20
26540712,1,0,2016-09-02
23811336,1,0,2015-11-11
54026965,1,0,2024-02-22
63660232,2,2,2025-11-13
27057204,1,0,2017-01-27
43792635,1,0,2021-10-06
34374656,2,1,2019-07-25
26480027,1,0,2016-10-07
51517841,1,0,2023-07-21
62333652,1,0,2025-08-21
57870114,1,0,2024-10-28
57352824,1,0,2024-09-19
27590958,1,0,2017-03-08
47183977,1,0,2022-07-18
57709151,1,0,2024-10-16
49155173,2,2,2023-01-12
03899920,13,1,2000-06-15
30407441,3,3,2018-05-07
24240507,4,1,2015-12-16
51330160,1,0,2023-07-06
52041727,1,0,2023-09-01
20720120,3,2,2014-07-15
54501203,2,2,2024-03-27
14633138,1,0,2011-09-29
57553649,1,0,2024-10-03
15696266,2,1,2012-05-25
35064451,1,0,2019-10-02
56701943,1,0,2024-08-14
55581824,1,0,2024-06-18
46832124,1,0,2022-06-20
22074202,1,0,2016-05-20
40184211,2,0,2020-12-22
50519816,2,2,2023-05-02
61553254,2,2,2025-07-02
63653616,3,3,2025-11-13
57075474,2,2,2024-08-29
35405165,1,0,2019-10-31
36571902,2,2,2020-03-05
57733280,2,1,2024-10-17
59826543,1,0,2025-03-10
51168629,1,0,2023-06-23
45952472,1,0,2022-04-07
47113418,1,0,2022-07-12
45441350,1,0,2022-02-24
24400240,2,1,2015-11-11
50739965,1,0,2023-05-19
50840767,1,0,2023-05-26
63937442,1,0,2025-12-04
40730271,1,0,2021-02-05
18359320,1,0,2013-03-25
27101140,1,0,2016-12-20
49840626,1,0,2023-03-07
62747953,1,0,2025-09-16
42836574,1,0,2021-07-23
63701816,1,0,2025-11-17
49692356,1,0,2023-02-23
51759992,1,0,2023-08-10
15227345,1,0,2012-03-07
00081822,2,1,1994-02-01
04606669,5,1,2001-05-09
03055774,1,1,1999-03-25
18096025,2,1,2013-04-30
26946683,1,0,2017-01-17
54476730,1,0,2024-03-26
26613948,6,1,2016-10-21
51335171,1,0,2023-07-07
10719320,2,2,2009-03-06
09196165,2,1,2007-04-12
60442649,1,0,2025-04-16
35289556,3,2,2019-10-23
34433379,1,0,2019-07-24
39783572,1,0,2020-11-13
43233495,1,0,2021-08-23
56264511,1,0,2024-08-05
62004879,1,0,2025-07-31
64025551,1,0,2025-12-11
52215284,1,0,2023-09-18
60324450,1,0,2025-04-09
37586032,2,1,2020-07-01
37155940,1,0,2020-05-15
48887324,1,0,2022-12-14
24604652,1,0,2016-04-15
26913102,1,0,2016-08-17
35752883,2,2,2019-12-09
44271911,1,0,2021-11-17
32616957,1,0,2019-01-21
44443740,3,3,2021-12-01
43821934,1,0,2021-10-08
49609207,2,2,2023-02-15
63848696,1,0,2025-11-27
64148674,1,0,2025-12-19
56048840,1,0,2024-07-23
04557212,2,1,2001-03-09
56173661,1,0,2024-07-31
17753020,2,2,2015-08-07
37302006,2,1,2020-05-20
63601014,1,0,2025-11-10
11823857,2,1,2012-05-10
43602885,1,0,2021-09-21
61950467,1,0,2025-07-28
63131542,1,0,2025-10-10
63662023,2,2,2025-11-13
26923877,2,2,2015-08-25
03519198,3,0,1999-11-13
54886539,1,0,2024-04-25
29126474,1,0,2017-11-10
24988357,1,0,2016-05-06
24446218,1,0,2016-02-04
28204615,1,0,2017-07-04
22442913,3,1,2015-05-05
56929360,1,0,2024-08-20
63553270,1,0,2025-11-06
30126611,2,2,2018-03-16
49861649,1,0,2023-03-08
47694130,1,0,2022-08-24
62607598,1,0,2025-09-08
35461363,1,0,2019-11-08
54065843,1,0,2024-02-26
51694059,1,0,2023-08-04
55331563,1,0,2024-05-29
54844137,1,0,2024-04-23
43028210,1,0,2021-08-06
51626558,16,4,2023-07-31
40339820,5,1,2021-01-11
55966904,1,0,2024-07-17
52748251,4,4,2023-11-01
23367321,2,1,2013-10-28
02187753,2,2,2020-07-13
23272847,1,0,2015-06-30
52822796,1,0,2023-11-08
13250889,1,0,2011-01-24
40135557,1,0,2020-12-16
37160611,4,4,1992-10-07
28354783,2,1,2017-07-31
58327577,1,0,2024-12-03
57693667,1,0,2024-10-15
45938450,2,2,2022-04-06
42011904,1,0,2021-05-19
48061678,1,0,2022-09-23
59033768,1,0,2025-01-22
64287986,1,0,2026-01-05
57485830,1,0,2024-09-30
62413585,1,0,2025-08-26
32030684,1,0,2018-11-09
36604864,1,0,2020-03-09
01553952,2,2,1999-10-30
61923796,1,0,2025-07-25
59480877,1,0,2025-02-14
55524186,1,0,2024-06-13
63120123,1,0,2025-10-09
34931158,1,0,2019-09-16
63746182,1,0,2025-11-19
04351816,2,0,2001-03-26
48551255,1,0,2022-11-08
59192364,1,0,2025-01-30
60400522,1,0,2025-04-14
37313267,1,0,2020-06-03
59067150,2,1,2025-01-23
59328644,2,0,2025-02-06
59893724,1,0,2025-03-13
42172424,1,0,2021-06-01
26078382,1,1,2016-08-01
32749607,2,2,2019-01-03
11325158,2,1,2009-11-09
54808731,1,0,2024-04-19
36441885,2,1,2020-02-18
61157474,1,0,2025-06-04
15545688,2,1,2012-05-07
62880728,1,0,2025-09-24
27530002,1,0,2017-04-04
41687030,2,2,2021-04-23
39238798,2,2,2020-09-29
62936908,1,0,2025-09-29
61321789,1,0,2025-06-16
15636123,1,0,2012-03-27
22751326,1,0,2015-04-01
64109785,1,0,2025-12-18
40634258,1,0,2021-01-29
55769126,1,0,2024-07-02
52595969,1,0,2023-10-19
38503459,1,0,2020-09-17
47682649,1,0,2022-08-23
37112802,1,0,2024-10-14
40302328,1,0,2021-01-07
55580024,1,0,2024-06-18
43001686,1,0,2021-08-05
24491138,1,0,2016-03-31
36539951,1,0,2020-02-10
54416080,1,0,2024-03-21
37837136,1,0,2020-07-23
54704967,1,0,2024-04-12
12646769,1,0,2010-04-22
54757445,1,0,2024-04-16
06213770,2,2,2004-04-14
17131791,2,1,2012-10-22
31351665,2,1,2018-08-21
04073827,42,7,2000-09-26
44181374,2,2,2021-11-09
35634331,3,1,2019-11-14
29979175,1,0,2018-02-02
13336448,7,1,2011-01-24
52542452,1,0,2023-10-16
47052050,1,0,2022-07-06
31030095,2,1,2018-06-05
50033181,1,0,2023-03-22
37993458,2,1,1994-09-21
36436375,1,0,2020-02-11
35463190,1,0,2019-09-23
46409325,1,0,2022-05-16
41593156,3,1,2021-04-15
52265264,1,0,2023-09-21
01505995,2,1,2003-09-03
01842036,1,0,1997-05-14
19045529,3,1,2013-10-02
52220572,1,0,2023-09-18
51818381,1,0,2023-08-15
31819556,1,0,2018-08-24
53804979,1,0,2024-02-05
35774220,1,1,2019-12-12
47594358,1,0,2022-08-16
64079604,1,0,2025-12-16
37863657,1,0,2020-07-27
62424886,1,0,2025-08-27
50278669,1,0,2023-04-11
57033456,1,0,2024-08-27
43292629,1,0,2022-11-07
63532214,1,0,2025-11-05
53261599,2,2,2023-12-19
50435391,2,1,2023-04-25
39404905,1,1,2020-10-13
31609700,1,0,2018-07-13
01217681,2,1,1996-05-02
54640236,2,2,2024-04-08
17778913,4,1,2013-01-22
51182801,3,1,2023-06-26
59715345,3,1,2025-02-28
09177363,1,0,2007-06-01
60939555,2,2,2025-05-21
53858645,1,0,2024-02-08
11394570,1,0,2009-11-09
27335989,1,0,2017-02-17
37783914,1,0,2020-07-20
08326161,2,2,2006-08-31
40729242,1,0,2021-02-05
61876374,1,0,2025-07-23
55221685,1,0,2024-05-21
29298543,1,0,2017-08-31
26579340,3,3,2016-11-10
48534518,1,0,2022-11-07
18783098,1,0,2013-06-21
46348492,2,0,2025-08-04
35809130,1,0,2019-12-16
50293016,1,0,2023-04-12
44963458,1,0,2022-01-21
35134549,1,1,2019-10-09
51528760,1,0,2023-07-24
39801511,1,0,2019-07-01
50349214,1,0,2023-04-17
26331275,1,0,2016-08-31
10866368,60,7,2009-05-13
05870544,2,1,2003-06-30
11163918,31,3,2009-07-31
34391171,1,0,2019-07-24
30776410,2,1,2018-06-05
43792965,1,0,2021-10-06
22808473,2,1,2015-06-26
22770371,3,1,2013-07-08
52238121,2,2,2023-09-19
47382663,1,0,2022-08-02
56933162,1,0,2024-08-20
10142175,2,2,2008-07-08
25422223,1,0,2016-07-06
57966138,1,0,2024-11-04
26244601,1,0,2016-06-27
51696303,1,0,2023-08-04
21565432,3,1,2014-12-08
51510546,1,0,2023-07-21
26967809,1,0,2016-05-23
28329775,1,0,2017-06-05
60819741,1,0,2025-05-14
52700386,1,0,2023-10-27
40959924,1,1,2021-02-23
58140509,1,0,2024-11-18
58323388,1,0,2024-12-03
26170821,1,0,2016-04-06
34275192,1,0,2019-07-01
54485245,1,0,2024-03-26
40140631,2,2,2020-12-17
51479518,1,0,2023-07-19
51026308,1,0,2023-06-13
63004116,1,0,2025-10-02
52383546,1,0,2023-10-02
63004731,1,0,2025-10-02
55690255,3,3,2024-06-26
38202418,1,0,2020-08-24
34786056,1,0,2019-09-05
49369729,1,0,2023-01-27
22325913,1,0,2015-03-20
56051793,1,0,2024-07-23
59980983,1,0,2025-03-19
60960497,1,0,2025-05-22
64295346,1,0,2026-01-06
07065327,26,3,2004-10-25
04226926,6,1,2001-01-09
34450939,2,2,2019-07-10
42430436,1,0,2025-01-27
60750782,1,0,2025-05-09
17748017,10,10,2012-11-07
28108255,11,0,2017-06-30
27313122,1,0,2016-12-02
62465065,1,0,2025-08-29
63094658,1,0,2025-10-08
40338362,1,0,2021-01-11
58507685,1,0,2024-12-18
21543337,2,2,2014-11-17
57561048,1,0,2024-10-04
25263365,1,0,2016-06-27
47370490,1,0,2022-08-01
34313116,1,0,2019-07-15
08336903,1,1,2006-09-01
62892703,2,2,2025-09-25
49611713,1,0,2023-02-15
48897930,1,0,2022-12-15
54555109,1,0,2024-04-02
34308359,1,0,2019-07-01
47278191,1,0,2022-07-25
27467419,1,0,2017-03-08
48357009,1,0,2022-10-20
50250732,2,0,2023-04-10
10702143,1,0,2009-03-11
31286667,1,0,2018-06-15
35810437,1,0,2019-12-16
62960666,1,0,2025-09-30
52226039,1,0,2023-09-18
57940823,1,0,2024-11-01
23612808,1,1,2015-09-11
60962129,2,2,2025-05-22
63809154,1,0,2025-11-25
52188270,1,0,2023-09-14
25116564,1,0,2016-06-14
42310473,1,0,2021-06-14
43810781,1,0,2021-10-07
24804464,1,1,2016-05-04
28737118,2,1,2017-09-20
61725109,1,0,2025-07-14
54074400,1,0,2024-02-26
29720284,1,0,2018-02-15
49457793,1,0,2023-02-03
28324400,1,0,2017-07-17
10580680,2,1,2008-12-19
09034008,1,0,2007-07-23
62993582,1,0,2025-10-01
34174866,1,0,2019-07-01
59269155,1,0,2025-02-04
44074499,1,0,2021-10-29
56933593,1,0,2024-08-20
61969551,1,0,2025-07-29
49402224,1,0,2023-01-31
53193392,1,0,2023-12-13
59196466,1,0,2025-01-30
61995821,1,0,2025-07-30
43200964,1,0,2021-08-19
62679887,1,0,2025-09-11
46331681,1,0,2022-05-10
38222002,2,0,2020-03-09
13478427,2,2,2011-03-28
29363709,2,2,2017-12-15
45704783,2,2,2022-03-18
02754181,27,1,2000-05-05
26924810,2,2,2017-01-10
51552680,1,0,2023-07-25
33720076,1,0,2019-04-30
57487063,1,0,2024-09-30
22467080,4,1,2015-01-22
52504691,1,0,2023-10-11
31366554,1,0,2018-08-24
26242981,1,0,2016-08-22
27313176,1,0,2017-02-17
15407046,1,0,2012-01-11
63357900,1,0,2025-10-24
22196875,1,0,2015-02-23
48988161,1,0,2022-12-27
35253295,1,0,2019-10-21
40338566,1,0,2021-01-11
36157962,2,2,2020-01-27
33482154,2,2,2019-04-15
26744791,1,0,2016-11-23
55220764,1,0,2024-05-21
19281547,2,2,2013-11-06
55993198,1,0,2024-07-18
56282886,1,0,2024-08-05
25462040,2,2,2016-05-16
16943018,1,0,2019-01-02
59087682,1,0,2025-01-24
62857185,1,0,2025-09-23
34585056,1,0,2019-08-19
35558296,1,0,2019-11-18
41144820,1,0,2021-03-09
40815798,1,0,2021-02-11
56137119,1,0,2024-07-29
57508872,1,0,2024-10-01
60613478,116,1,1974-09-05
51162944,1,0,2023-06-23
59212619,1,0,2025-01-31
61814395,1,0,2025-07-18
19584049,1,0,2018-04-03
57691848,1,0,2024-10-15
47768200,2,2,2022-08-30
08360302,1,0,2006-08-31
41593395,2,0,2021-04-15
47281825,1,0,2022-07-25
24661358,3,2,2016-03-28
04412712,3,2,2001-03-14
10314220,2,1,2008-07-02
59028849,1,0,2025-01-22
32559575,1,0,2019-01-16
64046305,1,0,2025-12-01
41966179,1,0,2021-05-17
42344504,1,0,2021-06-16
34786378,2,2,2019-09-05
63168404,1,0,2025-10-13
45893240,1,0,2022-04-04
55399515,2,2,2024-06-05
61776184,1,0,2025-07-16
47309421,1,0,2022-07-27
59446030,1,0,2025-02-13
54987647,1,0,2024-05-03
46259162,2,1,2022-05-04
53327132,1,0,2023-12-29
35035436,1,0,2019-09-26
36760645,1,0,2020-03-24
42959867,1,0,2021-08-02
38352641,2,1,2020-09-03
35134181,4,4,2019-09-23
05203086,3,2,2002-07-25
03604865,3,2,2001-08-21
10945089,2,2,2009-06-23
24929857,6,2,2016-05-18
40824750,2,1,2021-02-11
55654715,2,0,2024-06-24
58256201,1,0,2024-11-27
33482148,1,0,2019-04-24
41149938,1,0,2021-03-09
20674994,2,1,2014-05-14
47770083,2,2,2022-08-30
46204922,1,0,2022-04-29
52363067,1,0,2023-09-29
07916897,5,2,2006-03-07
46610882,2,0,2022-05-31
49723094,1,0,2023-02-27
63922851,1,0,2025-12-02
51885502,1,0,2023-08-21
51063954,1,0,2023-06-15
55504783,1,0,2024-06-12
02787288,2,2,2007-06-01
46799856,1,0,2022-06-15
39350341,1,0,2020-10-07
47277715,1,0,2022-07-25
28229080,1,0,2017-06-30
43384905,1,0,2021-09-02
44896885,1,0,2022-01-17
47423704,1,0,2022-08-04
35178296,1,0,2019-10-14
60942846,1,0,2025-05-21
63788215,1,0,2025-11-24
47189163,1,0,2022-07-18
63079507,1,0,2025-10-07
45455353,1,0,2022-02-25
50168193,1,0,2023-03-31
28329874,1,0,2017-07-13
64126759,1,0,2025-12-18
51060848,1,0,2023-06-15
26633509,1,0,2016-10-21
55518835,1,0,2024-06-13
08809333,1,0,2009-09-14
09359242,2,1,2008-01-24
04263847,2,1,2000-11-20
59223717,1,0,2025-01-31
49843133,1,0,2023-03-07
05778346,2,1,2003-05-26
58439682,2,1,2024-12-12
59507284,1,0,2025-02-17
26048190,2,2,2016-08-15
30114393,2,2,2018-03-13
55393801,1,0,2024-06-04
24723492,1,0,2016-04-06
35411513,1,0,2019-10-31
43879351,1,0,2021-10-14
62525347,2,2,2025-09-02
12319631,1,0,2010-07-19
45056146,1,0,2022-01-28
57035608,1,0,2024-08-27
63859695,1,0,2025-11-28
35702045,1,0,2019-12-02
07922894,25,1,2006-02-06
63998489,1,0,2025-12-09
42476132,2,2,2021-06-25
61452291,4,4,2025-06-25
02827902,2,2,1998-11-09
37138559,9,1,1992-07-23
55687211,5,1,2024-06-26
42461486,1,0,2021-06-24
61580662,1,0,2025-07-03
23973039,2,1,2015-12-04
21900506,1,0,2015-01-15
26751574,1,0,2016-11-23
49836477,1,0,2023-03-07
43505556,1,0,2021-09-14
63866419,1,0,2025-11-28
31351553,1,0,2018-08-03
48082418,1,0,2022-09-26
50251588,1,0,2023-04-10
50852410,1,0,2023-05-29
57880847,1,0,2024-10-29
08487788,3,1,2006-08-17
51812852,1,0,2023-08-15
61810372,1,0,2025-07-18
40656625,1,0,2021-02-01
32167713,2,2,2018-09-14
52391009,1,0,2023-10-02
27478212,1,0,2017-02-07
63900890,1,0,2025-12-02
20733613,1,0,2016-02-04
02799394,1,0,1998-10-05
54810929,1,0,2024-04-19
58414359,1,0,2024-12-10
19197050,1,0,2013-09-20
22349056,1,0,2015-03-27
44672645,1,0,2021-12-23
37127834,21,5,1992-08-12
05915213,4,2,2003-07-23
21916858,1,0,2015-02-05
62650170,1,0,2025-09-10
45254693,1,0,2022-02-11
18576625,3,1,2013-06-18
61062203,1,0,2025-05-29
22666183,4,1,2015-05-22
38660112,2,1,2020-09-22
57378047,1,0,2024-09-20
23130417,4,3,2015-08-13
24661329,1,0,2015-06-01
04327170,2,1,2001-01-11
59960315,1,0,2025-03-18
52225546,1,0,2023-09-18
49402716,1,0,2023-01-31
38411858,2,2,2024-03-15
60841712,1,0,2025-05-15
07111167,3,2,2004-10-14
33385314,1,0,2019-04-08
37724099,1,0,2020-07-14
46726292,1,0,2022-06-09
38413063,1,0,2019-07-10
62581714,1,0,2025-09-05
56061842,1,0,2024-07-24
02681553,2,2,1998-08-18
33822025,1,0,2019-05-09
16526403,2,2,2012-07-09
50979508,1,0,2023-06-07
57429916,1,0,2024-09-25
47570038,1,0,2022-08-15
52999210,1,0,2023-11-24
51735677,1,0,2023-08-08
17213812,1,0,2017-09-04
33014443,1,0,2019-01-28
58014940,1,0,2024-11-07
25014111,1,0,2016-02-19
26289078,1,0,2016-06-27
49204492,1,0,2023-01-16
47060386,1,0,2022-07-07
54808401,1,0,2024-04-19
61528665,1,0,2025-07-01
49997524,1,0,2023-03-20
51854843,1,0,2023-08-17
49635853,1,0,2023-02-16
45701738,1,0,2022-03-18
53856419,3,3,2024-02-08
27857516,5,1,2017-05-17
63545698,1,0,2025-11-06
42290177,1,0,2021-06-11
59974421,1,0,2025-03-19
51007463,3,1,2023-06-12
48429266,1,0,2022-10-27
10474297,9,2,2008-11-10
22588135,1,0,2015-05-08
26955447,1,0,2016-12-20
48926154,1,0,2022-12-19
43793202,1,0,2021-10-06
56187070,1,0,2024-07-31
63058067,1,0,2025-10-06
35604948,1,0,2019-10-31
07137772,2,1,2004-11-25
06244082,2,1,2004-05-10
45335516,1,0,2016-02-19
32005714,1,0,2017-07-13
22588047,2,2,2015-05-05
62771999,1,0,2025-09-17
45776538,2,2,2022-03-24
45284086,1,0,2022-02-14
42063927,1,0,2021-05-24
48478485,1,0,2022-11-01
36572822,1,0,2020-03-05
57785125,1,0,2024-10-22
27963342,1,0,2017-06-05
51728425,1,0,2023-08-08
06196435,1,1,2010-05-24
49770549,1,0,2023-03-01
58019400,1,0,2024-11-07
07214613,2,2,2005-02-02
29513390,1,0,2018-01-03
23265310,1,0,2015-08-28
43823073,2,1,2021-10-08
20627309,9,2,2014-03-21
50288172,1,0,2023-04-12
20208748,3,3,2014-03-28
18570360,1,0,2013-06-18
09356998,2,1,2026-05-29
35912995,1,0,2019-12-16
45357444,2,1,2022-02-18
59959748,1,0,2025-03-18
38729113,1,0,2020-09-23
27187450,1,0,2016-05-25
55211915,1,0,2024-05-21
42182587,1,0,2021-06-02
27963319,1,0,2017-04-10
60059210,1,0,2025-03-24
63611466,1,0,2025-11-11
30258530,1,0,2018-04-16
63289552,1,0,2025-10-21
51921460,1,0,2023-08-23
52997956,1,0,2023-11-24
30353159,1,0,2018-04-10
51008054,1,0,2023-06-12
17438978,1,0,2012-10-09
55441735,1,0,2024-06-07
58406370,1,0,2024-12-10
58114764,1,0,2024-11-14
49777123,2,2,2023-03-02
59087906,1,0,2025-01-24
64308267,1,0,2026-01-06
50807001,1,0,2023-05-24
03702847,2,1,2000-03-14
03438059,2,1,1999-08-02
30244006,6,1,2018-04-10
31302709,1,0,2018-08-10
50876702,1,0,2023-05-30
27304028,1,0,2017-02-07
20238867,3,0,2014-03-21
34055779,3,0,2019-06-14
59771752,3,3,2025-03-06
61010588,1,0,2025-05-26
41978142,1,0,2021-05-17
37658822,2,2,2020-07-08
63124070,2,0,2025-10-09
43161259,1,1,2021-08-17
60126990,1,0,2025-03-27
17177034,2,1,2012-10-19
10789718,3,1,2009-03-11
27924609,2,2,2017-04-05
60980922,1,0,2025-05-23
63544450,1,0,2025-11-06
31806784,2,1,2018-09-28
43856907,2,0,2021-10-13
36160597,1,0,2020-01-27
49370327,1,0,2023-01-27
57779512,2,1,2024-10-21
48694245,1,0,2022-11-22
34046475,1,0,2019-06-04
59860067,1,0,2025-03-12
60048885,1,0,2025-03-24
63803066,1,0,2025-11-25
31744633,1,0,2018-09-24
54497325,1,0,2024-03-27
57053750,2,2,2024-08-28
05121366,1,1,2002-06-04
25022723,1,0,2016-05-06
54442052,1,0,2024-03-22
02663941,10,1,1998-06-26
02077393,70,2,1997-02-17
14729718,1,0,2011-11-23
22829532,2,1,2015-06-12
86690534,2,2,1994-08-29
34920755,1,0,2019-08-09
20958772,2,2,2014-08-13
62680078,1,0,2025-09-11
10309362,2,2,2008-07-25
45721175,1,0,2022-03-21
55720852,1,0,2024-06-28
49204351,1,0,2023-01-16
44947622,1,0,2022-01-20
59511001,1,0,2025-02-17
50012671,1,0,2023-03-21
50886682,1,0,2023-05-31
49325006,1,0,2023-01-25
37897957,1,0,2020-07-29
55072591,1,0,2024-05-09
31377327,1,0,2017-09-20
52531771,1,0,2023-10-16
39783696,2,0,2020-11-13
54699391,1,0,2024-04-11
54440806,48,3,2024-03-22
03589467,7,1,2000-01-11
30165579,1,0,2018-04-02
61452615,1,0,2025-06-25
43197851,1,0,2021-08-19
13278113,2,1,2011-02-08
62911838,1,0,2025-09-26
58141283,5,1,2024-11-18
48161342,1,0,2022-10-03
57212143,1,0,2024-09-09
45178322,1,0,2022-02-07
60511645,2,1,2025-04-23
24402813,1,0,2016-03-02
46517938,1,0,2022-05-24
56746708,1,0,2024-08-14
50018123,1,0,2023-03-21
27761900,1,0,2017-05-05
43721879,1,0,2021-09-30
24889746,1,0,2016-05-20
49448222,1,0,2023-02-02
50526633,1,0,2023-05-03
43141188,1,0,2021-08-16
12845886,2,2,2010-11-04
52891738,2,1,2023-11-14
49123075,1,0,2023-01-10
56187174,1,0,2024-07-31
24142492,1,0,2015-11-26
40675528,1,1,2025-03-11
57869321,1,0,2024-10-28
62336504,1,0,2025-08-21
35558411,1,0,2019-11-13
40960816,1,0,2021-02-23
25014394,2,1,2016-05-25
61666555,1,0,2025-07-09
53462774,2,0,2024-01-11
54370975,2,1,2024-03-18
43523449,2,2,2021-09-15
38050738,2,2,1993-03-03
39914889,1,0,2020-11-25
40895695,1,0,2021-02-18
21968577,1,0,2015-02-05
63245499,2,2,2025-10-17
59781074,1,0,2025-03-07
62861095,1,0,2025-09-23
13382997,2,2,2011-02-25
48988248,1,0,2022-12-27
59212318,1,0,2025-01-31
62831889,1,0,2025-09-22
59268726,1,0,2025-02-04
60143954,1,0,2025-03-28
55861415,1,0,2024-07-09
60056524,1,0,2025-03-24
48030537,1,0,2022-09-21
20298951,1,0,2014-04-25
44447108,1,0,2021-12-01
61343183,1,0,2025-06-17
63865305,1,0,2025-11-28
13173218,2,2,2010-12-27
27671930,1,0,2017-04-20
06091559,2,1,2003-11-05
30280801,1,0,2018-02-27
47258568,1,0,2022-07-22
36176836,1,0,2019-12-16
56934195,1,0,2024-08-20
28578006,3,3,2017-07-13
52504440,1,0,2023-10-11
17444904,2,1,2012-06-05
27761524,1,0,2017-03-20
53906056,1,0,2024-02-14
60491510,2,0,2025-04-22
49458429,12,1,2023-02-03
54838147,1,0,2024-04-22
04350924,9,1,1996-12-16
59331480,3,3,2025-02-06
24311860,2,1,2015-11-30
39270216,1,1,2020-10-01
62003814,2,1,2025-07-31
37135422,1,0,2020-05-13
53924856,2,0,2024-02-15
51812362,1,0,2023-08-15
53216429,1,0,2023-12-15
44042565,1,0,2021-10-27
35754119,1,0,2019-12-09
64097965,1,0,2025-12-15
10895154,2,1,2009-05-04
23130706,1,0,2015-08-03
43143223,1,0,2021-08-16
30114387,1,0,2018-03-27
52694793,1,0,2023-10-27
63221171,1,0,2025-10-16
05912309,1,0,2003-09-23
54934354,1,0,2024-04-29
60696942,1,0,2025-05-06
54091120,1,0,2024-02-27
54934109,1,0,2024-04-29
32390095,1,0,2025-07-07
53424387,2,2,2024-01-09
31439341,1,0,2018-08-24
32071191,2,2,2018-11-09
60761781,2,2,2025-05-09
33649066,3,1,2019-05-07
04118900,3,1,2001-12-05
26266652,2,1,2016-09-09
60604087,3,3,2025-04-29
32390087,1,0,2019-01-03
26967866,3,2,2016-12-23
53186452,1,0,2023-12-13
53960404,1,0,2024-02-19
47911547,1,0,2022-09-12
49122998,1,0,2023-01-10
61642006,1,0,2025-07-08
54189603,1,0,2024-03-05
14941917,2,1,2011-12-06
57323519,1,0,2024-09-17
59834890,1,0,2025-03-11
59813368,1,0,2025-03-10
60219879,1,0,2025-04-02
56093098,1,0,2024-07-25
32432290,2,1,2018-12-07
62404790,1,0,2025-08-26
61863996,1,0,2025-07-22
34584710,2,1,2019-08-19
46591635,2,2,2022-05-30
21244438,4,1,2014-07-31
59401912,1,0,2025-02-11
51383863,1,0,2023-07-11
63735514,1,0,2025-11-19
52827108,2,2,2023-11-08
59834656,1,0,2025-03-11
62268642,1,0,2025-08-18
37852656,1,0,2020-07-24
04354333,2,2,2001-03-22
03471033,2,2,1999-10-27
58520343,1,0,2024-12-19
45197586,1,0,2022-02-08
55442294,1,0,2024-06-07
62054392,1,0,2025-08-04
33184159,1,0,2019-03-19
42102117,4,0,2021-05-26
39783534,1,0,2020-11-13
44585745,2,2,2021-12-14
04929137,2,1,2002-01-04
04231127,2,1,1997-09-16
49746630,2,0,2023-02-28
34486009,1,0,2019-07-24
47898608,1,0,2022-09-09
55316511,1,0,2024-05-28
26694774,1,0,2016-11-21
50948016,1,0,2023-06-05
34412892,1,0,2019-07-01
59079463,1,0,2025-01-24
55690988,1,0,2024-06-26
39349926,1,0,2020-10-07
60776159,2,1,2025-05-12
56746750,1,0,2024-08-14
49574434,1,0,2023-02-13
26977993,1,0,2017-01-23
50790386,2,2,2023-05-23
23517973,1,0,2015-10-16
25079576,1,0,2016-06-08
60078050,2,1,2025-03-25
61250358,2,1,2025-06-10
14131912,1,0,2011-08-12
54987068,1,0,2024-05-03
55768168,1,0,2024-07-02
60441653,1,0,2025-04-16
03025898,1,0,1999-03-15
59558910,1,0,2025-02-19
16631295,2,2,2012-06-11
35059744,1,0,2019-09-16
48450208,1,0,2022-10-28
26433657,1,0,2016-06-24
41778166,1,0,2021-04-30
25060852,2,1,2016-05-04
54934597,1,0,2024-04-29
60978864,1,0,2025-05-23
50090714,2,2,2023-03-27
59194674,1,0,2025-01-30
07032850,2,1,2012-03-23
53651109,1,0,2024-01-25
26561335,1,0,2016-11-10
63138780,1,0,2025-10-10
59449573,1,0,2025-02-13
49556372,1,0,2023-02-10
24793686,1,0,2016-04-29
59501366,1,0,2025-02-17
37790687,1,0,2020-07-20
43532570,1,0,2021-01-18
56954341,30,3,2024-08-21
44354081,1,0,2021-11-24
24680942,2,1,2016-04-28
38827187,1,0,2020-09-24
22377270,1,0,2015-03-19
10712005,2,2,2009-01-30
31018226,1,0,2018-07-20
59569815,1,0,2025-02-20
55159201,1,0,2024-05-16
41369219,1,0,2021-03-26
30294531,2,0,2018-03-02
35086207,1,0,2016-11-10
50278370,1,0,2023-04-11
50840965,1,0,2023-05-26
30443353,1,0,2018-05-02
55316367,1,0,2024-05-28
53260994,1,0,2023-12-19
59197968,1,0,2025-01-30
58211556,1,0,2024-11-25
42028263,1,0,2021-05-20
54496391,1,0,2024-03-27
48803751,1,0,2022-12-05
61267494,1,0,2025-06-11
08030642,1,0,2006-04-28
04548425,23,3,2001-07-12
10627605,21,1,2009-02-09
21575252,4,4,2014-11-21
49238606,1,0,2023-01-18
41507892,3,1,2021-04-08
22168802,2,1,2015-03-20
26488975,1,0,2016-10-05
45521294,1,0,2022-03-04
62808817,1,0,2025-09-19
59763115,1,0,2025-03-06
46565063,1,0,2022-05-27
44965932,1,0,2022-01-21
25275696,1,0,2016-07-06
62783705,1,0,2025-09-18
54854306,1,0,2024-04-23
52511675,1,0,2023-10-11
25288639,2,2,2016-07-14
39266323,2,2,2020-10-01
26703257,1,0,2016-11-10
40975848,1,0,2021-02-24
62004406,1,0,2025-07-31
50840563,2,2,2023-05-26
35554777,1,0,2019-11-14
39237754,1,0,2020-09-29
53210135,1,0,2023-12-15
37237151,1,0,2020-05-26
55107408,1,0,2024-05-13
63830494,1,0,2025-11-26
16622275,38,1,2012-07-27
36608414,2,1,2020-03-09
56041143,1,0,2024-07-23
60572123,1,0,2025-04-28
63339379,3,1,2025-10-23
26590666,1,0,2016-10-20
64071381,2,2,2025-12-15
56082478,3,3,2024-07-25
05693689,12,3,2003-05-23
32256568,3,1,2018-12-14
62991919,3,1,2025-10-01
22422361,2,1,2015-04-24
28039331,1,0,2017-06-14
53313430,2,2,2023-12-27
41231768,1,0,2021-03-16
51652789,1,0,2023-08-02
36759891,1,0,2020-03-24
54190036,1,0,2024-03-05
22573660,2,1,2015-05-15
12154189,1,0,2010-06-08
40339721,1,0,2021-01-11
54813157,1,0,2024-04-19
47404849,1,0,2022-08-03
45156084,1,0,2022-02-04
47202872,1,0,2022-07-19
55976511,1,0,2024-07-17
49343267,1,0,2023-01-26
62312998,1,0,2025-08-20
40936597,1,0,2021-02-22
32502632,2,1,2019-01-03
35461689,2,1,2019-11-05
63442761,1,0,2025-10-30
62990625,1,0,2025-10-01
34277071,1,0,2019-06-18
50365664,1,0,2023-04-18
55518638,1,0,2024-06-13
50437857,3,1,2023-04-25
07501392,1,0,2006-05-24
48545088,1,0,2022-11-08
03848651,2,1,2000-05-31
38001288,2,1,2019-12-19
62300291,1,0,2025-08-19
12596687,4,3,2010-09-14
43793483,1,0,2021-10-06
61041297,1,0,2025-05-28
24172486,1,0,2016-02-04
37116845,1,0,1999-03-10
59211068,1,0,2025-01-31
19248816,2,2,2013-10-17
54776595,1,0,2024-04-17
61593720,1,0,2025-07-04
61454309,2,2,2025-06-25
51709504,1,0,2023-08-07
62860250,1,0,2025-09-23
52596043,1,0,2023-10-19
00590433,2,1,1994-11-09
62444887,1,0,2025-08-28
60026794,1,0,2025-03-21
55844698,1,0,2024-07-08
27974661,1,0,2017-01-10
57036815,1,0,2024-08-27
52511139,2,1,2023-10-11
32963931,4,2,2019-02-22
27816812,1,0,2017-05-05
58148620,1,0,2024-11-19
19182320,2,1,2013-10-18
48928051,7,2,2022-12-19
58515324,2,2,2024-12-19
54705205,1,0,2024-04-12
61449452,1,0,2025-06-25
53027045,2,2,2023-11-28
32433367,1,0,2018-10-08
62877148,1,0,2025-09-24
27803158,1,0,2017-04-10
20069858,2,2,2014-02-28
61349729,1,0,2025-06-17
24128448,2,1,2015-08-25
61190502,1,0,2025-06-06
36930349,2,1,2020-04-14
61975711,1,0,2025-07-29
56073203,2,2,2024-07-24
63859982,1,0,2025-11-28
42462415,1,0,2021-06-24
05905879,2,2,2003-09-04
50341613,1,0,2023-04-17
62739893,1,0,2025-09-16
29117024,2,1,2017-10-20
17213028,2,1,2012-08-28
10014525,2,2,2008-07-04
63190842,1,0,2018-05-02
50798608,1,0,2023-05-24
57625515,3,3,2024-10-09
60738881,1,0,2025-05-08
54150528,1,0,2024-03-01
63641321,1,0,2025-11-12
50181016,1,0,2023-04-03
58329733,1,0,2024-12-03
27124963,10,1,2021-10-08
64030700,1,0,2025-12-09
46173675,1,0,2022-04-27
57995857,1,0,2024-11-06
30203240,2,1,2018-04-02
08165997,6,1,2006-06-23
31776385,1,1,2018-10-16
63662558,1,0,2025-11-13
46055975,1,0,2022-04-18
22053568,2,1,2015-02-19
09049652,4,1,2018-10-01
23640059,1,0,2015-10-22
40293840,2,1,2021-01-07
34055781,1,0,2019-06-24
06888951,2,2,2004-07-19
27446153,1,0,2017-03-08
30465701,1,0,2018-05-03
61010387,1,0,2025-05-26
26362037,2,2,2016-08-05
60592296,1,0,2025-04-29
62738821,1,0,2025-09-16
26744669,1,0,2016-12-16
51191097,1,0,2023-06-26
18738508,2,1,2013-06-26
04874278,1,0,2002-01-22
53557863,1,0,2024-01-18
62782128,1,0,2025-09-18
30431656,1,0,2018-04-10
23972772,1,0,2015-12-23
30816782,2,2,2018-06-18
31880767,2,1,2018-10-19
25227797,1,0,2016-06-08
44118785,1,0,2021-11-04
30678374,1,0,2018-05-07
59111323,1,0,2025-01-27
15422974,1,0,2010-05-25
58405239,1,0,2024-12-10
11904601,1,0,2010-04-14
61858586,1,0,2025-07-22
33068779,1,0,2019-02-22
30004975,3,0,2018-03-05
60208805,4,1,2025-04-02
41231652,2,1,2021-03-16
31454193,2,1,2018-08-28
54082701,1,0,2024-02-27
62504646,1,0,2025-09-01
62688682,1,0,2025-09-12
57518287,2,2,2024-10-01
49561088,1,0,2023-02-10
04764918,1,0,2006-03-27
45732876,1,0,2022-03-09
62380956,1,0,2025-08-25
51465116,1,0,2023-07-18
39348761,8,3,2020-10-07
00377220,3,3,2004-11-22
37060115,1,0,2020-05-04
09373012,2,1,2007-10-16
46563975,1,0,2022-05-27
21526229,2,1,2014-06-27
38715487,2,1,2020-09-23
49861427,1,0,2023-03-08
61844307,3,1,2025-07-21
54712194,1,0,2024-04-12
49699398,1,0,2023-02-24
62233409,1,0,2025-08-14
58519633,1,0,2024-12-19
35405277,1,0,2019-10-31
45984012,1,0,2019-10-21
50807656,1,0,2023-05-24
48360356,2,1,2022-10-20
63394151,2,0,2025-10-28
36165205,2,2,2020-01-20
39943489,1,0,2020-11-27
44967979,2,1,2022-01-21
61267220,1,0,2025-06-11
13397792,2,1,2011-02-08
60397513,1,0,2025-04-14
61114771,1,0,2025-06-02
57025556,1,0,2024-08-27
28726102,2,2,2017-09-18
50679686,2,2,2023-05-15
58232437,1,0,2024-11-26
28087711,1,0,2017-06-13
42626239,2,1,2021-07-07
41543402,1,0,2021-04-12
52869936,1,0,2023-11-13
56073853,2,2,2024-07-24
59502097,3,1,2025-02-17
23915126,2,1,2015-12-23
28296219,1,0,2017-06-28
26624183,1,0,2016-11-04
57568426,2,2,2024-10-04
55087694,1,0,2024-05-10
63083972,1,0,2025-10-07
48958476,1,0,2022-12-22
40192225,1,0,2020-12-23
54809004,1,0,2024-04-19
64382314,1,0,2026-01-09
18251336,7,1,2013-05-16
30805259,1,0,2018-06-15
36360203,12,2,2020-02-11
24812662,5,1,2016-05-04
61553920,1,0,2025-07-02
63341477,1,0,2025-10-23
57174338,1,0,2024-09-05
47259027,2,2,2022-07-22
60145873,1,0,2025-03-28
50286465,1,0,2023-04-12
53187193,2,2,2023-12-13
44195292,1,0,2016-12-02
62314143,1,0,2025-08-20
26490720,2,1,2016-09-16
29410712,2,2,2017-12-15
48312856,2,2,2022-10-17
08563451,3,2,2006-12-18
60372792,1,0,2025-04-11
41575255,1,0,2021-04-14
63184942,1,0,2025-10-14
37670547,1,0,2020-07-09
54372836,1,0,2024-03-18
59597760,1,0,2025-02-21
59435733,1,0,2025-02-12
53556987,2,1,2024-01-18
33670997,1,0,2019-05-15
38014300,1,0,2020-08-07
19958907,3,2,2014-02-28
25021266,2,2,2016-06-08
26071305,1,0,2016-08-22
49796489,1,0,2023-03-03
42526365,1,0,2021-06-30
49965308,1,0,2023-03-16
10889359,2,1,2008-09-22
52026144,1,0,2023-08-31
25014084,1,0,2016-06-08
61007726,1,0,2025-05-26
49505801,3,2,2023-02-07
24483494,2,2,2016-02-04
60806164,1,0,2025-05-13
23593637,3,1,2015-06-12
56349124,1,0,2024-08-07
42291268,1,0,2021-06-11
62878013,1,0,2025-09-24
48160762,1,0,2022-10-03
55399735,1,0,2024-06-05
44265177,1,0,2021-11-17
27408908,1,0,2017-03-10
49753178,1,0,2023-02-28
62470559,1,0,2025-08-29
13028849,1,0,2010-09-20
52999298,1,0,2023-11-24
52669786,1,0,2023-10-25
11298747,2,2,2009-10-28
26656994,1,0,2016-11-21
26965012,2,2,1991-03-01
42732975,1,0,2021-07-15
47229058,1,0,2022-07-20
50052087,1,0,2023-03-23
48473883,2,2,2022-10-28
47593202,1,0,2022-08-16
60333347,1,0,2025-04-09
24873710,2,1,2016-04-06
17343974,1,0,2012-12-19
31054522,1,0,2018-06-27
40281283,1,0,2021-01-06
26304153,2,0,2016-09-22
64090653,1,0,2025-12-17
53122424,1,0,2023-12-06
55581470,1,0,2024-06-18
63403908,1,0,2025-10-28
53313577,1,0,2023-12-27
38152267,1,0,2020-08-19
58399670,1,0,2024-12-09
09039684,27,1,2015-06-10
52441993,1,0,2023-10-05
28376527,16,1,2017-07-13
31505994,2,1,2018-08-28
61594004,1,0,2025-07-04
21118802,3,1,2014-09-19
32190147,2,2,2018-11-28
21715104,1,1,2015-01-20
52488868,2,2,2023-10-10
51539506,6,1,2023-07-24
38429251,1,0,2020-09-11
19345614,3,2,2013-11-06
50519111,1,0,2023-05-02
26945864,2,1,2016-12-20
41993001,1,0,2016-08-22
60980466,1,0,2025-05-23
35700966,1,0,2019-12-02
56929183,1,0,2024-08-20
57682149,1,0,2024-10-14
49056011,1,0,2023-01-04
48165381,1,0,2022-10-03
06834225,1,1,2004-07-05
63597112,1,0,2025-11-10
05539537,16,3,2003-01-06
38236684,7,2,2020-08-26
22498070,3,3,2015-03-17
29812587,18,1,2017-11-27
54660390,1,0,2024-04-09
62145160,1,0,2025-08-08
26664803,3,0,2016-11-21
07280516,2,1,2005-02-17
46595034,1,0,2022-05-30
04455482,2,1,2001-05-22
28214684,2,1,2017-06-21
54805005,1,0,2024-04-19
08325188,1,0,2006-09-06
60146921,1,0,2025-03-28
62878415,2,1,2025-09-24
34068989,1,0,2019-05-28
26881673,1,0,2016-12-19
44963573,2,1,2022-01-21
09165645,3,2,2007-10-11
62140061,1,0,2025-08-08
13197938,2,2,2011-02-01
57055686,1,0,2024-08-28
61631224,1,0,2025-07-07
27933063,2,0,2017-05-19
58503627,1,0,2024-12-18
48451076,1,0,2022-10-28
28958689,1,0,2017-09-20
47418151,1,0,2022-08-04
38183501,1,0,2020-08-21
24811975,1,0,2016-04-29
57087086,1,0,2024-08-30
55439098,1,0,2024-06-07
38202237,1,0,2020-08-24
55974894,1,0,2024-07-17
38539465,2,2,2020-09-18
24669050,1,0,2016-04-06
56936202,1,0,2024-08-20
23886917,2,1,2015-05-15
28858687,2,2,2017-08-31
45089611,4,1,2022-01-31
25079356,1,0,2016-06-08
59501693,1,0,2025-02-17
05063546,8,2,2002-02-28
52264914,1,0,2023-09-21
46065159,1,0,2022-04-18
46929367,2,1,2022-06-27
54433622,2,2,2024-03-22
40819331,3,2,2017-10-23
50251781,1,0,2023-04-10
51416927,1,0,2023-07-13
46623497,1,0,2022-06-01
33201862,1,0,2019-03-15
02646633,1,0,2001-04-10
51920947,1,0,2023-08-23
31968473,2,0,2018-11-05
33999858,1,0,2019-06-14
48061171,2,1,2022-09-23
60172339,1,0,2025-03-31
12208485,1,0,2013-07-08
60061203,2,0,2025-03-24
03266127,3,1,1999-07-05
59435266,1,0,2025-02-12
37262087,1,0,2020-03-09
45762595,1,0,2022-03-23
07187226,5,2,2004-08-31
53933186,1,0,2024-02-16
34436141,1,0,2019-07-24
62938177,1,0,2025-09-29
55975360,1,0,2024-07-17
20167402,3,2,2014-02-21
58241311,1,0,2024-11-26
26380391,5,1,2016-10-10
28937979,3,1,2017-09-20
57884390,1,0,2024-10-29
05996903,2,1,2000-05-31
50477655,1,0,2023-04-27
50434754,1,0,2023-04-25
63242533,1,0,2025-10-17
28831617,1,0,2017-05-30
63597856,1,0,2025-11-10
63822081,1,0,2025-11-26
34125292,2,2,2018-11-09
21010106,2,1,2012-06-04
61800841,1,0,2025-07-17
52087698,1,0,2023-09-05
11131660,2,2,2009-07-27
60491357,1,0,2025-04-22
22250659,2,1,2015-03-27
05026219,1,0,2002-04-08
40167432,1,0,2020-12-21
25357261,2,1,2016-07-11
59481326,1,0,2025-02-14
25127357,2,2,2016-06-27
15126901,1,0,2011-12-12
60364202,1,0,2025-04-11
55108501,1,0,2024-05-13
50731556,1,0,2023-05-18
34055786,1,0,2019-06-24
48030330,1,0,2022-09-21
45683155,1,0,2022-03-16
58515058,2,1,2024-12-19
40981600,1,0,2021-02-24
53322693,2,1,2023-12-28
33582215,1,0,2019-05-07
37863967,1,0,2020-07-27
27498299,1,0,2017-02-07
52362285,1,0,2023-09-29
05613437,28,0,2003-01-30
26444885,16,1,1996-10-28
04377361,2,1,2003-03-11
59115528,4,1,2025-01-27
50363108,1,0,2023-04-18
39239947,1,0,2020-09-29
60718364,1,0,2025-05-07
35332476,1,0,2019-09-26
57376574,1,0,2024-09-20
55308904,2,2,2024-05-28
53754382,1,0,2024-02-01
34174660,1,0,2019-06-24
32282280,1,0,2018-12-06
47335742,7,1,2022-07-28
30057692,1,0,2018-03-23
29598875,1,0,2018-01-03
08963065,2,1,2007-06-26
51126257,1,0,2023-06-21
04987569,2,1,2002-03-18
55309336,1,0,2024-05-28
22575092,1,0,2013-06-05
52901178,1,0,2023-11-16
54207483,1,0,2024-03-06
55208462,1,0,2024-05-21
53095516,1,0,2023-12-04
37117090,2,1,1997-07-30
52046741,1,0,2023-09-01
34294260,1,0,2019-07-01
35664269,1,0,2019-11-29
39669826,1,0,2020-11-04
26380419,1,0,2016-10-07
47229163,1,0,2022-07-20
57593320,1,0,2024-10-07
49836374,1,0,2023-03-07
12972194,8,2,2010-06-09
23016937,2,2,2015-07-03
60325358,1,0,2025-04-09
44275979,1,0,2021-11-17
34262544,2,1,2019-07-01
05806391,4,1,2003-06-30
45332115,2,2,2022-02-17
47687344,1,0,2022-08-23
10558188,3,3,2008-12-29
50609815,2,2,2023-05-09
33543813,2,2,2019-04-25
58495139,1,0,2024-12-17
31956372,1,0,2018-11-05
28828566,4,1,2017-09-28
08983619,3,2,2007-07-31
49750770,1,0,2023-02-28
32050202,1,0,2018-09-14
04545662,2,1,2001-07-04
63642895,1,0,2025-11-12
16924906,1,0,2012-08-16
57570278,1,0,2024-10-04
15591988,1,0,2011-12-07
55626383,1,0,2024-06-21
52996657,1,0,2023-11-24
28039864,1,0,2017-04-10
26926326,1,0,2016-09-02
45729245,2,2,2022-03-21
21154011,2,1,2014-09-19
44608043,1,0,2021-12-16
59656227,1,0,2025-02-25
42311703,1,0,2021-06-14
49608315,1,0,2023-02-15
51356782,1,0,2023-07-10
63532710,1,0,2025-11-05
42316628,1,0,2021-06-14
14083479,4,1,2011-07-21
21565887,7,1,2014-11-20
28478580,1,0,2017-01-27
57378468,1,0,2024-09-20
63841601,1,0,2025-11-27
23443826,2,2,2015-07-30
47639858,1,0,2022-08-19
46566745,1,0,2022-05-27
27466836,1,0,2017-01-27
48131101,1,0,2022-09-29
28119459,3,1,2017-05-11
49733489,1,0,2023-02-27
28786865,1,0,2017-10-03
28817967,1,0,2017-08-31
28016907,1,0,2016-08-31
19098975,1,0,2013-05-10
28639486,1,0,2017-09-05
21828822,2,1,2012-07-16
49984666,1,0,2023-03-17
28128595,2,0,2017-06-14
47132373,1,0,2022-07-13
57868536,1,0,2024-10-28
29205702,2,2,2017-11-14
05902277,9,1,2003-09-16
59331089,1,0,2025-02-06
30744982,1,0,2018-06-08
44116617,1,0,2021-11-04
09615976,7,2,2008-02-15
33201669,2,1,2019-03-26
07631019,2,1,2005-09-23
58443927,1,0,2024-12-12
30019245,3,1,2017-12-15
59195678,1,0,2025-01-30
22928136,3,3,2015-04-24
63242790,2,2,2025-10-17
01248256,1,0,1996-04-23
03962124,2,2,2000-08-01
55200159,2,2,2024-05-20
27814321,1,0,2016-02-26
34930018,1,1,2019-09-13
54845099,1,0,2024-04-23
51009737,1,0,2023-06-12
62832257,1,0,2025-09-22
52362105,1,0,2023-09-29
37555717,1,0,2020-06-29
52945216,1,0,2023-11-21
63222281,1,0,2025-10-16
04616011,1,0,2003-11-14
56617264,1,0,2024-08-13
61030637,1,0,2025-05-27
63791059,1,0,2025-11-24
37572700,1,0,2020-06-30
60766588,1,1,2025-05-10
57779122,1,0,2024-10-21
59936864,1,1,1988-12-02
28671922,2,2,2017-09-05
61074555,101,72,1996-01-02
56957102,1,0,2024-08-21
51802738,1,0,2023-08-14
61225714,1,0,2025-06-09
21773507,1,0,2014-12-08
60961882,1,0,2025-05-22
53676657,2,2,2024-01-26
35345440,1,0,2019-10-21
36572513,4,1,2020-03-05
29536934,7,2,2017-12-15
23013537,3,1,2015-07-23
25023734,1,0,2016-05-20
64067340,2,2,2025-12-15
59161525,1,0,2025-01-29
30519478,1,0,2018-05-07
61553639,1,0,2025-07-02
41519680,1,0,2021-03-24
23917234,1,0,2015-11-11
60487169,1,0,2025-04-22
45046884,1,0,2022-01-27
63294460,1,0,2025-10-21
60963096,1,0,2025-05-22
63099870,1,0,2025-10-08
23711644,1,0,2015-04-06
62789641,1,0,2025-09-18
04921139,1,0,2002-02-04
02520543,57,7,1997-11-21
31586109,8,4,2018-08-21
19753943,3,2,2014-01-28
36158850,1,0,2020-01-27
46945973,2,1,2022-06-28
35699064,1,0,2019-12-02
55721440,1,0,2024-06-28
03161820,2,1,1999-05-20
42310823,1,0,2021-06-14
08286655,1,0,2006-08-17
09222005,2,1,2007-10-22
61087578,2,0,2025-05-30
53926715,1,0,2024-02-15
41305677,1,0,2021-03-22
16612057,2,1,2012-07-16
53799270,1,0,2024-02-05
24802288,2,1,2016-05-04
23093855,1,0,2015-07-16
59470529,1,0,2025-02-14
53566529,1,0,2024-01-19
30152308,1,0,2018-04-02
30161311,1,0,2018-02-16
46205141,1,0,2022-04-29
07274404,1,0,2005-03-03
57087427,1,0,2024-08-30
50511359,1,0,2023-05-02
62769347,1,0,2025-09-17
33386211,1,0,2019-03-15
28558539,1,0,2017-08-15
53783469,1,0,2024-02-02
61725398,1,0,2025-07-14
63268993,1,0,2025-10-20
30846172,1,0,2018-06-15
55691700,1,0,2024-06-26
37788211,1,0,2020-07-20
62899200,1,0,2025-09-25
12851985,3,3,2010-11-05
52900993,1,0,2023-11-16
56795880,1,0,2024-08-15
08489963,1,0,2006-11-13
57965957,1,0,2024-11-04
20201650,1,0,2023-02-16
60166744,2,1,2025-03-31
45724825,1,0,2022-03-21
09018027,3,2,2007-06-01
48966937,1,0,2022-12-23
23610837,2,2,2015-10-22
61798953,1,0,2025-07-17
12041454,1,0,2010-05-04
45781224,1,0,2022-03-24
24424325,2,2,2015-10-02
59889171,1,0,2025-03-13
44960679,1,0,2022-01-21
31258499,1,0,2018-08-10
60831090,1,0,2025-05-14
57037660,1,0,2024-08-27
64380456,1,1,2026-01-09
38660633,1,0,2020-09-22
30653941,1,0,2018-06-05
56956277,1,0,2024-08-21
44717760,1,0,2022-01-03
21177312,1,1,2014-08-21
36759719,6,4,2020-03-24
55119377,2,1,2024-05-14
49796131,1,0,2023-03-03
40401905,1,0,2021-01-14
61602923,1,0,2025-07-04
50108994,1,0,2023-03-28
49803434,1,0,2023-03-03
57553977,2,2,2024-10-03
48166832,2,1,2022-10-03
53655550,1,0,2024-01-25
01066396,2,1,1998-12-16
42830039,1,0,2021-07-22
24931601,2,1,2016-05-20
55677138,1,0,2024-06-25
51925909,1,0,2023-08-23
55781879,1,0,2024-07-03
55442671,1,0,2024-06-07
40606571,1,0,2021-01-28
61973035,1,0,2025-07-29
51952494,2,2,2023-08-25
41642274,1,0,2021-04-20
52951205,1,1,2023-11-21
60331426,1,0,2025-04-09
48916328,1,0,2022-12-16
10206748,5,2,2008-07-04
60784372,1,0,2025-05-12
60887575,1,0,2025-05-19
61155902,3,3,2025-06-04
48877306,1,0,2022-12-13
58214993,1,0,2024-11-25
16603699,2,1,2012-06-26
47995465,1,0,2022-09-19
61518621,1,0,2025-06-30
64383933,1,0,2026-01-05
57940949,1,0,2024-11-01
48079335,1,0,2022-09-26
40634233,1,0,2021-01-29
59477550,1,0,2025-02-14
44466935,1,0,2021-12-02
15571924,2,1,2013-03-21
41832076,2,2,2021-05-05
54347498,2,1,2024-03-15
37501552,1,0,2020-06-23
20637499,1,0,2014-06-12
55064555,10,2,2024-05-09
07830843,3,1,2005-09-23
34819202,2,1,2019-07-30
23347125,2,2,2015-09-11
42843076,1,0,2021-07-23
03657343,2,1,1988-12-22
33874582,2,2,2019-04-08
51016914,1,0,2023-06-12
60541712,1,0,2025-04-25
39273979,1,0,2020-10-01
22476316,1,0,2015-05-05
64080480,1,0,2025-12-16
09235010,1,0,2012-01-17
36732400,1,0,2020-03-19
54755203,1,0,2024-04-16
37999531,1,0,2020-08-06
48169739,1,0,2022-10-03
45218523,1,0,2022-02-09
57391390,1,0,2024-09-23
64356387,1,0,2026-01-08
64040214,1,0,2025-12-11
47802543,1,0,2022-09-01
31533006,1,0,2018-08-03
10445040,1,0,2016-05-09
35136078,1,0,2019-10-04
58222313,1,0,2024-11-25
13131591,18,1,2010-12-27
23639764,18,1,2015-10-16
54634855,1,0,2024-04-08
61625622,3,3,2025-07-07
51688966,1,0,2023-08-04
52384031,1,0,2023-10-02
61777697,2,1,2025-07-16
12381095,1,0,2010-04-01
34919550,2,1,2012-10-01
57779440,1,0,2024-10-21
27566309,1,0,2017-03-10
47733788,1,0,2022-08-26
42311353,1,0,2021-06-14
54478356,1,0,2024-03-26
59525781,1,0,2025-02-18
54416442,1,0,2024-03-21
46987075,1,0,2022-07-01
22062141,1,0,2015-02-19
26270174,1,0,2016-09-19
44259005,1,0,2021-11-16
61854447,1,0,2025-07-22
57924691,1,0,2024-10-31
41473429,1,0,2021-04-06
51709242,1,0,2023-08-07
43402980,1,0,2021-09-03
51051400,1,0,2023-06-14
58364450,1,0,2024-12-05
50294285,1,0,2023-04-12
22580340,2,1,2015-05-15
34752549,1,0,2019-09-03
41166045,2,2,2021-03-10
41472594,1,0,2021-04-06
27312935,1,0,2017-03-08
19651107,11,1,2014-01-20
59268566,1,0,2025-02-04
41366764,1,0,2021-03-26
52877342,2,1,2023-11-13
60330980,1,0,2025-04-09
63736622,1,0,2025-11-19
28725827,2,1,2017-06-22
63157439,1,0,2025-10-13
31806349,2,2,2018-08-13
49795799,2,2,2023-03-03
60977042,2,2,2025-05-23
29205808,1,0,2017-11-27
59521422,1,0,2025-02-18
59327735,1,0,2025-02-06
12250794,1,0,2008-07-25
06971710,2,1,2003-11-11
50168132,1,0,2023-03-31
51510369,2,1,2023-07-21
47756263,1,0,2022-08-29
51155700,1,0,2023-06-22
59196315,1,0,2025-01-30
46594505,1,0,2022-05-30
35804847,1,0,2019-11-14
22691330,2,2,2015-05-28
29364101,1,0,2017-12-15
52697241,1,0,2023-10-27
54803857,1,0,2024-04-19
42299378,1,0,2021-06-11
60325711,1,0,2025-04-09
02138661,1,0,1997-09-30
51064737,1,0,2023-06-15
02698383,2,2,1998-08-27
46726426,1,0,2022-06-09
22158999,1,0,2015-03-03
49292937,1,0,2023-01-23
06052399,5,5,2003-11-11
57170841,1,0,2024-09-05
51643080,1,0,2023-08-01
45340727,3,0,2022-02-17
46539398,2,2,2022-05-25
41252881,1,0,2021-03-17
56044793,2,2,2024-07-23
50397137,1,0,2023-04-20
61963611,1,0,2025-07-29
53802562,2,2,2024-02-05
33649056,2,2,2019-05-07
40730151,5,1,2021-02-05
21781460,2,1,2015-01-15
27642856,1,0,2017-03-08
33873046,1,0,2019-05-27
49839266,1,0,2023-03-07
59525017,1,0,2025-02-18
61367089,1,0,2025-06-18
45494946,1,0,2022-03-02
03001752,2,2,2003-08-07
64076924,1,0,2025-12-10
61000064,1,0,2025-05-26
52789151,1,0,2023-11-06
43529896,1,0,2021-09-15
41474593,1,0,2021-04-06
35810700,1,0,2019-12-16
57371777,2,2,2024-09-20
44447437,1,0,2021-12-01
26410829,2,2,1989-11-22
41516630,1,0,2021-04-09
54210175,1,0,2024-03-06
61007013,1,0,2025-05-26
64345583,1,0,2026-01-08
41990535,2,2,2021-05-18
61876709,1,0,2025-07-23
11628668,5,5,2007-09-11
45235706,1,0,2022-02-10
27390299,2,2,2016-01-20
56955551,1,0,2024-08-21
56073952,1,0,2024-07-24
47439834,1,0,2022-08-05
63376943,1,0,2025-10-27
41810040,1,0,2021-05-04
53309376,2,1,2023-12-27
59524837,2,2,2025-02-18
53087206,1,0,2023-12-04
50251345,1,0,2023-04-10
04395036,1,0,2001-03-12
54727759,1,0,2024-04-15
58212757,1,0,2024-11-25
56083574,1,0,2017-04-10
97530121,1,0,2011-06-30
10685940,2,1,2009-01-30
26702542,1,0,2016-12-02
54364018,1,0,2024-03-18
30617334,1,0,2018-05-25
49888481,1,0,2023-03-10
53980094,1,0,2024-02-20
59510626,1,0,2025-02-17
11939438,1,0,2010-05-06
41829585,2,2,2021-05-05
42499956,1,0,2021-06-28
38660389,1,0,2020-09-22
55137156,1,0,2024-05-15
49402467,1,0,2023-01-31
36606578,1,0,2020-03-09
52996514,1,0,2023-11-24
44844741,1,0,2022-01-12
31302651,2,2,2018-08-17
16912561,2,2,2012-08-28
57642648,1,0,2024-10-10
28959558,1,0,2017-10-19
45701594,1,0,2022-03-18
48889575,1,0,2022-12-14
54178372,1,0,2024-03-04
42862950,1,0,2021-07-26
28255820,1,0,2017-06-28
42460803,1,0,2021-06-24
60827158,1,0,2025-05-14
47898502,1,0,2022-09-09
62888014,1,0,2025-09-25
61261870,1,0,2025-06-11
47944617,1,0,2022-09-14
28877480,4,1,2017-10-02
32956756,1,0,2019-02-06
44180002,1,0,2021-11-09
54476980,1,0,2024-03-26
58019876,1,0,2024-11-07
52783640,3,1,2023-11-06
19011952,2,1,2013-06-28
33671031,1,0,2019-04-30
62808222,1,0,2025-09-19
59436012,1,0,2025-02-12
53372103,1,0,2024-01-04
57728239,1,0,2024-10-17
37660249,1,0,2020-07-08
41252229,1,0,2021-03-17
24195656,1,1,2016-01-20
60114678,1,0,2025-03-27
41132236,1,0,2021-03-08
52998672,1,0,2023-11-24
09522100,4,2,2008-04-23
63937550,1,0,2025-12-03
45056337,2,1,2022-01-28
26242608,2,2,2016-08-31
02979567,2,1,1999-02-17
22524398,2,2,2015-04-24
47229201,1,0,2022-07-20
59016254,1,0,2025-01-21
30005002,1,0,2017-11-27
62677551,1,0,2025-09-11
29346410,1,0,2017-12-21
21635502,3,1,2014-12-19
19087841,2,2,2013-10-10
47997950,1,0,2022-09-19
52511739,1,0,2023-10-11
57645628,1,0,2024-10-10
28726036,2,1,2017-07-31
52783181,2,2,2023-11-06
55108175,1,0,2024-05-13
23272874,2,1,2015-08-03
62302908,1,0,2025-08-19
63621913,1,0,2025-11-11
39595288,1,0,2020-03-09
55769382,1,0,2024-07-02
62858484,1,0,2025-09-23
46404571,1,0,2022-05-16
02358981,1,0,1998-02-12
55685254,1,0,2024-06-26
62075047,1,0,2025-08-05
31245852,2,2,2018-08-13
12907091,3,1,2010-11-12
54479208,1,0,2024-03-26
39702272,1,0,2020-11-06
46090360,1,0,2022-04-20
24906176,1,0,2026-01-05
50643047,1,0,2023-05-11
55221460,1,0,2024-05-21
30090993,1,0,2018-03-01
14628217,2,1,2018-07-25
37023262,1,0,2020-04-28
61453876,1,0,2025-06-25
24312476,2,2,2015-10-30
02993181,3,1,1999-02-25
62392319,2,2,2025-08-25
07259992,3,1,2005-02-02
63442309,1,0,2025-10-30
26334742,1,0,2016-09-02
60440797,1,0,2025-04-16
09384741,1,0,2008-01-18
58288540,1,0,2024-11-29
50443000,1,0,2023-04-25
28607296,1,0,2017-07-31
49891189,1,0,2023-03-10
61288545,1,0,2025-06-12
37659524,1,0,2020-07-08
57134205,1,0,2024-09-03
53245141,1,0,2023-12-18
50782837,1,0,2023-05-23
63139630,1,0,2025-10-10
52029538,2,2,2023-08-31
53465356,1,0,2024-01-11
56746446,1,0,2024-08-14
07431482,20,2,2005-05-04
47371280,1,0,2022-08-01
60174417,2,1,2025-03-31
32718894,1,0,2018-11-19
08858661,4,1,2007-05-30
45404387,2,1,2022-02-22
41665823,1,0,2021-04-22
51727954,1,0,2023-08-08
48484750,1,0,2022-11-01
17094655,1,0,2012-10-09
36931825,1,0,2020-04-14
51066246,1,0,2023-06-15
54827847,1,0,2024-04-22
49842843,1,0,2023-03-07
27747623,2,2,2017-05-05
50514196,1,0,2023-05-02
37155633,1,0,2020-05-15
52714189,1,0,2023-10-30
51180671,1,0,2023-06-26
02712428,2,2,1998-09-03
59330525,1,0,2025-02-06
47121640,1,0,2022-07-12
63463946,1,0,2025-10-31
48160641,1,0,2022-10-03
30004389,1,0,2018-03-16
60077345,1,0,2025-03-25
44116880,1,0,2021-11-04
41457916,2,2,2021-04-05
45897890,1,0,2022-04-04
42011739,1,0,2021-05-19
60500491,1,0,2025-04-23
07736910,5,3,1998-01-19
62430755,1,0,2025-08-27
48001569,1,0,2022-09-19
26968337,12,5,2017-01-17
51760611,2,0,2023-08-10
35810640,1,0,2019-12-16
49233601,1,0,2023-01-18
60125637,1,0,2025-03-27
50364465,1,0,2023-04-18
54363604,2,1,2024-03-18
61951002,1,0,2025-07-28
39702304,1,0,2020-11-06
03432154,2,2,1999-08-12
33941632,2,1,2019-02-01
53848332,3,0,2024-02-07
34098374,1,0,2019-06-24
32546015,1,0,2019-01-21
46517821,1,0,2022-05-24
25144284,2,2,2016-06-07
05989875,3,2,2003-09-08
11035400,4,2,2009-05-15
23857372,1,0,2015-12-04
42774599,1,0,2021-07-19
64337840,1,0,2026-01-07
59028578,1,0,2025-01-22
49216335,1,0,2023-01-17
54936689,1,0,2024-04-29
59510809,1,0,2025-02-17
60614639,1,0,2025-04-30
14070828,2,1,2011-06-08
07276252,2,2,2004-08-13
64217232,1,0,2025-12-30
11308117,1,0,2009-09-28
16647371,1,0,2012-07-19
44967914,1,0,2022-01-21
53026198,1,0,2023-11-28
55218656,2,2,2024-05-21
37531371,2,1,2020-06-25
27390346,6,2,2017-03-17
63358464,1,0,2025-10-24
50165044,1,0,2023-03-31
34526336,1,0,2020-12-07
45952716,1,0,2022-04-07
47756732,2,2,2022-08-29
47257789,1,0,2022-07-22
63359333,1,0,2025-10-24
14609068,4,2,2011-10-06
64084145,1,0,2025-12-15
58214562,1,0,2024-11-25
61599952,1,0,2025-07-04
18862720,2,1,2014-08-21
08804805,4,2,2007-03-09
51478541,1,0,2023-07-19
22245172,1,1,2026-01-06
46987903,2,2,2022-07-01
47207696,1,0,2022-07-19
34687775,1,0,2019-08-27
52504880,1,0,2023-10-11
52692644,1,0,2023-10-27
49928370,1,0,2023-03-14
22996130,3,3,2012-06-20
51453216,1,0,2023-07-17
43273948,3,1,2021-08-25
38236768,1,0,2020-08-26
47865029,3,1,2022-09-06
34715245,2,2,2019-05-13
60668140,2,1,2025-05-05
63611793,1,0,2025-11-11
33971070,1,0,2019-06-17
40152299,2,1,2020-12-18
08936634,2,2,2007-03-14
22044351,2,2,2014-05-13
37784679,1,0,2020-07-20
31454209,1,0,2018-08-08
36809597,1,0,2020-03-24
45901991,1,0,2022-04-04
58311112,1,0,2024-12-02
37807358,1,0,2020-07-21
62566514,1,0,2025-09-04
54349439,1,0,2024-03-15
61909985,1,0,2025-07-24
54189470,1,0,2024-03-05
55560552,1,0,2024-06-17
47027425,1,0,2022-07-05
28959584,1,0,2017-10-02
21196124,1,0,2014-08-21
51929135,1,0,2023-08-23
50367675,1,0,2023-04-18
32060551,1,0,2018-11-05
23234496,3,3,2015-08-13
56633742,1,0,2024-08-13
58312157,1,0,2024-12-02
62680583,1,0,2025-09-11
62096353,1,0,2025-08-06
44662325,1,0,2021-12-22
14084299,2,1,2011-08-04
22850864,8,1,2015-05-08
57915730,1,0,2024-10-31
40435736,1,0,2021-01-18
11203605,14,3,2009-10-01
63083318,2,2,2025-10-07
00872098,2,2,2015-05-21
51483536,3,2,2023-07-19
54901280,2,1,2024-04-26
38222671,1,0,2020-03-05
55582105,1,0,2024-06-18
58268031,1,0,2024-11-28
60220090,1,0,2025-04-02
62580707,2,2,2025-09-05
07726443,2,2,2005-09-13
63159105,1,0,2025-10-13
32342132,3,1,2018-12-18
08296891,3,2,2008-09-19
45583243,1,0,2022-03-09
53858815,1,0,2024-02-08
41607939,1,0,2021-04-16
52024476,1,0,2023-08-31
33872925,1,0,2019-06-04
60343757,1,0,2025-04-10
14619067,1,0,2023-02-22
24257018,1,0,2016-01-15
26509245,1,0,2016-09-22
53088276,1,0,2023-12-04
53309736,1,0,2023-12-27
62495298,1,0,2025-09-01
60146369,1,0,2025-03-28
43563364,1,0,2021-09-17
50029882,1,0,2023-03-22
55687440,2,2,2024-06-26
48620947,2,0,2022-11-16
41484565,2,2,2021-04-07
31757408,1,0,2018-10-09
31342731,2,2,2018-03-16
19941759,6,4,2013-11-19
15579508,2,1,2012-03-06
49649914,2,1,2023-02-17
36159442,1,0,2020-01-27
02018773,1,0,1997-08-04
23176799,1,0,2015-08-03
52809603,2,1,2023-11-07
53724929,1,0,2024-01-30
51639032,1,0,2023-08-01
34140100,1,0,2019-06-12
50490059,1,0,2023-04-28
49522341,1,0,2023-02-08
30776366,1,0,2018-06-15
15330043,2,2,2012-04-02
22422239,2,1,2015-03-06
24786533,1,0,2016-03-15
04040087,1,0,2000-04-25
60092896,1,0,2025-03-26
34046350,1,0,2019-06-18
33246647,1,0,2019-02-22
09582688,1,0,2008-04-25
41081034,1,0,2021-03-03
42076449,1,0,2021-05-25
43528507,1,0,2021-09-15
58219396,1,0,2024-11-25
17596199,1,0,2012-12-05
24454660,1,0,2016-03-15
52301541,1,0,2023-09-25
56131472,1,0,2024-07-29
22330312,4,1,2015-09-25
44926695,2,1,2022-01-19
57305411,2,2,2024-09-16
63208174,2,1,2025-10-15
39797916,1,0,2020-11-16
47298723,1,0,2022-07-26
28395391,2,2,2017-07-31
00702969,4,3,1999-07-23
47564633,1,0,2022-08-15
30019815,1,0,2018-02-26
46263551,1,0,2022-05-04
61300543,1,0,2025-06-13
59535886,1,0,2025-02-18
55055042,1,1,2026-07-30
34125277,2,2,2019-06-14
33802809,1,0,2019-04-30
42438493,1,0,2021-06-23
60371647,1,0,2025-04-11
63269545,1,0,2025-10-20
52945924,1,0,2023-11-21
46874718,1,0,2022-06-22
55142340,1,0,2024-05-15
43722937,1,0,2021-09-30
48969215,1,0,2022-12-23
47367023,1,0,2022-08-01
39619302,1,0,2020-10-29
61924175,1,0,2025-07-25
01802618,3,1,1997-04-23
62059567,1,0,2025-08-04
27924578,3,2,2017-05-17
47693810,1,0,2022-08-24
05765740,3,1,2003-06-30
52693432,1,0,2023-10-27
10142153,2,2,2008-07-03
50164101,1,0,2023-03-31
51681623,1,0,2023-08-03
07612471,3,3,2005-09-02
08495853,2,1,2006-11-29
06345814,3,2,2000-03-20
27123576,3,1,2016-05-04
55899214,2,1,2024-07-11
08004024,4,1,2006-04-25
55782560,1,0,2024-07-03
50841108,1,0,2023-05-26
55899337,1,0,2024-07-11
32632131,1,0,2019-01-03
26883714,1,0,2016-12-23
28705300,1,0,2017-09-05
51693239,1,0,2023-08-04
53244928,1,0,2023-12-18
58412408,1,0,2024-12-10
27975679,1,0,2008-11-13
39276132,1,0,2020-10-01
51654816,1,0,2023-08-02
59511459,1,0,2025-02-17
55240566,1,0,2024-05-22
53798839,1,0,2024-02-05
36761299,1,0,2020-03-24
15318592,1,0,2012-02-17
42363438,1,0,2021-06-17
50128043,1,0,2023-03-29
56929772,1,0,2024-08-20
41150140,1,0,2021-03-09
59953749,1,0,2025-03-18
15572060,4,1,2011-10-04
24604446,6,1,2016-03-15
05382138,1,0,2010-10-05
45612672,1,0,2022-03-11
50168409,1,0,2023-03-31
51831492,1,0,2023-08-16
25244154,1,0,2016-06-27
05621976,2,1,2003-05-02
22304304,1,0,2015-02-19
28151379,1,0,2016-02-04
57376156,2,2,2024-09-20
27922758,2,2,2017-05-19
61329388,1,0,2025-06-16
25403578,1,0,2016-07-28
52890311,1,0,2023-11-14
55891532,1,0,2024-07-11
56136870,1,0,2024-07-29
54810829,1,0,2024-04-19
55856781,1,0,2024-07-09
28407485,1,0,2017-07-13
50822890,1,0,2023-05-25
50825513,1,0,2023-05-25
46875880,1,0,2022-06-22
27795597,1,0,2017-03-28
55012820,2,2,2024-05-06
43039861,1,0,2021-08-09
52603688,1,0,2023-10-20
62382294,1,0,2025-08-25
35137833,1,0,2018-10-03
59908765,1,0,2025-03-14
50291964,1,0,2023-04-12
59695661,1,0,2025-02-27
62654410,1,0,2025-09-10
10732903,11,1,2009-03-11
59435499,1,0,2025-02-12
48739962,1,0,2022-11-28
31707642,3,1,2018-09-24
37769030,1,0,2019-02-22
42620770,3,1,2021-07-07
40317973,1,0,2021-01-08
64109805,1,0,2025-12-16
09066030,3,3,2006-09-25
57561252,1,0,2024-10-04
24434798,1,0,2016-03-22
59269021,1,0,2025-02-04
43163199,2,1,2021-08-17
29215595,2,2,2017-11-08
47372731,1,0,2022-08-01
50168660,1,0,2023-03-31
18905480,1,0,2013-05-09
34464544,1,0,2019-07-24
25203339,1,0,2016-07-14
57638765,1,0,2024-10-10
35563971,1,0,2019-11-13
41095665,1,0,2021-03-04
51753172,1,0,2023-08-09
59067289,1,0,2025-01-23
43439194,1,0,2021-09-08
62300008,1,0,2025-08-19
45900344,1,0,2022-04-04
24575031,1,0,2019-09-20
54370661,1,0,2024-03-18
05917256,1,0,2003-09-02
51557448,1,0,2023-07-25
47712358,1,0,2022-08-25
47335924,1,0,2022-07-28
33482292,1,0,2019-03-28
45762494,1,0,2022-03-23
59859564,1,0,2025-03-12
56151441,1,0,2024-07-30
18374012,2,1,2013-05-17
00932330,1,0,2015-09-25
64371092,1,0,2026-01-09
10537727,4,1,2008-09-19
46819468,2,2,2022-06-17
35207102,1,0,2019-09-23
55317199,1,0,2024-05-28
51006827,1,0,2023-06-12
55499368,1,0,2024-06-12
35072868,1,0,2019-10-03
33971112,2,1,2019-06-12
46424481,3,3,2022-05-17
02644269,4,3,2004-04-06
07292986,2,1,2005-03-03
47291579,1,0,2022-07-26
57251847,2,1,2024-09-11
46563733,1,0,2022-05-27
62354575,1,0,2025-08-22
35157565,1,0,2019-10-02
43591596,1,0,2021-09-21
50349429,1,0,2023-04-17
64104163,1,0,2025-12-17
51128334,1,0,2023-06-21
41505620,1,0,2021-04-08
27497747,1,0,2017-03-28
52889422,1,0,2023-11-14
54641133,1,0,2024-04-08
57036979,1,0,2024-08-27
42917678,1,0,2021-07-29
21016931,1,0,2014-09-04
53854719,1,0,2024-02-08
40140486,1,0,2020-12-17
41358603,3,3,2021-03-25
26639835,1,0,2016-11-08
37154194,2,2,2020-05-15
38218651,1,0,2020-08-25
46347868,1,0,2022-05-11
46831981,1,0,2022-06-20
52087927,1,0,2023-09-05
03111306,11,1,1999-04-20
04926752,4,2,2002-02-21
35064951,1,0,2019-10-02
50167926,2,1,2023-03-31
14929735,1,0,2011-11-28
57569336,1,0,2024-10-04
54383458,1,0,2024-03-19
33914650,1,0,2019-05-15
60217540,1,0,2025-04-02
46551064,1,0,2022-05-26
33068208,1,0,2019-03-07
62802755,1,0,2025-09-19
63492647,1,0,2025-11-03
24740624,1,0,2016-04-14
55524073,1,0,2024-06-13
62341198,2,1,2025-08-21
36605214,1,0,2020-03-09
50593350,1,0,2023-05-08
00949546,10,1,2005-12-05
29305650,1,1,2017-11-27
37853244,1,0,2020-07-24
42311460,1,0,2021-06-14
81908543,10,2,1999-12-21
52998976,1,0,2023-11-24
26461895,2,1,2016-10-13
29683715,1,0,2018-01-03
61652022,1,0,2025-07-08
00947000,2,1,2023-04-28
55976939,1,0,2024-07-17
48450963,1,0,2022-10-28
22551978,1,0,2011-09-20
08450956,1,0,2006-10-10
31743996,1,0,2018-10-03
46317990,1,0,2022-05-09
53329126,1,0,2023-12-29
42917143,1,0,2021-07-29
52714042,2,1,2023-10-30
55968411,1,0,2024-07-17
52032063,1,0,2023-08-31
57028721,1,0,2024-08-27
43330873,2,1,2021-08-30
44544135,1,0,2021-12-09
52361696,1,0,2023-09-29
45762725,1,0,2022-03-23
57136328,1,0,2024-09-03
37191271,1,0,2020-05-14
43005019,1,0,2021-08-05
48622182,1,0,2022-11-16
50052688,1,0,2023-03-23
62526882,1,0,2025-09-02
33638289,22,3,2001-05-25
59375050,1,0,2025-02-10
24069696,2,1,2015-12-04
61737096,1,0,2025-07-14
47786475,1,0,2022-08-31
31030089,2,0,2018-06-26
32190194,2,1,2012-12-06
52985807,1,0,2023-11-23
62935809,1,0,2025-09-29
40247552,1,0,2021-01-04
48560038,1,0,2022-11-09
57081998,1,0,2024-08-30
63631893,1,0,2025-11-12
22436797,1,0,2015-04-01
52511604,1,0,2023-10-11
27695653,2,0,2017-04-10
05899118,2,1,2003-09-08
08030615,2,1,2006-05-25
59111478,1,0,2025-01-27
46424387,1,0,2022-05-17
63052332,1,0,2025-10-06
47755630,1,0,2022-08-29
55499762,1,0,2024-06-12
64296282,1,0,2026-01-06
49447226,1,0,2023-02-02
55975621,1,0,2024-07-17
40583752,1,0,2021-01-27
32574033,1,0,2019-01-21
59115340,1,0,2025-01-27
63115342,1,0,2025-10-09
33872929,1,0,2019-06-04
63913353,1,0,2025-12-02
59901715,1,0,2025-03-14
17304826,2,2,2012-12-13
07193823,2,2,2004-12-09
44672609,1,0,2021-12-23
31494252,1,0,2018-08-21
61063131,3,3,2025-05-29
55174071,1,0,2024-05-17
63832013,1,0,2025-11-26
52650753,3,1,2023-10-24
57053114,1,0,2024-08-28
08029916,2,1,2006-05-24
63934829,1,0,2025-12-01
29685119,1,0,2018-01-29
58197664,2,1,2024-11-22
50891204,1,0,2023-05-31
55931355,1,0,2024-07-15
45545634,1,0,2022-03-07
45314123,1,0,2022-02-16
20918429,1,1,2014-07-24
60859962,1,0,2025-05-16
55316993,1,0,2024-05-28
48610815,1,0,2022-11-14
27836325,1,0,2016-10-17
50165288,1,0,2023-03-31
24216680,5,1,2018-07-10
14800249,4,3,2011-12-13
56238469,2,0,2024-08-02
33036272,2,1,2019-03-07
62678695,1,0,2025-09-11
63298846,1,0,2025-10-21
62993288,4,1,2025-10-01
53649119,1,0,2024-01-25
45226480,1,0,2022-02-09
09392956,1,0,2008-01-24
46347676,2,2,2022-05-11
48890922,1,0,2022-12-14
25233899,1,0,2016-07-04
61286791,2,0,2025-06-12
54383722,3,2,2024-03-19
22817338,2,2,2015-06-12
24901949,1,0,2016-04-14
60665477,1,0,2025-05-05
31945046,2,2,2018-10-08
10705608,4,1,2009-03-09
45952597,1,0,2022-04-07
54373569,2,2,2024-03-18
47027288,1,0,2022-07-05
61707251,1,0,2025-07-11
44463577,2,1,2021-12-02
43457581,1,0,2021-09-09
26058244,1,1,2016-08-25
08279233,3,1,2006-12-18
58159440,1,0,2024-11-19
30068694,1,0,2018-01-31
47786287,1,0,2022-08-31
48835749,1,0,2022-12-07
30256498,1,0,2018-02-15
41831887,1,0,2021-05-05
56203893,1,0,2024-08-01
50891410,1,0,2023-05-31
08154258,34,2,2006-07-04
17956743,11,2,2013-04-03
60003427,1,0,2025-03-20
14887692,2,2,2012-01-05
06350263,2,1,2004-05-14
57552638,1,0,2024-10-03
54810344,1,0,2024-04-19
58580387,1,0,2024-12-30
13334367,3,1,2010-10-12
24988748,1,0,2016-06-13
05277844,6,3,2002-08-30
51539485,3,1,2023-07-24
54812309,1,0,2024-04-19
39233884,1,0,2020-09-29
29888707,1,0,2018-03-02
03212543,2,1,1999-06-11
27336102,2,1,2017-01-10
33713537,2,1,2019-05-17
35447038,1,0,2019-09-16
22553563,2,1,2015-03-27
34542189,1,0,2019-08-14
31135039,1,0,2018-07-27
57282845,1,0,2024-09-13
60068263,1,0,2025-03-25
52824642,1,0,2023-11-08
61666737,1,0,2025-07-09
56344551,1,0,2024-08-07
50359145,1,0,2023-04-18
61889173,1,0,2025-07-23
54611166,1,0,2024-04-05
02447245,2,1,2011-05-10
33832927,1,0,2019-05-15
64221105,1,0,2025-12-30
28306357,1,0,2017-07-13
01068146,2,1,1995-12-05
55143024,1,0,2024-05-15
43106678,1,0,2021-08-12
42689860,1,0,2021-07-13
30869134,1,0,2018-06-06
59793948,1,0,2025-03-07
04507436,3,1,2001-05-14
44925905,1,0,2022-01-19
52225736,1,0,2023-09-18
61362648,2,2,2025-06-18
59087166,1,0,2025-01-24
60551746,1,0,2025-04-25
54342601,1,0,2024-03-15
27630249,1,0,2017-04-04
59512577,2,2,2025-02-17
55976871,1,0,2024-07-17
32364060,2,0,2018-12-07
60738611,1,0,2025-05-08
25309140,1,0,2016-06-08
20836976,2,2,2012-08-09
62835054,1,0,2025-09-22
40954118,1,0,2021-02-23
52386370,1,0,2023-10-02
53329028,1,0,2023-12-29
35830341,1,0,2019-12-19
11408823,2,2,2009-12-15
26261330,1,0,2016-06-08
62689737,1,0,2025-09-12
18251928,11,1,2013-05-09
26695838,2,0,2016-11-04
36247783,1,0,2019-11-29
08596867,13,6,2007-01-04
33235667,3,2,2019-03-28
58516867,2,2,2024-12-19
27793297,2,2,2017-04-20
11939458,2,2,2010-05-05
27251243,1,0,2016-09-19
24900780,4,0,2016-05-18
36606413,1,0,2020-03-09
23092833,2,1,2015-03-20
36443806,1,0,2020-02-14
36615795,1,0,2020-03-09
58444398,1,0,2024-12-12
38205572,1,0,2020-08-24
54152294,2,2,2024-03-01
08826015,2,2,2007-04-20
58019655,1,0,2024-11-07
54534822,1,0,2024-04-01
22588480,1,0,2014-05-30
44570072,3,3,2021-12-13
60782683,1,0,2025-05-12
61192604,1,0,2025-06-06
38948151,1,0,2020-09-25
50208827,1,0,2023-04-04
22441616,2,2,2015-04-08
03210763,4,2,1999-06-11
59961224,1,0,2025-03-18
54334253,1,0,2024-03-14
49950872,1,0,2023-03-15
59330310,1,0,2025-02-06
26724637,1,0,2016-09-02
54150148,1,0,2024-03-01
59500907,1,0,2025-02-17
10458981,1,0,2008-11-04
62451839,1,0,2025-08-28
41215684,3,0,2021-03-15
54468678,3,1,2024-03-25
49842418,2,2,2023-03-07
04362366,7,1,2001-03-16
51058993,1,0,2023-06-15
49559765,1,0,2023-02-10
41544063,4,4,2021-04-12
43106852,1,0,2021-08-12
64356145,1,0,2026-01-08
07637501,1,0,2005-09-13
56702351,1,0,2024-08-14
52255245,1,0,2023-09-20
27629557,1,0,2017-04-10
45880772,1,0,2022-04-01
26192961,2,1,2016-08-22
40701115,1,0,2021-02-03
29745372,1,0,2018-01-31
18984091,4,1,2013-08-30
26182486,1,0,2016-08-22
33971073,1,0,2019-06-12
60370116,2,1,2025-04-11
48355981,1,0,2022-10-20
39423955,1,0,2020-10-14
59526166,1,0,2025-02-18
44233246,1,0,2021-11-12
26903717,1,0,2016-12-29
50108660,1,0,2023-03-28
41270520,1,0,2021-03-18
50060685,1,0,2023-03-23
55274412,5,3,2024-05-24
01483612,3,3,1997-06-10
24855068,2,1,2016-05-04
61780087,1,0,2025-07-16
62234263,1,0,2025-08-14
34221126,1,0,2019-07-01
46732493,3,0,2022-06-09
43530100,1,0,2021-09-15
10325776,15,1,2008-08-25
63208812,1,0,2025-10-15
58495996,1,0,2024-12-17
57242559,1,0,2024-09-11
57690615,1,0,2024-10-15
61748624,1,0,2025-07-15
03637280,6,2,1998-11-16
44188674,1,0,2021-11-10
26616469,2,1,2016-10-21
07114657,4,1,2012-06-06
36759218,1,0,2020-03-24
29077552,2,1,2017-11-08
12078965,2,1,2010-05-25
37518550,1,0,2020-06-24
48332162,1,0,2022-10-18
60439513,1,0,2025-04-16
53999796,1,0,2024-02-21
41519585,2,1,2021-04-09
26082219,1,0,2016-08-01
51911163,1,0,2023-08-22
27207587,1,0,2017-02-08
48136210,1,0,2022-09-29
05266818,1,0,2002-08-30
46091449,1,0,2022-04-20
32632114,1,0,2019-01-21
49004938,1,1,2022-12-29
41174300,1,0,2021-03-11
59880852,1,0,2025-03-13
59196792,1,0,2025-01-30
33713626,1,0,2019-04-30
28482645,1,0,2017-07-31
45188747,1,0,2022-02-07
03314438,1,1,2017-02-21
41416482,1,0,2021-03-31
03657285,6,2,1999-08-04
44231291,1,0,2021-11-12
48422215,1,0,2022-10-26
10268129,4,3,2008-07-03
50168576,1,0,2023-03-31
64094298,1,0,2025-12-15
10788952,1,0,2008-02-22
36215054,3,3,2020-01-31
36572963,2,1,2020-03-05
27982703,1,0,2017-06-13
50052361,1,0,2023-03-23
57689946,1,0,2024-10-15
57770143,1,0,2024-10-21
57173118,1,0,2024-09-05
51661259,1,0,2023-08-02
47967246,1,0,2022-09-15
54852387,2,1,2024-04-23
07800570,2,2,2005-10-07
59819977,1,0,2025-03-10
64118323,1,0,2025-12-18
20463901,1,0,2014-05-28
34630000,4,1,2019-07-15
07888763,38,1,2006-02-06
46817906,1,0,2022-06-17
62910504,1,0,2025-09-26
10895072,9,1,2009-05-29
29363567,1,0,2017-08-31
42642375,2,2,2021-07-08
47697134,2,1,2022-08-24
24544425,4,4,2016-03-21
07606191,1,0,2002-06-26
43200913,1,0,2021-08-19
59911183,1,0,2025-03-14
55142050,2,2,2024-05-15
63093632,2,1,2025-10-08
27078315,1,0,2017-02-01
52998809,1,0,2023-11-24
49722604,1,0,2023-02-27
24484778,1,0,2016-03-02
45442757,1,0,2022-02-24
59326810,1,0,2025-02-06
53736794,1,0,2016-06-08
39834818,1,0,2020-11-18
44964722,1,0,2022-01-21
59161738,1,0,2025-01-29
50891679,2,2,2023-05-31
43213550,1,0,2021-08-20
61818984,1,0,2025-07-18
27610751,3,1,2017-04-10
52270015,1,0,2023-09-21
63073911,1,0,2025-10-07
20672877,2,1,2014-04-25
60958317,1,0,2025-05-22
46056332,1,0,2022-04-18
53924661,1,0,2024-02-15
32402421,2,2,2018-12-05
59773412,1,0,2025-03-06
59211275,1,0,2025-01-31
33013138,2,2,2018-01-31
10470830,2,2,2009-05-04
11031616,2,1,2009-07-31
51940202,1,0,2023-08-24
40174027,8,4,2020-12-21
41853696,2,1,2021-05-06
54188871,3,1,2024-03-05
05930476,8,2,2003-10-06
05767233,1,0,2003-05-06
51169221,3,2,2023-06-23
55769752,2,2,2024-07-02
53312848,1,0,2023-12-27
62024726,1,0,2025-08-01
52014871,3,2,2023-08-30
28670295,1,0,2017-08-15
60371883,1,0,2025-04-11
55862022,1,0,2024-07-09
48330227,1,0,2022-10-18
61780165,1,0,2025-07-16
26874363,1,0,2016-11-10
37784333,1,0,2020-07-20
39701738,1,0,2020-11-06
60614340,1,0,2025-04-30
63792083,1,0,2025-11-24
23961838,2,2,2016-01-08
26071624,1,0,2016-08-17
54436022,1,0,2024-03-22
56746835,1,0,2024-08-14
59858419,1,0,2025-03-12
42084529,2,0,2021-05-25
19059446,2,1,2013-10-04
48887201,1,0,2022-12-14
21655590,1,0,2014-12-08
12123419,4,1,2010-05-13
59535581,1,0,2025-02-18
37783596,1,0,2020-04-20
51153746,2,2,2023-06-22
44967629,1,0,2022-01-21
60333166,1,0,2025-04-09
47297987,1,0,2022-07-26
24625680,1,0,2016-04-19
49217700,1,0,2023-01-17
44964147,2,0,2022-01-21
51137409,1,0,2023-06-21
60303717,1,0,2025-04-08
33054117,1,0,2019-03-07
26606373,2,0,2016-11-10
42027695,1,0,2021-05-20
31366617,2,1,2018-07-04
13099651,2,2,2010-12-03
46650028,1,0,2022-06-03
27629801,1,0,2017-03-15
08386192,2,0,2006-08-31
43084176,1,0,2021-08-11
07953147,2,2,2005-04-28
54081636,1,1,2024-02-27
54187476,2,2,2024-03-05
20167436,2,1,2014-04-09
35218176,1,0,2019-10-17
06288144,2,2,2014-04-25
10929177,4,1,2009-06-24
26550081,1,0,2016-08-17
33385108,2,2,2019-03-19
61150243,1,0,2025-06-04
23668355,2,1,2015-10-30
51589825,1,0,2023-07-27
49437436,1,0,2023-02-02
41338077,1,0,2021-03-24
28624926,2,2,2017-08-22
39818428,2,1,2020-11-17
59088079,1,0,2025-01-24
36604248,1,0,2020-03-09
36630640,1,0,2020-01-31
50643989,1,0,2023-05-11
62750220,1,0,2025-09-16
24602637,3,1,2016-03-28
55056038,1,0,2024-05-08
52041317,2,1,2023-09-01
97521342,2,1,2017-05-30
33384044,1,0,2019-03-19
61540649,1,0,2025-07-01
44963345,1,0,2022-01-21
59456909,1,0,2025-02-13
46816478,1,0,2022-06-17
52412356,1,0,2023-10-03
12844363,3,1,2010-10-01
40311262,1,0,2021-01-08
26325055,1,0,2016-09-22
28649073,2,2,2017-09-05
55392668,1,0,2024-06-04
47120931,1,0,2022-07-12
43935590,2,1,2021-10-19
15218553,8,1,2011-12-09
07944223,9,2,2006-03-27
58011747,1,0,2024-11-07
28119263,2,1,2017-06-13
26884517,1,0,2016-12-02
33111404,3,1,2019-03-07
63405446,1,0,2025-10-28
52788453,1,0,2023-11-06
26325179,1,0,2016-03-21
45983031,1,0,2022-04-11
48630076,1,0,2022-11-16
57400516,1,0,2024-09-23
62608210,1,0,2025-09-08
09294101,1,1,2007-11-23
48161128,1,0,2022-10-03
24833839,2,1,2016-05-04
62811045,1,0,2025-09-19
50733317,2,1,2023-05-18
64109109,1,0,2025-12-16
02066196,4,1,1997-08-11
50016817,1,0,2023-03-21
18293028,2,1,2013-05-17
48314194,2,2,2022-10-17
64025135,1,0,2025-12-11
53313970,1,0,2023-12-27
43049106,1,0,2021-08-09
28514584,1,0,2017-07-24
63051628,1,0,2025-10-06
49777992,1,0,2023-03-02
04155035,1,0,2000-11-22
12622546,1,0,2012-10-24
50825812,1,0,2023-05-25
43632039,1,0,2021-09-23
35700159,1,0,2019-12-03
62075795,1,0,2025-08-05
32676476,1,0,2019-01-31
31518600,1,0,2018-08-08
54875969,1,0,2024-04-24
08388387,1,0,2005-03-03
49055929,1,0,2023-01-04
26344337,1,0,2016-06-08
48915967,1,0,2022-12-16
57716958,1,0,2024-10-16
54909966,1,0,2024-04-26
18983707,41,4,2013-05-22
08042562,4,1,2006-05-19
27304068,3,1,2017-02-20
24803582,1,0,2016-04-29
49574162,1,0,2023-02-13
57867995,3,1,2024-10-28
28051770,3,2,2017-06-05
45880272,1,0,2022-04-01
59160611,1,0,2025-01-29
62096541,1,0,2025-08-06
36900455,1,0,2020-04-08
63015365,1,0,2025-10-02
56161066,1,0,2024-07-30
60323943,1,0,2025-04-09
61304640,1,0,2025-06-13
45955340,2,2,2022-04-07
02611756,3,1,1998-07-06
18284347,3,3,2011-09-10
41144719,1,0,2021-03-09
55974535,1,0,2024-07-17
45324782,1,0,2022-02-16
49518454,1,0,2023-02-08
53075754,2,2,2023-12-01
33097307,1,0,2019-03-07
63029625,1,0,2025-10-03
40340029,1,0,2021-01-11
24960012,1,0,2016-04-20
37669754,1,0,2020-07-09
54495261,1,0,2024-03-27
60433582,2,1,2025-04-16
63187398,1,0,2025-10-14
24912827,1,0,2016-05-04
13812670,2,2,2011-05-24
41513681,1,0,2021-04-09
61599172,1,0,2025-07-04
38202611,1,0,2020-08-24
51689716,1,0,2023-08-04
40225168,1,0,2020-12-30
54364707,1,0,2024-03-18
32201323,1,0,2018-11-14
59544819,1,0,2025-02-19
28075286,1,0,2017-06-14
32083314,26,3,2018-11-09
42145355,2,0,2021-05-31
28796283,2,2,2017-09-20
42656227,5,5,2021-07-09
62724949,1,0,2025-09-15
50356480,2,2,2023-04-18
37755438,1,0,2020-07-16
49610329,2,1,2023-02-15
53654052,1,0,2024-01-25
56345174,1,0,2024-08-07
49402577,1,0,2023-01-31
02937768,4,2,1998-10-16
07083430,2,2,2004-10-14
13524336,2,1,2011-04-08
45821739,1,0,2022-03-29
31719424,2,1,2018-10-03
41237844,1,0,2021-03-16
56936665,2,1,2024-08-20
26113181,1,0,2016-08-05
24821840,2,1,2016-04-07
54423925,1,0,2024-03-21
51725910,1,0,2023-08-08
41624416,2,2,2021-04-19
52258091,1,0,2023-09-20
48740205,1,0,2022-11-28
63206930,1,0,2025-10-15
55976744,1,0,2024-07-17
46331588,1,0,2022-05-10
53903584,1,0,2024-02-14
61670724,1,0,2025-07-09
64019462,1,0,2025-12-11
59667794,1,0,2025-02-26
36605557,1,0,2020-03-09
57261560,1,0,2024-09-12
38247194,1,0,2020-08-27
12150244,1,0,2010-06-11
38659501,1,0,2020-09-22
60850722,1,0,2025-05-15
36492549,1,0,2020-02-27
31757398,1,0,2018-10-03
55071270,1,0,2024-05-09
05975789,8,1,2003-09-25
49522008,1,0,2023-02-08
63823630,1,0,2025-11-26
05326486,1,0,2002-08-30
43233652,1,0,2021-08-23
61688723,1,0,2025-07-10
26912487,4,2,2016-12-20
03656386,9,2,1998-02-03
52023344,1,0,2023-08-31
26926266,1,0,2016-08-22
46538154,1,0,2022-05-25
03206811,2,1,2010-07-19
42460134,1,0,2021-06-24
38205009,1,0,2020-08-24
40310550,1,0,2021-01-08
23519917,1,1,2015-06-26
04441703,2,2,2001-03-20
24069762,2,1,2016-01-20
58014685,2,2,2024-11-07
25288197,1,0,2016-07-06
57869996,1,0,2024-10-28
32299556,1,0,2018-12-07
51888239,1,0,2023-08-21
61777077,1,0,2025-07-16
27912883,1,0,2017-05-17
04010806,1,0,2015-01-08
50884045,1,0,2023-05-31
24843171,1,0,2016-04-29
55966366,1,0,2024-07-17
32649358,1,0,2018-12-05
61454579,1,0,2025-06-25
47683543,1,0,2022-08-23
27673256,2,1,2017-04-04
39271706,1,0,2020-10-01
31956370,3,2,2018-10-29
50792298,2,1,2023-05-23
51801393,1,0,2023-08-14
55524013,1,0,2024-06-13
01133507,4,1,1998-09-11
23425641,1,0,2015-08-03
63052966,2,1,2025-10-06
37668798,1,0,2020-07-09
52746752,3,1,2023-11-01
47291909,1,0,2022-07-26
58356471,3,3,2024-12-05
45988767,1,0,2022-04-11
43914042,2,1,2021-10-18
49887788,1,0,2023-03-10
45324580,1,0,2022-02-16
31658337,1,0,2018-08-24
47640027,1,0,2022-08-19
05807046,4,1,2003-06-02
25287528,1,0,2016-06-08
27498388,2,1,2016-12-20
51354783,1,0,2023-07-10
05807180,1,0,2024-12-10
36162605,1,0,2020-01-27
43011815,1,0,2021-08-05
59524556,1,0,2025-02-18
47010348,1,0,2022-07-04
38171042,1,0,2020-08-20
26733640,1,0,2016-11-21
54803158,1,0,2024-04-19
51240746,3,3,2023-06-29
14988095,2,2,2012-01-11
22702498,1,1,2015-06-12
54944395,2,2,2024-04-30
55966633,1,0,2024-07-17
26219183,1,0,2016-03-10
47994794,7,2,2022-09-19
59973262,1,0,2025-03-19
13634967,1,0,2011-04-27
62189017,1,0,2025-08-12
40422150,1,0,2021-01-15
50509200,2,2,2023-05-02
34887632,1,0,2019-09-03
24363093,1,0,2016-02-17
48770459,1,0,2022-11-30
43907923,1,0,2021-10-18
56935656,1,0,2024-08-20
52203281,1,0,2023-09-15
61972241,1,0,2025-07-29
46260572,2,1,2022-05-04
18853396,1,0,2013-06-28
48659675,1,0,2022-11-18
17532650,1,0,2013-01-15
41132661,1,0,2021-03-08
41829133,1,0,2021-05-05
58061072,1,0,2024-11-11
51924662,1,0,2023-08-23
55863308,1,0,2024-07-09
49601808,1,0,2023-02-14
53179087,1,0,2018-04-02
47759228,2,1,2022-08-29
48881021,1,0,2022-12-13
52891230,1,0,2023-11-14
55220086,1,0,2024-05-21
59982321,1,0,2025-03-19
44387607,1,0,2021-11-26
63865106,1,0,2025-11-28
56044585,1,0,2024-07-23
46886671,1,0,2022-06-23
38489252,1,0,2020-09-16
61798720,2,1,2025-07-17
58506688,1,0,2024-12-18
41594537,1,0,2021-04-15
36395415,10,1,2020-02-14
02285053,16,1,1997-12-16
19947676,4,2,2014-02-20
05801058,1,0,2008-07-04
14782540,2,1,2011-11-30
20959574,5,1,2014-08-21
60498949,1,0,2025-04-23
51008731,1,0,2023-06-12
53075992,1,0,2023-12-01
17466344,4,3,2013-01-15
24602661,2,2,2016-04-01
62835669,5,2,2025-09-22
62890980,1,0,2025-09-25
51009408,1,0,2023-06-12
57832963,1,0,2024-10-24
22966095,1,0,2021-04-27
35136624,1,0,2019-09-23
55975929,2,0,2024-07-17
52670120,1,0,2023-10-25
53926806,1,0,2024-02-15
61304991,1,0,2025-06-13
50947925,1,0,2023-06-05
57815544,1,0,2024-10-23
53163391,1,0,2023-12-11
42082116,1,0,2021-05-25
30338848,8,2,2018-04-16
43753595,1,0,2021-10-04
35087678,2,1,2019-10-04
42084320,2,2,2021-05-25
57815471,2,2,2024-10-23
54812426,1,0,2024-04-19
26410662,2,1,1989-09-01
47202272,1,0,2022-07-19
47595220,1,0,2022-08-16
41254029,1,0,2021-03-17
41846099,1,0,2021-05-06
50439386,2,2,2023-04-25
04099080,2,2,2007-09-05
50183869,1,0,2023-04-03
10625020,2,1,2009-01-27
38246839,1,0,2020-08-27
33419414,1,0,2019-04-08
50543894,1,0,2023-05-04
64105400,1,0,2025-12-17
49636167,1,0,2023-02-16
51068103,1,0,2023-06-15
11915227,2,1,2010-04-20
41484414,1,0,2021-04-07
53313308,1,0,2023-12-27
42278262,1,0,2021-06-10
54373264,1,0,2024-03-18
59868902,1,0,2025-03-12
39351359,1,0,2020-10-07
49636746,1,0,2023-02-16
62989324,2,2,2025-10-01
00676460,18,4,1998-11-03
45709875,3,3,2022-03-18
57470446,1,0,2024-09-27
45949535,1,0,2022-04-07
29232601,1,0,2017-11-14
45901776,1,0,2022-04-04
27879231,2,1,2017-05-26
58332215,2,2,2024-12-03
36608722,2,1,2020-03-09
48462482,1,0,2022-10-31
12422504,4,1,2017-08-24
63782214,1,0,2025-11-24
13490327,7,2,2011-03-30
50399160,1,0,2023-04-20
45927460,2,0,2022-04-06
22575097,1,0,2011-05-20
53462992,1,0,2024-01-11
09509360,2,1,2008-01-24
34825733,1,0,2019-08-09
29098602,1,0,2017-11-10
37671887,1,0,2020-07-09
39284147,1,0,2020-10-02
51051208,2,2,2024-03-18
60372673,1,0,2025-04-11
55692530,1,0,2024-06-26
54809242,1,0,2024-04-19
50628086,1,0,2023-05-10
53724350,1,0,2024-01-30
42768013,1,0,2021-07-19
48562542,1,0,2022-11-09
32463547,1,0,2018-12-18
52284083,1,0,2023-09-22
47683287,1,0,2022-08-23
46334158,1,0,2022-05-10
61305483,1,0,2025-06-13
33609524,1,0,2019-04-08
60592762,1,0,2025-04-29
07074500,2,2,2004-10-18
50206343,2,1,2023-04-04
30837200,2,1,2018-06-14
63903999,2,2,2025-12-02
27033374,1,0,2016-12-20
46205028,1,0,2022-04-29
24794178,1,0,2016-04-20
28296237,1,0,2017-06-05
58157713,1,0,2024-11-19
49368821,2,1,2023-01-27
35562157,2,2,2019-11-14
50183742,1,0,2023-04-03
54085312,1,0,2024-02-27
22304498,1,0,2015-03-19
51515887,1,0,2023-07-21
28053421,1,0,2017-06-13
16444873,4,1,2012-06-05
25070908,1,0,2016-06-24
64005618,2,2,2025-12-09
35073128,1,0,2019-10-03
47983801,2,0,2022-09-16
45404805,1,0,2022-02-22
48822979,1,0,2022-12-06
44249123,1,0,2021-11-16
47565027,1,0,2022-08-15
51342625,1,0,2023-07-07
62902257,1,0,2025-09-25
44445875,1,0,2021-12-01
48356754,1,0,2022-10-20
65085243,32,4,1997-01-31
58154742,2,1,2024-11-19
54000052,1,0,2024-02-21
02993331,2,2,1999-02-25
19700401,3,1,2014-02-05
59119273,1,0,2025-01-27
07579806,2,1,2005-08-02
08097075,2,2,2006-06-12
49610068,1,0,2023-02-15
54129737,1,0,2024-02-29
28418173,1,0,2017-07-31
57203996,1,0,2024-09-09
60371133,1,0,2025-04-11
02852610,3,1,1999-07-13
04155717,1,0,2000-08-04
55255839,1,0,2024-05-23
55974054,1,0,2024-07-17
60938809,1,0,2025-05-21
60719509,1,0,2025-05-07
03404741,3,2,1999-09-16
28460728,1,0,2017-08-14
37369217,1,0,2020-06-09
24581708,1,0,2016-03-21
32030487,1,0,2018-11-05
40975313,2,1,2021-02-24
64106238,1,0,2025-12-17
64075140,1,0,2025-12-16
53753373,1,0,2024-02-01
61489926,1,0,2025-06-27
59714236,1,0,2025-02-28
60752964,1,0,2025-05-09
39587007,1,0,2020-10-27
51928335,1,0,2023-08-23
13236557,7,3,2010-12-08
63661537,1,0,2025-11-13
37458412,1,0,2020-06-18
41097100,3,3,2021-03-04
40294307,1,0,2021-01-07
43057121,1,0,2021-08-10
24383583,4,1,2016-03-10
52385951,1,0,2023-10-02
41535362,1,0,2021-04-12
59087370,1,0,2025-01-24
54435124,1,0,2024-03-22
26444935,3,1,1990-04-12
26571064,1,0,2016-11-04
06725216,1,0,2004-07-01
39614046,2,1,2020-10-29
61281136,1,0,2025-06-12
30698891,2,2,2018-06-08
49343343,2,1,2023-01-26
05807157,2,1,2004-10-18
63652866,1,0,2025-11-13
42546654,1,0,2021-07-01
45954840,1,0,2022-04-07
61755285,1,0,2025-07-15
33325462,1,0,2019-03-20
51059741,1,0,2023-06-15
59197142,2,0,2025-01-30
32463609,1,0,2018-10-08
43136366,1,0,2021-08-16
09441584,2,1,2008-01-24
05085845,14,1,2002-06-06
39611750,1,0,2020-10-29
43929060,1,0,2021-10-19
47416382,1,0,2022-08-04
26370081,1,0,2016-10-13
19000370,2,1,2013-09-30
24875260,1,1,2016-04-12
51982972,1,0,2023-08-28
06032508,3,2,2003-11-25
09510097,1,0,2004-05-10
58520210,1,0,2024-12-19
51980408,1,0,2023-08-28
48925251,1,0,2022-12-19
28367442,1,0,2017-07-31
62063154,1,0,2025-08-04
55614439,1,0,2024-06-20
60216344,1,0,2025-04-02
13042475,2,1,2010-12-15
50375834,1,0,2023-04-19
43793846,1,0,2021-10-06
39383725,1,0,2021-08-16
13799605,2,1,2011-05-24
59015562,1,0,2025-01-21
00993106,2,1,1995-12-11
40317732,1,0,2021-01-08
38413827,1,0,2020-09-10
50732339,1,0,2023-05-18
27696672,1,0,2017-04-05
41249156,1,0,2021-03-17
41773927,1,0,2021-04-30
07419539,7,2,2005-05-17
38353757,1,0,2020-09-04
51168769,1,0,2023-06-23
59162352,4,4,2025-01-29
42331961,1,0,2021-06-15
35314130,2,0,2019-09-23
03826947,8,4,2000-05-23
59585111,1,1,2025-02-21
41860624,2,2,2021-05-07
28705178,1,0,2017-09-20
59455135,1,0,2025-02-13
43444117,2,1,2021-09-08
55749990,1,0,2024-07-01
49400139,2,2,2023-01-31
01720897,4,3,1997-03-11
60370520,1,0,2025-04-11
13014561,2,1,2010-11-04
33659702,1,0,2019-05-15
53328970,1,0,2023-12-29
23016328,1,0,2015-07-10
18291792,2,1,2013-05-20
53857570,1,0,2024-02-08
24360515,1,0,2016-02-26
63551100,1,0,2025-11-06
48828515,3,0,2022-12-07
55084544,1,0,2024-05-10
33543633,1,1,2019-01-24
63359486,2,2,2025-10-24
31169688,1,0,2018-07-04
50680742,1,0,2023-05-15
50076071,1,0,2023-03-24
50734236,1,0,2023-05-18
30057469,1,0,2018-02-27
36506752,1,0,2020-02-11
63268489,1,0,2025-10-20
08794148,2,1,2007-04-19
04043001,2,1,2000-08-25
38625019,1,0,2020-09-21
52442891,1,0,2023-10-05
21016378,3,2,2014-08-06
55588787,1,0,2024-06-19
61733690,1,0,2025-07-14
09325373,4,2,2007-12-27
43670999,1,0,2021-09-27
60369602,1,0,2025-04-11
15581749,2,2,2012-05-14
27902847,2,1,2017-05-26
50608109,2,0,2018-12-18
20303687,2,1,2014-03-28
59079711,1,0,2025-01-24
43578561,1,0,2021-09-20
47758002,1,0,2022-08-29
43060903,2,1,2021-08-10
49324947,1,0,2023-01-25
54436342,1,0,2024-03-22
46170055,3,3,2022-04-27
54274681,1,0,2024-03-11
24709205,1,0,2016-02-26
46318544,1,0,2022-05-09
55859801,1,0,2024-07-09
28570294,1,0,2017-07-31
54705654,1,0,2024-04-12
54349308,1,0,2024-03-15
24874925,1,0,2016-03-15
48925899,1,0,2022-12-19
24552791,1,0,2016-03-15
08643477,2,1,2006-06-12
63349512,1,0,2025-10-24
41896873,2,1,2021-05-11
54026677,1,0,2024-02-22
56795235,2,1,2024-08-15
06305686,2,2,2004-05-21
54756461,1,0,2024-04-16
10450946,1,0,2008-10-01
43558982,1,0,2021-09-17
49421567,1,0,2023-02-01
45880536,1,0,2022-04-01
24902289,1,0,2016-02-19
07481019,1,0,2007-10-15
59835631,1,0,2025-03-11
55859645,1,0,2024-07-09
33671005,1,0,2019-04-25
49083514,1,0,2023-01-06
03106326,3,1,1999-04-16
49326868,1,0,2023-01-25
14482148,2,1,2011-10-03
57881350,1,0,2024-10-29
27304097,1,0,2017-03-08
03955352,1,0,2000-07-10
62526265,1,0,2025-09-02
41686910,1,0,2021-04-23
51753384,1,0,2023-08-09
39802522,1,0,2020-11-16
62881940,1,0,2025-09-24
34375251,1,0,2019-06-24
56933711,1,0,2024-08-20
52265070,1,0,2023-09-21
63544769,1,0,2025-11-06
62291685,1,0,2025-08-19
55229718,1,0,2024-05-22
44214221,1,0,2021-11-11
64267329,1,0,2026-01-05
39062740,73,5,1990-09-10
36157486,1,0,2021-05-03
11830537,2,1,2010-04-07
10396675,2,2,2008-09-19
42526550,1,0,2021-06-30
60491866,1,0,2025-04-22
63156109,2,2,2025-10-13
26935321,1,0,2016-12-23
30316957,11,2,2018-03-27
01598038,2,2,1998-11-25
53027229,1,0,2023-11-28
03412770,2,1,1999-09-24
41663349,1,0,2021-04-22
59502984,1,0,2025-02-17
49984613,1,0,2023-03-17
52752075,1,0,2023-11-01
49039557,2,1,2023-01-03
64064115,1,0,2025-12-15
57354941,1,0,2024-09-19
38050654,2,1,1993-06-22
41519394,1,0,2021-04-09
53714394,1,0,2024-01-30
46675972,1,0,2022-06-06
50036196,1,0,2023-03-22
50782059,1,0,2023-05-23
59507782,1,0,2025-02-17
45302313,2,1,2022-02-15
63737082,1,0,2025-11-19
54553721,1,0,2024-04-02
01369696,1,0,1996-07-17
63398174,1,0,2025-10-28
38221470,1,0,2020-08-25
33396856,1,0,2019-04-15
57353894,1,0,2024-09-19
42154224,1,0,2021-05-31
59374861,1,0,2025-02-10
27508702,1,0,2017-03-10
52497650,1,0,2023-10-10
03630331,7,3,2000-02-04
08963938,2,1,2007-06-01
55656402,1,0,2024-06-24
33872916,1,0,2019-05-15
56616635,1,0,2024-08-13
53865996,1,0,2024-02-08
54953676,1,0,2024-04-30
28841554,1,0,2017-09-18
37457174,2,1,2020-06-18
49779362,1,0,2023-03-02
58398372,1,0,2024-12-09
54553919,2,2,2024-04-02
51040325,1,0,2023-06-14
27187687,4,2,2017-02-22
21630809,2,1,2014-12-08
31066613,2,2,2018-07-04
61360462,1,0,2025-06-18
37117736,3,1,2000-03-13
59211780,1,0,2025-01-31
28086599,1,0,2017-06-22
63632740,1,0,2025-11-12
34386790,1,0,2019-07-31
24949159,1,0,2016-06-07
34526252,1,0,2019-08-05
43161446,1,0,2021-08-17
47291989,2,2,2022-07-26
38219387,1,0,2020-08-25
64026181,1,0,2025-12-11
38390186,1,0,2020-09-09
62769801,2,2,2025-09-17
26967823,1,0,2017-01-20
24929818,1,0,2016-05-20
40892847,1,0,2021-02-18
37926436,1,0,2020-07-31
29952922,1,0,2018-03-01
55438561,12,2,2024-06-07
43102444,1,0,2017-05-19
54460390,1,0,2024-03-25
55019099,1,0,2024-05-06
61563636,1,0,2025-07-02
21820461,1,0,2015-01-15
54911277,2,1,2024-04-26
02881643,9,3,1998-12-08
24622313,2,1,2016-04-06
26964262,2,2,1991-01-15
07646396,2,1,2005-09-13
25530948,1,0,2016-05-20
24831890,1,0,2016-02-26
51765726,1,0,2023-08-10
52700845,1,0,2023-10-27
13669900,1,0,2011-04-18
63934122,1,0,2025-12-03
43561953,1,0,2021-09-17
36336174,1,0,2019-04-08
49326297,1,0,2023-01-25
47458704,1,0,2022-08-08
62571139,1,0,2025-09-04
64072813,1,0,2025-12-16
50151979,1,0,2023-03-30
55506344,1,0,2024-06-12
63621615,1,0,2025-11-11
51007780,1,0,2023-06-12
36261207,1,0,2016-01-29
43243383,1,0,2021-08-23
25063813,2,1,2016-06-16
52087857,1,0,2023-09-05
51937771,21,20,2023-08-24
63058444,1,0,2025-10-06
38069172,1,0,2020-08-12
60716931,1,0,2025-05-07
46726518,3,3,2022-06-09
48752697,1,0,2022-11-29
61159739,1,0,2025-06-04
28823903,4,2,2017-08-31
04383662,3,3,2001-04-04
48105013,1,0,2022-09-27
54804558,2,1,2024-04-19
58095582,2,1,2024-11-13
56136495,1,0,2024-07-29
62772269,1,0,2025-09-17
41756238,1,0,2021-04-29
31054518,1,0,2018-07-20
59650918,1,0,2025-02-25
39619436,1,0,2020-10-29
48212986,1,0,2022-10-06
10844059,1,1,2009-05-13
48580188,1,0,2022-11-10
64071112,1,0,2025-12-10
03102422,3,2,2006-10-25
27662351,1,0,2017-04-10
10860868,3,2,2009-05-15
64186332,1,0,2025-12-29
60937746,1,0,2025-05-21
35064855,1,0,2019-10-02
34688519,1,0,2019-08-27
59400384,1,0,2025-02-11
35703413,1,0,2019-12-02
62074522,1,0,2025-08-05
26655922,1,0,2016-11-21
09656345,4,4,2008-06-23
42642697,1,0,2021-07-08
50610311,2,2,2023-05-09
97518909,4,3,1998-04-03
55015392,1,0,2024-05-06
04049009,3,1,2003-03-20
29147610,2,1,2017-11-08
42334605,1,0,2021-06-15
60055247,1,0,2025-03-24
03556074,1,0,1999-10-01
49574821,1,0,2023-02-13
17886171,2,2,2013-02-27
60175297,1,0,2025-03-31
21423015,1,0,2004-08-31
60544201,2,1,2025-04-25
31856407,1,0,2018-10-08
58358161,1,0,2024-12-05
54478589,1,0,2024-03-26
36441370,1,0,2019-10-04
53010904,1,0,2023-11-27
11139651,1,0,2025-06-27
56137257,1,0,2024-07-29
48369818,1,0,2022-10-21
52026597,1,0,2023-08-31
58399602,1,0,2024-12-09
43929143,1,0,2021-10-19
39238174,2,2,2020-09-29
49642884,1,0,2023-02-17
49945516,1,0,2023-03-15
02906123,1,0,2022-08-17
47666446,1,0,2022-08-22
39832719,1,0,2020-11-18
56637589,1,0,2024-08-13
54006664,1,0,2024-02-21
28929872,1,0,2017-09-20
48867236,1,0,2022-12-12
43387170,1,0,2021-09-02
05935774,2,1,2003-06-10
46731890,3,2,2022-06-09
45879964,1,0,2022-04-01
55930302,1,0,2024-07-15
58018842,1,0,2024-11-07
42093981,2,2,2021-05-26
53756947,1,0,2024-02-01
27261942,3,2,2017-02-17
29928325,10,1,2018-03-02
10714214,4,3,2011-07-06
43330543,1,0,2021-08-30
51129365,1,0,2023-06-21
52258933,1,0,2023-09-20
63250186,1,0,2025-10-17
26570464,2,2,2016-11-10
57285646,1,0,2024-09-13
30363091,3,3,2018-04-02
33337843,1,0,2019-04-08
10891652,2,1,2008-11-04
06977784,1,0,2004-08-31
55966001,1,0,2024-07-17
35237222,2,2,2019-09-24
43752868,2,1,2021-10-04
55691988,1,0,2024-06-26
61925275,2,2,2025-07-25
55780702,1,0,2024-07-03
56746596,1,0,2024-08-14
29928171,1,0,2017-11-27
32377281,1,0,2018-12-05
27045630,1,0,2017-01-30
52665845,1,0,2023-10-25
59327316,1,0,2025-02-06
03584647,2,1,1999-12-28
60672848,2,1,2025-05-05
59184722,1,1,2025-01-30
53838946,1,0,2024-02-07
61081339,1,0,2025-05-30
52031545,1,0,2023-08-31
34068994,1,0,2019-06-18
50107429,1,0,2023-03-28
32531316,2,2,2019-01-03
28261417,4,1,2017-07-17
54069419,2,1,2024-02-26
17188489,2,1,2012-11-13
62004673,1,0,2025-07-31
54477613,1,0,2024-03-26
62243354,1,0,2025-08-15
10360706,1,0,2008-02-22
60981276,1,0,2025-05-23
08783634,2,1,2006-12-18
50356844,1,0,2023-04-18
46564749,1,0,2022-05-27
62719361,1,0,2025-09-15
06074719,3,2,2003-12-04
24569181,1,0,2016-04-07
57469704,2,2,2024-09-27
45519814,1,0,2022-03-04
47027004,3,1,2022-07-05
56936117,1,0,2024-08-20
31470617,1,0,2018-08-28
10542867,2,2,2008-12-01
59327910,1,0,2025-02-06
18206936,2,2,2013-05-10
50924567,2,2,2023-06-02
08214833,1,0,2006-06-12
61752876,1,0,2025-07-15
59436138,1,0,2025-02-12
51079056,1,0,2023-06-16
46779097,2,2,2022-06-14
49950746,1,0,2023-03-15
53465536,1,0,2024-01-11
52997060,1,0,2023-11-24
62054749,1,0,2025-08-04
56525077,1,0,2024-08-12
62474548,1,0,2025-08-29
25448133,1,0,2016-06-02
45315373,1,0,2022-02-16
49123708,1,0,2023-01-10
55561033,1,0,2024-06-17
60936633,1,0,2025-05-21
49085323,2,2,2023-01-06
25107998,1,0,2016-04-20
12167121,3,2,2010-06-02
49182146,2,2,2023-01-13
45955546,1,0,2022-04-07
57378488,1,0,2024-09-20
35237212,3,1,2019-10-14
29888725,2,2,2018-02-02
30213314,1,0,2018-04-10
44471807,1,0,2021-12-03
05616666,4,1,2003-04-09
27088745,2,1,2016-12-26
07306040,2,1,2005-03-17
06275314,1,0,2004-05-13
52749531,1,0,2023-11-01
43909692,3,1,2021-10-18
59328929,1,0,2025-02-06
15578460,1,0,2012-05-08
29625028,1,0,2018-02-02
01525058,2,1,1996-08-20
62189342,1,0,2025-08-12
60604434,1,0,2025-04-29
54911535,1,0,2024-04-26
08955980,5,3,2007-06-01
56702576,1,0,2024-08-14
50109799,1,0,2023-03-28
51476840,1,0,2023-07-19
59911861,1,0,2025-03-14
43161568,1,0,2021-08-17
42835548,1,0,2021-07-23
32200550,2,1,2018-11-26
45600536,2,2,2022-03-10
50740742,1,0,2023-05-19
14343527,2,2,2011-09-08
31932217,2,2,2018-10-03
61280943,5,1,2025-06-12
51025652,1,0,2023-06-13
28981804,2,1,2017-10-24
33860478,1,0,2019-05-15
33396849,1,0,2019-04-15
52503815,6,1,2023-10-11
48547130,1,0,2022-11-08
24632410,2,1,2021-09-21
25071922,1,0,2016-05-06
52258635,1,0,2023-09-20
37902378,1,0,2020-07-29
26702831,2,1,2016-12-06
43508246,1,0,2021-09-14
12409070,2,1,2010-08-06
57869593,1,0,2026-05-18
32059078,1,0,2018-11-14
38220086,1,0,2020-08-25
59500419,1,0,2025-02-17
54348987,1,0,2024-03-15
42145465,1,0,2021-05-31
09332014,2,1,2007-12-04
55154476,1,0,2024-05-16
62354358,1,0,2025-08-22
60418856,1,0,2025-04-15
57158058,1,1,2024-09-04
37420737,5,1,2020-03-06
63398041,1,0,2025-10-28
44268097,1,0,2021-11-17
20216359,10,1,2014-04-09
28589206,1,0,2017-08-15
57368837,4,2,2024-09-20
63296441,1,0,2025-10-21
25465084,1,0,2016-06-16
48314503,2,1,2022-10-17
50118881,4,1,2023-03-28
49951024,1,0,2023-03-15
07865021,2,2,2005-11-18
07007216,2,2,2002-07-25
15258488,2,1,2012-02-29
42237202,2,1,2021-06-08
36159695,1,0,2020-01-27
43442387,1,0,2021-09-08
57880455,1,0,2024-10-29
64205839,1,0,2025-12-30
59030609,1,0,2025-01-22
49458081,1,0,2023-02-03
55709023,1,0,2024-06-27
35063481,1,0,2019-10-02
64110088,1,0,2025-12-17
28087777,1,0,2017-06-21
41648730,1,0,2021-04-20
46182438,1,0,2022-04-28
56052018,1,0,2024-07-23
39315303,1,0,2020-10-05
27826333,3,1,2014-07-29
34347067,1,0,2019-07-24
60438663,1,0,2025-04-16
39859168,6,2,2020-11-20
46800692,7,1,2022-06-15
36431574,1,0,2020-02-14
22053603,3,2,2015-02-10
57285698,1,0,2024-09-13
10937495,1,0,2009-06-23
54994024,2,2,2024-05-03
31792529,2,1,2018-10-08
19507233,3,2,2013-08-28
27261847,1,0,2017-02-01
42930825,1,0,2021-07-30
49225632,1,0,2023-01-17
27431983,2,1,2017-02-17
52221515,1,0,2023-09-18
52890104,1,0,2023-11-14
60018274,1,0,2025-03-21
31672320,2,1,2018-09-27
44968374,1,0,2022-01-21
61219750,1,0,2025-06-09
62810493,1,0,2025-09-19
05423063,1,0,2002-03-18
52283012,1,0,2023-09-22
04761910,1,0,2001-09-21
48770153,1,0,2022-11-30
56049891,2,1,2024-07-23
45227010,1,0,2022-02-09
63157678,1,0,2025-10-13
04519787,3,2,2001-03-14
57867698,1,0,2024-10-28
27215247,1,0,2017-01-17
57375605,1,0,2024-09-20
51710461,1,0,2023-08-07
62581975,1,0,2025-09-05
45115427,4,2,2022-02-02
42278168,69,3,1996-08-23
49235415,2,1,2023-01-18
58364677,1,0,2024-12-05
11191064,2,1,2009-09-03
39779894,2,1,2020-11-13
46260356,2,1,2022-05-04
54954505,2,1,2024-04-30
52934893,1,0,2023-11-20
35963552,2,2,1997-10-02
61048918,1,0,2025-05-28
46431234,3,1,2022-05-17
41132700,1,0,2021-03-08
51929045,1,0,2023-08-23
41237641,1,0,2021-03-16
62269540,1,0,2025-08-18
62911374,1,0,2025-09-26
46091307,1,0,2022-04-20
43455375,1,0,2021-09-09
41076166,3,3,2021-03-03
03468124,1,0,2017-07-17
61443182,1,0,2025-06-25
61991457,1,0,2025-07-30
57776349,1,0,2024-10-21
33717926,1,0,2025-04-15
24733897,1,0,2016-04-06
24492144,1,0,2016-01-29
54661305,1,0,2024-04-09
29708887,2,1,2017-11-14
33466642,1,0,2019-03-15
62225448,1,0,2025-08-14
41577324,1,0,2021-04-14
49699106,1,0,2023-02-24
45062434,18,2,2022-01-28
48974965,1,0,2022-12-26
35506076,1,0,2019-09-16
63277829,3,1,2025-10-20
57645868,1,0,2024-10-10
13834305,3,2,2003-11-05
64093664,1,0,2025-12-17
14928883,2,1,2016-11-16
52698839,1,0,2023-10-27
27249224,1,0,2016-09-14
42265130,2,0,2021-06-09
57128325,2,0,2024-09-03
46424840,1,0,2022-05-17
04480253,3,2,2001-05-23
45900001,1,0,2022-04-04
24660259,1,0,2016-04-26
54365696,1,0,2024-03-18
43214124,1,0,2021-08-20
53210780,1,0,2023-12-15
43914413,2,1,2021-10-18
33022953,1,0,2019-03-07
51638238,1,0,2023-08-01
28922501,2,2,2017-10-20
51125454,1,0,2023-06-21
53518066,5,1,2024-01-16
63831831,1,0,2025-11-26
45404553,1,0,2022-02-22
00149952,17,2,1998-08-20
24957679,2,1,2016-05-20
52136932,1,0,2023-09-11
58522588,1,0,2024-12-19
60350242,1,0,2025-04-10
44857629,1,0,2022-01-13
30256355,3,3,2018-03-16
32502731,1,1,2018-12-18
41818993,1,0,2021-05-04
43935465,1,0,2021-10-19
11626291,3,1,2010-02-23
50165989,1,0,2023-03-31
60896899,1,0,2025-05-19
58361241,1,0,2024-12-05
30019304,2,1,2018-03-16
54347998,1,0,2024-03-15
60970383,1,0,2025-05-23
57775963,1,0,2024-10-21
59501172,1,0,2025-02-17
57690289,1,0,2024-10-15
31454413,1,0,2018-08-13
51375888,1,0,2023-07-11
61744851,1,0,2025-07-15
27338316,2,2,2017-02-01
41385528,1,0,2021-03-29
57284386,1,0,2024-09-13
61286496,1,0,2025-06-12
18459348,17,2,2013-05-17
60373261,1,0,2025-04-11
54293228,2,1,2024-03-12
46649339,1,0,2022-06-03
54748311,2,1,2024-04-16
43593867,1,0,2021-09-21
24813971,1,0,2016-02-26
07096005,3,1,2004-11-09
54812778,1,0,2024-04-19
09425721,2,1,2008-03-05
37631858,1,0,2020-07-06
24250935,1,0,2016-02-16
10357146,3,2,2008-07-25
62697780,1,0,2025-09-12
50563707,2,2,2023-05-05
19700445,3,2,2014-02-05
37755223,1,0,2020-07-16
59454765,1,0,2025-02-13
61455138,1,0,2025-06-25
54946882,1,0,2024-04-30
60126431,1,0,2025-03-27
50206037,1,0,2023-04-04
55085291,1,0,2024-05-10
48834101,1,0,2022-12-07
13530574,2,2,2011-03-22
63139271,1,0,2025-10-10
30213222,1,0,2018-04-12
57285794,1,0,2024-09-13
36392608,1,0,2020-02-14
22073273,1,0,2015-03-11
62993743,1,0,2025-10-01
64062790,1,0,2025-12-15
55932880,1,0,2024-07-15
54233434,1,0,2024-03-07
03720390,2,1,2000-03-24
62784888,2,1,2025-09-18
14688665,18,3,2011-11-18
14241501,3,2,2011-08-05
52542261,2,2,2023-10-16
50160016,2,2,2023-03-31
53313796,1,0,2023-12-27
09450662,2,2,2008-02-22
23960907,1,0,2024-08-07
56137551,2,1,2024-07-29
60440205,2,2,2025-04-16
54434708,2,2,2024-03-22
59329294,1,0,2025-02-06
33251285,2,1,2019-02-22
57599657,1,0,2024-10-08
22964948,2,1,2015-07-17
11366442,2,1,2009-11-20
31892877,1,0,2018-10-19
29876952,2,2,2018-02-27
61443752,2,2,2025-06-25
10556897,1,0,2008-12-19
60954795,2,0,2025-05-22
01996975,2,2,1997-07-16
50444003,2,1,2023-04-25
41686630,1,0,2021-04-23
45436146,1,0,2022-02-24
62413937,1,0,2025-08-26
33344971,1,0,2019-03-19
56186705,1,0,2024-07-31
25340568,4,1,2016-07-27
63186502,1,0,2025-10-14
05946480,2,0,2013-12-11
26926745,1,0,2016-12-20
24865430,1,0,2016-05-04
51695684,1,0,2023-08-04
58517505,1,0,2024-12-19
27498782,1,0,2016-11-21
24890044,3,3,2016-05-04
61031199,2,2,2025-05-27
38322886,1,0,2020-09-02
14425784,2,1,2011-09-06
47569386,1,0,2022-08-15
61241679,1,0,2025-06-10
03914275,3,3,2000-07-05
52945737,1,0,2023-11-21
41127533,1,0,2021-03-08
46800167,1,0,2022-06-15
60776905,1,0,2025-05-12
40365022,1,0,2021-01-12
38828204,1,0,2020-09-24
00241316,2,1,1994-07-01
44181590,1,0,2021-11-09
62834624,1,0,2025-09-22
09194859,2,1,2007-10-24
63012285,1,0,2025-10-02
53800217,1,0,2024-02-05
54044097,1,0,2024-02-23
56040026,1,0,2024-07-23
55315122,3,3,2024-05-28
25014329,1,0,2016-06-08
48271476,1,0,2022-10-13
26464578,2,1,1991-01-21
19842852,1,0,2014-02-05
46317057,2,1,2022-05-09
52542367,1,0,2023-10-16
23130276,1,0,2016-02-04
41609932,2,0,2021-04-16
62363117,1,0,2025-08-22
52013886,2,2,2023-08-30
35749387,1,0,2019-12-09
51719178,1,0,2023-08-07
57260790,1,0,2024-09-12
34563873,1,0,2019-08-16
22359685,2,2,2015-04-01
32779087,2,1,2019-02-01
27782411,1,0,2017-04-10
62236280,1,0,2025-08-14
59401783,1,0,2025-02-11
56226792,1,0,2024-08-02
24911184,1,0,2016-02-26
60127147,1,0,2025-03-27
28692014,1,0,2017-08-29
62524279,1,0,2025-09-02
53781415,11,1,1997-09-06
47318235,2,2,2022-07-27
35289221,2,0,2019-10-23
05885911,5,1,2002-10-18
44588464,1,0,2021-12-14
54496615,2,2,2024-03-27
59952120,2,2,2025-03-18
59545014,1,0,2025-02-19
27924662,3,3,2017-05-17
57508667,1,0,2024-10-01
15407386,1,0,2012-02-10
59160947,1,0,2025-01-29
59400612,1,0,2025-02-11
48079114,1,0,2022-09-26
63084066,1,0,2025-10-07
36316209,2,1,2020-02-10
31405333,1,0,2018-08-24
13029093,2,1,2009-07-27
47026827,1,0,2022-07-05
31565636,1,1,2018-09-20
28379141,2,0,2017-07-31
50199650,1,0,2023-04-04
08822630,2,2,2007-04-11
42500547,1,0,2021-06-28
39406446,1,0,2020-10-13
48821697,1,0,2022-12-06
36981573,1,0,2016-07-06
58415479,1,0,2024-12-10
56956853,1,0,2024-08-21
62528813,1,0,2025-09-02
26988500,1,0,2016-12-20
55393635,1,0,2024-06-04
48823526,1,0,2022-12-06
62382116,1,0,2025-08-25
01650515,69,1,1997-01-22
56701057,2,2,2024-08-14
26445650,10,5,2000-03-01
01922436,2,1,1997-06-11
30575623,2,2,2017-05-17
02114804,5,1,1997-09-19
28272992,1,0,2017-07-04
61327644,1,0,2025-06-16
58413252,1,0,2024-12-10
54876310,1,0,2024-04-24
17242259,3,2,2012-11-21
62654062,1,0,2025-09-10
50861820,1,0,2023-05-29
54275249,1,0,2024-03-11
45509504,1,0,2022-03-03
04329675,2,2,2001-02-06
60551152,2,2,2025-04-25
59667032,1,0,2025-02-26
55655900,1,0,2024-06-24
63615740,1,0,2025-11-11
49951158,1,0,2023-03-15
62937825,1,0,2025-09-29
54996816,2,2,2024-05-03
49085048,1,0,2023-01-06
28691763,1,0,2016-06-08
64281705,1,0,2025-12-30
64111837,1,0,2025-12-18
07872688,1,0,2006-01-10
62898787,1,0,2025-09-25
44586399,2,2,2021-12-14
62615782,2,0,2025-09-08
55506021,1,0,2024-06-12
28818278,1,0,2017-08-31
35211000,1,0,2019-09-23
52025882,1,0,2023-08-31
62193141,1,0,2025-08-12
57625111,1,0,2024-10-09
52940468,1,0,2023-11-20
60323157,2,1,2025-04-09
29300543,1,1,2017-11-27
13945011,2,1,2011-06-30
40701018,1,0,2021-02-03
51924307,2,1,2023-08-23
26389143,1,0,2016-05-25
41484715,1,0,2021-04-07
51233553,1,0,2023-06-29
53026502,1,0,2023-11-28
22770913,2,2,2015-06-08
60543061,1,0,2025-04-25
27517935,1,0,2017-02-17
52025599,1,0,2023-08-31
61182324,1,0,2025-06-05
48752334,1,0,2022-11-29
40396475,1,0,1992-02-13
62115622,1,0,2025-08-07
46493996,1,0,2022-05-23
29106828,2,0,2017-10-23
61863199,2,2,2025-07-22
47336121,1,0,2022-07-28
57777350,1,0,2024-10-21
63338786,1,0,2025-10-23
51014586,1,0,2023-06-12
00993102,2,2,1995-11-06
64115052,1,0,2025-12-18
55859288,1,0,2024-07-09
51628705,1,0,2023-07-31
47666258,1,0,2022-08-22
38354818,1,0,2020-09-04
55975209,1,0,2024-07-17
45761984,1,0,2022-03-23
46852917,1,0,2022-06-21
52127480,1,0,2023-09-11
60894957,6,1,2025-05-19
50514927,1,0,2023-05-02
30816728,2,2,2018-06-27
52007144,1,0,2023-08-30
53802644,1,0,2024-02-05
53986321,1,0,2024-02-20
32477856,6,2,2018-11-28
28648230,1,0,2017-07-31
62235143,2,1,2025-08-14
64058459,1,0,2025-12-11
08826734,2,2,2007-04-16
40945356,2,2,2021-02-22
02010429,2,2,1988-09-02
31454124,2,2,2018-08-20
29043365,5,1,2017-10-24
33608988,1,0,2019-04-08
37927557,1,0,2020-07-31
25127422,1,0,2016-06-08
59331309,2,2,2025-02-06
58324249,1,0,2024-12-03
44719761,1,0,2022-01-03
59482236,1,0,2025-02-14
58546744,1,0,2024-12-23
36130815,1,0,2020-01-24
25274955,1,0,2016-07-14
42278679,1,0,2021-06-10
57487801,1,0,2024-09-30
47665726,1,0,2022-08-22
45089894,1,0,2022-01-31
45955506,1,0,2022-04-07
51125796,1,0,2023-06-21
55438921,1,0,2024-06-07
08942883,2,1,2007-05-08
63653382,1,0,2025-11-13
27760747,1,0,2015-02-10
26923884,1,0,2017-01-10
30467703,1,0,2018-05-14
41416338,1,0,2021-03-31
42623123,1,0,2021-07-07
36298228,1,0,2020-02-07
41371056,2,2,2021-03-26
60913096,1,0,2025-05-20
60937047,1,0,2025-05-21
52347748,2,1,2023-09-28
40633408,2,1,2021-01-29
45920138,1,0,2022-04-05
35886975,1,0,2019-11-13
32308209,1,0,2018-11-26
36615392,1,0,2020-03-09
55056365,2,2,2024-05-08
58421514,1,0,2024-12-11
38322564,1,0,2020-09-02
24805044,1,0,2016-04-14
61594369,1,0,2025-07-04
34785340,1,0,2019-09-05
60173599,1,0,2025-03-31
59476513,1,0,2025-02-14
28128811,16,2,2017-06-14
23234833,2,1,2015-08-28
35692947,5,1,2019-11-21
51479694,1,0,2023-07-19
24384474,1,0,2016-02-02
05462770,4,2,2002-10-04
03546244,1,0,1999-09-15
42826256,2,1,2021-07-22
52950925,1,0,2023-11-21
35359044,1,0,2019-10-17
53180541,3,2,2023-12-12
43946077,2,2,2021-10-20
13861200,5,3,2011-06-09
54477219,1,0,2024-03-26
56051350,1,0,2024-07-23
42500368,1,0,2021-06-28
27993921,1,0,2016-04-29
31066621,1,0,2018-06-25
54349174,1,0,2024-03-15
56936459,1,0,2024-08-20
51664618,1,0,2023-08-02
43200366,2,2,2021-08-19
30381119,1,0,2018-05-03
48028554,1,0,2022-09-21
60664812,2,1,2025-05-05
47229106,1,0,2022-07-20
51797394,1,0,2023-08-14
39631415,1,0,2020-10-30
50168612,1,0,2023-03-31
59118663,1,0,2025-01-27
33688230,1,0,2019-05-15
56364366,1,0,2024-08-07
53566643,1,0,2024-01-19
48166125,1,0,2022-10-03
50570827,1,0,2023-05-05
60217055,2,2,2025-04-02
10874699,1,0,2009-05-29
60137317,1,0,2025-03-28
63178475,1,0,2025-10-14
21772833,1,1,2015-01-15
08791850,2,2,2007-04-17
48545673,1,0,2022-11-08
34174671,1,0,2019-07-02
46676039,1,0,2022-06-06
53244520,1,0,2023-12-18
38729168,1,0,2020-09-23
50367585,1,0,2023-04-18
50367736,1,0,2023-04-18
54911574,1,0,2024-04-26
54728409,1,0,2024-04-15
35019992,1,0,2019-09-26
18096007,4,1,2013-04-10
34812421,2,1,2019-08-20
52404314,1,0,2023-10-03
34987894,2,2,2019-09-24
61361400,1,0,2025-06-18
38219927,1,0,2020-08-25
27868921,1,0,2017-04-10
26882101,1,0,2016-11-23
48271291,3,2,2022-10-13
46317694,2,2,2022-05-09
51478244,1,0,2023-07-19
31880762,1,0,2018-09-24
31619684,1,0,2018-09-20
52386511,3,3,2023-10-02
61489556,1,0,2025-06-27
44958960,1,0,2022-01-21
49557144,1,0,2023-02-10
27069718,1,0,2016-12-20
62140781,1,0,2025-08-08
56343539,1,0,2024-08-07
55461132,1,0,2024-06-10
42010404,1,0,2021-05-19
08911787,1,1,2007-05-25
50373686,9,2,2023-06-29
32901423,67,4,1989-06-26
11014700,49,10,2009-07-23
25000254,23,2,2016-05-25
36359475,2,2,2020-02-11
25044327,1,0,2016-06-08
30620084,1,0,2018-05-25
21415103,1,0,2012-08-27
49293037,1,0,2023-01-23
36609025,1,0,2020-03-09
07692309,2,1,2005-07-27
34262518,1,0,2019-07-10
54188366,1,0,2024-03-05
27338238,1,0,2017-03-10
62281333,1,0,2025-08-18
61954125,1,0,2025-07-28
59690102,1,0,2025-02-27
40904240,1,0,2021-02-18
51040086,1,0,2023-06-14
51726403,1,0,2023-08-08
47382504,1,0,2022-08-02
15682039,2,1,2012-06-08
52998908,1,0,2023-11-24
63653104,1,0,2025-11-13
49370285,1,0,2023-01-27
59111032,1,0,2025-01-27
33260278,1,0,2018-09-20
21126174,1,0,2014-07-11
59960049,1,0,2025-03-18
59909803,1,0,2025-03-14
61117080,2,1,2025-06-02
39668670,1,0,2020-11-04
22956227,2,1,2015-07-03
56039633,1,0,2024-07-23
42126978,5,2,2021-05-28
12013663,3,1,2010-05-21
03328142,3,1,1999-08-10
61593431,1,0,2025-07-04
25071487,1,0,2016-02-26
60061022,1,0,2025-03-24
62653384,1,0,2025-09-10
40311012,1,0,2021-01-08
47296446,2,0,2022-07-26
49420679,1,0,2023-02-01
26756293,2,1,2016-03-21
13033703,2,1,2010-10-01
59118112,1,0,2025-01-27
16894447,5,4,2012-08-16
62889695,1,0,2025-09-25
59435617,2,0,2025-02-12
56934556,1,0,2024-08-20
36360565,2,1,2020-02-11
43771152,1,0,2021-10-05
55063434,1,0,2024-05-09
63381940,1,0,2025-10-27
54434283,1,0,2024-03-22
56701597,1,0,2024-08-14
57470589,1,0,2024-09-27
63808097,1,0,2025-11-25
60363853,1,0,2025-04-11
55782292,1,0,2024-07-03
19003498,1,0,2013-08-28
40971600,1,0,2021-02-24
53655871,1,0,2024-01-25
63718846,1,0,2025-11-18
38218255,1,0,2020-08-25
60741402,33,1,1989-12-01
11123632,3,3,2009-08-31
30256864,1,0,2018-03-02
12759736,2,1,2010-10-01
17495256,3,1,2012-12-18
62413048,1,0,2025-08-26
48822659,1,0,2022-12-06
28427463,1,0,2017-07-31
11365126,1,0,2009-11-09
41175896,1,0,2021-03-11
62139526,1,0,2025-08-08
24291126,1,0,2016-01-29
57055052,1,0,2024-08-28
63219048,1,0,2025-10-16
41422256,1,0,2021-03-31
31158563,1,0,2018-05-25
60164730,1,0,2025-03-31
42290303,1,0,2021-06-11
54478819,1,0,2024-03-26
42154411,1,0,2021-05-31
51681717,1,0,2023-08-03
50792374,1,0,2023-05-23
63024927,1,0,2025-10-03
20371568,2,2,2014-05-14
35882967,1,0,2020-01-03
49632224,1,0,2023-02-16
61688316,1,0,2025-07-10
32616960,1,0,2018-12-18
55056269,1,0,2024-05-08
39423687,1,0,2020-10-14
61724160,1,0,2025-07-14
26655827,1,0,2016-11-04
52254940,1,0,2023-09-20
57469924,1,0,2024-09-27
04835160,2,1,2001-10-25
55721562,1,0,2024-06-28
36571713,1,0,2020-03-05
64009937,1,0,2025-12-09
44153350,1,0,2021-11-08
52025310,1,0,2023-08-31
64107100,1,0,2025-12-15
51016484,1,0,2023-06-12
55193194,1,0,2024-05-20
54987262,1,0,2024-05-03
29876957,2,2,2018-02-27
62881593,1,0,2025-09-24
18152641,2,1,2013-04-10
57187662,1,0,2024-09-06
59435927,1,0,2025-02-12
12521087,2,2,2010-09-02
52356077,1,0,2023-09-28
14799870,1,1,2011-12-13
34248876,1,0,2019-02-22
52201335,1,0,2023-09-15
28929854,2,0,2017-10-09
48130834,1,0,2022-09-29
34112002,1,0,2019-06-14
63658135,1,0,2025-11-13
08359272,2,1,2006-08-31
50313350,1,0,2023-04-13
41097590,1,0,2021-03-04
33987995,1,0,2019-06-04
54130362,1,0,2024-02-29
52444889,1,0,2023-10-05
28097443,1,0,2017-06-28
63113608,1,0,2025-10-09
61863624,2,1,2025-07-22
17503983,2,2,2012-10-01
18735780,2,1,2013-02-25
24414743,1,0,2016-02-04
54806157,1,0,2024-04-19
60165069,1,0,2025-03-31
49203975,1,0,2023-01-16
23621421,1,0,2015-09-01
46731776,1,0,2022-06-09
26655645,1,0,2016-11-21
49497835,4,1,2023-02-07
46727785,2,1,2022-06-09
53019910,4,4,2023-11-27
61775957,1,0,2025-07-16
52946349,1,0,2023-11-21
54312167,1,0,2024-03-13
08157444,2,1,2006-06-23
16884208,1,0,2012-06-26
50096836,1,0,2023-03-27
56932803,1,0,2024-08-20
23234708,1,0,2015-08-13
49215682,18,1,2023-01-17
53442912,1,1,2024-01-10
29087537,1,0,2017-10-23
48886161,1,0,2022-12-14
49627911,1,0,2023-02-16
48546222,2,2,2022-11-08
02937763,2,2,1998-10-16
51664336,2,1,2023-08-02
35004771,1,0,2019-09-23
06155674,3,2,2019-08-02
58240000,1,0,2024-11-26
60860382,1,0,2025-05-16
01165779,2,1,1996-04-29
21820533,2,1,2014-12-18
36616041,1,0,2020-03-09
46348608,2,2,2022-05-11
58062699,1,0,2024-11-11
42985886,1,0,2021-08-04
41648843,1,0,2021-04-20
63190692,1,0,2025-10-14
64074261,1,0,2025-12-16
32689131,1,0,2023-05-23
61041519,1,0,2025-05-28
09247566,2,2,2007-11-07
51059937,1,0,2023-06-15
33901671,2,1,2019-05-15
43140712,1,0,2021-08-16
48578111,1,0,2022-11-10
54633256,1,0,2024-04-08
59117930,1,0,2025-01-27
48303973,1,0,2022-10-17
54766294,1,0,2024-04-17
06819838,1,0,2022-11-22
55265093,1,0,2024-05-24
25237242,1,0,2016-07-14
13328089,1,0,2011-02-08
36933276,1,0,2020-04-14
61071558,1,0,2025-05-29
40656210,1,0,2021-02-01
51484419,1,0,2023-07-19
60720727,1,0,2025-05-07
15300532,12,3,2012-03-23
35692181,1,0,2019-12-03
04499031,2,1,2001-06-06
33201916,2,2,2019-03-20
34174703,1,0,2019-07-01
10199722,2,1,2008-04-30
48284829,1,0,2022-10-14
55968748,1,0,2024-07-17
60016125,1,0,2025-03-21
64006044,1,0,2025-12-05
08606417,3,2,2006-12-18
21268879,2,2,2014-10-10
52692110,1,0,2023-10-27
19726871,2,2,2013-10-28
47405464,1,0,2022-08-03
57878420,1,0,2024-10-29
59976370,3,1,2025-03-19
45504601,2,2,2022-03-03
13156155,2,2,2010-06-08
54427660,1,0,2024-03-21
18851248,1,0,2014-05-13
20495345,1,0,2014-05-13
43385138,1,0,2021-09-02
64020649,1,0,2025-12-10
24359813,1,0,2016-02-26
33325561,1,0,2019-03-20
24805001,1,0,2016-05-16
38729063,1,0,2020-09-23
55656617,1,0,2024-06-24
53329171,1,0,2023-12-29
46876145,2,2,2022-06-22
24194817,2,2,2015-12-23
25163766,1,0,2016-06-27
46259285,1,0,2022-05-04
51128531,1,0,2023-06-21
22343181,1,0,2015-02-19
44586252,2,2,2021-12-14
25022950,1,0,2016-06-08
43193046,2,1,2021-08-19
40059050,2,0,2020-12-09
63807738,1,0,2025-11-25
32190153,1,0,2018-11-26
07450971,2,1,2009-03-11
25050670,1,0,2016-06-08
42169090,4,1,2021-06-01
20733321,3,1,2014-07-02
41177089,4,3,2021-03-11
05516014,2,1,2003-01-30
61455064,1,0,2025-06-25
37518538,1,0,2020-06-24
62236128,1,0,2025-08-14
48513197,1,0,2022-11-04
07790649,1,0,2006-01-04
35700577,1,0,2019-12-02
47500001,2,1,2022-08-10
60397750,1,0,2025-04-14
00661247,3,1,1995-05-02
22506108,2,1,2015-05-08
28599311,2,2,2017-08-14
26508364,1,0,2016-07-28
41364714,1,0,2021-03-26
53210623,1,0,2023-12-15
21772390,1,0,2015-01-08
49558725,1,0,2023-02-10
00490630,5,1,2006-03-27
29478529,1,0,2017-11-27
45955057,2,2,2022-04-07
48051638,2,0,2022-09-22
60890424,1,0,2025-05-19
56030150,1,0,2024-07-22
31416105,2,2,2018-08-29
25023414,3,1,2016-09-22
27911816,1,0,2017-05-19
52868286,1,0,2023-11-13
24172616,1,0,2016-02-03
60322521,1,0,2025-04-09
34014376,1,0,2019-05-15
58096109,1,0,2024-11-13
54071498,1,0,2024-02-26
52838394,2,2,2023-11-09
22206097,2,2,2015-02-23
61579602,1,0,2025-07-03
57941207,1,0,2024-11-01
42784706,1,0,2021-07-20
56186213,1,0,2024-07-31
27187356,1,0,2016-04-12
10759904,1,0,2009-03-23
34275799,1,0,2019-07-01
62225951,1,0,2025-08-14
51128929,1,0,2023-06-21
41774628,1,0,2021-04-30
10761367,3,3,2009-03-03
36160461,1,0,2020-01-27
59193784,1,0,2025-01-30
32531578,2,1,2018-12-11
09002076,2,1,2007-05-14
45587415,1,0,2022-03-09
52127109,1,0,2023-09-11
07944740,2,2,2006-03-28
31415874,2,1,2018-08-24
49294625,1,0,2023-01-23
54373018,1,0,2024-03-18
50118324,1,0,2023-03-28
55581240,1,0,2024-06-18
49938619,1,0,2023-03-14
61909303,1,0,2025-07-24
54497164,1,0,2024-03-27
25308061,1,1,2016-04-20
61680550,1,0,2025-07-10
03260818,3,0,1999-06-21
42093792,1,0,2021-05-26
25172532,1,0,2016-06-08
61179019,1,0,2025-06-05
54731348,1,0,2024-04-15
01116893,10,1,2000-01-19
34622547,2,0,2019-08-12
59509675,1,0,2025-02-17
60221006,1,0,2025-04-02
47697526,2,1,2022-08-24
62961261,1,0,2025-09-30
46209384,2,2,2022-04-29
52023552,1,0,2023-08-31
58311777,1,0,2024-12-02
49946190,1,0,2023-03-15
63120658,2,2,2025-10-09
05198067,1,0,2002-06-26
52385773,1,0,2023-10-02
61949587,1,0,2025-07-28
52505110,1,0,2023-10-11
46532380,2,2,2015-07-30
32017579,1,0,2018-09-24
46064829,1,0,2022-04-18
46594411,1,0,2022-05-30
47406074,1,0,2022-08-03
61800724,1,0,2025-07-17
59327500,1,0,2025-02-06
45332410,1,0,2022-02-17
34976475,1,0,2019-09-16
46494809,1,0,2022-05-23
37001795,1,0,2020-04-24
57638271,1,0,2024-10-10
34786164,1,0,2019-09-05
54423471,1,0,2024-03-21
61489230,1,0,2025-06-27
48591653,1,0,2022-10-20
49997700,3,2,2023-03-20
61707628,1,0,2025-07-11
41245570,3,2,2021-03-17
49039123,1,0,2023-01-03
46518408,1,0,2022-05-24
33874807,2,1,2019-05-17
40339920,1,0,2021-01-11
43192522,1,0,2021-08-19
19744148,2,0,2013-12-04
33243472,1,0,2019-03-07
13782145,2,2,2011-05-26
14869890,2,1,2011-12-22
34472020,2,2,2019-08-08
23337774,1,0,2015-04-30
60498239,1,0,2025-04-23
14140882,3,2,2011-08-09
60396890,2,2,2025-04-14
53025533,1,0,2023-11-28
63082436,1,0,2025-10-07
53458290,1,0,2024-01-11
62353386,1,0,2025-08-22
55212596,1,0,2024-05-21
52604682,2,2,2023-10-20
50527319,1,1,2023-05-03
58407441,1,0,2024-12-10
45396911,1,0,2022-02-22
44458432,3,2,2021-12-02
56102371,1,0,2024-07-26
60439089,1,0,2025-04-16
52901903,1,0,2023-11-16
23480910,2,1,2012-12-05
28589862,1,0,2017-08-22
47154861,1,0,2022-07-14
44959224,3,1,2022-01-21
62761468,1,0,2025-09-17
62992181,1,0,2025-10-01
59675475,1,0,2025-02-26
30177401,1,0,2018-03-27
62210678,1,0,2025-08-13
62793143,1,0,2025-09-18
30533276,2,2,2018-05-14
33299829,1,0,2019-03-19
64079025,1,0,2025-12-16
55362770,1,0,2024-06-03
47105537,1,0,2022-07-11
59194532,1,0,2025-01-30
10901606,2,1,2009-06-03
57769427,1,0,2024-10-21
43814014,1,0,2021-10-07
08321585,1,0,2006-08-31
46819332,1,0,2022-06-17
54698707,1,0,2024-04-11
42022346,1,0,2021-05-20
07597106,1,0,2004-11-09
44342801,1,0,2021-11-23
54275059,1,0,2024-03-11
54711790,1,0,2024-04-12
34014375,1,0,2019-05-27
29812654,1,0,2018-02-02
34289417,1,0,2019-07-01
40435630,1,0,2021-01-18
62115025,1,0,2025-08-07
39716076,1,0,2020-11-09
10701382,5,3,2008-02-18
40815976,1,0,2021-02-11
62992701,3,1,2025-10-01
20087660,2,1,2014-03-25
63158124,1,0,2025-10-13
55087926,2,2,2024-05-10
60527520,30,30,1998-08-11
23876044,2,2,2015-12-16
62613663,1,0,2025-09-08
30587942,1,0,2018-05-02
21868606,1,0,2014-12-08
54196267,1,0,2024-03-05
14122489,2,1,2011-08-04
43563507,9,1,2021-09-17
28097263,1,0,2020-11-13
50797769,1,0,2023-05-24
31082396,2,2,2018-07-17
26350133,1,1,2020-09-24
24561278,2,2,2016-03-10
21812874,3,3,2015-01-15
46778340,1,0,2022-06-14
24028329,2,1,2015-12-04
44199536,1,0,2021-11-10
51728613,1,0,2023-08-08
40839927,1,0,2021-02-12
64266623,1,0,2026-01-05
61748371,1,0,2025-07-15
60391016,2,1,2025-04-14
21858457,1,0,2015-01-15
28659244,1,0,2017-08-22
45880476,2,2,2022-04-01
50876190,2,2,2023-05-30
43240710,1,0,2021-08-23
60372484,1,0,2025-04-11
39819199,1,0,2020-11-17
61631048,1,0,2025-07-07
24625284,2,2,2016-04-06
58311369,1,0,2024-12-02
39315530,1,0,2020-10-05
26227930,2,2,2016-08-17
42582062,2,1,2021-07-05
38153723,1,0,2020-08-19
45583080,1,0,2022-03-09
21604070,2,1,2014-11-21
03971928,4,1,2000-07-13
50287936,1,0,2023-04-12
45879856,1,0,2022-04-01
60971172,1,0,2025-05-23
14828261,1,1,2011-12-13
63425222,1,0,2025-10-29
52095349,1,0,2023-09-06
39850691,1,0,2020-11-19
53763825,1,0,2024-02-01
49226029,1,0,2023-01-17
55230777,1,0,2024-05-22
49083592,1,0,2023-01-06
09336904,4,3,2007-12-21
49421707,1,0,2023-02-01
62837452,1,0,2025-09-22
54954386,1,0,2024-04-30
59223879,1,0,2025-01-31
24723612,2,1,2016-02-26
27111880,1,0,2017-02-07
57507363,1,0,2024-10-01
63828055,1,0,2025-11-26
52747590,1,0,2023-11-01
19912331,1,1,2014-09-19
51424602,1,0,2023-07-14
22445572,1,0,2015-04-24
64187389,1,0,2025-12-29
35819802,11,1,2019-12-18
05648524,4,4,2003-05-08
63246361,2,1,2025-10-17
51696152,1,0,2023-08-04
13821531,4,1,2011-05-06
11827941,1,0,2009-11-11
38375808,2,1,2020-09-08
55719625,1,0,2024-06-28
27088703,2,0,2017-01-27
35810139,1,0,2019-12-16
55108861,1,0,2024-05-13
33008750,1,0,2018-09-14
28946431,2,2,2017-09-20
26540694,3,1,2019-07-16
43508416,2,1,2024-05-03
57497409,1,0,2024-09-30
63426812,1,0,2025-10-29
37116803,4,2,1998-08-18
04765887,1,0,2005-05-16
58136452,1,0,2024-11-18
60750431,1,0,2025-05-09
57136724,1,0,2024-09-03
37557668,1,0,2020-06-29
06166803,2,1,2011-08-08
63094492,1,0,2025-10-08
13697611,2,1,2015-05-15
62581270,1,0,2025-09-05
47683001,11,2,2022-08-23
28735760,2,1,2017-08-29
21773539,2,1,2015-09-03
64075133,1,0,2025-12-16
07346340,2,2,2005-03-15
25033279,1,0,2016-05-25
43565768,3,3,2021-09-17
45856197,2,2,2022-03-31
44289151,1,0,2021-11-18
62991360,1,0,2025-10-01
11706101,4,3,2011-12-21
63514469,1,0,2025-11-04
50608921,2,2,2023-05-09
22513385,3,0,2015-05-05
25308604,2,1,2016-07-20
07712627,2,1,2005-04-15
60501804,1,0,2025-04-23
02560491,2,1,1998-06-05
07142629,2,2,2004-12-07
54482767,1,0,2024-03-26
62444471,1,0,2025-08-28
48581322,1,0,2022-11-10
43822278,2,2,2021-10-08
59268849,1,0,2025-02-04
64119604,1,0,2025-12-16
22741477,2,1,2015-06-08
44925599,1,0,2022-01-19
59195506,1,0,2025-01-30
01908809,1,0,1997-05-21
36760795,1,0,2020-03-24
50098113,1,0,2023-03-27
37022669,1,0,2020-04-28
42917928,1,0,2021-07-29
41472035,2,2,2021-04-06
42689310,1,0,2021-07-13
35502332,1,0,2019-10-14
54812872,1,0,2024-04-19
58412795,1,0,2024-12-10
62579168,1,0,2025-09-05
12467966,2,1,2010-08-06
42836030,2,2,2021-07-23
03239823,3,2,1999-04-14
37768551,1,0,2020-07-17
13131402,2,1,2010-12-27
53567016,1,0,2024-01-19
04947316,3,1,2001-05-23
49225471,2,2,2023-01-17
60220442,1,0,2025-04-02
00590436,4,1,2012-11-14
12971066,3,2,2010-11-04
26288794,3,2,2016-08-17
29364134,4,3,2017-10-02
31415794,1,0,2018-08-21
59455589,2,2,2025-02-13
20979762,3,1,2014-08-21
22456023,2,2,2015-05-05
43723426,1,0,2021-09-30
34189501,1,0,2019-06-24
24395108,1,0,2016-02-12
26389571,2,2,2019-07-02
63985118,1,0,2025-12-09
63928564,1,0,2025-12-03
60597297,1,1,2025-04-29
48823075,1,0,2022-12-06
32049623,1,0,2018-11-05
40065726,1,0,2020-12-09
59436252,1,0,2025-02-12
46819282,1,0,2022-06-17
50544300,1,0,2023-05-04
48966169,1,0,2022-12-23
27847980,1,0,2017-05-17
37927082,1,0,2020-07-31
26446971,5,1,1990-06-01
01072775,7,1,1996-03-01
15776015,6,1,2012-06-05
49836304,1,0,2023-03-07
53180422,1,0,2023-12-12
52997602,1,0,2023-11-24
08244431,7,3,2008-09-22
60344627,2,2,2025-04-10
55393919,1,0,2024-06-04
50033739,1,0,2023-03-22
32282930,2,2,2018-12-06
59401419,1,0,2025-02-11
63051980,1,0,2025-10-06
00692828,6,1,1998-05-14
23537929,2,2,2015-10-16
62586303,2,0,2025-09-05
03874595,6,1,2005-02-15
53704710,1,0,2024-01-29
52347787,1,0,2023-09-28
58213122,1,0,2024-11-25
47361648,1,0,2022-08-01
43142717,2,2,2021-08-16
57171866,1,0,2024-09-05
06074616,2,1,2003-12-11
63789620,1,0,2025-11-24
50030827,1,0,2023-03-22
45612253,1,0,2022-03-11
46819138,1,0,2022-06-17
62470110,1,0,2025-08-29
60899470,1,0,2025-05-19
62990969,1,0,2025-10-01
73655722,6,2,1993-11-09
59404635,1,0,2025-02-11
48887419,2,1,2022-12-14
50803146,2,2,2023-05-24
03193569,1,0,1999-05-31
44925479,1,0,2022-01-19
02572568,2,2,1993-07-15
57877536,1,0,2024-10-29
63715976,1,0,2025-11-18
50893716,2,1,2023-05-31
17187215,4,1,2012-11-19
16943537,2,2,2012-05-25
63094324,1,0,2025-10-08
21744168,1,0,2014-11-06
35399182,5,1,2019-10-31
49222096,1,0,2023-01-17
60280653,2,1,2025-04-07
46610765,1,0,2022-05-31
22889244,2,2,2015-06-26
60208315,4,2,2025-04-02
17493494,1,0,2012-06-20
46595247,1,0,2022-05-30
41985955,1,0,2021-05-18
60603516,1,0,2025-04-29
60851685,1,0,2025-05-15
57777002,1,0,2024-10-21
22422179,2,1,2015-04-29
59211468,1,0,2025-01-31
64318006,1,0,2026-01-07
57055322,1,0,2024-08-28
54580695,1,0,2024-04-03
51329364,1,0,2023-07-06
64081168,1,0,2025-12-16
50273581,1,0,2023-04-11
53192321,2,0,2023-12-13
54994339,3,2,2024-05-03
47564773,1,0,2022-08-15
26287913,2,1,2016-03-21
27371775,6,3,2017-03-08
59511767,1,0,2025-02-17
38299610,2,1,2020-09-01
52303078,2,2,2023-09-25
61347687,1,0,2025-06-17
04027005,1,0,2000-09-04
63911970,1,0,2025-12-02
28713963,1,0,2017-08-29
60972907,1,0,2025-05-23
59268435,1,0,2025-02-04
12587625,1,0,2010-06-08
55122145,1,0,2024-05-14
50109260,1,0,2023-03-28
34518038,2,0,2019-08-12
34592339,1,0,2019-08-14
50750248,1,0,2023-05-19
29574422,1,0,2018-01-25
51081445,2,2,2023-06-16
59193059,1,0,2025-01-30
22976304,1,0,2017-02-21
47755452,1,0,2022-08-29
57528045,1,0,2024-10-02
49610754,1,0,2023-02-15
57870319,1,0,2024-10-28
37059983,1,0,2020-05-04
62234837,1,0,2025-08-14
52127300,1,0,2023-09-11
59193538,1,0,2025-01-30
43192850,1,0,2021-08-19
27135505,1,0,2016-11-21
11656518,1,0,2010-02-23
45316537,1,0,2022-02-16
08846059,34,4,2007-05-21
45353809,1,0,2022-02-18
09579065,3,3,1999-08-25
35579680,1,0,2019-09-23
64198888,1,0,2025-12-30
46977445,1,0,2022-06-30
01140379,1,0,2014-05-14
62680342,1,0,2025-09-11
34929542,1,0,2019-09-16
09386726,2,2,2007-07-11
07961546,2,1,2006-04-24
17538591,2,2,2013-01-07
24835226,1,0,2016-05-06
54334127,1,0,2024-03-14
33608919,1,0,2019-05-07
48904918,1,0,2022-12-15
57283490,1,0,2024-09-13
50434396,1,0,2023-04-25
44443228,1,0,2021-12-01
42460622,1,0,2021-06-24
19905038,1,0,2014-02-05
54986279,1,0,2024-05-03
25305333,1,0,2025-01-23
48658019,1,0,2022-11-18
59566923,1,0,2025-02-20
62473927,1,0,2025-08-29
54813261,1,0,2024-04-19
59037148,1,0,2025-01-22
63403458,1,0,2025-10-28
62656982,1,0,2025-09-10
18764295,1,0,2013-08-08
26625179,2,2,2016-10-07
39834632,1,0,2020-11-18
61757692,1,0,2025-07-15
05205860,5,2,2002-07-24
60980055,1,0,2025-05-23
55860207,1,0,2024-07-09
63405684,1,0,2025-10-28
38383031,2,2,2019-05-09
56261543,1,0,2024-08-05
19420142,2,1,2013-11-08
50151765,1,0,2023-03-30
60820824,1,0,2025-05-14
27545892,1,0,2017-04-10
29032568,1,0,2017-10-23
63492928,1,0,2025-11-03
53328718,1,0,2023-12-29
07800072,3,1,2005-02-17
10729651,2,1,2008-12-29
62034108,1,0,2025-08-01
51884558,1,0,2023-08-21
55504040,1,0,2024-06-12
24424105,2,2,2016-01-20
25161942,1,0,2016-06-08
60018872,1,0,2025-03-21
47910631,1,0,2022-09-12
57285342,1,0,2024-09-13
61600443,1,0,2025-07-04
43609184,2,1,2021-09-22
24471255,1,0,2016-03-15
08026069,3,2,2017-02-02
37080035,1,0,2020-05-06
61970435,1,0,2025-07-29
31544246,3,2,2018-08-28
47894482,1,0,2022-09-09
29489971,1,0,2017-12-15
21577118,1,0,2014-07-11
64384723,1,0,2026-01-09
25206271,1,0,2016-04-29
60220777,1,0,2025-04-02
41196741,1,0,2021-03-12
50168618,1,0,2023-03-31
44964935,1,0,2022-01-21
59531620,1,0,2025-02-18
27011966,1,0,2016-09-02
62471563,1,0,2025-08-29
54704672,1,0,2024-04-12
46987195,1,0,2022-07-01
33337930,1,0,2019-04-08
45988570,1,0,2022-04-11
12341340,7,3,2010-08-02
34785836,1,0,2019-09-05
56051541,1,0,2024-07-23
48213299,1,0,2022-10-06
18382388,1,0,2013-06-06
46129162,2,1,2022-04-25
60324216,1,0,2025-04-09
47277242,2,2,2022-07-25
39266727,2,0,2025-03-27
28427470,1,0,2017-05-26
60912889,1,0,2025-05-20
52867451,1,0,2023-11-13
26388912,1,0,2015-03-20
62223691,1,0,2025-08-14
61737181,1,0,2025-07-14
62413199,1,0,2025-08-26
05407368,2,1,2002-09-18
45056440,1,0,2022-01-28
61196695,1,0,2025-06-06
54727480,1,0,2024-04-15
49437950,1,1,2023-02-02
09495498,2,1,2008-01-18
34069004,1,0,2019-04-05
26570765,1,0,2016-06-01
61196322,1,0,2025-06-06
41371338,1,0,2021-03-26
00098326,2,1,1994-06-22
61842345,1,0,2025-07-21
63545319,1,0,2025-11-06
08882171,2,1,2001-03-15
27975706,1,0,2017-05-19
26631113,1,0,2016-10-21
47308140,1,0,2022-07-27
45646762,2,2,2022-03-14
58357657,1,0,2024-12-05
45157665,1,0,2022-02-04
58221538,1,0,2024-11-25
61454790,1,0,2025-06-25
30927080,1,0,2017-10-20
59822875,1,0,2025-03-10
27539182,1,0,2017-04-10
32167733,3,1,2018-11-09
60290282,1,0,2025-04-07
61247620,1,0,2025-06-10
61844964,1,0,2025-07-21
42784518,1,0,2021-07-20
35405128,2,2,2019-10-31
46819043,1,0,2022-06-17
44389505,1,0,2021-11-26
53464868,1,0,2024-01-11
55806153,1,0,2024-07-04
63074547,1,0,2025-10-07
34440664,2,1,2019-07-24
45440180,1,0,2022-02-24
29021475,2,2,2017-09-18
32005679,1,0,2018-10-03
55863436,1,0,2024-07-09
57430579,1,0,2024-09-25
61119758,1,1,2025-06-02
62789167,2,2,2025-09-18
53193285,1,0,2023-12-13
59530719,2,2,2025-02-18
29942538,1,0,2018-02-27
35743637,1,0,2019-12-09
49748413,1,0,2023-02-28
43153481,1,0,2021-08-17
50152862,1,0,2023-03-30
36572671,18,2,2020-03-05
21575290,3,1,2014-12-08
37898395,1,0,2020-07-29
03929762,8,1,2000-07-12
62271165,1,0,2025-08-18
10615280,2,1,2008-12-01
12473551,2,2,2010-06-25
39383657,2,2,2020-10-09
37300323,13,4,2020-05-26
01972242,3,2,1997-07-01
11367534,1,0,2009-11-09
45703574,1,0,2022-03-18
08893062,2,2,2007-06-01
20320555,5,1,2014-05-16
40311092,2,2,2025-04-01
46800295,2,1,2022-06-15
50399033,1,0,2023-04-20
43770580,1,0,2021-10-05
21415087,1,0,2012-08-27
42972630,1,0,2021-08-03
43142401,1,0,2021-08-16
57392051,2,2,2024-09-23
58018252,1,0,2024-11-07
63293767,2,1,2025-10-21
57768633,1,0,2024-10-21
59889541,1,0,2025-03-13
39350487,1,0,2020-10-07
57285221,1,0,2024-09-13
38375225,1,0,2020-09-08
59197662,1,0,2025-01-30
51255152,1,0,2023-06-30
14447141,1,0,2011-07-15
57599130,1,0,2024-10-08
27963300,1,0,2017-05-19
56044251,1,0,2024-07-23
50533848,2,2,2023-05-03
47734939,1,0,2022-08-26
54767234,1,0,2024-04-17
54494692,1,0,2024-03-27
63564756,1,0,2025-11-07
45945354,1,0,2022-04-07
59535255,1,0,2025-02-18
41686976,1,0,2021-04-23
45054873,1,0,2022-01-28
55634462,2,1,2024-06-21
49618925,1,0,2023-02-15
46022803,2,1,2022-04-13
35556514,2,0,2019-11-14
40181089,1,0,2020-12-22
40317526,2,1,2021-01-08
47077456,1,0,2022-07-08
10550205,2,1,2011-11-28
48699842,2,1,2022-11-23
60571513,1,0,2025-04-28
49828829,2,1,2023-03-06
31698242,7,1,2018-09-27
37011540,2,2,2020-03-09
31366592,3,3,2018-08-23
63250113,1,0,2025-10-17
42547024,1,0,2021-07-01
50059058,1,0,2023-03-23
51033748,1,0,2023-06-13
26293915,2,1,2021-12-10
28577857,1,0,2017-07-04
31622975,2,1,2018-03-02
48979440,1,0,2022-12-26
52412484,1,0,2023-10-03
61900169,1,0,2025-07-24
63274242,1,0,2025-10-20
21161825,2,2,2014-09-05
43796163,1,0,2021-10-06
28039161,1,0,2017-05-05
47115595,1,0,2022-07-12
53329146,1,0,2023-12-29
51511122,1,0,2023-07-21
33082465,1,0,2019-03-15
48004736,1,0,2022-09-19
51644622,1,0,2023-08-01
46064503,1,0,2022-04-18
60500933,1,0,2025-04-23
54766631,1,0,2024-04-17
62739277,1,0,2025-09-16
40227055,15,2,2020-12-08
44018748,1,0,2021-10-26
10506035,1,0,2008-11-13
35700452,2,0,2019-12-02
49359131,5,2,2023-01-27
52040967,2,2,2023-09-01
37412282,2,2,2020-06-15
63512177,1,0,2025-11-04
26509826,1,0,2016-10-07
27685219,1,0,2017-04-20
63015195,2,2,2025-10-02
00095569,2,2,1994-02-23
04426251,1,0,2010-06-09
43140885,1,0,2021-08-16
23881269,1,0,2015-12-04
54170818,1,0,2024-03-04
53171366,1,0,2023-12-12
45315143,1,0,2022-02-16
57914203,2,0,2024-10-31
64157980,1,0,2025-12-22
51239801,1,0,2023-06-29
26410654,2,2,1990-01-23
34084239,2,1,2019-06-24
56956517,1,0,2024-08-21
24995314,2,1,2016-05-25
46056210,1,0,2022-04-18
38184163,2,1,2020-08-21
35307061,1,0,2019-10-14
36726981,1,0,2020-03-09
52901474,1,0,2023-11-16
23876285,2,2,2015-12-04
33008748,1,0,2019-03-07
40281160,1,0,2021-01-06
50438854,1,0,2023-04-25
57906544,1,0,2024-10-30
63358090,1,0,2025-10-24
38429083,1,0,2020-09-11
55504324,1,0,2024-06-12
54795848,1,0,2024-04-18
51139505,1,0,2023-06-21
59029321,44,4,2025-01-22
02940165,7,3,1998-11-18
18359113,17,1,2013-06-10
50023214,1,0,2023-03-21
32702001,1,0,2019-01-31
54639225,1,0,2024-04-08
48804114,1,0,2022-12-05
50890760,1,0,2023-05-31
03894112,2,2,2000-06-21
00673874,4,4,1995-07-20
45880187,1,0,2022-04-01
29490014,1,0,2017-11-14
05199574,2,1,2002-06-26
29745261,1,0,2017-10-24
22504318,9,1,2015-05-08
25234094,2,1,2016-05-25
57028138,1,0,2024-08-27
31859776,1,0,2018-08-03
42827641,1,0,2021-07-22
63658426,1,0,2025-11-13
42601087,1,0,2021-07-06
32764419,1,0,2019-02-08
25152225,1,0,2016-06-27
55054291,1,0,2024-05-08
54977082,1,0,2024-05-02
50799186,1,0,2023-05-24
62994308,1,0,2025-10-01
59821167,1,0,2025-03-10
50208942,1,0,2023-04-04
32616952,1,0,2018-12-18
35065040,1,0,2019-10-02
50717078,1,0,2023-05-17
00701839,32,6,1984-04-04
09229001,5,2,2011-06-29
64289121,1,0,2026-01-05
57638998,1,0,2024-10-10
21116257,3,3,2014-09-19
02391872,5,1,1998-03-05
38085615,1,0,2020-08-13
72610611,2,2,2003-10-16
12505860,3,3,2010-08-06
52196203,1,0,2023-09-15
39856873,1,0,2020-11-20
50010114,1,0,2023-03-21
26294037,1,0,2016-07-27
34189535,2,1,2019-06-24
58424794,1,0,2024-12-11
53327521,1,0,2023-12-29
53327288,1,0,2023-12-29
61197209,2,1,2025-06-06
31339287,1,0,2018-08-13
36057846,1,0,2020-01-20
13835391,2,1,2010-07-14
58378199,1,0,2024-12-06
41040190,1,0,2021-03-01
59621522,2,1,2025-02-24
51204371,1,0,2023-06-27
63827491,1,0,2025-11-26
38134949,1,0,2020-08-18
49085273,1,0,2023-01-06
35004686,1,0,2019-09-23
63337277,1,0,2025-10-23
58580321,1,0,2024-12-30
61363185,1,0,2025-06-18
51026093,1,0,2023-06-13
43857006,1,0,2021-10-13
30269904,1,0,2018-03-16
17171343,3,1,2013-03-07
13780586,2,0,2011-05-26
63863936,2,2,2025-11-28
31066615,1,0,2018-05-25
35568056,1,0,2019-11-14
14716766,2,1,2011-11-30
25463328,1,0,2016-07-13
27539297,9,2,2017-04-04
14973763,1,0,2011-12-12
42299212,1,0,2021-06-11
60627740,1,0,2025-04-30
47605462,1,0,2022-08-17
51529988,1,0,2023-07-24
38286005,1,0,2020-08-31
42746340,1,0,2021-07-16
32308245,1,0,2018-12-11
43233858,1,0,2021-08-23
61990700,1,0,2025-07-30
42311204,1,0,2021-06-14
44125162,1,0,2021-11-04
54968592,1,0,2024-05-02
46055048,1,0,2022-04-18
51487826,1,0,2023-07-19
08912275,23,1,2007-06-01
64052253,1,0,2025-12-10
53905439,1,0,2024-02-14
52891498,1,0,2023-11-14
17660466,4,2,2012-12-27
41249435,1,0,2021-03-17
54643752,1,0,2024-04-08
59268223,1,0,2025-02-04
62898038,2,2,2025-09-25
04837309,16,2,2001-12-14
45283963,7,3,2022-02-14
60333964,1,0,2025-04-09
07655666,3,2,2005-10-04
40021075,2,2,2020-12-04
18754709,3,2,2013-04-23
09269722,1,0,1999-04-16
45656426,1,0,2022-03-15
49421453,1,0,2023-02-01
29032317,1,0,2017-10-02
37170993,1,0,2019-12-02
63406091,2,1,2025-10-28
28227788,1,0,2017-07-04
02719536,3,1,1998-09-08
50192342,2,1,2023-04-03
63512475,1,0,2025-11-04
32039148,1,0,2018-11-05
32475967,2,0,2019-01-03
16705223,3,2,2012-07-16
35852148,1,0,2019-09-23
20540447,3,1,2014-05-13
31302675,1,0,2018-07-20
20755474,1,0,2014-06-13
43341056,2,1,2011-06-13
50859050,1,1,2023-05-29
55860772,1,0,2024-07-09
25184134,1,0,2016-06-27
24281940,1,0,2016-02-04
52749309,1,0,2023-11-01
59114517,1,0,2025-01-27
61201482,1,0,2025-06-06
31744211,1,0,2018-08-08
23841300,1,0,2015-11-30
26709935,1,0,2016-11-04
08486530,1,0,2006-10-10
55976995,1,0,2024-07-17
60258212,1,0,2025-04-04
31821884,1,0,2018-08-28
33848290,1,0,2019-05-15
36760052,1,0,2020-03-24
60571740,1,0,2025-04-28
22032146,1,0,2015-02-23
11226869,1,0,2009-09-28
60323633,2,2,2025-04-09
45440339,3,3,2022-02-24
04032380,5,2,2004-01-19
43100919,1,0,2021-08-12
38202871,2,1,2020-08-24
04336271,2,1,2009-04-13
43964372,1,0,2015-07-17
59910903,1,0,2025-03-14
00140626,23,1,1999-04-08
10409079,2,2,2008-07-25
55721167,1,0,2024-06-28
37784489,3,2,2020-07-20
61757938,2,2,2025-07-15
52891865,1,0,2023-11-14
62879555,1,0,2025-09-24
23156651,2,1,2015-07-03
57045220,2,2,2024-08-28
09241330,2,1,2007-11-30
54334410,1,0,2024-03-14
55891215,1,0,2024-07-11
51797720,1,0,2023-08-14
52361915,1,0,2023-09-29
60820215,1,0,2025-05-14
17880268,2,2,2013-03-25
51716079,1,0,2023-08-07
53858419,1,0,2024-02-08
58257359,1,0,2024-11-27
44607862,1,0,2021-12-16
45177882,1,0,2022-02-07
50442473,1,0,2023-04-25
48978272,1,0,2022-12-26
03897434,3,1,2010-06-30
30530262,1,0,2017-09-20
62280586,1,0,2025-08-18
49984171,1,0,2023-03-17
53179303,1,0,2023-12-12
61442147,1,0,2025-06-25
04340732,2,1,2001-03-15
48887521,1,0,2022-12-14
27069943,1,0,2016-05-25
51798022,1,0,2023-08-14
22694243,2,1,2015-06-12
22769736,2,1,2015-06-26
40812108,1,0,2021-02-11
32243194,2,0,2017-10-02
37070419,1,0,2020-05-05
34994507,1,0,2019-09-23
63308458,1,0,2025-10-22
47184190,1,0,2022-07-18
14279022,1,1,2012-01-25
53172082,1,0,2023-12-12
61667013,1,0,2025-07-09
62892428,1,0,2025-09-25
55258752,1,0,2024-05-23
57137230,1,0,2024-09-03
54545720,1,0,2024-04-01
16978665,2,1,2012-06-05
04828727,2,1,2001-12-17
54651261,1,0,2024-04-09
35828312,1,0,2019-12-19
39783424,1,0,2020-11-13
63513332,1,0,2025-11-04
48052772,1,0,2022-09-22
58138952,1,0,2024-11-18
22830051,1,0,2013-07-08
27782623,3,2,2017-04-10
11820528,1,0,2019-10-15
35174862,1,0,2019-09-26
50150817,1,0,2023-03-30
59910676,1,0,2025-03-14
34584806,2,2,2019-08-19
47026656,1,0,2022-07-05
47677748,1,0,2022-08-15
02447989,2,2,2004-12-22
35810069,1,0,2019-12-16
34150261,2,1,2019-07-01
10477130,2,1,2009-05-04
51644200,1,0,2023-08-01
30666789,1,0,2018-05-29
49421251,1,0,2023-02-01
57278289,1,0,2024-09-13
38246280,1,0,2020-08-27
35113230,1,0,2019-10-02
26744673,1,0,2016-11-21
31324414,2,1,2018-08-13
36161310,1,0,2020-01-27
13171270,3,3,2010-10-26
52538255,2,2,2023-10-16
64341213,1,0,2026-01-08
43213687,1,0,2021-08-20
57779310,1,0,2024-10-21
36752049,1,0,2020-03-23
46258543,1,0,2022-05-04
31619670,1,0,2018-09-20
53714784,1,0,2024-01-30
56929059,1,0,2024-08-20
17731642,3,2,2012-11-19
61342596,1,0,2025-06-17
60342933,1,0,2025-04-10
60898981,1,0,2025-05-19
27324809,1,0,2017-02-17
60528929,1,0,2025-04-24
15277365,1,0,2011-12-12
20254382,2,1,2014-04-25
50840413,1,0,2023-05-26
55221769,1,0,2024-05-21
37415728,1,0,2020-06-15
58341600,2,0,2024-12-04
04460624,2,1,2001-04-24
52867887,1,0,2023-11-13
51625074,1,0,2023-07-31
61127173,1,0,2025-06-03
44141101,1,0,2021-11-05
15598075,3,1,2012-05-07
50118958,1,0,2023-03-28
15579912,2,1,2012-03-06
57164999,1,0,2024-09-05
57085065,1,0,2024-08-30
34785522,1,0,2019-09-05
31707269,1,0,2018-09-24
17321730,2,1,2012-10-11
63101272,1,0,2025-10-08
48421906,1,0,2022-10-26
43213797,1,0,2021-08-20
55265285,1,0,2024-05-24
58981144,1,0,2025-01-20
47758157,1,0,2022-08-29
63406372,1,0,2025-10-28
64181498,1,0,1990-08-08
63358752,1,0,2025-10-24
60803920,2,2,2025-05-13
67003673,141,11,1992-08-26
16849219,1,0,2012-08-09
37815463,5,2,2020-07-22
47819505,1,0,2022-07-26
28558322,1,0,2017-08-14
26632686,1,0,2016-09-19
41176216,1,0,2021-03-11
38661007,1,0,2020-09-22
39610713,1,0,2020-10-29
28150862,2,2,2017-07-04
15049503,5,2,2011-11-16
61799139,1,0,2025-07-17
63610446,1,0,2025-11-11
46205919,1,0,2022-04-29
50033388,1,0,2023-03-22
61918255,1,0,2025-07-25
51885623,1,0,2023-08-21
26279287,2,1,2016-07-14
51013932,1,0,2023-06-12
50008789,1,0,2023-03-21
32179166,1,0,2018-08-29
44258644,1,0,2021-11-16
36570631,1,0,2020-03-05
03658234,1,0,1989-01-02
37571744,1,0,2020-06-30
38284879,1,0,2020-08-31
62412604,1,0,2025-08-26
53371811,11,7,1984-03-07
62657601,2,1,2025-09-10
57285429,1,0,2024-09-13
02986635,19,1,2010-07-19
49401927,1,0,2023-01-31
50205547,2,0,2023-04-04
45283640,5,1,2022-02-14
49558324,1,0,2023-02-10
43475198,13,2,2021-09-10
43821985,2,2,2021-10-08
48621559,3,1,2022-11-16
46675258,1,0,2022-06-06
62003539,1,0,2025-07-31
54482400,1,0,2024-03-26
41541458,2,1,2021-04-12
47077296,1,0,2022-07-08
48347420,2,2,2022-10-19
62402341,1,0,2025-08-26
47258724,1,0,2022-07-22
37007786,2,1,2020-04-24
26926250,1,0,2017-01-10
24622400,2,1,2016-04-06
07702428,2,1,2005-11-18
33671010,1,0,2019-04-25
34569113,1,0,2019-07-24
63725809,1,0,2025-11-18
41080754,1,0,2021-03-03
60753140,1,0,2025-05-09
63791373,1,0,2025-11-24
55655060,1,0,2024-06-24
05392389,3,1,2002-08-28
50348968,1,0,2023-04-17
59780813,1,0,2025-03-07
42182289,1,0,2021-06-02
30905888,1,0,2018-06-27
54245138,1,0,2024-03-08
22348022,13,4,2015-03-26
43876509,1,0,2021-10-14
03680803,8,1,2000-01-13
26405666,2,2,2016-10-05
37115698,2,2,1997-10-09
34786601,1,0,2019-09-05
62761749,1,0,2025-09-17
48052524,1,0,2022-09-22
44072030,2,1,2021-10-29
26446237,4,3,1998-06-22
29992200,1,0,2018-01-09
53328907,1,0,2023-12-29
10615262,2,2,2011-11-10
22063847,1,0,2015-02-23
54342930,1,0,2024-03-15
51181678,1,0,2023-06-26
56933984,1,0,2024-08-20
47236386,1,0,2022-07-21
13630374,2,1,2011-04-05
60981077,1,0,2025-05-23
48207934,1,0,2022-10-06
52945483,1,0,2023-11-21
63033030,1,0,2025-10-03
55212793,1,0,2024-05-21
27156190,1,0,2016-06-27
36606832,1,0,2020-03-09
43027980,1,0,2021-08-06
57554049,1,0,2024-10-03
21781838,2,0,2015-01-15
39405417,1,0,2026-02-04
28606137,1,0,2017-08-29
63459548,1,0,2025-10-31
04252220,6,2,2000-09-04
37597694,1,0,2020-07-02
23327618,1,0,2015-07-30
43142123,3,1,2021-08-16
41149669,1,0,2021-03-09
54795728,1,0,2024-04-18
12245807,5,1,2010-05-25
46735753,1,0,2022-06-09
18810889,3,3,2015-11-27
44118661,2,1,2021-11-04
50788497,2,1,2023-05-23
57401248,2,1,2024-09-23
46349392,3,2,2022-05-11
52497793,1,0,2023-10-10
54712684,1,0,2024-04-12
42064207,2,2,2021-05-24
47101879,1,0,2022-07-11
34429065,3,3,2019-07-10
08611578,2,1,2006-12-18
26989754,1,0,2017-01-05
31022424,1,0,2018-06-18
44924495,1,0,2022-01-19
59630603,1,0,2025-02-24
59192646,1,0,2025-01-30
54068798,1,0,2024-02-26
28786164,1,0,2017-08-31
42181963,1,0,2021-06-02
24563145,1,0,2016-03-21
55088434,1,0,2024-05-10
43652170,2,1,2012-09-05
27216389,1,0,2016-11-21
63676469,3,2,2025-11-14
41318078,3,1,2021-03-23
26925069,10,3,2016-08-17
48417043,1,0,2022-10-26
37078141,1,0,2020-05-06
12030188,2,2,2010-05-21
26349739,1,0,2016-10-03
50286099,1,0,2023-04-12
04829828,2,1,2001-01-12
48271435,1,0,2022-10-13
53185999,1,0,2023-12-13
19766314,2,2,2010-09-19
02670773,5,1,1998-08-12
33802764,2,0,2019-05-27
53327472,1,0,2023-12-29
34577446,2,2,2016-03-07
24604609,1,0,2016-04-06
63029866,1,0,2025-10-03
61360936,1,0,2025-06-18
59281848,1,0,2025-02-04
46675852,1,0,2022-06-06
49073727,1,0,2023-01-05
25384321,1,0,2016-07-14
62898404,1,0,2025-09-25
44966442,1,0,2022-01-21
34992981,1,0,2019-09-23
48122999,1,0,2022-09-28
61190019,1,0,2025-06-06
33557479,1,0,2016-08-05
30904697,2,0,2018-06-15
61150622,1,0,2025-06-04
31659041,4,1,2018-09-28
48581488,1,0,2022-11-10
24632436,2,2,2016-03-15
40247332,1,0,2021-01-04
54467102,1,0,2024-03-25
09206318,3,2,2007-11-05
25274927,1,0,2016-07-14
29067385,3,3,2017-10-10
52006857,2,1,2023-08-30
24752904,2,1,2016-04-06
43754163,3,0,2021-10-04
45781258,1,0,2022-03-24
59687220,1,0,2025-02-27
42917003,2,2,2021-07-29
50891964,2,2,2023-05-31
57470336,1,0,2024-09-27
19852754,1,1,2014-02-14
63820659,2,1,2025-11-26
61724534,1,0,2025-07-14
63937178,1,0,2025-12-02
24949270,1,0,2016-06-07
62358330,1,0,2025-08-22
05092360,2,2,2002-05-27
56934843,1,0,2024-08-20
50982002,1,0,2023-06-07
97535258,2,1,2011-07-05
27592025,2,1,2017-04-10
42411192,1,0,2021-06-21
37455754,1,0,2020-06-18
52026008,1,0,2023-08-31
54129353,1,0,2024-02-29
54767853,1,0,2024-04-17
29147829,1,0,2017-09-05
35664396,1,0,2019-11-29
52940315,1,0,2023-11-20
32632092,1,0,2019-01-21
10282059,5,5,2015-04-10
03418798,4,2,1999-09-09
42985363,1,0,2021-08-04
43796336,1,0,2021-10-06
15495311,2,1,2011-12-22
43791195,1,0,2021-10-06
07528139,2,1,2005-07-06
63289321,1,0,2025-10-21
12201294,2,1,2010-06-17
58256631,1,0,2024-11-27
43274074,1,0,2021-08-25
35178916,1,0,2021-03-12
60980717,1,0,2025-05-23
47361799,1,0,2022-08-01
46504381,1,0,2026-06-19
62607903,1,0,2025-09-08
21812974,1,0,2015-01-15
48578229,1,0,2022-11-10
60441123,1,0,2025-04-16
57692297,1,0,2024-10-15
27600405,1,0,2017-01-27
34312767,1,0,2019-07-19
12466749,1,0,2010-06-09
42126374,1,0,2021-05-28
35126592,1,0,2019-09-23
53925752,1,0,2024-02-15
61199697,1,0,2025-06-06
34932184,2,2,2019-09-16
64201085,1,0,2025-12-30
52018048,1,0,2023-08-30
25530573,1,0,2016-04-20
53650393,1,0,2024-01-25
08482348,7,2,2006-11-09
14827579,4,2,2011-12-21
45919588,1,0,2022-04-05
51355310,1,0,2023-07-10
24732427,1,0,2016-05-05
37885631,1,0,2020-07-28
46816737,1,0,2022-06-17
38826072,1,0,2020-09-24
36158181,2,2,2020-01-27
49085009,2,2,2023-01-06
23419012,2,2,2015-06-26
51186073,1,0,2023-06-26
58544048,1,0,2024-12-23
60257489,1,0,2025-04-04
48576415,1,0,2022-11-10
24360169,1,0,2016-03-11
57867076,1,0,2024-10-28
23811642,1,0,2015-11-26
24434579,1,0,2016-03-15
61367425,1,0,2025-06-18
42274397,1,0,2021-06-10
45215364,1,0,2022-02-09
28513516,1,0,2017-08-14
21079735,1,0,2014-09-10
31631241,1,0,2018-08-13
39783666,1,0,2020-11-13
49951267,1,0,2023-03-15
46726175,1,0,2022-06-09
55100173,1,0,2024-05-13
56414231,1,0,2024-08-08
47155089,1,0,2022-07-14
49276612,2,2,2023-01-20
47826252,1,0,2022-09-02
24582093,2,1,2016-03-28
24671528,1,0,2016-04-06
29773189,1,0,2018-01-29
31414809,1,0,2018-08-21
61455008,1,0,2025-06-25
61843709,1,0,2025-07-21
64208607,1,0,2025-12-30
61745614,1,0,2025-07-15
55154379,1,0,2024-05-16
32676615,1,0,2018-12-18
52200885,2,2,2023-09-15
26121679,1,0,2016-04-29
24604543,1,0,2016-04-06
44100706,1,0,2021-11-03
48065133,1,0,2022-09-23
56262233,1,0,2024-08-05
59111212,1,0,2025-01-27
58222773,1,0,2024-11-25
30467912,1,0,2018-05-07
02708691,2,1,1987-02-26
42617433,2,1,2021-07-07
31415911,2,2,2018-08-20
45495341,8,2,2022-03-02
62890557,1,0,2025-09-25
60410788,1,0,2025-04-15
52890725,1,0,2023-11-14
34313095,1,0,2019-07-01
11197995,5,1,2009-09-10
48004502,1,0,2022-09-19
62323959,2,1,2025-08-20
49401116,1,0,2023-01-31
35254058,1,0,2019-10-21
61030437,2,1,2025-05-27
33419187,1,0,2019-04-15
57434462,1,0,2024-09-25
42691200,1,0,2021-07-13
53799491,1,0,2024-02-05
61969894,1,0,2025-07-29
55221587,1,0,2024-05-21
27508463,2,2,2017-03-20
48994218,1,0,2022-12-28
28855910,2,2,2017-08-22
25083911,2,1,2015-05-15
59223625,1,0,2025-01-31
55861615,1,0,2024-07-09
50745985,1,0,2023-05-19
12097665,1,1,2010-03-25
01601251,1,0,1985-10-31
38012557,1,0,2020-08-07
49343500,1,0,2023-01-26
35703691,1,0,2019-12-02
37059412,1,0,2020-05-04
14793051,254,6,2011-12-09
47757692,1,0,2022-08-29
53464732,3,3,2024-01-11
11034446,1,0,2009-05-15
23443697,4,1,2015-10-02
42655943,2,1,2021-07-09
20443609,2,1,2016-07-13
59602546,1,0,2025-02-21
58038734,2,0,2024-11-08
45872058,6,2,1979-07-23
58437265,1,0,2024-12-12
28725352,1,0,2017-08-31
52041540,2,2,2023-09-01
35564493,1,0,2019-11-13
28671895,2,2,2017-08-31
47259166,2,2,2022-07-22
32121715,1,0,2018-11-20
54436657,1,0,2024-03-22
54468837,1,0,2024-03-25
03606154,1,0,2000-01-20
61041087,1,0,2025-05-28
14810660,3,1,2011-11-23
49506023,1,0,2023-02-07
03372464,2,1,2000-06-06
30869159,1,0,2018-04-10
25975379,1,0,2016-08-05
45197805,1,0,2022-02-08
62499513,1,0,2025-09-01
34644398,1,0,2019-08-14
60721718,1,0,2025-05-07
41536275,1,0,2021-04-12
49861095,1,0,2023-03-08
45055557,1,0,2022-01-28
52353875,1,0,2023-09-28
41385749,1,0,2021-03-29
