propensao,nome,cnpj,porte,bairro,endereco,idade_anos,unidades,arquetipo,tel_1,tel_1_tipo,tel_1_whatsapp,tel_1_corrigido,tel_2,tel_2_tipo,tel_2_whatsapp,email
0.9200,RENOVE - ESTETICA E IMPLANTES ORAIS,16.803.567/0001-36,EPP,ASA NORTE,"SETOR SCN QUADRA 2 BLOCO D ENTRADA A SALA, 1209, ASA NORTE, CEP 70712000, Brasilia/DF",14,1,especialista_alto_ticket,(61) 9 8179-0097,celular,+5561981790097,sim,,,,renove1209@gmail.com
0.9120,IMPLANTOMED,12.067.091/0001-61,EPP,ASA SUL,"QUADRA SGAS 614, SN, CONJ  C                   SALA  53 55 TERREO, ASA SUL, CEP 70200740, Brasilia/DF",16,1,especialista_alto_ticket,(61) 3202-3656,fixo,+556132023656,,,,,contato@implantomed.com.br
0.9120,VITAL IMPLANTES E TRATAMENTOS DENTARIOS,10.255.802/0001-04,EPP,ASA NORTE,"CONJUNTO SETOR DE DIVERSOES NORTE CONJUNTO A, S/N, SALA  5075 - 5077 - 5079  SALA  5116 - 5118, ASA NORTE, CEP 70077900, Brasilia/DF",18,1,especialista_alto_ticket,(61) 3032-5666,fixo,+556130325666,,,,,adm@vitalclinica.com.br
0.9105,OSTEO IMPLANTE,10.283.428/0001-42,EPP,TAGUATINGA,"QUADRA QNC 07 LOTE 02 LOJAS 01, 02, 03 E 04, S/N, TERREO, TAGUATINGA, CEP 72115570, Brasilia/DF",18,2,multi_unidade,(61) 3036-6116,fixo,+556130366116,,,,,
0.9040,PATRICIA PIZZO ORTODONTIA,18.658.855/0001-70,EPP,NORTE (AGUAS CLARAS),"RUA 5 NORTE LOTE, 3, SALA  414, NORTE (AGUAS CLARAS), CEP 71907720, Brasilia/DF",13,1,marca_pessoal,(61) 3024-1777,fixo,+556130241777,,(61) 9 9904-1777,celular,+5561999041777,patriciapizzoreis@gmail.com
0.9040,INSTITUTO DE ORTODONTIA MACHADO E AUDICAO,02.272.945/0002-79,EPP,ASA NORTE,"SETOR SHN QUADRA 2 BLOCO H, 30, LOJA  65 70 74            SLJ, ASA NORTE, CEP 70702905, Brasilia/DF",17,1,especialista_alto_ticket,(61) 3225-0655,fixo,+556132250655,,,,,brendo@cclcontabilidade.com.br
0.9000,EVERFACE ODONTOLOGIA ESPECIALIZADA,12.007.751/0001-19,EPP,ASA SUL,"SETOR SRTVS QUADRA 701 CONJUNTO L BLOCO 2, S/N, SALA  531                 EDIF  ASSIS CHATEAUBRIAND, ASA SUL, CEP 70340906, Brasilia/DF",16,1,especialista_alto_ticket,(61) 3326-3361,fixo,+556133263361,,,,,institutoer@gmail.com
0.8960,ORTHOS TAGUATINGA,11.438.103/0001-54,DEMAIS,AREAL (AGUAS CLARAS),"QUADRA QS 3 LOTES 03 A 09 LOJA, 06, AREAL (AGUAS CLARAS), CEP 71953000, Brasilia/DF",16,1,especialista_alto_ticket,(61) 3901-2015,fixo,+556139012015,,,,,taguatinga@orthosonline.com.br
0.8940,FABULA ODONTOPEDIATRIA E ORTODONTIA,09.431.884/0001-03,DEMAIS,ASA NORTE,"SETOR SETOR COMERCIAL NORTE, QUADRA 02, BLOCO D, ENTRADA B, SN, SALA  1108 1110 E 1111, ASA NORTE, CEP 70712903, Brasilia/DF",18,2,multi_unidade,(61) 9 9967-5834,celular,+5561999675834,sim,,,,gabimlopes@gmail.com
0.8880,FACES ODONTOLOGIA ESTETICA LTDA,24.396.735/0001-44,EPP,AGUAS CLARAS,"AVENIDA DAS ARAUCARIAS LOTES 1835,1905,1955 E 2005 SALA, 551, EDIF  SHOP AGUAS CLARAS, AGUAS CLARAS, CEP 71936250, Brasilia/DF",10,1,especialista_alto_ticket,(61) 3011-2400,fixo,+556130112400,,,,,contato@facesodontologia.com.br
0.8880,IBI INSTITUTO BRASILIENSE DE IMPLANTODONTIA,22.580.698/0001-02,DEMAIS,ASA SUL,"SETOR SRTVS BLOCO, 0, BLOCO: K; SALA: 732; EDIF: EMBASSY TOWER;, ASA SUL, CEP 70340908, Brasilia/DF",11,1,especialista_alto_ticket,(61) 3541-5562,fixo,+556135415562,,,,,fortecon.contabilidade@gmail.com
0.8840,CRIE ODONTOLOGIA,06.092.065/0001-90,DEMAIS,ASA NORTE,"SETOR SMHN, 44, QUADRA02                  BLOCO C                   SALA  601 602 608 E 609   EDIF  DR. CRISPIM, ASA NORTE, CEP 70710100, Brasilia/DF",22,1,especialista_alto_ticket,(61) 3326-4245,fixo,+556133264245,,,,,admin@crieodontologia.com.br
0.8760,SALLUM - ODONTOLOGIA ESTETICA,18.661.055/0001-08,DEMAIS,ASA SUL,"QUADRA SGAS 616 CONJ A BLOCO B SALAS 231,233 E 235, SN, ASA SUL, CEP 70200760, Brasilia/DF",13,1,especialista_alto_ticket,(61) 3225-0655,fixo,+556132250655,,,,,brendo@cclcontabilidade.com.br
0.8760,CLAUDIO PINHO ODONTOLOGIA,18.256.199/0001-89,DEMAIS,ASA SUL,"SETOR SETOR DE GRANDES AREAS SUL QD 614, S/N, CONJ  C                   SALA  40, ASA SUL, CEP 70200740, Brasilia/DF",13,1,marca_pessoal,(61) 3321-0999,fixo,+556133210999,,,,,gerencia@drclaudiopinho.com.br
0.8720,WV IMPLANTODONTIA,20.600.926/0001-25,DEMAIS,ASA SUL,"QUADRA SRTVS QUADRA, 701, BLOCO K                   SALA  508, ASA SUL, CEP 70340908, Brasilia/DF",12,1,especialista_alto_ticket,(61) 3354-5337,fixo,+556133545337,,(61) 3354-9667,fixo,+556133549667,ecominacontabilidade@uol.com.br
0.8720,TALITA CHIMELI ODONTOLOGIA ESTETICA AVANCADA,17.558.238/0001-30,EPP,ASA SUL,"QUADRA SHLS QUADRA 716 BLOCO F CONJUNTO, 210, ASA SUL, CEP 70390900, Brasilia/DF",13,1,marca_pessoal,(61) 9 8496-7376,celular,+5561984967376,sim,,,,joaquimpinheiro@gmail.com
0.8680,CENTRO CLINICO DE ORTODONTIA GOMIDE LTDA,09.297.726/0001-02,EPP,ASA SUL,"QUADRA SGAS 610, SN, BLOCO F                   SALA  217 E 218, ASA SUL, CEP 70200700, Brasilia/DF",18,1,especialista_alto_ticket,(61) 3327-0404,fixo,+556133270404,,,,,ortodontiagomide@hotmail.com
0.8680,BICALHO ORTODONTIA,08.195.989/0001-48,EPP,ASA NORTE,"QUADRA SCN QD 02 BL D ENTRADA B, SN, SALAS 321,323 E 325, ASA NORTE, CEP 70712904, Brasilia/DF",20,1,especialista_alto_ticket,(61) 3328-0072,fixo,+556133280072,,,,,jaime.bicalho@terra.com.br
0.8670,IMPLANT CENTER,02.947.854/0001-05,EPP,ASA SUL,"QUADRA SEP/S QUADRA 710/910 CONJUNTO D LOJA, 09, TERREO                    EDIF  CENT CLIN VIA BRASIL, ASA SUL, CEP 70390108, Brasilia/DF",27,1,especialista_alto_ticket,(61) 3224-2882,fixo,+556132242882,,(61) 3443-0402,fixo,+556134430402,adm@implantcenter.com.br
0.8630,CIR PREMIER - CENT DE EXC EM REABILIT E ESTETICA ORAL,38.078.804/0001-86,DEMAIS,LAGO SUL,"SETOR SHIS QI 03 BLOCO G SALA 101, S/N, LAGO SUL, CEP 71605460, Brasilia/DF",32,1,especialista_alto_ticket,(61) 3346-9001,fixo,+556133469001,,(61) 9 9177-0964,celular,+5561991770964,contato@cir.com.br
0.8560,BRASILIA IMPLANTES,13.597.580/0001-98,DEMAIS,ASA NORTE,"SETOR TERMINAL NORTE, BLOCO N, SALAS  115 E, 116, ASA NORTE, CEP 70770100, Brasilia/DF",15,1,especialista_alto_ticket,(61) 3201-6011,fixo,+556132016011,,,,,
0.8560,ORTHO LIFE,17.738.983/0001-60,DEMAIS,ASA SUL,"SETOR SCS QUADRA 01 BLOCO B, 16, SALA  308, ASA SUL, CEP 70308900, Brasilia/DF",13,1,especialista_alto_ticket,(61) 3225-8767,fixo,+556132258767,,,,,
0.8520,IMPLANTO,06.894.189/0001-90,DEMAIS,ASA SUL,"SETOR SGAS QUADRA 613 CONJUNTO E BLOCO A, S/N, SALA  217, ASA SUL, CEP 70200730, Brasilia/DF",22,1,especialista_alto_ticket,(61) 3245-1122,fixo,+556132451122,,,,,
0.8520,SIGA ODONTOLOGIA ESPECIALIZADA,04.960.797/0001-20,DEMAIS,ASA SUL,"SCS QUADRA 07 BLOCO A SALAS 910 E 912, 100, ASA SUL, CEP 70310500, Brasilia/DF",24,1,especialista_alto_ticket,(61) 2099-5454,fixo,+556120995454,,,,,patio@sigaodontologia.com.br
0.8510,AQUARIUM ODONTOLOGIA E HARMONIZACAO,02.729.456/0001-12,DEMAIS,ASA SUL,"SETOR SRTVS QUADRA 701 BLOCO B CONJUNTO D, S/N, SALA  719, ASA SUL, CEP 70340907, Brasilia/DF",28,1,especialista_alto_ticket,(61) 9 9988-1987,celular,+5561999881987,sim,(61) 3202-5858,fixo,+556132025858,saudrr@gmail.com
0.8480,PRIME ESTETICA FACIAL,15.916.061/0001-70,EPP,ASA SUL,"QUADRA SGAS 610, 610, QUADRA610                 CONJ  F                   BLOCO 01                  SALA  T53, ASA SUL, CEP 70200700, Brasilia/DF",14,1,especialista_alto_ticket,(61) 9 9699-9798,celular,+5561996999798,sim,,,,primeimplantesguiados@gmail.com
0.8460,MOYA ORTODONTIA E ORTOPEDIA FACIAL,04.807.338/0001-00,DEMAIS,ASA NORTE,"SETOR SRTVN QUADRA 701, 124, CONJ  C                   SALA  236 ALA A, ASA NORTE, CEP 70719903, Brasilia/DF",24,2,multi_unidade,(61) 3202-5236,fixo,+556132025236,,,,,atendimento@marf.com.br
0.8440,AMAZING HOF,06.091.551/0001-94,ME,SUL (AGUAS CLARAS),"AVENIDA DAS ARAUCARIAS LOTES 1835, 1905, 1955 E, 2005, SALA  566, SUL (AGUAS CLARAS), CEP 71936250, Brasilia/DF",22,1,especialista_alto_ticket,(61) 9 8213-6761,celular,+5561982136761,sim,,,,carvalho@carvalhoempreenderjuridico.com
0.8440,EDUARDO BURGEL PERIODONTIA E IMPLANTES,18.300.662/0001-42,DEMAIS,ASA NORTE,"SETOR SCN - SETOR COMERCIAL NORTE, S/N, QUADRA01                  BLOCO F N. 79             SALA  312, ASA NORTE, CEP 70711905, Brasilia/DF",13,1,marca_pessoal,(61) 3081-8888,fixo,+556130818888,,(61) 3081-0811,fixo,+556130810811,eduardoburgel.implantes@gmail.com
0.8400,DF IMPLANTES,12.253.772/0001-14,DEMAIS,ASA SUL,"QUADRA SEP/SUL QUADRA 715/915, CONJUNTO A, BLOCO D, S/N,       CONSULTORIO 421     EDIF  PACINI, ASA SUL, CEP 70390911, Brasilia/DF",16,1,especialista_alto_ticket,(61) 3346-2724,fixo,+556133462724,,(61) 9 7812-3761,celular,+5561978123761,
0.8360,BLU ODONTOLOGIA,21.006.753/0001-84,DEMAIS,ASA NORTE,"SETOR SDN CONJUNTO A SALA, 4017,       CONJUNTO NACIONAL, ASA NORTE, CEP 70077900, Brasilia/DF",12,1,clinica_geral,(61) 3964-0691,fixo,+556139640691,,,,,cleanodontologia.1@gmail.com
0.8360,ORTHOS AGUAS CLARAS ODONTOLOGIA S/S LTDA,11.438.113/0001-90,DEMAIS,AGUAS CLARAS,"AVENIDA AC AVENIDA DAS CASTANHEIRAS LOTE 1250 LOJA 02 TERREO, S/N, AGUAS CLARAS, CEP 71900100, Brasilia/DF",16,1,especialista_alto_ticket,(61) 3901-2000,fixo,+556139012000,,,,,
0.8340,COB CENTRO ODONTOLOGICO DE BRASILIA,20.320.346/0001-84,EPP,ASA SUL,"SETOR SRTVS QUADRA 701 BLOCO K SALA 217 E 218, SN, EDIF  EMBASSY TOWER BSB, ASA SUL, CEP 70340908, Brasilia/DF",12,2,multi_unidade,(61) 9 8175-9394,celular,+5561981759394,sim,(61) 9 8191-9292,celular,+5561981919292,odontologiacobw@gmail.com
0.8325,CENTRO ODONTOLOGICO IMPLANTAR,09.308.505/0001-92,EPP,SAMAMBAIA,"QUADRA QN 320 CONJ 03 LOTE 08 SALA, 101, SAMAMBAIA, CEP 72310000, Brasilia/DF",18,1,especialista_alto_ticket,(61) 3037-1353,fixo,+556130371353,,,,,
0.8320,INSTITUTO ODONTOLOGICO RABELLO DE MORAIS,06.151.555/0001-10,EPP,ASA SUL,"SETOR SEPS EQ 710/910 CONJUNTO D, SN, SALA  431 E 433, ASA SUL, CEP 70390108, Brasilia/DF",22,1,clinica_institucional,(61) 3442-8113,fixo,+556134428113,,(61) 9 9157-9560,celular,+5561991579560,
0.8320,CARPE RISUS ODONTOLOGIA,07.815.088/0001-49,EPP,ASA NORTE,"SETOR SCN QUADRA 05 BLOCO A, S/N, SALA  807, ASA NORTE, CEP 70715900, Brasilia/DF",20,1,clinica_geral,(61) 9 9556-4939,celular,+5561995564939,sim,,,,carperisus2006@gmail.com
0.8320,AMBERGET ODONTOLOGIA,14.483.584/0001-08,DEMAIS,ASA NORTE,"SETOR SGAN QUADRA 607 CONJUNTO A BLOCO A CONSULTORIO 109 E 110, S/N, ASA NORTE, CEP 70830300, Brasilia/DF",14,1,especialista_alto_ticket,(61) 3328-9342,fixo,+556133289342,,,,,cimpbrasilia@gmail.com
0.8320,PRO-SAUDE,10.867.723/0001-46,EPP,ASA NORTE,"SETOR SRTVN QUADRA 701 CONJ C, 124, SALA  705                       ALA B, ASA NORTE, CEP 70719903, Brasilia/DF",17,1,especialista_alto_ticket,(61) 3039-2199,fixo,+556130392199,,(61) 3037-3786,fixo,+556130373786,contato@eekcontabilidade.com.br
0.8285,REDE ODONTO,10.724.666/0001-46,EPP,GAMA,"ÁREA ESPECIAL 20/21, SN, SALA  133, 135, 136 E 137 ANDAR 1, GAMA, CEP 72405922, Brasilia/DF",17,1,especialista_alto_ticket,(61) 3274-2184,fixo,+556132742184,,,,,
0.8280,DUTRA ORTODONTIA E ORTOPEDIA FUNCIONAL DOS MAXILARES LTDA,24.455.710/0001-74,DEMAIS,ASA NORTE,"SETOR SCN QUADRA 02 BLOCO D ENTRADA B SALA 328, S/N, ASA NORTE, CEP 70712903, Brasilia/DF",10,1,especialista_alto_ticket,(61) 3326-4530,fixo,+556133264530,,,,,dutraortodontia@gmail.com
0.8280,CENTRO DE IMPLANTODONTIA AVANCADA,23.205.813/0001-13,DEMAIS,ASA SUL,"SETOR SRTVS, 70, QUADRA701                 CONJ  E                   BLOCO 2/4                 SALA  123 124, ASA SUL, CEP 70340000, Brasilia/DF",11,1,especialista_alto_ticket,(61) 3226-1281,fixo,+556132261281,,,,,loppimarcelo@gmail.com
0.8270,CEDRO CLINICA DE ESTETICA DENTAL E REABILITACAO ORAL,04.478.084/0001-24,EPP,ASA SUL,"SRTV/SUL QUADRA 701 CONJUNTO D BLOCO A, 100, SALAS 407 E 409, ASA SUL, CEP 70340000, Brasilia/DF",25,1,especialista_alto_ticket,(06) 1321-1799,fixo,+550613211799,,,,,
0.8245,ORTHO ART STUDIO,37.441.410/0001-88,EPP,ASA SUL,"SETOR SAUS QUADRA 01 BLOCO N SALA 905, SN, ASA SUL, CEP 70070941, Brasilia/DF",6,1,especialista_alto_ticket,(61) 3201-3212,fixo,+556132013212,,,,,
0.8240,021 DENTAL CONJUNTO NACIONAL BRASILIA ODONTOLOGIA,25.025.613/0001-04,EPP,ASA NORTE,"SETOR SDN, CONJUNTO NACIONAL BRASILIA, SALA, 6041, EDIF  TORRE AZUL, ASA NORTE, CEP 70077900, Brasilia/DF",10,1,clinica_geral,(61) 9 9195-1731,celular,+5561991951731,sim,,,,marcelosalomao_@hotmail.com
0.8230,ESTETICA E PERIODONTIA BUCAL,00.254.275/0001-51,DEMAIS,ASA SUL,"SETOR SEUPS ENTREQUADRAS 715/915, CONJUNTO A, BLOCO D, S/N,       CONSULTORIO 418     EDIF  PACINI, ASA SUL, CEP 70390155, Brasilia/DF",31,1,especialista_alto_ticket,(61) 3346-3545,fixo,+556133463545,,,,,
0.8205,ORTODONTIC CENTER,14.165.437/0001-90,EPP,SAMAMBAIA SUL,"QUADRA QN 318 CONJUNTO 02 LOTE 02 LOJA, 02B, SAMAMBAIA SUL, CEP 72308702, Brasilia/DF",15,1,especialista_alto_ticket,(61) 3371-5965,fixo,+556133715965,,,,,
0.8200,HANDS ODONTOLOGIA,06.185.687/0001-63,EPP,ASA SUL,"QUADRA SGAS 607 CONJUNTO B CONSULTORIO 29 E, 30, ASA SUL, CEP 70200670, Brasilia/DF",22,1,clinica_institucional,(61) 9 8138-9847,celular,+5561981389847,sim,,,,contato@handsodontologia.com.br
0.8170,AQUARELA CENTRO DE ORTODONTIA,24.902.702/0001-29,EPP,ASA NORTE,"QUADRA SCN QUADRA 5, 50, BLOCO A                   SALA  1324/1325/1326, ASA NORTE, CEP 70715000, Brasilia/DF",38,2,multi_unidade,(61) 9 8383-0333,celular,+5561983830333,sim,,,,aquarelaortodontia@gmail.com
0.8165,ORTO MAIS IMPLANTES,17.820.495/0001-06,EPP,SETOR CENTRAL (GAMA),"SETOR SCC PROJECAO 9, SN, QUADRACENTRAL             SALA  705 707 709 E 711, SETOR CENTRAL (GAMA), CEP 72404090, Brasilia/DF",13,1,especialista_alto_ticket,(61) 9 8242-5333,celular,+5561982425333,sim,,,,
0.8160,SEDAODONTO,05.058.559/0001-96,ME,ASA NORTE,"SETOR SRTVN QUADRA 701 CONJUNTO C N 124, SALAS 309, 311 E 313,, S/N,       ALA B, ASA NORTE, CEP 70719030, Brasilia/DF",24,1,especialista_alto_ticket,(61) 3326-2220,fixo,+556133262220,,,,,implants@gruponascimento.com
0.8085,"LEVITE ODONTOLOGIA, SAUDE E ESTETICA INTEGRADA LTDA",34.056.350/0001-91,DEMAIS,ASA NORTE,"SETOR SD/N CONJUNTO A, SN, SALA  4012, ASA NORTE, CEP 70077900, Brasilia/DF",7,1,especialista_alto_ticket,(61) 9 9909-0431,celular,+5561999090431,sim,,,,patydaisson@yahoo.com.br
0.8085,CENTRO ODONTOLOGICO IMPLANTAR,18.434.643/0001-09,EPP,TAGUATINGA SUL (TAGUATINGA),"QUADRA QSC 18 LOTE, 27, LOJA  03, TAGUATINGA SUL (TAGUATINGA), CEP 72016180, Brasilia/DF",13,1,especialista_alto_ticket,(61) 3208-4100,fixo,+556132084100,,,,,fernandomelo2016@gmail.com
0.8080,INSTITUTO HORIZZON OM,24.925.220/0001-94,DEMAIS,SUL (AGUAS CLARAS),"AVENIDA JEQUITIBA LOTE 585 LOJA, 102, SUL (AGUAS CLARAS), CEP 71929540, Brasilia/DF",10,1,clinica_institucional,(61) 3702-1555,fixo,+556137021555,,,,,financeirohorizzon@gmail.com
0.8080,IMP - ODONTO,22.657.041/0001-98,EPP,NORTE (AGUAS CLARAS),"AVENIDA PAU BRASIL LOTE, 06, SALA  1001 E 1002               1011 E 1012, NORTE (AGUAS CLARAS), CEP 71916500, Brasilia/DF",11,1,clinica_institucional,(61) 9 9999-9999,celular,+5561999999999,sim,,,,tatiana@grupocontatocontabilidade.com.br
0.8070,ESTETICA INTEGRADA,04.017.394/0001-41,DEMAIS,ASA NORTE,"QUADRA CLN 202 BLOCO B, SN, LOJA  37                  SUBSL SUBSOLO, ASA NORTE, CEP 70832525, Brasilia/DF",26,1,especialista_alto_ticket,(61) 3201-4040,fixo,+556132014040,,,,,
0.8070,CS - ODONTOPEDIATRIA E ORTODONTIA,01.273.183/0001-81,EPP,ASA NORTE,"SETOR SC/NORTE, QUADRA 05, BLOCO A,, 50, SALA   508, ASA NORTE, CEP 70715900, Brasilia/DF",30,1,especialista_alto_ticket,(61) 3328-9501,fixo,+556133289501,,,,,
0.8045,CIOB,05.431.576/0001-27,EPP,SETOR SUL (GAMA),"QUADRA QUADRA 5, 04, LOTE  05 LOJAS 02, SETOR SUL (GAMA), CEP 72410300, Brasilia/DF",23,1,especialista_alto_ticket,(61) 3563-7612,fixo,+556135637612,,,,,
0.8045,EXCELENCIA ODONTOLOGIA,13.498.687/0001-89,EPP,RIACHO FUNDO,"QUADRA QN 07, AREA ESPECIAL 01, S/N, SALA  101/102 E 109/110, RIACHO FUNDO, CEP 71805731, Brasilia/DF",15,1,especialista_alto_ticket,(61) 9 8441-4040,celular,+5561984414040,sim,,,,
0.8045,ORTHO TRAUMA,18.688.888/0001-62,DEMAIS,TAGUATINGA SUL (TAGUATINGA),"AREA QSE AREA ESPECIAL 01/17, SN,       BLOCO A                   CONSULTORIO 09      TERREO, TAGUATINGA SUL (TAGUATINGA), CEP 72025001, Brasilia/DF",13,1,especialista_alto_ticket,(61) 9 8228-2082,celular,+5561982282082,sim,,,,bernardocolnaghi@hotmail.com
0.8040,ODONTOTAL,05.525.628/0001-24,EPP,ASA SUL,"SGA/SUL QD 607 CONJ B CONSULTORIOS 10/14, S/N, TERREO, ASA SUL, CEP 70200670, Brasilia/DF",23,1,clinica_geral,(61) 3244-5566,fixo,+556132445566,,,,,contato@odontotal.com.br
0.8040,CLINICA SMILE CENTER,07.836.557/0001-06,EPP,ASA NORTE,"QUADRA SETOR HOTELEIRO NORTE QUADRA 02 BL H LOJAS 87 E 91 SOBRELOJA, 30, ASA NORTE, CEP 70702000, Brasilia/DF",20,1,clinica_institucional,(61) 3327-0046,fixo,+556133270046,,,,,dr.marcos@smilecenter.com.br
0.8040,AURA ODONTOLOGIA,08.344.971/0001-60,ME,ASA NORTE,"SETOR SCN QUADRA 5 BLOCO A ENTRADA, 50, SALA  708, ASA NORTE, CEP 70715010, Brasilia/DF",19,1,especialista_alto_ticket,(61) 3033-5979,fixo,+556130335979,,,,,auraodontologia@gmail.com
0.8000,VERTHO ODONTOLOGIA ESPECIALIZADA,06.154.401/0001-82,DEMAIS,ASA NORTE,"SD/NORTE CONJUNTO A SALA, 4.098, CONJUNTO NAC BRASILIA, ASA NORTE, CEP 70077900, Brasilia/DF",22,1,clinica_institucional,(61) 613998138,indefinido,,,,,,contelb@contelb.com.br
0.8000,HUMANIZA ODONTOLOGIA ESPECIALIZADA,13.068.898/0001-81,DEMAIS,ASA NORTE,"QUADRA SMHN QD 02 BL C SALAS 314/315, SN, ASA NORTE, CEP 70710149, Brasilia/DF",15,1,clinica_institucional,(61) 3327-1629,fixo,+556133271629,,,,,humanizaodonto@gmail.com
0.8000,CLINICA ELIANA MORESCHI ODONTOLOGIA,04.679.624/0001-38,DEMAIS,ASA NORTE,"SETOR MED. HOSP. NORTE QUADRA 02 BLOCO C, 44, SALA  1416 E 1417, ASA NORTE, CEP 70710100, Brasilia/DF",24,1,clinica_geral,(61) 3326-8424,fixo,+556133268424,,,,,
0.7990,E & M ODONTO,01.310.078/0001-75,EPP,ASA SUL,"SETOR SRTV/SUL QUADRA 701 CONJUNTO D BLOCO A, 100, SALAS 708 E 710, ASA SUL, CEP 70340907, Brasilia/DF",37,1,especialista_alto_ticket,(61) 3226-7126,fixo,+556132267126,,,,,
0.7990,CLINICA TIZIOTTI,24.889.750/0001-24,EPP,ASA SUL,"SETOR SBS QUADRA 2 BLOCO S LOTE 1, 14, SALA: 212;, ASA SUL, CEP 70070904, Brasilia/DF",38,1,especialista_alto_ticket,(61) 3242-0192,fixo,+556132420192,,,,,
0.7980,BANTIM ESTETICA ORAL,09.813.856/0001-50,ME,ASA SUL,"SETOR SETOR SRTVS QD 701, CONJUNTO D, BLOCO A, SN, SALA  203                 SALA  205                 SALA  207, ASA SUL, CEP 70340907, Brasilia/DF",18,2,multi_unidade,(61) 9 9648-5771,celular,+5561996485771,sim,,,,ab2contabilidade@gmail.com
0.7965,REDE ODONTO,09.060.675/0001-09,DEMAIS,SOBRADINHO,"QUADRA 06 AREA RESERVADA, AR04, SALA  401                 SALA  402                 SALA  403                 SALA  413, SOBRADINHO, CEP 73026664, Brasilia/DF",19,1,especialista_alto_ticket,(31) 3212-8441,fixo,+553132128441,,,,,retaguarda.sobradinho@redeodonto.com.br
0.7965,IOL ORTODONTIA,05.562.679/0001-26,EPP,TAGUATINGA,"CNB 11 LOTE 09 SALAS 404, 405 E 406, S/N, TAGUATINGA, CEP 72115115, Brasilia/DF",23,1,especialista_alto_ticket,(61) 613516784,indefinido,,,,,,
0.7960,QUATRO ODONTOLOGIA,21.909.968/0001-05,DEMAIS,ASA SUL,"SETOR SGAS 610, S/N, CONJ: F; BLOCO: 01; SALA: T-13 T-14 T-15  T-16;, ASA SUL, CEP 70200700, Brasilia/DF",11,2,multi_unidade,(61) 3036-4100,fixo,+556130364100,,(61) 3047-7290,fixo,+556130477290,atendimento@opencontabil.com
0.7960,PERSONNALITE ODONTOLOGIA,15.016.838/0001-40,DEMAIS,ASA NORTE,"SETOR TERMINAL NORTE BLOCO N CONSULTORIOS 216 A, 220, ASA NORTE, CEP 70770130, Brasilia/DF",14,1,clinica_institucional,(61) 3349-8153,fixo,+556133498153,,,,,institutopersonnalite@gmail.com
0.7960,PREMIER ODONTOLOGIA OROFACIAL,24.427.043/0001-16,ME,ASA NORTE,"SETOR SRTVN QUADRA 701 CONJUNTO C, 124, SALA  232 ALA B, ASA NORTE, CEP 70719903, Brasilia/DF",10,1,clinica_geral,(61) 3024-8571,fixo,+556130248571,,,,,premier@odontologiapremier.com
0.7960,IMPLANTO PRIME,26.058.181/0001-09,ME,ASA SUL,"SETOR SCS QUADRA 6 SUL BLOCO A NUMERO 141 SALA, 205, ASA SUL, CEP 70306000, Brasilia/DF",10,1,especialista_alto_ticket,(61) 3034-1598,fixo,+556130341598,,,,,admodontoprimebsb@gmail.com
0.7960,AQUARIUS ORTODONTIA,18.950.047/0001-81,ME,ASA NORTE,"SETOR SDN CONJUNTO A, S/N, SALA  6032, ASA NORTE, CEP 70077900, Brasilia/DF",12,1,especialista_alto_ticket,(61) 3033-6087,fixo,+556130336087,,,,,aquariusortodontia@gmail.com
0.7960,GRATONE,21.333.358/0001-06,ME,ASA NORTE,"SETOR SCN QUADRA 01 BLOCO E, 50, SALA  510                       PARTE A             EDIF  CENTRAL PARK, ASA NORTE, CEP 70711903, Brasilia/DF",11,1,especialista_alto_ticket,(61) 3351-5008,fixo,+556133515008,,,,,
0.7925,VITAL IMPLANTES / VITAL CLINICA ODONTOLOGICA / ORAL MED,18.198.904/0001-39,DEMAIS,TAGUATINGA,"QUADRA QSB 02 LOTE, S/N, LOTE  01/02/03/04         SALA  220/222 E 224, TAGUATINGA, CEP 72015901, Brasilia/DF",13,1,especialista_alto_ticket,(61) 3033-1122,fixo,+556130331122,,,,,atendimento@vitalclinica.com.br
0.7920,TBH CENTRO ODONTOLOGICO,10.889.154/0001-30,DEMAIS,NORTE (AGUAS CLARAS),"RUA 5, SN, LOTE  03                  SALA  406, NORTE (AGUAS CLARAS), CEP 71907720, Brasilia/DF",17,1,clinica_institucional,(61) 3967-0442,fixo,+556139670442,,,,,legalizacao@apoiocontadores.com.br
0.7920,AFB CLINICA ODONTOLOGICA LTDA,24.377.323/0001-67,DEMAIS,AGUAS CLARAS,"RUA COPAIBA LOTE, 01,       TORRE A SLS 513E 515, AGUAS CLARAS, CEP 71919900, Brasilia/DF",10,1,clinica_geral,(61) 3226-6883,fixo,+556132266883,,,,,rodriguesmirandacontadores@gmail.com
0.7920,IE ODONTOLOGIA,07.541.715/0001-09,EPP,ASA SUL,"SRTV/SUL QUADRA 701 BLOCO K SALA, 422, ASA SUL, CEP 70340000, Brasilia/DF",21,1,clinica_institucional,(61) 3322-7565,fixo,+556133227565,,,,,
0.7920,MAXXIMUS IMPLANTES,14.238.868/0001-39,ME,ASA NORTE,"SETOR SDN - CNB, SN, CONJ  A                   SALA  6035, ASA NORTE, CEP 70077900, Brasilia/DF",15,1,especialista_alto_ticket,(61) 3033-5995,fixo,+556130335995,,,,,maxximusimplantes@gmail.com
0.7910,CREDENT-CLINICA DE REABILITACAO ESTETICA DENTARIA LTDA,72.582.463/0001-10,EPP,ASA SUL,"SHLS QUADRA 716 CONJUNTO L BLOCO I SALA, 202, ASA SUL, CEP 70390700, Brasilia/DF",32,1,especialista_alto_ticket,(61) 3346-7091,fixo,+556133467091,,(61) 9 9674-1779,celular,+5561996741779,credent@uol.com.br
0.7910,DENTAIRE - ODONTOLOGIA ESTETICA AVANCADA,00.141.891/0001-04,DEMAIS,ASA NORTE,"SETOR SC/NORTE, QUADRA 02, BLOCO D, ENTRADA B, S/N, SALAS 516 E 517, ASA NORTE, CEP 70712903, Brasilia/DF",32,1,especialista_alto_ticket,(61) 3328-6066,fixo,+556133286066,,,,,
0.7910,ORTHOS ODONTOLOGIA LTDA,03.046.009/0001-21,EPP,ASA NORTE,"SETOR SD/NORTE CONJUNTO A SALAS 6023, 6025 E 2027, S/N, ASA NORTE, CEP 70077900, Brasilia/DF",27,1,especialista_alto_ticket,(61) 3901-2000,fixo,+556139012000,,,,,
0.7910,ORTOBRASILIA ORTODONTIA S/S LTDA,04.507.212/0001-10,EPP,ASA NORTE,"QUADRA SCN QUADRA 05 BLOCO A, 50, SALA  906 E 907           ANDAR 9 TORRE SUL, ASA NORTE, CEP 70715900, Brasilia/DF",25,1,especialista_alto_ticket,(61) 9 9868-3904,celular,+5561998683904,sim,,,,ortobrasilia@gmail.com
0.7910,ERTTY ORTODONTIA,03.677.835/0001-79,EPP,LAGO SUL,"SHI/SUL C.L. QI 07 BLOCO C, 71, SLS 103,104,105 E 106, LAGO SUL, CEP 71615205, Brasilia/DF",26,1,especialista_alto_ticket,(06) 1248-0859,fixo,+550612480859,,,,,
0.7885,RUSTON DIAS ODONTOLOGIA PREMIUM,11.016.753/0001-01,EPP,TAGUATINGA CENTRO,"QUADRA CSB 02 LOTES 01/04 - SALA 917 E 919, S/N, TAGUATINGA CENTRO, CEP 72015901, Brasilia/DF",17,1,especialista_alto_ticket,(61) 9 8182-5689,celular,+5561981825689,sim,,,,clinicaimplanta@gmail.com
0.7885,REDE ODONTO,15.013.516/0001-48,DEMAIS,SETOR HOSPITALAR (PLANALTINA),"SETOR HOSPITALAR, SN,       SHD PROJ H          SALA  202 204 206 208 210       E 212 CENTRO, SETOR HOSPITALAR (PLANALTINA), CEP 73310000, Brasilia/DF",14,1,especialista_alto_ticket,(61) 9 8112-6023,celular,+5561981126023,sim,,,,
0.7880,IOE INSTITUTO DE ODONTOLOGIA ESPECIALIZADA,08.923.158/0001-45,DEMAIS,ASA NORTE,"SETOR STN, 30, CONJ  O CONSULTORIOS            220 E 222, ASA NORTE, CEP 70770911, Brasilia/DF",19,1,clinica_institucional,(61) 3349-5659,fixo,+556133495659,,,,,ioe_odontologia@hotmail.com
0.7880,DENTAL DESIGN,08.963.430/0001-10,DEMAIS,ASA NORTE,"QUADRA SQN 212 BLOCO K, 612, ASA NORTE, CEP 70864110, Brasilia/DF",19,1,clinica_institucional,(61) 3322-0002,fixo,+556133220002,,,,,totalodonto111@gmail.com
0.7880,LOE,05.313.098/0001-50,EPP,ASA SUL,"SETOR SRTVS QUADRA 701 CONJUNTO L, 38, BLOCO 01                  SALA  129 E 131, ASA SUL, CEP 70340906, Brasilia/DF",23,1,clinica_institucional,(61) 3131-3131,fixo,+556131313131,,,,,loeadm4@gmail.com
0.7880,IORR - INSTITUTO ODONTOLOGICO ROCHA RAMOS,04.671.937/0001-40,EPP,ASA SUL,"SETOR SAU/SUL QUADRA 3 BLOCO C SALAS 203 A 208 E 209PARTE A, 22, ASA SUL, CEP 70070030, Brasilia/DF",24,1,clinica_institucional,(61) 3224-0931,fixo,+556132240931,,,,,iorrdf@gmail.com
0.7880,IMPLANT & ART ODONTOLOGICA ESPECIALIZADA,11.878.512/0001-71,ME,ASA NORTE,"SETOR COMERCIAL NORTE  QDA 05 BLOCO A, 50,       SALA 327, ASA NORTE, CEP 70715900, Brasilia/DF",16,1,especialista_alto_ticket,(61) 3328-0073,fixo,+556133280073,,,,,
0.7880,VANESSA BILACCHI ODONTOLOGIA E ESTETICA,07.664.106/0001-39,ME,ASA SUL,"SETOR SRTVS CONJUNTO BLOCOS LOTE, SN, QUADRA701 CONJUNTO D      LOTE  05 BLOCO A SALA 203, ASA SUL, CEP 70340907, Brasilia/DF",20,1,marca_pessoal,(61) 3364-1219,fixo,+556133641219,,,,,bilacchiodonto@hotmail.com
0.7880,INSTITUTO DE IMPLANT. E ESTETICA FERNANDO MENICUCCI,07.036.474/0001-32,EPP,ASA SUL,"SHS QD. 06 CONJ. A BL. E, S/N, SALAS  211 E 212, ASA SUL, CEP 70316902, Brasilia/DF",21,1,especialista_alto_ticket,,,,,,,,
0.7870,DENTAL DESIGN,04.213.533/0001-02,EPP,ASA SUL,"QUADRA SCS QUADRA 7 BLOCO A, 100, SALA  1304                EDIF  EXECUTIVO TOWER, ASA SUL, CEP 70307000, Brasilia/DF",25,1,clinica_institucional,(61) 3233-1662,fixo,+556132331662,,,,,financeiro@dentaldesign.com.br
0.7870,LUSTOSA ORTODONTIA,04.243.149/0001-52,ME,ASA NORTE,"SETOR SCN QUADRA 05 BLOCO A, 50, SALA  509 510 E 511, ASA NORTE, CEP 70715900, Brasilia/DF",25,1,especialista_alto_ticket,(61) 3225-4070,fixo,+556132254070,,,,,contato@afinkocontabilidade.com.br
0.7845,ORTOESTETICA AGUAS CLARAS,41.106.652/0001-92,EPP,SUL (AGUAS CLARAS),"RUA IPE AMARELO LOTE, 8, SALA  01 E 02, SUL (AGUAS CLARAS), CEP 71937360, Brasilia/DF",5,1,especialista_alto_ticket,(61) 3553-8393,fixo,+556135538393,,,,,ortoesteticaaguasclaras@gmail.com
0.7845,AURELIANO ODONTOLOGIA E ESTETICA,43.256.268/0001-00,EPP,NORTE (AGUAS CLARAS),"RUA 4 NORTE, LOTE, 02, LOJA  08, NORTE (AGUAS CLARAS), CEP 71907540, Brasilia/DF",5,1,especialista_alto_ticket,(61) 9 9249-2662,celular,+5561992492662,sim,(61) 9 8269-6906,celular,+5561982696906,aurelianoodontologiaeestetica@gmail.com
0.7845,YONARA GONCALVES ODONTOLOGIA ESTETICA,39.794.457/0001-50,EPP,AREA OCTOGONAL,"QUADRA AOS 1 BLOCO G, 214, AREA OCTOGONAL, CEP 70660017, Brasilia/DF",5,1,especialista_alto_ticket,(61) 9 9138-1834,celular,+5561991381834,sim,,,,rgodontologia@outlook.com.br
0.7840,ORALUS,19.438.427/0001-02,DEMAIS,ASA SUL,"SETOR ST COMERCIAL SUL QUADRA 06 BLOCO A, 110, SALA  313                 EDIF  ARNALDO VILLARES, ASA SUL, CEP 70324900, Brasilia/DF",12,1,clinica_geral,(61) 9 8130-0924,celular,+5561981300924,sim,,,,contato@agnusdeicontabil.com.br
0.7840,ORALCLIN,05.159.302/0001-20,EPP,AREA OCTOGONAL,"SETOR AREA ESPECIAL 6/8, S/N, : SHC-AOS E/A 06/08 BLOCO A LOJAS 16,19 E 33;, AREA OCTOGONAL, CEP 70660685, Brasilia/DF",24,1,clinica_institucional,(61) 3361-7345,fixo,+556133617345,,(61) 3039-4646,fixo,+556130394646,
0.7805,CENTRO DE ESTETICA ORAL,22.693.461/0001-20,EPP,SOBRADINHO,"QUADRA QUADRA 6 AREA RESERVADA, 4, SALA  111 E 112, SOBRADINHO, CEP 73025060, Brasilia/DF",11,1,especialista_alto_ticket,(61) 3547-5870,fixo,+556135475870,,,,,esteticaoral104@gmail.com
0.7800,IPO PALMIERI,23.490.930/0001-76,DEMAIS,ASA NORTE,"SETOR SCN QUADRA 2 BLOCO D, S/N,       ENTRADA B           SALA  921 923 925 927 929, ASA NORTE, CEP 70712903, Brasilia/DF",10,1,clinica_institucional,(61) 3326-1131,fixo,+556133261131,,,,,
0.7800,DM IMPLANTUS,12.065.494/0001-71,ME,ASA NORTE,"SETOR COMERCIAL NORTE QUADRA 05 BLOCO A, 50, SALA  1205, ASA NORTE, CEP 70715900, Brasilia/DF",16,1,especialista_alto_ticket,(61) 3963-6100,fixo,+556139636100,,,,,1dm.implantus@gmail.com
0.7800,CLINICA BELA ARTE - ODONTOLOGIA ESTETICA AVANCADA,08.373.594/0001-98,ME,ASA SUL,"SETOR SRTV/SUL, QUADRA 701, CONJUNTO D, BLOCO A,, 100, SALAS 726 E 728, ASA SUL, CEP 70340907, Brasilia/DF",19,1,especialista_alto_ticket,(61) 4501-7171,fixo,+556145017171,,(61) 4501-7171,fixo,+556145017171,
0.7800,CLINICA ORTHOLIFE JK,17.968.319/0001-08,ME,ASA SUL,"SETOR SCS QUADRA 01 BLOCO B NUMERO, 16, SALA  309, ASA SUL, CEP 70308900, Brasilia/DF",13,1,especialista_alto_ticket,(61) 3225-8767,fixo,+556132258767,,,,,
0.7800,ODONTOLOGIA E ESTETICA DENTE NOVO,20.410.740/0001-03,ME,SETOR HABITACIONAL VICENTE PIRES - TRECHO 3,"TRECHO TRECHO 3 QUADRA 10 CONJUNTO, 02, LOTE  01 LOJA 07 1 ANDAR, SETOR HABITACIONAL VICENTE PIRES - TRECHO 3, CEP 72002009, Brasilia/DF",12,1,especialista_alto_ticket,(61) 9 9919-3145,celular,+5561999193145,sim,,,,dentenovo.df@gmail.com
0.7790,IORTO,74.171.281/0001-81,DEMAIS,ASA NORTE,"QUADRA SCN Q 5 BL A, 50, SALAS 205, 206 E 207, ASA NORTE, CEP 70715900, Brasilia/DF",32,1,especialista_alto_ticket,(61) 3328-6264,fixo,+556133286264,,,,,
0.7785,ORTHOS,11.979.775/0001-77,DEMAIS,GUARA I,"SETOR QE 11 AREA ESPECIAL L SALA 237, S/N, GUARA I, CEP 71020721, Brasilia/DF",16,2,multi_unidade,(61) 9 9964-4763,celular,+5561999644763,sim,(61) 9 9976-3200,celular,+5561999763200,
0.7780,INTEGRATO MEDICINA DENTAL AVANCADA,12.492.303/0001-58,DEMAIS,ASA SUL,"QUADRA SGAS 614, S/N, CONJ  C                   SALA  38, ASA SUL, CEP 70200740, Brasilia/DF",15,1,clinica_geral,(61) 3443-9555,fixo,+556134439555,,(61) 9 8346-0027,celular,+5561983460027,admin@integrato.com.br
0.7765,ABSOLUTE ODONTOLOGIA,18.725.714/0001-22,EPP,SAMAMBAIA NORTE SAMAMBAIA,"QUADRA QS 408 CONJUNTO E, 03, LOTE: 03 SALA 101; ANDAR: 1;, SAMAMBAIA NORTE SAMAMBAIA, CEP 72318595, Brasilia/DF",13,1,especialista_alto_ticket,(61) 3049-0046,fixo,+556130490046,,,,,
0.7760,PRIME ODONTOLOGIA ESPECIALIZADA,12.527.090/0001-52,DEMAIS,ASA NORTE,"SETOR SETOR COMERCIAL NORTE QUADRA 01 BLOCO F NUMERO, 79, SALA  201,202, ASA NORTE, CEP 70711905, Brasilia/DF",15,1,clinica_institucional,(61) 9 9229-4119,celular,+5561992294119,sim,(61) 3264-4119,fixo,+556132644119,
0.7760,C O E HL,10.917.802/0001-14,DEMAIS,ASA SUL,"SETOR SETOR COMERCIAL SUL QUADRA, 06, BLOCO A                         NUMERO 240          SALA  512                 EDIF  CARIOCA, ASA SUL, CEP 70325900, Brasilia/DF",17,1,clinica_geral,(61) 3037-0202,fixo,+556130370202,,(61) 3201-3868,fixo,+556132013868,coebsb@hotmail.com
0.7760,FRAME ODONTOLOGIA ESPECIALIZADA,15.787.847/0001-35,DEMAIS,ASA SUL,"SETOR SEPS EQ 709/909, S/N, CONJ  A                   BLOCO B                   SALA  117/118             EDIF  C MED JULIO ADNET, ASA SUL, CEP 70390095, Brasilia/DF",14,1,clinica_institucional,(61) 9 8161-5401,celular,+5561981615401,sim,(61) 3037-1343,fixo,+556130371343,flavia.braz@iact.com.br
0.7760,.,11.181.173/0001-70,DEMAIS,ASA NORTE,"SETOR SCN QUADRA 2 BLOCO D TORRE B SALA 327, S/N, ASA NORTE, CEP 70712904, Brasilia/DF",16,1,clinica_geral,(61) 3328-5613,fixo,+556133285613,,(61) 9 9989-6027,celular,+5561999896027,
0.7760,DERMODONTO,09.207.266/0001-84,ME,ASA SUL,"QUADRA SGAS QUADRA 616 CONJUNTO A BLOCO C SALAS 04, 06 E 08, SN, ASA SUL, CEP 70200760, Brasilia/DF",18,1,especialista_alto_ticket,(61) 3321-0999,fixo,+556133210999,,,,,
0.7760,NEO - NUCLEO DE ESTETICA ORAL,09.501.134/0001-60,ME,ASA NORTE,"QUADRA SEPN QD 513 CONJUNTO A SALA 306 E, 308, EDIF  BITTAR I, ASA NORTE, CEP 70768900, Brasilia/DF",18,1,especialista_alto_ticket,(61) 9 9341-0202,celular,+5561993410202,sim,,,,neocirurgiaeestetica@gmail.com
0.7760,ODONTO ESTETIC,09.351.049/0001-63,ME,ASA SUL,"SETOR ST DE EDIF DE UTIL PUBLICAS SUL ENTREQ 710/910 CONJ D, S/N, SALA  213, ASA SUL, CEP 70390108, Brasilia/DF",18,1,especialista_alto_ticket,(61) 3369-4883,fixo,+556133694883,,,,,
0.7750,INSTITUTO ODONTOLOGICO LUCIANA INCERTI,04.177.271/0001-78,EPP,SUL (AGUAS CLARAS),"QUADRA QUADRA 204, 46,       AC                  LOTE  02                  SALA  46                  TERREO, SUL (AGUAS CLARAS), CEP 71939540, Brasilia/DF",25,1,clinica_institucional,(61) 3964-1892,fixo,+556139641892,,,,,ioli.luciana@terra.com.br
0.7750,ORALLE,00.835.862/0001-34,ME,SETOR SUDOESTE,"QUADRA SHCSW CHSW BLOCOS 3/4/5, 212, SALA  212, SETOR SUDOESTE, CEP 70673416, Brasilia/DF",30,1,especialista_alto_ticket,(61) 3362-7000,fixo,+556133627000,,,,,
0.7740,IANARA PINHO - ODONTOLOGIA,24.930.143/0001-60,DEMAIS,NORTE (AGUAS CLARAS),"RUA 7 NORTE, LOTES 03, 05 E 07, LOJA 21 E 22, S/N, NORTE (AGUAS CLARAS), CEP 71908180, Brasilia/DF",10,1,clinica_geral,(61) 3043-0043,fixo,+556130430043,,,,,contratos@arbrent.com.br
0.7740,PAULA MAIA ODONTOLOGIA,14.536.661/0001-40,DEMAIS,ASA NORTE,"SETOR SCN QUADRA 02 BLOCO D ENTRADA B, S/N, SALA  1132, ASA NORTE, CEP 70712903, Brasilia/DF",14,1,marca_pessoal,(61) 3248-4081,fixo,+556132484081,,,,,paulamaiaodontologia@gmail.com
0.7730,INFINITY IMPLANTES,36.137.045/0001-50,EPP,TAGUATINGA NORTE (TAGUATINGA),"QUADRA QNM 34 AREA ESPECIAL 1, 805/6, TAGUATINGA NORTE (TAGUATINGA), CEP 72145450, Brasilia/DF",6,1,especialista_alto_ticket,(61) 9 9830-8420,celular,+5561998308420,sim,,,,allancamargos250@gmail.com
0.7720,INSTITUTO LABOISSIERE ODONTOLOGIA,11.127.434/0001-73,EPP,ASA NORTE,"SETOR SCN QD 02 BLOCO D ENTRADA B SALAS 806, 808, 810, 812, S/N, ASA NORTE, CEP 70712903, Brasilia/DF",16,1,clinica_institucional,(61) 3327-1535,fixo,+556133271535,,,,,iloatendimento@gmail.com
0.7720,REVELLE ODONTO E ESTETICA FACIAL,17.465.406/0001-42,ME,ASA NORTE,"QUADRA SHN QUADRA 1 BLOCO F, S/N, CONJ  A                   ANDAR 1                   SALA  105, ASA NORTE, CEP 70701060, Brasilia/DF",13,1,especialista_alto_ticket,(61) 9 9184-4402,celular,+5561991844402,sim,,,,ola@revelle.bsb.br
0.7720,OF ORTODONTIA FAKHOURI,11.872.760/0001-05,ME,AGUAS CLARAS,"AVENIDA ARAUCARIAS LOTE, 305, SALA  149                 EDIF  MARJORIE SHOPPING, AGUAS CLARAS, CEP 71936300, Brasilia/DF",16,1,especialista_alto_ticket,(61) 3041-1233,fixo,+556130411233,,(61) 9 8185-0334,celular,+5561981850334,patifakhouri@hotmail.com
0.7710,PRIMORE - INSTITUTO ODONTOLOGICO ESPECIALIZADO SOCIEDADE SIMPLES,24.946.071/0001-40,EPP,ASA SUL,"SHCS EQ. 102/103 BLOCO A, N, 3   PAVIMENTO, ASA SUL, CEP 70330400, Brasilia/DF",37,1,clinica_institucional,(06) 1321-7196,fixo,+550613217196,,,,,primore@primore.com.br
0.7710,INSTITUTO DIOGO LUSTOSA,01.584.762/0001-45,EPP,ASA SUL,"QUADRA SGAS 614, CONJUNTO C, SN, SALA  207/209, ASA SUL, CEP 70200730, Brasilia/DF",40,1,clinica_institucional,(61) 3342-3001,fixo,+556133423001,,,,,administrativo@institutodiogolustosa.com
0.7710,ORTHO BIO CENTER,04.644.915/0001-90,EPP,ASA SUL,"SGAS QUADRA 607, CONJUNTO B, S/N, CONSULT. 210 A 213, ASA SUL, CEP 70200670, Brasilia/DF",25,1,especialista_alto_ticket,,,,,,,,
0.7710,CLINICA ALFA RIDERE SAUDE E ESTETICA BUCAL,19.523.642/0001-01,ME,SUL (AGUAS CLARAS),"RUA 4 SUL LOTE, 09, LOJA  02 E 03, SUL (AGUAS CLARAS), CEP 71937000, Brasilia/DF",12,1,especialista_alto_ticket,(61) 9 9452-5364,celular,+5561994525364,sim,,,,ricardosp12@hotmail.com
0.7685,OSTEO IMPLANTE,27.410.508/0001-14,EPP,ASA NORTE,"SETOR SCN QUADRA, 02, BLOCO D                         ENTRADA A           SALA  405 / 407, ASA NORTE, CEP 70712904, Brasilia/DF",9,1,especialista_alto_ticket,(61) 3036-6116,fixo,+556130366116,,,,,adm.osteo@gmail.com
0.7685,INSTITUTO AYRES,27.770.887/0001-53,EPP,SETOR HABITACIONAL JARDIM BOTANICO,"QUADRA EQ 09/10 (AV. DAS PAINEIRAS), SN, BLOCO E                   SALA  123, SETOR HABITACIONAL JARDIM BOTANICO, CEP 71681500, Brasilia/DF",9,1,especialista_alto_ticket,(61) 3263-2184,fixo,+556132632184,,,,,institutoayreseborgesodonto@gmail.com
0.7680,SPEC ODONTOLOGIA ESPECIALIZADA,23.129.699/0001-90,EPP,SUL (AGUAS CLARAS),"AVENIDA PAU BRASIL LOTE 10 SALA, 1501, EDIF  LE QUARTIER, SUL (AGUAS CLARAS), CEP 71926000, Brasilia/DF",11,1,clinica_institucional,(61) 3972-3601,fixo,+556139723601,,(61) 9 8128-3679,celular,+5561981283679,contato@facesinstitutoodontologico.com.br
0.7670,CLINICA ODONTOLOGICA JOSE RIOS LTDA,01.054.361/0001-83,DEMAIS,ASA SUL,"SETOR SGA/SUL QD 607, CONJUNTO B, S/N,       CONSULTORIOS              101, 102 E 119            1                   PAVMTO, ASA SUL, CEP 70200670, Brasilia/DF",30,1,clinica_geral,(61) 3442-1200,fixo,+556134421200,,(61) 9 9355-4408,celular,+5561993554408,financeiro@clinicarios.com.br
0.7665,ONNE ESTETICA OROFACIAL LTDA,48.512.436/0001-96,DEMAIS,AGUAS CLARAS,"RUA RUA 12 NORTE LT 3, S/N, LOJA  3, AGUAS CLARAS, CEP 71909540, Brasilia/DF",3,1,especialista_alto_ticket,(61) 9 8617-1577,celular,+5561986171577,sim,(00) 0000000000,indefinido,,onneodontologia@gmail.com
0.7645,JULIANA ALMEIDA ODONTOLOGIA ESTETICA,29.589.274/0001-40,DEMAIS,ASA NORTE,"QUADRA SETOR COMERCIAL NORTE QUADRA 02, S/N, BLOCO D                         ENTRADA B           SALA  1119, ASA NORTE, CEP 70712904, Brasilia/DF",8,1,marca_pessoal,(61) 3326-9475,fixo,+556133269475,,(61) 9 8163-7002,celular,+5561981637002,julianagsantos@gmail.com
0.7645,SANTORINI ODONTOLOGIA,42.428.918/0001-86,EPP,ASA NORTE,"QUADRA SMHN QUADRA 2 BLOCO B CONSULTORIO, 1307, ASA NORTE, CEP 70710146, Brasilia/DF",5,1,especialista_alto_ticket,(61) 9 9235-9146,celular,+5561992359146,sim,,,,tiagosoaresricardo@gmail.com
0.7640,INSTITUTO ODONTOLOGICO AMAURY FRANKLIN LTDA,19.407.498/0001-30,DEMAIS,ASA SUL,"SETOR RADIO TELEVISAO SUL QUADRA 701 CONJUNTO E  BLOCO 02/04, 70, SALA  127, ASA SUL, CEP 70340902, Brasilia/DF",12,1,clinica_institucional,(61) 3321-9513,fixo,+556133219513,,(61) 9 9986-6733,celular,+5561999866733,
0.7640,GODOY & GODOY ODONTOLOGIA,17.706.867/0001-60,DEMAIS,ASA NORTE,"SETOR SETOR COMERCIAL NORTE QUADRA 05 BLOCO A, 50, SALA  527, 528, 529, ASA NORTE, CEP 70715010, Brasilia/DF",13,1,clinica_geral,(61) 3034-6911,fixo,+556130346911,,(61) 3034-6911,fixo,+556130346911,hedersonlima@gmail.com
0.7640,INTEGRA ODONTOLOGIA,11.020.246/0001-41,DEMAIS,NORTE (AGUAS CLARAS),"AVENIDA PAU BRASIL, SN, LOTE: 06; SALA: 1107;, NORTE (AGUAS CLARAS), CEP 71916500, Brasilia/DF",17,1,clinica_institucional,(61) 3256-6060,fixo,+556132566060,,,,,
0.7640,OSTEON IMPLANTES DENTARIOS LTDA,25.422.287/0001-79,ME,ASA SUL,"SETOR SCS QUADRA 06 BLOCO A SALA 218, 110, EDIF  ARNALDO VILLARES, ASA SUL, CEP 70324900, Brasilia/DF",10,1,especialista_alto_ticket,(61) 3033-2428,fixo,+556130332428,,,,,logos.contabilidade@yahoo.com.br
0.7620,ORAL FLEX,18.905.254/0001-14,EPP,ASA NORTE,"SETOR  DE DIVERSAO NORTE CONJUNTO A SALA, 4047, ASA NORTE, CEP 70077900, Brasilia/DF",12,1,clinica_geral,(61) 9 8275-1913,celular,+5561982751913,sim,(61) 3034-5995,fixo,+556130345995,atendimentooralflex@gmail.com
0.7605,MANZI ESTETICA ORAL,17.900.402/0001-45,DEMAIS,TAGUATINGA,"QUADRA CSB 02 LOTES 1, 2/3/4, SALA  306 E 308                 TORRE A, TAGUATINGA, CEP 72015901, Brasilia/DF",13,1,especialista_alto_ticket,(61) 3563-2368,fixo,+556135632368,,,,,despachante@brascont.com.br
0.7600,MS CLINICA ODONTOLOGICA,12.182.197/0001-06,DEMAIS,ASA NORTE,"SETOR SC/N QUADRA 01 SALA 1011, 79, BLOCO F, ASA NORTE, CEP 70711905, Brasilia/DF",16,1,clinica_geral,(61) 3326-2666,fixo,+556133262666,,(61) 9 8475-7866,celular,+5561984757866,msclinicaodontologica@hotmail.com
0.7600,ODONTOLOGIA SUDOESTE,11.682.223/0001-00,EPP,SUDOESTE,"QUADRA SHC/SW CLSW 303 BL. C ENTRADA, 18/20, SALA  137/138             PAVMTOSUPERIOR, SUDOESTE, CEP 70673623, Brasilia/DF",16,1,clinica_institucional,(61) 3032-3250,fixo,+556130323250,,(61) 4141-3965,fixo,+556141413965,odontologia.sudoeste@gmail.com
0.7600,CROI - CENTRO DE REABILITACAO ORAL E IMPLANTODONTIA,08.961.178/0001-00,ME,ASA NORTE,"QUADRA SCN QUADRA 02 BL. D ENT. A SALAS 223,225,227 E 229, S/N, ASA NORTE, CEP 70712000, Brasilia/DF",19,1,especialista_alto_ticket,(61) 3963-9047,fixo,+556139639047,,,,,croi.odontologia@hotmail.com
0.7600,"TRIADE MEDICINA, ODONTOLOGIA & ESTETICA",08.680.495/0001-59,ME,ASA NORTE,"SETOR SCN QD 02 BLOCO D ENTRADA A, S/N, SALA  532/534, ASA NORTE, CEP 70712903, Brasilia/DF",19,1,especialista_alto_ticket,(61) 3349-4808,fixo,+556133494808,,,,,triade_cirurgiaplastica@hotmail.com
0.7590,CENTRO DE ODONTOLOGIA AVANCADA,26.963.843/0001-87,EPP,ASA SUL,"SETOR SRTVS QUADRA 701 CONJUNTO E BLOCOS 02 E 04, 70, SALA  325 326 327 328, ASA SUL, CEP 70340902, Brasilia/DF",35,1,clinica_institucional,(61) 3321-2223,fixo,+556133212223,,(61) 3321-2227,fixo,+556133212227,coadf2016@gmail.com
0.7590,CORE CENTRO ODONTOLOGICO REABILITADOR E ESTETICO,04.649.144/0001-24,ME,ASA NORTE,"QUADRA SCN QUADRA 1 BL G SALAS 216 E, 217, ASA NORTE, CEP 70711000, Brasilia/DF",25,1,especialista_alto_ticket,(61) 9 9298-4843,celular,+5561992984843,sim,,,,monteirocore@hotmail.com
0.7590,FACHINI ODONTOLOGIA,01.359.114/0001-95,ME,ASA NORTE,"SETOR SCN QUADRA 2 BLOCO D, S/N, : ENTRADA A; SALA: 1029 E 1031; : CENTRO EMPRESARIAL; : ENCOL; EDIF: LIBERTY MALL;, ASA NORTE, CEP 70712903, Brasilia/DF",30,1,especialista_alto_ticket,(61) 3351-5008,fixo,+556133515008,,,,,fdl@tba.com.br
0.7585,INSTITUTO ILUMA ODONTOLOGIA E ESTETICA,52.013.593/0001-24,EPP,SUL (AGUAS CLARAS),"AVENIDA DAS ARAUCARIAS, 1525, LOJA  55 - PARTE, SUL (AGUAS CLARAS), CEP 71936250, Brasilia/DF",3,1,especialista_alto_ticket,(61) 9 8333-6060,celular,+5561983336060,sim,(00) 0000000000,indefinido,,dra.luciana@institutoiluma.com
0.7580,QUALITA ODONTOLOGIA,22.742.934/0001-31,DEMAIS,ASA SUL,"QUADRA SGAS 915, SN, CONJ: N; SALA: 144; TERREO;, ASA SUL, CEP 70390150, Brasilia/DF",11,1,clinica_geral,(61) 3033-3729,fixo,+556130333729,,(61) 3033-3721,fixo,+556130333721,islandeassuncao@uol.com.br
0.7580,ODONTO SUBLIME,17.375.879/0001-59,DEMAIS,ASA NORTE,"QUADRA SCN QUADRA 5 BLOCO A, SL 707, EDIF  BRASILIA SHOPPING, ASA NORTE, CEP 70715010, Brasilia/DF",13,1,clinica_geral,(61) 3526-3726,fixo,+556135263726,,(61) 9 9559-0947,celular,+5561995590947,odontosublime@gmail.com
0.7580,DR JOSE GUIMARAES NETO,22.478.506/0001-43,DEMAIS,ASA NORTE,"SETOR SCN QUADRA 2 BLOCO D, S/N, : ENTRADA A; SALA: 327 E 329;, ASA NORTE, CEP 70712903, Brasilia/DF",11,1,marca_pessoal,(61) 3326-0020,fixo,+556133260020,,(61) 9 9984-3632,celular,+5561999843632,
0.7580,LARA CRUVINEL S. DE PADUA LTDA,23.890.410/0001-50,EPP,NORTE (AGUAS CLARAS),"AVENIDA DAS CASTANHEIRAS LOTE 820 SALA 201 E 203 2 PAVIMENTO, S/N, NORTE (AGUAS CLARAS), CEP 71900100, Brasilia/DF",10,1,clinica_geral,(61) 3435-0315,fixo,+556134350315,,,,,larafrota@yahoo.com.br
0.7580,ODONTO KIDS,16.481.791/0001-59,DEMAIS,ASA NORTE,"SETOR SHCN CL QD 316 BLOCO F, SN, LOJA  67, 71 TERREO, ASA NORTE, CEP 70775560, Brasilia/DF",14,1,clinica_geral,(61) 3034-1137,fixo,+556130341137,,,,,
0.7570,HORTELA ORTODONTIA,31.146.998/0001-60,EPP,TAGUATINGA CENTRO (TAGUATINGA),"QUADRA C 1, 01/12, SALA  1021 A 1025, TAGUATINGA CENTRO (TAGUATINGA), CEP 72010010, Brasilia/DF",8,1,especialista_alto_ticket,(61) 3562-0705,fixo,+556135620705,,,,,gian@ortoshow.com.br
0.7560,AMARE ODONTOLOGIA HOSPITALAR INTEGRADA E HOME CARE LTDA,24.005.986/0001-50,EPP,ASA SUL,"QUADRA SGAS QD 610 CONJUNTO F BLOCO 02 SALA T47, S/N,       CENTRO MEDICO             LUCIO COSTA, ASA SUL, CEP 70200700, Brasilia/DF",10,2,multi_unidade,(61) 9 9803-2064,celular,+5561998032064,sim,,,,contato@amareodontologia.com.br
0.7560,CHRONOS ODONTOLOGIA,14.726.482/0001-76,DEMAIS,ASA NORTE,"SETOR SGAN QUADRA 607 CONJUNTO A BLOCO B SALA S06 1, SN, SUBSL, ASA NORTE, CEP 70830301, Brasilia/DF",14,2,multi_unidade,(61) 3244-5099,fixo,+556132445099,,,,,financeiro@odontochronos.com.br
0.7560,CLINICA ODONTOLOGICA BIOBUCAL,05.140.158/0001-80,DEMAIS,ASA SUL,"SETOR SEUPS ENTREQUADRA 709 909 CONJUNTO A BLOCO B, S/N, SALA  310, ASA SUL, CEP 70360701, Brasilia/DF",24,1,clinica_geral,(61) 3202-7379,fixo,+556132027379,,(61) 9 9115-1833,celular,+5561991151833,op.castello@gmail.com
0.7560,CLINICA ODONTOLOGICA NADIA NISHIMURA,11.314.717/0001-24,DEMAIS,ASA SUL,"QUADRA SGAS 607, S/N, CONJ  B                         CONSULT 105 E 106         PRIMEIRO PAVIMENTO, ASA SUL, CEP 70200670, Brasilia/DF",16,1,clinica_geral,(61) 3244-3743,fixo,+556132443743,,,,,clinicanishimura@hotmail.com
0.7560,INSTITUTO ODONTOLOGICO GLAYDSON RIBEIRO,11.748.447/0001-60,DEMAIS,ASA NORTE,"QUADRA SETOR DE RADIO E TELEVISAO NORTE QUADRA 701 CJ C, 124,       SALA 116 ALA A            SALA 118 ALA A, ASA NORTE, CEP 70719900, Brasilia/DF",16,1,clinica_institucional,(61) 3964-0691,fixo,+556139640691,,(61) 3964-0692,fixo,+556139640692,
0.7560,ODONTOFAMA CLINICA ODONTOLOGICA,08.247.802/0001-02,DEMAIS,ASA NORTE,"QUADRA SGAN 915 CONJUNTO G, BLOCO C, S/N, SALA  104, ASA NORTE, CEP 70790157, Brasilia/DF",20,1,clinica_geral,(61) 3443-6655,fixo,+556134436655,,,,,evidencia@evidenciacontabil.com.br
0.7560,I R B B,13.830.299/0001-53,DEMAIS,ASA SUL,"SETOR SGAS QUADRA 607 CONJUNTO B, S/N,       CONSULTORIOS 204/205, ASA SUL, CEP 70200670, Brasilia/DF",15,1,clinica_institucional,(61) 3244-0040,fixo,+556132440040,,(61) 3244-0041,fixo,+556132440041,praticacontabil98@hotmail.com
0.7560,S & A SORRISO CLINICA ODONTOLOGICA,10.937.505/0001-30,DEMAIS,ASA SUL,"SETOR SDS BLOCO Q SALAS 518 E 519, 44, EDIF  VENANCIO IV, ASA SUL, CEP 70394901, Brasilia/DF",17,1,clinica_geral,(61) 9 8458-7504,celular,+5561984587504,sim,,,,
0.7560,CLINICA ODONTOLOGICA ANDRADE ROCHA,07.427.394/0001-08,EPP,ASA SUL,"QUADRA SEUPS EQ 710/910 CONJUNTO D, S/N, SALA  214, ASA SUL, CEP 70390108, Brasilia/DF",21,1,clinica_geral,(61) 3244-8002,fixo,+556132448002,,,,,
0.7560,UNO ODONTOLOGIA ESPECIALIZADA,05.007.728/0001-69,EPP,ASA NORTE,"SC/NORTE QUADRA 01 BLOCO F, 79, SALAS 1510 E 1511, ASA NORTE, CEP 70310500, Brasilia/DF",24,1,clinica_institucional,(61) 3327-0440,fixo,+556133270440,,,,,
0.7560,CORE-CLINICA ODONTOLOGICA DE REABILITACAO E ESTETICA,23.869.800/0001-49,ME,ASA NORTE,"SETOR SCN QUADRA 2 BLOCO D, S/N, SALA  824 E 826 TORRE B, ASA NORTE, CEP 70712903, Brasilia/DF",10,1,especialista_alto_ticket,(61) 3327-8109,fixo,+556133278109,,,,,wailda.marla@gmail.com
0.7560,CLINICA ODONTOLOGIA DR. ORTHO,19.860.528/0001-69,ME,SUL (AGUAS CLARAS),"RUA DAS PITANGUEIRAS LOTE, 7,       LOJAS 11 E 12, SUL (AGUAS CLARAS), CEP 71938540, Brasilia/DF",12,1,especialista_alto_ticket,(61) 3703-0101,fixo,+556137030101,,,,,drortho2014@hotmail.com
0.7560,RAY SANTOS ODONTOLOGIA E ESTETICA,18.907.151/0001-93,ME,ASA SUL,"SETOR SHLS QUADRA 716 CONJ B BLOCO 04 CONSULTORIO 15, SN, ASA SUL, CEP 70390700, Brasilia/DF",12,1,especialista_alto_ticket,(61) 9 9132-4739,celular,+5561991324739,sim,,,,leia_de_cassia@hotmail.com
0.7560,N O B,07.555.750/0001-79,ME,ASA NORTE,"SETOR SDN LOTE, SN, SETOR SDN                 CONJ  A                         CONJ.NACIONAL BRASILSALA  6046, ASA NORTE, CEP 70077900, Brasilia/DF",21,1,especialista_alto_ticket,(61) 3036-6046,fixo,+556130366046,,,,,nob.nucleoortodontico@gmail.com
0.7555,CLINICA INTEGRADA ODONTO PREVENTIVA E ESTETICA FACIAL,72.576.408/0001-17,EPP,TAGUATINGA NORTE (TAGUATINGA),"QUADRA CNB 11, LOTE, 09, SALA  204, TAGUATINGA NORTE (TAGUATINGA), CEP 72115115, Brasilia/DF",32,1,especialista_alto_ticket,(61) 3562-9499,fixo,+556135629499,,(61) 9 8415-6507,celular,+5561984156507,drantonionog@hotmail.com
0.7550,CLINICA ODONTOLOGICA SANTIAGO,00.638.168/0001-27,EPP,ASA SUL,"QUADRA SCS QUADRA 7, 100, BLOCO A                   SALA  1224, ASA SUL, CEP 70307000, Brasilia/DF",31,1,clinica_geral,(61) 3036-9449,fixo,+556130369449,,,,,ortodontiasantiago@hotmail.com
0.7545,ORAL SIN IMPLANTES,48.575.446/0001-70,EPP,ASA NORTE,"QUADRA SHCGN CR 710/711 BLOCO A, 52, LOJA  64, ASA NORTE, CEP 70750551, Brasilia/DF",3,1,especialista_alto_ticket,(61) 3022-8030,fixo,+556130228030,,,,,asanorte@oralsin.com.br
0.7540,VITESSE ODONTOLOGIA,14.119.813/0001-00,DEMAIS,SUDOESTE,"SETOR SHC/SW CLSW, 301, BLOCO C, ENTRADA 42             KITSTUDIO 123             1 PAVIMENTO, SUDOESTE, CEP 70673603, Brasilia/DF",15,1,clinica_geral,(61) 3046-1730,fixo,+556130461730,,,,,vitesseodontologia@gmail.com
0.7540,IGM ODONTOPEDIATRIA,05.469.139/0001-00,EPP,ASA NORTE,"SETOR SCN QUADRA 05 BLOCO A, SN, SALA  1209                EDIF  BRASILIA SHOPPING         AND TOWERS, ASA NORTE, CEP 70715900, Brasilia/DF",23,1,clinica_geral,(61) 3272-1097,fixo,+556132721097,,,,,igm.odontopediatria@gmail.com
0.7525,RAME ODONTOLOGIA,06.193.894/0001-60,EPP,TAGUATINGA,"QUADRA CNA 02 LOTE, 11, SALA  202 E 203, TAGUATINGA, CEP 72115015, Brasilia/DF",22,1,clinica_geral,(61) 3033-1083,fixo,+556130331083,,(61) 3033-1083,fixo,+556130331083,mettacont@gmail.com
0.7525,QUALIODONTO CLINICA ODONTOLOGICA,11.201.369/0001-89,EPP,SOBRADINHO II,"ÁREA AR 09 CONJUNTO 01 LOTE 06, SN, LOJA  01, SOBRADINHO II, CEP 73062001, Brasilia/DF",16,1,clinica_geral,(61) 3233-9810,fixo,+556132339810,,,,,
0.7525,BSB IMPLANTES,09.602.734/0001-15,ME,TAGUATINGA SUL (TAGUATINGA),"QUADRA QSB 09 LOTE, 01, LOJA  01, TAGUATINGA SUL (TAGUATINGA), CEP 72015590, Brasilia/DF",18,1,especialista_alto_ticket,(61) 9 8416-0557,celular,+5561984160557,sim,,,,rose@prestacon.com.br
0.7525,INSTITUTO FACCE - CIRURGIA BUCOMAXILOFACIAL E IMPLANTOD,36.474.273/0001-15,EPP,ASA NORTE,"QUADRA SMHN QUADRA 2 BLOCO C SALA, 1416, EDIF  DR. CRISPIM         SALA  1416/1417, ASA NORTE, CEP 70710149, Brasilia/DF",6,1,especialista_alto_ticket,(61) 9 9315-6282,celular,+5561993156282,sim,,,,leandrocdias@yahoo.com.br
0.7525,NEO-NUCLEO DE ESTETICA E ORTODONTIA,36.703.034/0001-90,EPP,NORTE (AGUAS CLARAS),"RUA COPAIBA, LOTE, 01, SALA  706                 BLOCO A, NORTE (AGUAS CLARAS), CEP 71919540, Brasilia/DF",6,1,especialista_alto_ticket,(61) 3879-0071,fixo,+556138790071,,,,,drapollyanna@gmail.com
0.7520,VIVACE ODONTOLOGIA ESPECIALIZADA,15.286.908/0001-80,DEMAIS,ASA NORTE,"QUADRA SMHN QUADRA 02 BLOCO C SALAS 308, 309 E, 310, EDIF  DR CRISPIM, ASA NORTE, CEP 70710140, Brasilia/DF",14,1,clinica_institucional,(61) 3081-0030,fixo,+556130810030,,,,,contato@vivaceodontologia.com.br
0.7515,RAFAEL JULIANO ORTODONTIA,17.811.147/0001-64,EPP,BRASILIA,"SETOR SCN QUADRA 05 BLOCO A, 50,       SALA 409, BRASILIA, CEP 70715000, Brasilia/DF",13,1,marca_pessoal,(61) 3042-7001,fixo,+556130427001,,,,,
0.7500,REDE ODONTO,13.499.675/0001-79,DEMAIS,AGUAS CLARAS,"RUA QS 01 RUA 210 LOTE, 40, SALA  519                 SALA  520 E 528           ANDAR 5 TORRE B, AGUAS CLARAS, CEP 71950904, Brasilia/DF",15,1,clinica_geral,(61) 9 8200-7777,celular,+5561982007777,sim,,,,lancamentos01@redeodonto.com.br
0.7500,FOCCUS ODONTOLOGIA,10.543.461/0001-64,EPP,ASA SUL,"SETOR ST SEPS 709/909, SN, CONJ  A                   BLOCO A                   SALA  316/ 317            EDIF  JULIO ADNET, ASA SUL, CEP 70390095, Brasilia/DF",17,1,clinica_geral,(61) 9 8175-7712,celular,+5561981757712,sim,,,,foccusprime01@gmail.com
0.7480,AMPLA ODONTOLOGIA,19.162.693/0001-47,DEMAIS,AGUAS CLARAS,"RUA 08 NORTE LOTES 04, 06 E 08 BLOCO C LOJA, 09, AGUAS CLARAS, CEP 71908360, Brasilia/DF",12,1,clinica_geral,(61) 3435-3050,fixo,+556134353050,,,,,
0.7480,INSTITUTO ODONTOLOGICO BITENCOURT,15.023.333/0001-03,DEMAIS,ASA NORTE,"QUADRA SC/ NORTE QUADRA 05 BLOCO A N 50 SALA, 322,       EDIFICIO BRASILIA         SHOPPING AND TOWERS, ASA NORTE, CEP 70715900, Brasilia/DF",14,1,clinica_institucional,(61) 3328-7947,fixo,+556133287947,,,,,
0.7480,VIVALLE ODONTOLOGIA ESPECIALIZADA,23.390.074/0001-87,DEMAIS,ASA SUL,"QUADRA SGAS 610, SN, CONJ  F                   BLOCO 02                  SALA  S 12, ASA SUL, CEP 70200700, Brasilia/DF",10,1,clinica_institucional,(61) 9 9555-9299,celular,+5561995559299,sim,,,,vivalleodonto@gmail.com
0.7480,CLINIDENTE,10.837.973/0001-33,DEMAIS,ASA SUL,"SETOR SBS QUADRA 2 BLOCO A LOTE 19, 01, SALA: 404 405;, ASA SUL, CEP 70078900, Brasilia/DF",17,1,clinica_geral,(61) 3321-3532,fixo,+556133213532,,,,,
0.7480,COM CLINICA ODONTOLOGICA DRA. MONICA,05.482.627/0001-40,DEMAIS,ASA SUL,"SETOR SGAS QUADRA 607 CONJUNTO B CONSULTORIO, 108, PAVMTO1, ASA SUL, CEP 70200670, Brasilia/DF",23,1,clinica_geral,(61) 3442-1333,fixo,+556134421333,,,,,
0.7470,ORTOMIX SOLUCOES ESTETICAS,04.026.538/0001-26,ME,SUDOESTE,"SETOR SHC/SW CHSW LOTES 03,04 E 05 PAVIMENTO SUPERIOR SALA, 204, SUDOESTE, CEP 70670307, Brasilia/DF",25,1,especialista_alto_ticket,(61) 3233-0030,fixo,+556132330030,,,,,
0.7465,DR RAFAEL MONTEIRO HARMONIZACAO OROFACIAL,55.446.434/0001-01,EPP,AGUAS CLARAS,"RUA COPAIBA LOTE, 01, SALA  320, AGUAS CLARAS, CEP 71919900, Brasilia/DF",2,1,marca_pessoal,(61) 9 8102-2042,celular,+5561981022042,sim,(00) 0000000000,indefinido,,rafael.coelhomonteiro@gmail.com
0.7460,DENTALIS,18.891.633/0001-00,DEMAIS,ASA NORTE,"SETOR SDN SETOR DE DIVERSOES NORTE CONJUNTO A SALA 3007, S/N, ASA NORTE, CEP 70077900, Brasilia/DF",12,1,clinica_geral,(61) 3328-0541,fixo,+556133280541,,,,,admdentaliscnb@gmail.com
0.7445,INSTITUTO VERAZO,30.135.201/0001-67,EPP,ASA SUL,"QUADRA SGAS 614 CONJUNTO C, S/N, SALA  147 E 149, ASA SUL, CEP 70200740, Brasilia/DF",8,1,clinica_institucional,(61) 3344-3732,fixo,+556133443732,,,,,bicalho11@hotmail.com
0.7440,CABI,05.561.786/0001-30,EPP,ASA SUL,"QUADRA SGAS QUADRA 915 CONJUNTO N, SN, SALA  331                 PAVMTO3, ASA SUL, CEP 70390150, Brasilia/DF",23,1,clinica_institucional,(61) 3964-0691,fixo,+556139640691,,,,,kleuberelite@hotmail.com
0.7440,STUDIO ORTO ODONTOLOGIA ESPECIALIZADA,12.408.632/0001-78,DEMAIS,ASA NORTE,"SETOR SETOR MEDICO HOSPITALAR NORTE QUADRA 02 BLOCO C, 0, SALA  1113, ASA NORTE, CEP 70710149, Brasilia/DF",16,1,clinica_institucional,(61) 3964-0691,fixo,+556139640691,,,,,fernanda_vilar@yahoo.com.br
0.7440,CLINICA MIRO,08.288.661/0001-76,ME,ASA NORTE,"SETOR SCN QUADRA 02 BLOCO D ENTRADA A SALAS 1028 E 1030, S/N, ASA NORTE, CEP 70712904, Brasilia/DF",19,1,especialista_alto_ticket,(61) 3327-0766,fixo,+556133270766,,,,,
0.7440,GEORGEA PROBST - ODONTOLOGIA,08.541.895/0001-83,ME,ASA SUL,"SETOR TERMINAL NORTE CONJUNTO O, NUMERO 30, CONSULTORIOS 119, 121, S/N, ASA SUL, CEP 70770100, Brasilia/DF",19,1,especialista_alto_ticket,(61) 3963-3333,fixo,+556139633333,,,,,
0.7440,ORTHO QUALITY ORTODONTIA,08.641.622/0001-00,ME,ASA NORTE,"RUA SDN CONJUNTO A SALA 4058, S/N, ASA NORTE, CEP 70077000, Brasilia/DF",19,1,especialista_alto_ticket,(61) 3326-3099,fixo,+556133263099,,,,,
0.7435,HARMONIZE - ODONTOLOGIA E ESTETICA FACIAL E CORPORAL,37.488.134/0001-03,EPP,NOROESTE,"SETOR SHCNW CLNW QUADRA 10/11 BLOCO K, SN, LOJA  02, NOROESTE, CEP 70686655, Brasilia/DF",6,1,especialista_alto_ticket,(61) 9 8189-0707,celular,+5561981890707,sim,,,,harmonizeclinica20@gmail.com
0.7430,BAGNATO ODONTOLOGIA ESPECIALIZADA,01.174.636/0001-12,DEMAIS,ASA NORTE,"SETOR SRTVN QUADRA 701 CONJUNTO C, 124, SALA  418 E 420 ALA A, ASA NORTE, CEP 70719901, Brasilia/DF",30,1,clinica_institucional,(61) 3327-3205,fixo,+556133273205,,,,,bagnatonj@gmail.com
0.7430,BORGES ODONTOLOGIA,00.993.101/0001-00,DEMAIS,ASA NORTE,"SETOR SMHN, QUADRA 02, BLOCO C, SALAS 801, 802, 808, 809 E 810, 44, ASA NORTE, CEP 70710149, Brasilia/DF",30,1,clinica_geral,(61) 3328-8788,fixo,+556133288788,,,,,adm@borgesodontologia.com.br
0.7430,CLINICA ODONTOLOGICA REGINA MARIA COSTA LTDA,37.090.362/0001-20,EPP,ASA NORTE,"QUADRA SCN QUADRA 1 BLOCO F, SN, SALA  911, ASA NORTE, CEP 70711060, Brasilia/DF",34,1,clinica_geral,(61) 9 8197-0050,celular,+5561981970050,sim,,,,centeco01@gmail.com
0.7430,BIO ODONTOLOGIA INTEGRADA,01.307.061/0001-69,EPP,ASA NORTE,"SETOR SRTVN QUADRA 701, CONJUNTO C,, 124, SALA  701 E 703 ALA A, ASA NORTE, CEP 70719900, Brasilia/DF",30,1,clinica_geral,(61) 3701-5041,fixo,+556137015041,,,,,clinica_feher@hotmail.com
0.7430,CLINICA NOBILE,04.070.786/0001-74,EPP,ASA SUL,"SETOR SETOR HOTELEIRO SUL QUADRA, 06, CONJ A BL E SALA 620, ASA SUL, CEP 70316000, Brasilia/DF",25,1,clinica_geral,(61) 3274-3620,fixo,+556132743620,,(61) 3323-4241,fixo,+556133234241,
0.7430,XIMENES PATIER ODONTOLOGIA INTEGRADA,01.111.999/0001-09,EPP,ASA SUL,"SETOR SEP/SUL EQ 709/909 CONJUNTO A BLOCO A, SN,       SALAS 403,404 E 405, ASA SUL, CEP 70390095, Brasilia/DF",30,1,clinica_geral,(61) 3327-3788,fixo,+556133273788,,,,,
0.7430,CLINICA ODONTOLOGICA SANDRA BRITO E CAROLINA WERNECK,01.225.511/0001-74,EPP,ASA NORTE,"SD/NORTE CONJUNTO A SALA, 6031, CONJUNTO NACIONAL, ASA NORTE, CEP 70310500, Brasilia/DF",30,1,clinica_geral,(61) 613270537,indefinido,,,,,,carlos.camurca@oul.com.br
0.7430,INSTITUTO MAXILO FACIAL,02.250.206/0001-03,EPP,ASA SUL,"SETOR SHLS SETOR HOSPITALAR LOCAL SUL QUADRA 716 CONJUNTO L BLOCO, 01,       SALA 317,319, ASA SUL, CEP 70390700, Brasilia/DF",28,1,clinica_institucional,(61) 3245-6785,fixo,+556132456785,,,,,
0.7430,INSTITUTO SECANHO DE SAUDE BUCAL,00.706.146/0001-57,EPP,ASA NORTE,"SETOR SCN QUADRA 02 BL. D ENTRADA A SALAS 421 E 423, S/N, ASA NORTE, CEP 70712903, Brasilia/DF",31,1,clinica_institucional,(61) 3328-8488,fixo,+556133288488,,,,,msecanho@gmail.com
0.7425,IOFE- INSTITUTO DE ODONTOLOGIA FUNCIONAL E ESTETICA,31.683.570/0001-57,ME,ASA SUL,"SETOR SCS QUADRA 7 BLOCO A, 100, SALA  503                 EDIF  PATIO BRASIL, ASA SUL, CEP 70307901, Brasilia/DF",7,2,multi_unidade,(61) 3202-2080,fixo,+556132022080,,,,,iofeodontologia@gmail.com
0.7420,HUMBERTO LEMOS ODONTOLOGIA,10.893.651/0001-01,DEMAIS,ASA NORTE,"SETOR SDN LOTE, SN, SALA  4059                CONJ  A, ASA NORTE, CEP 70077900, Brasilia/DF",17,1,clinica_geral,(61) 3326-2610,fixo,+556133262610,,,,,fatiporfi7@gmail.com
0.7420,ALEGRA ODONTOLOGIA E AUTOESTIMA,23.048.813/0001-57,DEMAIS,ASA SUL,"SETOR SRTV/SUL QUADRA 701 CONJUNTO L BLOCO 02, 30, SALA  108 110 E 112, ASA SUL, CEP 70340906, Brasilia/DF",11,1,clinica_geral,(61) 9 8161-1252,celular,+5561981611252,sim,(61) 9 8120-0870,celular,+5561981200870,fabiocussi@hotmail.com
0.7405,HOLLYWOOD ODONTO TAGUATINGA,25.091.409/0001-91,DEMAIS,TAGUATINGA CENTRO (TAGUATINGA),"QUADRA C 3 LOTES 03, 04 E 12 LOJA, 03, TAGUATINGA CENTRO (TAGUATINGA), CEP 72010030, Brasilia/DF",10,1,clinica_geral,(61) 3328-4525,fixo,+556133284525,,,,,processos@mattoscontabil.com.br
0.7405,IMPLANTS DR. EDUARDO NASCIMENTO,31.892.928/0001-51,DEMAIS,ASA NORTE,"SETOR SRTVN, 124, QUADRA701                 CONJ  C                   SALA  311 E 313                 ALA B, ASA NORTE, CEP 70719000, Brasilia/DF",7,1,especialista_alto_ticket,(61) 3326-2220,fixo,+556133262220,,,,,
0.7400,TALENTO ODONTOLOGIA ESPECIALIZADA,09.640.097/0001-71,ME,SUL (AGUAS CLARAS),"AVENIDA DAS ARAUCARIAS LOTES 1835, 1905, 1955 E, 2005, SALA  310, SUL (AGUAS CLARAS), CEP 71936250, Brasilia/DF",18,1,clinica_institucional,(61) 9 8233-9310,celular,+5561982339310,sim,,,,talento.odonto@hotmail.com
0.7400,INSTITUTO CAIADO DE ODONTOLOGIA,17.705.487/0001-00,ME,ASA SUL,"SETOR SEPS EQ 705/905 CONJUNTO A, SN, SALA  226, ASA SUL, CEP 70390055, Brasilia/DF",13,1,especialista_alto_ticket,(61) 9 8401-5761,celular,+5561984015761,sim,,,,institutocaiado@mail.com
0.7400,LF ODONTOLOGIA E SAUDE,15.372.012/0001-14,ME,ASA SUL,"QUADRA SEPS 710/910 CONJUNTO D SALA 522, 522 E 523, SN, ASA SUL, CEP 70390108, Brasilia/DF",14,1,especialista_alto_ticket,(61) 3442-8122,fixo,+556134428122,,,,,lfortodontia@hotmail.com
0.7390,INSTITUTO ODONTOLOGICO DRA LUCIANA BOTELHO,01.484.386/0001-17,EPP, ASA NORTE,"SC/NORTE QUADRA 01 BLOCO E LOJA 135, S/N, TERREO,  ASA NORTE, CEP 70844000, Brasilia/DF",29,1,clinica_institucional,,,,,,,,
0.7390,CLINICA ODONTOLOGICA PIO XII LTDA,00.593.467/0001-92,EPP,ASA SUL,"SETOR SRTVS QUADRA 701 CONJUNTO D BLOCO A SALA, 501, SALA  503                       CENTRO EMPRESARIAL, ASA SUL, CEP 70340907, Brasilia/DF",46,1,clinica_geral,(61) 3224-2970,fixo,+556132242970,,,,,clinicaodontologicapioxii@gmail.com
0.7390,CLINICA ODONTOLOGICA INTEGRADA S/S LTDA,03.586.443/0001-02,EPP,ASA NORTE,"SETOR SCN QD. 02 BLOCO D ENTRADA B SALAS 301, SN, ASA NORTE, CEP 70712904, Brasilia/DF",39,1,clinica_geral,(61) 3326-1885,fixo,+556133261885,,,,,clinicacoi2007@gmail.com
0.7385,BARROS CARIBE ODONTOLOGIA E HARMONIZACAO FACIAL LTDA,43.530.565/0001-93,EPP,ASA NORTE,"QUADRA SHCN CL QUADRA 213 BLOCO C SALA, 220, ASA NORTE, CEP 70872530, Brasilia/DF",4,1,especialista_alto_ticket,(61) 9 9225-8872,celular,+5561992258872,sim,,,,contato@institutosablier.com.br
0.7380,CONSULTORIO REABILITA,05.029.720/0001-01,DEMAIS,ASA NORTE,"SETOR SDN, S/N, CONJ  A                   SALA  5019, ASA NORTE, CEP 70077900, Brasilia/DF",24,1,clinica_geral,(61) 3434-1553,fixo,+556134341553,,,,,reabilitaconsultorioodontologico@hotmail.com
0.7380,BLANCA ODONTOLOGIA,10.526.232/0001-31,DEMAIS,ASA SUL,"SETOR SGAS QUADRA 610 CONJUNTO F BLOCO 1 SALAS 140, 141, 142, 143, SN, ASA SUL, CEP 70200700, Brasilia/DF",17,1,clinica_geral,(61) 3327-2326,fixo,+556133272326,,,,,gustavomalufcd@yahoo.com.br
0.7380,WF ODONTOLOGIA,14.012.338/0001-78,DEMAIS,ASA NORTE,"SETOR SRTV NORTE QUADRA 701 CONJUNTO C, 124, SALA  533                       ALA A                     CENTRO EMPRESA NORTE, ASA NORTE, CEP 70719903, Brasilia/DF",15,1,clinica_geral,(61) 3345-5009,fixo,+556133455009,,,,,wfodontologiaintegrada@gmail.com
0.7380,CLIOB ODONTOLOGIA,11.036.436/0001-57,EPP,ASA NORTE,"SETOR SCN QUADRA 04 BLOCO B SALA 702, SN,       PARTE 1843, ASA NORTE, CEP 70714020, Brasilia/DF",17,1,clinica_geral,(61) 9 8160-4030,celular,+5561981604030,sim,,,,cliobodontologia@gmail.com
0.7380,ORTHODONTIC,21.847.641/0001-56,ME,SETOR HABITACIONAL VICENTE PIRES,"RUA RUA 4A AREA FEIRA, S/N, LOTE: 05 CHACARA 01; SALA: 101 102 103 E 104;, SETOR HABITACIONAL VICENTE PIRES, CEP 72006253, Brasilia/DF",11,2,multi_unidade,(61) 3435-5240,fixo,+556134355240,,,,,
0.7370,CLINICA E TREINAMENTO PROVOZ,03.658.580/0001-05,EPP,ASA NORTE,"SETOR SC/NORTE QD 2 BLOCO D ENTRADA A, S/N,       SALA 911, ASA NORTE, CEP 70712904, Brasilia/DF",37,1,clinica_geral,(61) 3346-0090,fixo,+556133460090,,,,,
0.7365,CBA CLINICA ODONTOLOGICA,09.149.271/0001-88,EPP,SOBRADINHO,"QUADRA CENTRAL SETOR HOTELEIRO BLOCO (COMERCIO) 3, SN, LOJA  72                  LOJA  76                  EDIF  POLY CENTER, SOBRADINHO, CEP 73010533, Brasilia/DF",18,1,clinica_geral,(61) 3963-3333,fixo,+556139633333,,(61) 3963-3330,fixo,+556139633330,advogado@mardonedescamelo.com.br
0.7360,OROUS ODONTOLOGIA ESPECIALIZADA,08.933.553/0001-09,ME,ASA NORTE,"SETOR SRTVN QUADRA 701 CONJUNTO C, 124,       ALA A               SALA  501 E 503, ASA NORTE, CEP 70719903, Brasilia/DF",19,1,clinica_institucional,(61) 3037-5833,fixo,+556130375833,,,,,orousodontologia@gmail.com
0.7360,INSTITUTO ODONTOLOGICO VERSALLES,17.444.115/0001-78,DEMAIS,ASA SUL,"SETOR DE RADIO E TELEVISAO SUL QUADRA 701 CONJUNTO L BLOCO 02, 30, SALA  524, ASA SUL, CEP 70340906, Brasilia/DF",13,1,clinica_institucional,(61) 3201-3124,fixo,+556132013124,,(61) 3322-7901,fixo,+556133227901,arnaldqf@gmail.com
0.7360,REABILIT CONCEPT ODONTOLOGIA E ESTETICA,10.714.354/0001-51,ME,ASA SUL,"SETOR SRTVS QUADRA 701 CONJUNTO D BLOCO B SALAS 633 E 634, 280, EDIF  CENTRO EMP BRASILIA, ASA SUL, CEP 70340907, Brasilia/DF",17,1,especialista_alto_ticket,(61) 3201-2211,fixo,+556132012211,,,,,reabilitodontologia@gmail.com
0.7355,NOVITA ODONTOLOGIA E ESTETICA OROFACIAL,17.865.474/0001-07,EPP,RECANTO DAS EMAS,"QUADRA QUADRA 102 , AVENIDA RECANTO DAS EMAS, LOTE, 04, LOJA  14, RECANTO DAS EMAS, CEP 72600200, Brasilia/DF",13,1,especialista_alto_ticket,(61) 9 8551-9955,celular,+5561985519955,sim,,,,novitaodonto@hotmail.com
0.7340,ADRIANA DOURADO ODONTOLOGIA INTEGRATIVA LTDA,24.815.828/0001-66,EPP,ASA NORTE,"QUADRA SCN QD 02 BLOCO D, SN, SALA  615                       ENTRADA B                 SHOPPING LIBERTYMALL, ASA NORTE, CEP 70712904, Brasilia/DF",10,1,marca_pessoal,(61) 9 9617-8300,celular,+5561996178300,sim,,,,dourado_adriana@hotmail.com
0.7340,NASP ODONTOLOGIA,24.765.876/0001-97,EPP,ASA SUL,"SETOR SGA/S QUADRA 915 CONJUNTO O SALA, 19,       2 SUBSOLO           EDIF  ADVANCE 2ND, ASA SUL, CEP 70390150, Brasilia/DF",10,1,clinica_geral,(61) 9 8125-0306,celular,+5561981250306,sim,,,,nayaperes@gmail.com
0.7340,CONSULTORIO MARILIA AZEVEDO,23.347.709/0001-63,EPP,ASA NORTE,"SETOR SCN QUADRA 5 BLOCO A, 50, SALA  1008, ASA NORTE, CEP 70715010, Brasilia/DF",10,1,clinica_geral,(61) 3032-6627,fixo,+556130326627,,(61) 3245-2947,fixo,+556132452947,
0.7325,INTEGRALI ODONTOLOGIA HOSPITALAR ESPECIALIZADA,41.364.674/0001-52,EPP,ASA NORTE,"QUADRA SRTVN QUADRA 701 ALA A CONJUNTO C SALA, 715, ASA NORTE, CEP 70719903, Brasilia/DF",5,1,clinica_institucional,(61) 9 9848-5396,celular,+5561998485396,sim,,,,
0.7325,CLINICA VERVE,35.502.062/0001-86,EPP,ASA NORTE,"SETOR SHLN, S/N, SALA  113                 BLOCO A                   EDIF  BIOSPHERE HEALTH CE CONJ  I, ASA NORTE, CEP 70770560, Brasilia/DF",6,1,clinica_geral,(61) 9 8353-6262,celular,+5561983536262,sim,,,,verve.odontologia@gmail.com
0.7325,CLINICA ODONTO ART,11.124.399/0001-39,DEMAIS,RIACHO FUNDO I,"QUADRA QN 05 CONJUNTO 05 LOTE, 11, SALA  101, RIACHO FUNDO I, CEP 71805405, Brasilia/DF",16,1,clinica_geral,(61) 3491-2138,fixo,+556134912138,,,,,
0.7325,VIVAODONTO,11.669.692/0001-81,DEMAIS,SOBRADINHO,"QUADRA SB QUADRA 05 COMERCIO LOCAL 03 LOJAS 04 E, 06, SOBRADINHO, CEP 73005080, Brasilia/DF",16,1,clinica_geral,(61) 3591-7530,fixo,+556135917530,,,,,
0.7325,IOLL - INSTITUTO ODONTOLOGICO LUCIANO E LETICIA,10.955.861/0001-87,DEMAIS,RIACHO FUNDO I,"QUADRA RF QUADRA NORTE  05 CONJUNTO 05 LOTE 11 SALA, 201, RIACHO FUNDO I, CEP 71805405, Brasilia/DF",17,1,clinica_institucional,(61) 3404-5870,fixo,+556134045870,,,,,
0.7325,ODONTOCLINICA GUARA,09.391.602/0001-91,EPP,GUARA II,"QUADRA QE 42, CONJUNTO A, LOTE 14, SN,       PAVIMENTO TERREO, GUARA II, CEP 71070015, Brasilia/DF",18,1,clinica_geral,(61) 3301-2107,fixo,+556133012107,,,,,
0.7325,VISTA ODONTO E ESTETICA,36.070.938/0001-25,ME,NORTE (AGUAS CLARAS),"RUA DAS FIGUEIRAS, LOTE, 07, SALA  701, NORTE (AGUAS CLARAS), CEP 71906750, Brasilia/DF",6,1,especialista_alto_ticket,(61) 3977-0988,fixo,+556139770988,,,,,jamile.aguiar89@gmail.com
0.7325,JULIANA SARKIS ODONTOLOGIA E HARMONIZACAO FACIAL,42.976.210/0001-60,ME,ASA SUL,"QUADRA SGAS 610 CONJUNTO F BLOCO 02 SALA, 139, ASA SUL, CEP 70200700, Brasilia/DF",5,1,marca_pessoal,(61) 9 9251-5335,celular,+5561992515335,sim,,,,goldcontabilidadetjw@gmail.com
0.7325,ORTHOLIFE DEJ,35.358.280/0001-99,ME,ASA SUL,"SETOR SCS QUADRA, 07, BLOCO A                   SALA  906/908                   PAT. BRASIL SHOPPING, ASA SUL, CEP 70307902, Brasilia/DF",6,1,especialista_alto_ticket,(61) 3032-8082,fixo,+556130328082,,,,,
0.7325,CLINICA HARMONIZE,41.455.420/0001-40,ME,SETOR HABITACIONAL VICENTE PIRES,"RUA RUA 5 CHACARA 121B LOTE 1B, 01, LOJA  01 E 02., SETOR HABITACIONAL VICENTE PIRES, CEP 72006055, Brasilia/DF",5,1,especialista_alto_ticket,(61) 3397-3453,fixo,+556133973453,,(61) 9 8358-8833,celular,+5561983588833,clinicaharmonizebsb@gmail.com
0.7320,LE FORT,22.479.316/0001-40,ME,SETOR SUDOESTE,"SETOR SHCSW CHSW BLOCOS 3/4/5, SL 109, TERREO, SETOR SUDOESTE, CEP 70673416, Brasilia/DF",11,1,clinica_geral,(61) 9 9122-8000,celular,+5561991228000,sim,,,,tenentedentista@gmail.com
0.7320,CONFIALLE ODONTOLOGIA ESPECIALIZADA,23.650.124/0001-18,ME,ASA SUL,"QUADRA SHCS CR QUADRA 502 BLOCO C, SN, LOJA  37 - PARTE 3858, ASA SUL, CEP 70330530, Brasilia/DF",10,1,clinica_institucional,(61) 3376-2224,fixo,+556133762224,,,,,gerenciaconfialle@gmail.com
0.7320,FINESSE ODONTOLOGIA,25.255.899/0001-14,ME,ASA NORTE,"QUADRA SMHN QUADRA 2 BLOCO B CONSULTORIO, 507, ASA NORTE, CEP 70710146, Brasilia/DF",10,1,clinica_geral,(61) 9 9286-2913,celular,+5561992862913,sim,,,,finesseodontologia@gmail.com
0.7320,ODONTOEST,08.519.032/0001-00,ME,SETOR SUDOESTE,"QUADRA CLSW 303 BLOCO B SALA, 18, SETOR SUDOESTE, CEP 70673622, Brasilia/DF",19,1,especialista_alto_ticket,(61) 3967-2008,fixo,+556139672008,,(61) 3352-8493,fixo,+556133528493,
0.7320,ARGUI ODONTOLOGIA E ESTETICA OROFACIAL,09.273.971/0001-80,ME,ASA SUL,"QUADRA SRTVS QUADRA 701 BLOCO O, 110, SALA  742, ASA SUL, CEP 70340000, Brasilia/DF",18,1,especialista_alto_ticket,(61) 3323-8722,fixo,+556133238722,,,,,
0.7315,ORTHO FENIX,12.224.566/0001-86,EPP,CEILANDIA NORTE (CEILANDIA),"QUADRA QNO 4 CONJUNTO B, S/N, LOTE  02                  SALA  202, CEILANDIA NORTE (CEILANDIA), CEP 72250402, Brasilia/DF",16,1,especialista_alto_ticket,(61) 3333-7633,fixo,+556133337633,,,,,contabltda@hotmail.com
0.7310,INSTITUTO ODONTOLOGICO LUIZ ROGERIO,04.637.236/0001-94,DEMAIS,ASA SUL,"SETOR SRTVS QD. 701 BLOCO K, S/N, SALA  409                 EDIF  EMBASSY TOWER, ASA SUL, CEP 70340908, Brasilia/DF",25,1,clinica_institucional,(61) 3225-2527,fixo,+556132252527,,,,,
0.7310,VANDERLENE SANCHES ODONTOLOGIA ESTETICA,37.090.370/0001-77,ME,ASA SUL,"QUADRA SGAS 610, CONJUNTO F, BLOCO 01, SALA 206, S/N, ASA SUL, CEP 70200700, Brasilia/DF",34,1,especialista_alto_ticket,(61) 3326-4031,fixo,+556133264031,,,,,clinicavanderlene@gmail.com
0.7310,INSTITUTO NORTHO,04.250.267/0001-98,ME,ASA NORTE,"SETOR SCN QUADRA 05, 50, BLOCO A                   SALA  214, ASA NORTE, CEP 70715900, Brasilia/DF",25,1,especialista_alto_ticket,(61) 3328-7162,fixo,+556133287162,,,,,
0.7305,COIFE ODONTO BRASILIA,23.244.004/0001-10,DEMAIS,TAGUATINGA CENTRO (TAGUATINGA),"QUADRA C 7 LOTE, 04, LOJA  02, TAGUATINGA CENTRO (TAGUATINGA), CEP 72010070, Brasilia/DF",11,1,clinica_geral,(61) 3562-0303,fixo,+556135620303,,(61) 9 9637-2760,celular,+5561996372760,coifeodontotaguatinga@gmail.com
0.7305,CLINUS ODONTOLOGIA,07.392.891/0001-18,EPP,SOBRADINHO,"QUADRA QUADRA 8 COMERCIO LOCAL 3, S/N, SALA  502 504 506         EDIF  SERRA VERDE, SOBRADINHO, CEP 73006010, Brasilia/DF",21,1,clinica_geral,(61) 3387-3877,fixo,+556133873877,,,,,
0.7305,HARMONYS ODONTOLOGIA ESPECIALIZADA,50.050.258/0001-70,EPP,SUL (AGUAS CLARAS),"AVENIDA PAU BRASIL EDIFICIO LE QUARTIER AGUAS CLARAS GALLERIE & BURE, SN, ANDAR 9                   SALA  928, SUL (AGUAS CLARAS), CEP 71926000, Brasilia/DF",3,1,clinica_institucional,(61) 9 8569-8190,celular,+5561985698190,sim,,,,ramosingrid65@gmail.com
0.7305,LP ESTETICA E ODONTOLOGIA,57.750.274/0001-15,EPP,SUL (AGUAS CLARAS),"AVENIDA PAU BRASIL, LOTE10, SALA  534, SUL (AGUAS CLARAS), CEP 71926000, Brasilia/DF",1,1,especialista_alto_ticket,(61) 9 9643-9881,celular,+5561996439881,sim,,,,luisaaldana@live.com
0.7300,FERRER ODONTOLOGIA,25.092.064/0001-90,DEMAIS,ASA SUL,"QUADRA SGAS 616, SN,       CONJUNTO A  BLOCO B       SALAS 135 E 137, ASA SUL, CEP 70200760, Brasilia/DF",10,1,clinica_geral,(61) 3346-6546,fixo,+556133466546,,,,,ferrerodontologia@hotmail.com
0.7300,ODONTOCORP,24.884.433/0001-15,DEMAIS,ASA SUL,"SETOR SRTVS QUADRA 701 CONJUNTO L BLOCO 02 SALAS 202 E 204, 30,       PARTE A97, ASA SUL, CEP 70340906, Brasilia/DF",10,1,clinica_geral,(61) 9 9983-3495,celular,+5561999833495,sim,,,,anderson@consistimplante.com.br
0.7300,IMOB,15.916.024/0001-62,EPP,ASA SUL,"QUADRA SEPS 709/909, SN, CONJ  A                   BLOCO A                   SALA  114 E 115, ASA SUL, CEP 70390095, Brasilia/DF",14,1,clinica_geral,(61) 3264-8122,fixo,+556132648122,,,,,processo@kelsoneassociados.com.br
0.7295,CLINICA ORTORISO,04.401.387/0001-49,EPP,SOBRADINHO,"QUADRA 08 BLOCO 22 LOTE 04 SALAS 01 E, 02, SOBRADINHO, CEP 73005080, Brasilia/DF",25,2,multi_unidade,(61) 615910002,indefinido,,,,,,
0.7295,INSTITUTO LSP - ODONTOLOGIA E MEDICINA,02.574.424/0001-95,EPP,TAGUATINGA,"LOC  QSA 21 CASA 19, S/N, TAGUATINGA, CEP 72015210, Brasilia/DF",34,2,multi_unidade,(61) 9 9132-4648,celular,+5561991324648,sim,(61) 9 9971-0730,celular,+5561999710730,diretoria.odontomed@gmail.com
0.7290,FACE UNIC,42.948.311/0001-27,DEMAIS,TAGUATINGA SUL (TAGUATINGA),"QUADRA QSA 12, LT 9, TAGUATINGA SUL (TAGUATINGA), CEP 72015120, Brasilia/DF",5,1,especialista_alto_ticket,(47) 3036-6262,fixo,+554730366262,,,,,paralegal01@rhcontabilidade.com.br
0.7285,CENTURIONE CLINICA ODONTOLOGICA LTDA,27.793.174/0001-05,EPP,ASA NORTE,"QUADRA SCN QUADRA 2 BLOCO D, SN, SALA  529A, ASA NORTE, CEP 70712904, Brasilia/DF",9,1,clinica_geral,(61) 9 9215-2623,celular,+5561992152623,sim,,,,juliana.nascentes@gmail.com
0.7285,INSTITUTO PROCERAM DE ODONTOLOGIA LTDA,29.180.298/0001-40,EPP,ASA NORTE,"QUADRA SCN QUADRA 1 BLOCO G SALA, 405, ASA NORTE, CEP 70711070, Brasilia/DF",8,1,clinica_institucional,(61) 9 8182-5700,celular,+5561981825700,sim,,,,proceramodontologia@gmail.com
0.7280,MAX CONTROL ODONTOLOGIA,06.036.504/0001-48,DEMAIS,ASA SUL,"SETOR SRTVS QD 701 CONJ E BLOCO 03, 130, SALA  314, ASA SUL, CEP 70340902, Brasilia/DF",22,1,clinica_geral,(61) 3225-1690,fixo,+556132251690,,,,,
0.7280,ORTHOPED - CLINICA ODONTOLOGICA LTDA,09.654.663/0001-02,ME,ASA NORTE,"SETOR SRTVN QUADRA 701 CONJUNTO C, 124, SALA  231                       ALA B, ASA NORTE, CEP 70719030, Brasilia/DF",18,1,especialista_alto_ticket,(61) 3327-1078,fixo,+556133271078,,(61) 9 8196-0114,celular,+5561981960114,crenatoandradef@gmail.com
0.7275,ORTOFIX - ORTODONTIA E REABILITACAO ORAL LTDA,04.590.228/0001-30,EPP,GUARA II,"QUADRA QE 15 BLOCO A LOTE  30, SN, GUARA II, CEP 71065010, Brasilia/DF",25,1,especialista_alto_ticket,(61) 3382-2700,fixo,+556133822700,,,,,processos.contau@gmail.com
0.7275,CLINICA ORTODONTICA MAROSO SOCIEDADE SIMPLES LTDA (S/S LTDA),72.575.822/0001-01,EPP,GAMA,"SETOR SETOR NORTE Q 1 CJ B LT 316, S/N, GAMA, CEP 72430102, Brasilia/DF",32,1,especialista_alto_ticket,(61) 3384-2088,fixo,+556133842088,,,,,clinicamaroso@gmail.com
0.7270,EL SHADDAI ODONTOLOGIA ESPECIALIZADA,38.078.036/0001-60,DEMAIS,ASA SUL,"OUTROS SEP/SUL EQ 710/910 CONJUNTO D SALA, 507, ASA SUL, CEP 70390108, Brasilia/DF",32,1,clinica_institucional,(61) 3442-1033,fixo,+556134421033,,,,,odontoelshaddai@gmail.com
0.7270,CLINICA ODONTOLOGICA RIEKEHR LTDA,03.797.165/0001-24,EPP,ASA NORTE,"SETOR SCN QUADRA 02 BLOCO D ENTRADA A, SN, SALA  1114 E 1116, ASA NORTE, CEP 70712904, Brasilia/DF",26,1,clinica_geral,(61) 3328-9613,fixo,+556133289613,,,,,kurt@solar.com.br
0.7270,HUMANUS,03.618.253/0001-11,EPP,ASA NORTE,"SC/NORTE QUADRA 05 BLOCO A, 50, SALAS 1122 E 1123, ASA NORTE, CEP 70310500, Brasilia/DF",38,1,clinica_geral,(61) 3327-2900,fixo,+556133272900,,,,,
0.7270,ORUS CLINICA ODONTOLOGICA,00.233.776/0001-51,EPP,ASA SUL,"SETOR SRTVS QUADRA 701 BLOCO O, 110, SALA  155 E 157, ASA SUL, CEP 70340000, Brasilia/DF",31,1,clinica_geral,(61) 3202-4800,fixo,+556132024800,,,,,orusclinica@gmail.com
0.7270,STUDIO SETTI ODONTOLOGIA INTEGRADA,32.913.071/0001-71,EPP,ASA NORTE,"SETOR SDN CONJUNTO A SALA 4023, S/N, ASA NORTE, CEP 70077900, Brasilia/DF",37,1,clinica_geral,(61) 3326-6562,fixo,+556133266562,,,,,clinicamiranda14@gmail.com
0.7270,CLINICA ODONTOLOGICA ROSE MEIRY PRATA,01.495.685/0001-57,EPP,ASA NORTE,"QUADRA SCN QUADRA 2, SN, BLOCO D ENTRADA B         SALA  725, ASA NORTE, CEP 70712000, Brasilia/DF",29,1,clinica_geral,(61) 3328-0693,fixo,+556133280693,,,,,clinicaroseprata@yahoo.com.br
0.7270,COI CENTRO ODONTOLOGICO,26.417.105/0001-34,EPP,ASA NORTE,"SEP/NORTE QUADRA 504 BLOCO C, 31, LJS 06 E 10 1.SUBSOLO, ASA NORTE, CEP 70735530, Brasilia/DF",36,1,clinica_institucional,(61) 3326-1956,fixo,+556133261956,,(61) 3326-8852,fixo,+556133268852,coi504norte@gmail.com
0.7270,IORIS,02.241.910/0001-91,EPP,ASA SUL,"SETOR HOTELEIRO SUL QUADRA, 06, CONJ  A                   BLOCO C                   SALA  911 A 915, ASA SUL, CEP 70316902, Brasilia/DF",28,1,clinica_institucional,(61) 3034-8222,fixo,+556130348222,,,,,gerencia@strapazzon.com.br
0.7270,CENTRO DE ODONTOLOGIA INTEGRADA SIMONE CARRARA,01.481.024/0001-72,EPP,ASA SUL,"QUADRA SGAS QUADRA 610 CONJUNTO F BLOCO 01 SALA S-11, S/N, ASA SUL, CEP 70200700, Brasilia/DF",29,1,clinica_institucional,(61) 3245-1016,fixo,+556132451016,,,,,gerencia@simonecarrara.com.br
0.7270,ORTOBR CLINICA ODONTOLOGICA,01.156.430/0001-60,EPP,ASA NORTE,"SETOR COMERCIAL NORTE - QUADRA 02 - BLOCO D - ENTRADA A, S/N, SALAS 525 E 527, ASA NORTE, CEP 70712903, Brasilia/DF",30,1,clinica_geral,(61) 3326-5157,fixo,+556133265157,,,,,edmilsonbr@hotmail.com
0.7265,INSTITUTO MOOI,50.021.920/0001-64,DEMAIS,NORTE (AGUAS CLARAS),"RUA COPAIBA LOTE, 1, BLOCO TOR. B SALA 617 619, NORTE (AGUAS CLARAS), CEP 71919540, Brasilia/DF",3,1,clinica_institucional,(61) 9 8510-8302,celular,+5561985108302,sim,(00) 0000000000,indefinido,,pedrooabdf@gmail.com
0.7265,CENTRO ODONTOLOGICO SORRISO,05.045.512/0001-98,EPP,TAGUATINGA SUL (TAGUATINGA),"QUADRA QSD 13, SN, LOTE: 02;, TAGUATINGA SUL (TAGUATINGA), CEP 72020130, Brasilia/DF",24,2,multi_unidade,(61) 3351-3283,fixo,+556133513283,,(61) 3963-4866,fixo,+556139634866,clinicasorrisodf@yahoo.com.br
0.7265,DENTAL CARE,52.008.069/0001-65,EPP,ASA NORTE,"QUADRA SDN CNB, S/N, SALA  4126, ASA NORTE, CEP 70077900, Brasilia/DF",3,1,especialista_alto_ticket,(61) 9 8499-2839,celular,+5561984992839,sim,,,,junior.nascido1998@gmail.com
0.7260,SAUDE MASTER CLINICA MEDICA E ODONTOLOGICA,19.503.310/0001-57,DEMAIS,ASA SUL,"QUADRA SEPS 714/914 CONJUNTO C N., 30, SALA  309, ASA SUL, CEP 70390145, Brasilia/DF",12,1,clinica_geral,(61) 3348-4812,fixo,+556133484812,,,,,manage.contabilidade@gmail.com
0.7260,CIFAIS,01.580.192/0002-04,DEMAIS,ASA SUL,"SETOR SHCS CR QUADRA 512 BLOCO A, S/N, LOJA  77 - TERREO, ASA SUL, CEP 70361515, Brasilia/DF",21,1,clinica_geral,(61) 3048-9184,fixo,+556130489184,,,,,contabilidade.cifais@gmail.com
0.7250,SIRIUS ODONTOLOGIA,04.610.336/0001-27,EPP,ASA NORTE,"SETOR SCN QUADRA 1 BLOCO C, 85, SALA  701, ASA NORTE, CEP 70711902, Brasilia/DF",25,1,clinica_geral,(61) 3327-0415,fixo,+556133270415,,,,,sirius@siriusodontologia.com.br
0.7250,RZ ODONTOLOGIA,02.080.013/0001-43,EPP,ASA NORTE,"SETOR SCN QUADRA 05 BLOCO A, SN, SALA  1302 E 1303               BRASILIA SHOPPING, ASA NORTE, CEP 70715900, Brasilia/DF",28,1,clinica_geral,(61) 3321-0999,fixo,+556133210999,,,,,
0.7250,UNIFACE,01.004.643/0001-76,EPP,ASA NORTE,"SETOR SDN LOTE, SN, CONJ  A                   SALA  6001 E 6003, ASA NORTE, CEP 70077900, Brasilia/DF",30,1,clinica_geral,(61) 3326-9902,fixo,+556133269902,,,,,
0.7245,ODONTO SAM,20.876.422/0001-32,DEMAIS,SAMAMBAIA SUL (SAMAMBAIA),"QUADRA QN 310 CONJUNTO 1 LOTE, 01, SALA  07/08 PARTE, SAMAMBAIA SUL (SAMAMBAIA), CEP 72306701, Brasilia/DF",12,1,clinica_geral,(61) 3358-2188,fixo,+556133582188,,,,,odonto-sam@hotmail.com
0.7245,INOV ODONTOLOGIA ESPECIALIZADA,18.223.435/0001-60,DEMAIS,SETOR INDUSTRIAL (TAGUATINGA),"QUADRA QI 19, S/N, LOTE  01 / 03 / 05 / 07   LOJA  04 TERREO, SETOR INDUSTRIAL (TAGUATINGA), CEP 72135190, Brasilia/DF",13,1,clinica_institucional,(61) 3201-9899,fixo,+556132019899,,,,,bruno37536@gmail.com
0.7245,CLINICA ODONTOLOGICA ORTODENTE UNIDADE RIACHO FUNDO II,25.117.708/0001-58,DEMAIS,RIACHO FUNDO II,"QUADRA QN 7F CONJUNTO 7 CASA 43 A, 43, RIACHO FUNDO II, CEP 71880067, Brasilia/DF",10,1,clinica_geral,(61) 3358-7485,fixo,+556133587485,,,,,gilbertovieiram@hotmail.com
0.7245,ALEGRA ORTODONTIA,10.235.177/0001-20,ME,TAGUATINGA SUL,"AVENIDA CSB 2 LT 1/2/3/4 SL 932/934, S/N,       TORRE B                   ALAMEDA TOWER, TAGUATINGA SUL, CEP 72015525, Brasilia/DF",18,1,especialista_alto_ticket,(61) 3201-7422,fixo,+556132017422,,,,,renatocontabil@terra.com.br
0.7245,IMPLORTHO CENTER,12.688.066/0001-03,ME,RIACHO FUNDO I,"QUADRA NORTE 07 CONJUNTO 06 LOTE 34, S/N, RIACHO FUNDO I, CEP 71805706, Brasilia/DF",15,1,especialista_alto_ticket,(61) 3321-5187,fixo,+556133215187,,,,,
0.7245,DF IMPLANTE,10.245.243/0001-43,ME,SAMAMBAIA SUL (SAMAMBAIA),"QUADRA QS 112 CONJUNTO 8, 10, SAMAMBAIA SUL (SAMAMBAIA), CEP 72302548, Brasilia/DF",18,1,especialista_alto_ticket,(61) 3256-4060,fixo,+556132564060,,,,,marcosafsousa@hotmail.com
0.7245,ORTHODONTIC,43.228.043/0001-31,EPP,SETOR HABITACIONAL VICENTE PIRES,"RUA RUA 4A CHACARA 01 LOTE, 05, SALA  101/102/103/104, SETOR HABITACIONAL VICENTE PIRES, CEP 72006253, Brasilia/DF",5,1,especialista_alto_ticket,(61) 3435-5240,fixo,+556134355240,,,,,vicentepires@ortodonticcenter.com.br
0.7240,TRIADE ODONTOLOGIA INTEGRADA,05.826.865/0001-25,ME,ASA SUL,"QUADRA SEPS 705/905 CONJUNTO B SALAS 218, 220 E 222, SN, ASA SUL, CEP 70390055, Brasilia/DF",23,1,clinica_institucional,(61) 9 9591-0990,celular,+5561995910990,sim,,,,triade.cesarfferraz@gmail.com
0.7240,MELINA ALMEIDA ODONTOLOGIA ESPECIALIZADA,09.439.676/0001-50,ME,ASA NORTE,"SETOR STN CONJUNTO O NUMERO 30 CONSULTORIO 109 E 111, SN, ASA NORTE, CEP 70770100, Brasilia/DF",18,1,clinica_institucional,(61) 3340-7480,fixo,+556133407480,,(61) 9 9275-2929,celular,+5561992752929,melina.almeida@gmail.com
0.7240,ODONTOCENTER AGUAS CLARAS,09.409.306/0001-70,ME,AGUAS CLARAS,"AVENIDA DAS CASTANHEIRAS LOTE, 820, SALA  401 E 403, AGUAS CLARAS, CEP 71900100, Brasilia/DF",18,1,clinica_geral,(61) 3039-1929,fixo,+556130391929,,,,,odontocenteraguasclaras@gmail.com
0.7240,IEEP ODONTOLOGIA,08.329.432/0001-52,ME,ASA SUL,"SETOR SRTVS QUADRA 701,BLOCO O, 110, SALA  619 620 E 621       EDIF  MULTIEMPRESARIAL, ASA SUL, CEP 70340000, Brasilia/DF",19,1,clinica_institucional,(61) 3323-1644,fixo,+556133231644,,,,,
0.7240,CLINPRO,08.882.327/0001-46,ME,AREAL (AGUAS CLARAS),"QUADRA QUADRA QS 5 AVENIDA AREAL LOTE, 18, LOJA  02, AREAL (AGUAS CLARAS), CEP 71955000, Brasilia/DF",19,1,clinica_geral,(61) 3047-4090,fixo,+556130474090,,,,,goretti@chavescontadores.com.br
0.7240,I.O.B - INSTITUTO ODONTOLOGICO BRASILIA,13.548.159/0001-97,ME,ASA SUL,"SETOR SRTVS QD 701 CONJUNTO E BLOCO 1, 12, SALA  510 E 512           EDIF  PAL. DO RADIO 01, ASA SUL, CEP 70340901, Brasilia/DF",15,1,clinica_institucional,(61) 9 8165-9608,celular,+5561981659608,sim,,,,silva.vanessa1987@gmail.com
0.7240,CLINICA ODONTOLOGICA DRA. LANI RODRIGUES CARNEIRO LTDA,06.277.104/0001-24,EPP,ASA NORTE,"SC/NORTE QUADRA 05 BLOCO A, 50, SALAS 1014 E 1015, ASA NORTE, CEP 70715900, Brasilia/DF",22,1,clinica_geral,,,,,,,,
0.7240,DUE ODONTOLOGIA ESTETICA,17.039.425/0001-07,ME,ASA SUL,"QUADRA SGAS 607, 203, CONJ  B                         CONSULTORIO 203           2 PAVIMENTO, ASA SUL, CEP 70200670, Brasilia/DF",13,1,especialista_alto_ticket,(61) 9 9333-6180,celular,+5561993336180,sim,,,,marlyvale@ig.com.br
0.7235,INDOR,11.106.067/0001-21,DEMAIS,SETOR DE HABITACOES INDIVIDUAIS SUL,"QUADRA SHIS QI 03 LTE C/D LOJAS 15 E 16, S/N, SETOR DE HABITACOES INDIVIDUAIS SUL, CEP 71625009, Brasilia/DF",16,1,clinica_institucional,(61) 3364-3908,fixo,+556133643908,,(61) 3561-2115,fixo,+556135612115,
0.7235,CARACAS ORTODONTIA,11.458.414/0001-85,DEMAIS,SETOR DE HABITACOES INDIVIDUAIS SUL,"QUADRA SHIS CL QI 11 BLOCO S, S/N, SALA  103, SETOR DE HABITACOES INDIVIDUAIS SUL, CEP 71625680, Brasilia/DF",16,1,especialista_alto_ticket,(61) 3034-0090,fixo,+556130340090,,,,,acl.cont@gmail.com
0.7230,IBO CLINICA E PLANTAO 24 HORAS,00.852.632/0001-83,DEMAIS,ASA SUL,"SHC/SUL CL QD 406 BLOCO A LOJAS 25 E 35, S/N, ASA SUL, CEP 70255510, Brasilia/DF",41,1,clinica_institucional,,,,,,,,
0.7225,AMICI ODONTOLOGIA,42.658.588/0001-15,EPP,SUL (AGUAS CLARAS),"AVENIDA PAU BRASIL LOTE, 10, SALA  1409, SUL (AGUAS CLARAS), CEP 71926000, Brasilia/DF",5,1,clinica_geral,(61) 9 9818-0077,celular,+5561998180077,sim,,,,clinicaamiciodontologia@gmail.com
0.7225,BRAVIN ODONTOLOGIA,44.190.444/0001-02,DEMAIS,ASA SUL,"QUADRA SHCS CR QUADRA 502 BLOCO C, S/N, LOJA  37                        PARTE 3708, ASA SUL, CEP 70330530, Brasilia/DF",4,1,especialista_alto_ticket,(61) 3234-5995,fixo,+556132345995,,,,,executiva.claudiocampelo@gmail.com
0.7225,DR PEDRO DE CARVALHO IMPLANTODONTIA & ESTETICA AVANCADA,47.380.411/0001-13,EPP,ASA NORTE,"SETOR SCN QUADRA 2 BLOCO D ENTRADA A, S/N, SALA  927, ASA NORTE, CEP 70712904, Brasilia/DF",4,1,marca_pessoal,(61) 3242-1250,fixo,+556132421250,,(00) 0000000000,indefinido,,xxxxxxxxxxx@xxxxxx.xxx.xx
0.7220,CASTELO BRANCO ODONTOLOGIA E CONSULTORIA,11.060.287/0001-61,DEMAIS,ASA NORTE,"QUADRA SCN QUADRA 2 BLOCO D, SN, SALA  306                       ENTRADA B, ASA NORTE, CEP 70712904, Brasilia/DF",17,1,clinica_geral,(61) 9 8450-7558,celular,+5561984507558,sim,,,,cboodonto@gmail.com
0.7220,DENTQUALITY,13.638.600/0001-21,DEMAIS,ASA NORTE,"QUADRA SDN LOTE, S/N, CONJ  A SALA 4056         CONJ  NACIONAL, ASA NORTE, CEP 70077900, Brasilia/DF",15,1,clinica_geral,(61) 3244-2276,fixo,+556132442276,,,,,anaxsandro@hotmail.com
0.7220,CASTRO VALLE ODONTOLOGIA,07.990.346/0001-23,EPP,ASA NORTE,"SETOR SCN QUADRA 02 BLOCO D ENTRADA A, S/N, SALA  301 E 303, ASA NORTE, CEP 70712904, Brasilia/DF",20,1,clinica_geral,(61) 3328-9837,fixo,+556133289837,,,,,castrovalleodontologia@gmail.com
0.7220,CONSULTORIO ODONTOLOGICO ORTO-VITTA,11.294.836/0001-62,EPP,AGUAS CLARAS,"AVENIDA DAS ARAUCARIAS LOTES 1835/2005, SN, SALA  472, AGUAS CLARAS, CEP 71936970, Brasilia/DF",16,1,clinica_geral,(61) 9 9842-5412,celular,+5561998425412,sim,,,,paulosilvatrans82@gmail.com
0.7220,DUAL ODONTOLOGIA AVANCADA,07.135.223/0001-05,EPP,ASA SUL,"SHL/SUL QDA 716 BLOCO F, S/N, SALA 605, ASA SUL, CEP 70390700, Brasilia/DF",21,1,clinica_geral,(61) 613219503,indefinido,,,,,,
0.7220,PERSONALE ODONTOLOGIA,08.856.792/0001-02,EPP,ASA NORTE,"SETOR SCN, 50, QUADRA05                  BLOCO A                   SALA  819 E 820, ASA NORTE, CEP 70715900, Brasilia/DF",19,1,clinica_geral,(61) 3039-4965,fixo,+556130394965,,,,,contato@personaleodontologia.com.br
0.7205,FABIO CUNHA ODONTOLOGIA ESPECIALIZADA,30.937.579/0001-84,EPP,SETOR HABITACIONAL VICENTE PIRES,"RUA RUA 5 CHACARA 180 LOTE, 16, LOJA  02, SETOR HABITACIONAL VICENTE PIRES, CEP 72006090, Brasilia/DF",8,1,marca_pessoal,(61) 3046-2026,fixo,+556130462026,,,,,
0.7205,INSTITUTO GUSTAVO CRUZ,34.318.338/0001-08,EPP,ASA NORTE,"QUADRA SDN CONJUNTO A, S/N, SALA  4086 E 4094, ASA NORTE, CEP 70077900, Brasilia/DF",7,1,clinica_institucional,(61) 3131-3131,fixo,+556131313131,,,,,financeiro@ioabrasilia.com.br
0.7205,ROYAL SMILE,35.535.092/0001-99,EPP,SETOR HABITACIONAL VICENTE PIRES,"RUA 10 CHACARA 162 LOTE, 02, LOJA  06, SETOR HABITACIONAL VICENTE PIRES, CEP 72007310, Brasilia/DF",6,1,clinica_geral,(61) 9 9274-2699,celular,+5561992742699,sim,,,,rodrigo.c.rocha@outlook.com
0.7205,MAIADOC' ODONTOLOGIA & ESTETICA,05.769.224/0001-86,ME,SOBRADINHO,"QUADRA 02 CONJUNTO D-4 LOTE, 02, SOBRADINHO, CEP 73015404, Brasilia/DF",23,1,especialista_alto_ticket,(61) 3487-3081,fixo,+556134873081,,(61) 3591-2410,fixo,+556135912410,globalcontabilidadebsb@pop.com.br
0.7205,LAC- VITAE,08.263.838/0001-80,ME,SETOR TRADICIONAL (PLANALTINA),"AVENIDA INDEPENDENCIA (QUADRAS 12,13, E 18), LT 03, SLJ, SETOR TRADICIONAL (PLANALTINA), CEP 73330001, Brasilia/DF",20,1,especialista_alto_ticket,(61) 3028-2500,fixo,+556130282500,,,,,redeortoplanaltina@gmail.com
0.7195,ODONTOLIFE CLINICA ODONTOLOGICA LTDA,33.472.416/0001-61,EPP,TAGUATINGA,"QUADRA CNB 11 LOTE 09, SN, SALA  106, TAGUATINGA, CEP 72115938, Brasilia/DF",36,1,clinica_geral,(61) 3562-3550,fixo,+556135623550,,,,,
0.7190,CLINICA ODONTOLOGICA DANIELE CASTRO,03.271.991/0001-35,EPP,ASA NORTE,"SETOR SCN QUADRA 5, SN, BLOCO A                         ENTRADA 50          SALA  1304, ASA NORTE, CEP 70715900, Brasilia/DF",27,1,clinica_geral,(61) 3328-2118,fixo,+556133282118,,,,,
0.7190,LUISA ELITA CASADO - CLINICA ODONTOLOGICA.,01.418.632/0001-32,EPP,ASA SUL,"SETOR SETOR HOSPITALAR LOCAL SUL, QUADRA 716, CONJUNTO L BLOCO, 02, SALA  302, 417, 419, ASA SUL, CEP 70390700, Brasilia/DF",29,1,clinica_geral,(61) 3963-3333,fixo,+556139633333,,,,,
0.7190,CLINICA MARINHO ODONTOLOGIA E ESTETICA FACIAL,01.838.196/0001-50,ME,AREAL (AGUAS CLARAS),"QUADRA QS 5 RUA 600 LOTE, 21, SALA  106 E 111, AREAL (AGUAS CLARAS), CEP 71955100, Brasilia/DF",29,1,especialista_alto_ticket,(61) 9 9839-7905,celular,+5561998397905,sim,,,,ruthmarinhoodonto@gmail.com
0.7180,ODONTO Z ODONTOLOGIA DE A A Z LTDA,24.250.951/0001-87,EPP,NORTE (AGUAS CLARAS),"RUA COPAIBA LOTE, 01,       TORRE A             SALA  2001 A 2008, NORTE (AGUAS CLARAS), CEP 71919540, Brasilia/DF",10,1,clinica_geral,(61) 3561-9800,fixo,+556135619800,,,,,vinicius.conde@hotmail.com.br
0.7180,LIFE ODONTOLOGIA,20.513.858/0001-67,DEMAIS,ASA SUL,"SETOR SGAS SETOR DE GRANDES AREAS SUL QUADRA 607 CONSULTORIO, 25, CONJ  B                   TERREO                    EDIF  METROPOLIS, ASA SUL, CEP 70200670, Brasilia/DF",12,1,clinica_geral,(61) 3563-3163,fixo,+556135633163,,,,,
0.7180,PLENI ODONTOLOGIA,18.260.440/0001-43,EPP,ASA SUL,"SETOR SEPS 709/909 CONJUNTO A BLOCO A SALA, 417, ASA SUL, CEP 70390095, Brasilia/DF",13,1,clinica_geral,(61) 9 9969-4462,celular,+5561999694462,sim,(61) 3541-9993,fixo,+556135419993,angelica.fc83@gmail.com
0.7180,LARISSA JUNQUEIRA ODONTOLOGIA,15.812.369/0001-76,EPP,ASA SUL,"SETOR SHLS QUADRA, 716, QUADRA76                  CONJ  210                 BLOCO F, ASA SUL, CEP 70390700, Brasilia/DF",14,1,marca_pessoal,(61) 3223-0195,fixo,+556132230195,,,,,larissaodonto10@gmail.com
0.7180,CONSULTORIO ODONTOLOGICO,00.721.175/0003-50,DEMAIS,ASA SUL,"SETOR SDS BLOCO, SN,       Q                   EDIF  VENANCIO IV         SALA  419/420, ASA SUL, CEP 70393900, Brasilia/DF",10,1,clinica_geral,(61) 3039-6990,fixo,+556130396990,,,,,
0.7170,SO IMPLANTES - TRATAMENTOS ODONTOLOGICOS,31.264.663/0001-47,EPP,TAGUATINGA NORTE (TAGUATINGA),"QUADRA QNA 29, EDIFICIO BRASILIA PLAZA CENTER, LOTE, 8, SALA  301, TAGUATINGA NORTE (TAGUATINGA), CEP 72110290, Brasilia/DF",8,1,especialista_alto_ticket,(61) 3204-3023,fixo,+556132043023,,(61) 9 9177-3193,celular,+5561991773193,dentclean@uol.com.br
0.7165,SARKIS ODONTOLOGIA ESPECIALIZADA,34.469.939/0001-11,DEMAIS,SETOR HABITACIONAL VICENTE PIRES,"RUA 5 CHACARA 116 LOTE, 1E, SALA  203 E 205, SETOR HABITACIONAL VICENTE PIRES, CEP 72006180, Brasilia/DF",7,1,clinica_institucional,(61) 9 8661-2030,celular,+5561986612030,sim,,,,brendasarkis.arq@gmail.com
0.7165,ALBUQ ODONTOLOGIA ESPECIALIZADA,27.039.919/0001-45,EPP,ASA NORTE,"SETOR SCN QUADRA  01 BLOCO F SALA 1702 EDIFICIO AMERICA OFFICE TOW, SN, ASA NORTE, CEP 70711905, Brasilia/DF",9,1,clinica_institucional,(61) 9 9164-3631,celular,+5561991643631,sim,,,,orthocare.br@gmail.com
0.7165,LUNIC ODONTOLOGIA ESPECIALIZADA,26.859.402/0001-30,EPP,AGUAS CLARAS,"AVENIDA DAS ARAUCARIAS LOTES 1835, 1905, 1955 E, 2005, SALA  512, AGUAS CLARAS, CEP 71936970, Brasilia/DF",9,1,clinica_institucional,(61) 9 8411-5754,celular,+5561984115754,sim,,,,jgamadelvaux@gmail.com
0.7165,QUALITY CENTRO DE IMPLANTE ORAL,16.806.318/0001-02,ME,PONTE ALTA NORTE (GAMA),"NUCLEO RURAL NUCLEO RURAL NUCR RODOVIA DF 480 CH SAO JORGE LOTES, 3 A 8, SALA  101, PONTE ALTA NORTE (GAMA), CEP 72427010, Brasilia/DF",14,1,especialista_alto_ticket,(61) 9 9861-2199,celular,+5561998612199,sim,,,,qualityimplanteoral@gmail.com
0.7165,IMPLANTAT ODONTOLOGIA LTDA,36.420.190/0001-43,ME,ASA NORTE,"SETOR SETOR SETOR SRTVN QUADRA 701 CONJUNTO C, ALA B, SALA, 127, ASA NORTE, CEP 70719000, Brasilia/DF",6,1,especialista_alto_ticket,(61) 9 9675-0795,celular,+5561996750795,sim,,,,
0.7165,AURUM CLINICA DE ESTETICA,27.252.098/0001-20,ME,ASA SUL,"QUADRA SGAS 915, 68, CONJ  O                   SALA  023                 SETOR HOSP SUL ADVANCE II, ASA SUL, CEP 70390150, Brasilia/DF",9,1,especialista_alto_ticket,(61) 3333-8544,fixo,+556133338544,,,,,unidadepremiumrc@hotmail.com
0.7165,ODONTO ESTETICA,26.893.238/0001-87,ME,SETOR SUDOESTE,"QUADRA CLSW 504 BLOCO B, 129, SALA, SETOR SUDOESTE, CEP 70673642, Brasilia/DF",9,1,especialista_alto_ticket,(61) 9 9206-0646,celular,+5561992060646,sim,,,,marcelo034@hotmail.com
0.7165,NOVITALI ODONTOLOGIA & HARMONIZACAO FACIAL,35.786.370/0001-80,ME,SUL (AGUAS CLARAS),"RUA 35 SUL LOTE 11, 13 E 15 E RUA 36 SUL LOTE, 14, LOJA  02, SUL (AGUAS CLARAS), CEP 71931180, Brasilia/DF",6,1,especialista_alto_ticket,(61) 3551-7323,fixo,+556135517323,,(61) 9 9106-7111,celular,+5561991067111,novitaliodontologia@gmail.com
0.7165,HARMONIZARE ODONTOLOGIA,36.331.512/0001-88,ME,ASA NORTE,"QUADRA SGAN 915 CONJUNTO G BLOCO C SALAS 305 E 306, S/N, ASA NORTE, CEP 70790157, Brasilia/DF",6,1,especialista_alto_ticket,(61) 3033-3332,fixo,+556130333332,,,,,drhenriquerosa@yahoo.com.br
0.7165,NOSSA CLINICA,31.715.872/0001-60,ME,ASA SUL,"QUADRA SCS QD 06 BLOCO A N 141 SALA, 108,       PARTE I, ASA SUL, CEP 70327900, Brasilia/DF",7,1,especialista_alto_ticket,(61) 9 8199-8364,celular,+5561981998364,sim,,,,corieodonto@gmail.com
0.7160,INSTITUTO HORIZZON ODONTOLOGIA,15.390.544/0001-84,ME,SUL (AGUAS CLARAS),"AVENIDA DAS ARAUCARIAS, 1205, SALA  107                 EDIF  ESPACO VIP, SUL (AGUAS CLARAS), CEP 71936250, Brasilia/DF",14,1,clinica_institucional,(61) 3563-1079,fixo,+556135631079,,,,,institutohorizzon.odonto@gmail.com
0.7160,CLINICA ODONTHOS,15.202.901/0001-33,ME,ASA NORTE,"SETOR SDN, SN, CONJ  A                   SALA  6004, ASA NORTE, CEP 70077900, Brasilia/DF",14,1,clinica_geral,(61) 9 8147-7002,celular,+5561981477002,sim,(61) 9 8115-6722,celular,+5561981156722,
0.7160,ODONTO CLINICA GISELE LIMA,22.891.516/0001-06,ME,ASA SUL,"SETOR SRTVS, 110, QUADRA: 701BLOCO O SALA 461;, ASA SUL, CEP 70340000, Brasilia/DF",11,1,clinica_geral,(61) 9 9214-2356,celular,+5561992142356,sim,,,,
0.7155,EXCELENCIA ORTODONTIA,21.857.574/0001-50,DEMAIS,SETOR DE HABITACOES INDIVIDUAIS SUL,"QUADRA SHIS HPP QI 9 CONJUNTO E BLOCO II SALA 201, S/N, SETOR DE HABITACOES INDIVIDUAIS SUL, CEP 71625009, Brasilia/DF",11,1,especialista_alto_ticket,(61) 3347-8744,fixo,+556133478744,,,,,br.contabilidade@uol.com.br
0.7150,RAMOS ODONTOLOGIA INTEGRADA,04.609.912/0001-16,ME,ASA SUL,"QUADRA SGAS 607 CONJUNTO B CONSULTORIOS 219, 220 E 221, S/N, ASA SUL, CEP 70200670, Brasilia/DF",25,1,especialista_alto_ticket,(61) 3244-2021,fixo,+556132442021,,,,,atendimento@clinicaclaudioramos.com.br
0.7145,CLINICA VANINI,12.018.855/0001-29,EPP,TAGUATINGA SUL (TAGUATINGA),"QUADRA QSA 15 LOTE, 01,       TERREO E 1 ANDAR, TAGUATINGA SUL (TAGUATINGA), CEP 72015150, Brasilia/DF",16,1,clinica_geral,(61) 9 8349-3090,celular,+5561983493090,sim,,,,vaniniclinica@gmail.com
0.7125,CENTRO ODONTOLOGICO CARVALHO & CASTRO,20.181.513/0001-53,DEMAIS,GUARA II,"RUA 03, S/N, LOTE  05                  LOJA  02                        POLO DE MODAS, GUARA II, CEP 71070503, Brasilia/DF",12,1,clinica_institucional,(61) 3301-2709,fixo,+556133012709,,(61) 9 8147-2707,celular,+5561981472707,cocc.odontologia@gmail.com
0.7125,CENTRAL ODONTO CLINICA ODONTOLOGICA,24.344.599/0001-49,EPP,NUCLEO BANDEIRANTE,"AVENIDA CENTRAL, S/N, LOJA  01                  LOTE  360, NUCLEO BANDEIRANTE, CEP 71710570, Brasilia/DF",10,1,clinica_geral,(61) 3022-0366,fixo,+556130220366,,,,,centralodontosuaiden@hotmail.com
0.7120,A & C CLINICA ODONTOLOGICA,09.001.324/0001-19,ME,ASA NORTE,"QUADRA CLN 309 BLOCO C, 54, SALA  101 111 112 113 114, ASA NORTE, CEP 70755530, Brasilia/DF",19,1,clinica_institucional,(61) 3347-7113,fixo,+556133477113,,,,,melo-alexandre@hotmail.com
0.7120,FRONTE,05.383.821/0001-78,ME,ASA NORTE,"SCN QD 01 BLOCO F, 79, SALAS 917-918, ASA NORTE, CEP 70711905, Brasilia/DF",23,1,clinica_institucional,(61) 614432756,indefinido,,,,,,
0.7120,CRIE LOUNGE,09.186.129/0001-00,ME,ASA NORTE,"QUADRA SMHN QUADRA 2 BLOCO B CONSULTORIOS 207, 208,209,210 E 211, SN, ASA NORTE, CEP 70710146, Brasilia/DF",18,1,clinica_geral,(61) 3326-5566,fixo,+556133265566,,,,,admin@crieodontologia.com.br
0.7120,LUME CENTRO ODONTOLOGICO,05.364.882/0001-98,ME,ASA SUL,"SEP/SUL EQ 710/910 CONJ D SALA, 441, ASA SUL, CEP 70390108, Brasilia/DF",23,1,clinica_institucional,(06) 1343-3001,fixo,+550613433001,,,,,
0.7115,DIRCE NASCIMENTO ODONTOLOGIA,21.306.978/0001-56,DEMAIS,BRASILIA,"SETOR SCN QD 5 BL A-50, SN, SALA  805 E 806           EDIF  BRASILIA SHOPPING, BRASILIA, CEP 70715900, Brasilia/DF",11,1,clinica_geral,(11) 5194-5907,fixo,+551151945907,,,,,legal@kesefcontabil.com.br
0.7115,ODONTOCLEAN,18.208.743/0001-17,DEMAIS,CEILANDIA NORTE (CEILANDIA),"QUADRA QNN 1 CJ A LT, 9, LOJA  01, CEILANDIA NORTE (CEILANDIA), CEP 72225010, Brasilia/DF",13,1,clinica_geral,(61) 3372-4853,fixo,+556133724853,,,,,novaodontocleanrx@gmail.com
0.7115,SORRI CLINIC,19.152.643/0001-89,DEMAIS,SAO SEBASTIAO,"RUA DA GAMELEIRA, 611, SALA  104 E 106 CENTRO, SAO SEBASTIAO, CEP 71691085, Brasilia/DF",12,1,clinica_geral,(61) 3551-2097,fixo,+556135512097,,,,,
0.7110,CLINICA ODONTOLOGICA OMAR SILVA SS LTDA,03.636.651/0001-60,DEMAIS,ASA SUL,"SETOR SHS QUADRA 6 BLOCOS A AO F LOTE 1, S/N, CONJ  A                   BLOCO E                   SALA  1126 E 1127, ASA SUL, CEP 70322915, Brasilia/DF",38,1,clinica_geral,(61) 3347-8744,fixo,+556133478744,,,,,br.cont@hotmail.com
0.7110,ELAINE MARQUES CLINICA ODONTOLOGICA,01.268.155/0001-76,DEMAIS,SETOR SUDOESTE,"QUADRA SHS/SW CHSW BLOCO 03/04/05, S/N, SALA  SALA 253, SETOR SUDOESTE, CEP 70640010, Brasilia/DF",30,1,clinica_geral,(61) 3562-1636,fixo,+556135621636,,(61) 3562-1636,fixo,+556135621636,elaine.dentista@gmail.com
0.7110,CENTRO ODONTOLOGIA,37.991.254/0001-29,DEMAIS,ASA NORTE,"SETOR SCN QUADRA 01 BLOCO C SALA 902, 85, ASA NORTE, CEP 70711902, Brasilia/DF",33,1,clinica_institucional,(61) 3327-3606,fixo,+556133273606,,,,,lilianagae@gmail.com
0.7110,CLINICA ODONTOLOGICA JOAO VIEIRA E VANUSKA RIBEIRO MELLO LTDA,01.310.284/0001-85,EPP,SETOR SUDOESTE,"QUADRA SHCSW CHSW BLOCOS 3/4/5 SALA, 234, SETOR SUDOESTE, CEP 70673416, Brasilia/DF",30,1,clinica_geral,(61) 9 8249-1736,celular,+5561982491736,sim,,,,contecontabilidadeonline@gmail.com
0.7110,CLINICA ODONTOLOGICA SAO MARCOS S/S LTDA,00.937.470/0001-86,EPP,ASA NORTE,"SCN QD 02 BL D ENTRADA B, S/N, SALA 524 E 525, ASA NORTE, CEP 70301970, Brasilia/DF",31,1,clinica_geral,(61) 613287633,indefinido,,,,,,
0.7110,INSTITUTO DE ODONTOLOGIA GLORIA  DE MELO SS LTDA,02.030.725/0001-58,EPP,LAGO SUL,"SHIS CL QI 03 BLOCO D, S/N, SALA 116, LAGO SUL, CEP 71605200, Brasilia/DF",29,1,clinica_institucional,(61) 613652805,indefinido,,,,,,
0.7110,CLINICA ODONTOLOGICA E DE PSICOLOGIA REGINALDO CASTEJON,01.341.293/0001-33,DEMAIS,ASA SUL,"SRTVS QUADRA 701 CONJUNTO D BLOCO A, 100, SALAS 616 E 618, ASA SUL, CEP 70340000, Brasilia/DF",30,1,clinica_geral,(06) 1346-6112,fixo,+550613466112,,,,,
0.7110,CLINICA ODONTOLOGICA PRO-SAUDE S/S LTDA,38.055.711/0001-36,EPP,ASA NORTE,"QUADRA SRTVN, QUADRA 701, CONJUNTO C, 124,       ALA - A             SALA  620                 EDIF  CENT EMP NORTE, ASA NORTE, CEP 70710200, Brasilia/DF",32,1,clinica_geral,(61) 3328-1292,fixo,+556133281292,,,,,elealcontabilidade@gmail.com
0.7110,CLIACE,01.241.478/0001-76,EPP,ASA SUL,"QUADRA SEPS EQ 712/912 CONJUNTO B BLOCO, 01, SALA  220, ASA SUL, CEP 70390125, Brasilia/DF",30,1,clinica_geral,(61) 3346-1193,fixo,+556133461193,,,,,
0.7110,CORO CLINICA ODONTOLOGICA DE REABILITACAO ORAL,38.056.032/0001-81,EPP,ASA NORTE,"SD/NORTE CONJUNTO A SALA, 4038, CNB, ASA NORTE, CEP 70077900, Brasilia/DF",32,1,clinica_geral,(06) 1226-9441,fixo,+550612269441,,,,,
0.7105,CENTRO DE ODONTOLOGIA BIOLOGICA,34.784.481/0001-95,EPP,ASA NORTE,"SETOR SMHN - QUADRA 2 BLOCO B, CONSULTORIO 1202, S/N, EDIF  CLEO OCTAVIO, ASA NORTE, CEP 70710146, Brasilia/DF",6,1,clinica_institucional,(61) 9 8133-8893,celular,+5561981338893,sim,,,,atendimento@centrodeodontologiabiologica.com
0.7105,FRANCESCHINI,31.098.245/0001-27,EPP,ASA NORTE,"QUADRA SGAN 607 CONJUNTO A BLOCO B, S/N,       CONSULTORIO 118     EDIF  BRASILIA MEDICAL          CENTER, ASA NORTE, CEP 70830300, Brasilia/DF",8,1,clinica_geral,(61) 3242-1250,fixo,+556132421250,,,,,xxxxxxxxxxx@xxxxxx.xxx.xx
0.7105,LYRIUS ODONTOLOGIA E MEDICINA,31.140.076/0001-46,EPP,ASA NORTE,"QUADRA SMHN QUADRA 2 BLOCO B, SN,       CONSULTORIO 307 308, ASA NORTE, CEP 70710146, Brasilia/DF",8,1,clinica_geral,(61) 2108-7070,fixo,+556121087070,,,,,cesar_usp@yahoo.com.br
0.7105,OROSS ODONTOLOGIA & ESTETICA,57.163.384/0001-80,DEMAIS,SETOR SUDOESTE,"QUADRA SHCSW CHSW BLOCOS 3/4/5, SN, SALA  112 CENTRO CLINICO, SETOR SUDOESTE, CEP 70673416, Brasilia/DF",1,1,especialista_alto_ticket,(19) 9 8183-4878,celular,+5519981834878,sim,(00) 0000000000,indefinido,,ej.andrade@hotmail.com
0.7105,IOB ODONTOLOGIA E ESTETICA FACIAL,45.786.992/0001-62,EPP,ASA SUL,"SETOR SRTVS QD 701 CONJUNTO E BLOCO 1, 12, SALA  510 E 512                 PARTE, ASA SUL, CEP 70340901, Brasilia/DF",4,1,especialista_alto_ticket,(61) 9 8165-9608,celular,+5561981659608,sim,,,,silva.vanessa1987@gmail.com
0.7105,MOVI REABILITACAO ORAL E ESTETICA,52.830.117/0001-04,EPP,ASA NORTE,"QUADRA SGAN 601 CONJUNTO H, S/N, SALA  1084 1085 E 1086, ASA NORTE, CEP 70830018, Brasilia/DF",2,1,especialista_alto_ticket,(61) 3242-1250,fixo,+556132421250,,,,,xxxxxxxxxxx@xxxxxx.xxx.xx
0.7105,TULIP ODONTOLOGIA AVANCADA E ESTETICA,52.387.885/0001-27,EPP,SETOR SUDOESTE,"QUADRA SHCSW CHSW BLOCOS 3/4/5, SN, SALA  254, SETOR SUDOESTE, CEP 70673416, Brasilia/DF",2,1,especialista_alto_ticket,(61) 9 9999-9999,celular,+5561999999999,sim,,,,xxxx@xxxx.xxxx.xxx
0.7105,HIPERRI - ODONTOLOGIA ESTETICA E FUNCIONAL,26.353.381/0001-86,ME,ASA NORTE,"QUADRA SCN QUADRA 5 BLOCO A SALA, 1132, ASA NORTE, CEP 70715010, Brasilia/DF",9,2,multi_unidade,(61) 9 8125-1528,celular,+5561981251528,sim,,,,danubiatargino@gmail.com
0.7090,ODONTO PRE CLINICA DE PREVENCAO E REABILITACAO LTDA,24.912.131/0001-03,EPP,ASA NORTE,"QUADRA SCN QUADRA 1 BLOCO F, S/N, SALA  907 908 E 909, ASA NORTE, CEP 70711060, Brasilia/DF",38,1,clinica_geral,(61) 3327-8815,fixo,+556133278815,,,,,
0.7090,DENTCARE,01.506.950/0001-55,EPP,ASA SUL,"QUADRA SETOR COMERCIAL SUL QUADRA 07 BLOCO A, 100,       SALA 901, 903, ASA SUL, CEP 70307970, Brasilia/DF",29,1,clinica_institucional,(61) 3032-1488,fixo,+556130321488,,,,,
0.7090,INOR,01.273.182/0001-37,EPP,ASA SUL,"SETOR SRTVS BLOCO LOTES, 70, QUADRA701                 CONJ  E                   BLOCO 02 E 04             SALA  535 E 536, ASA SUL, CEP 70340902, Brasilia/DF",30,1,clinica_geral,(61) 3322-0533,fixo,+556133220533,,,,,clinica.inor@gmail.com
0.7085,CONSULTORIOS ODONTOLOGICOS DOUTOR AUGUSTO,05.395.154/0003-05,ME,PLANALTINA,"ENTRE QUADRA ENTRE QUADRA 03 LOTE 06 SALA, 01,       SRN A, PLANALTINA, CEP 73340315, Brasilia/DF",12,1,clinica_geral,(61) 3388-1175,fixo,+556133881175,,,,,
0.7085,ODONTO ISO,13.144.741/0001-98,DEMAIS,TAGUATINGA,"QUADRA CNA 01 LOTE 01 APARTAMENTO, 101, TAGUATINGA, CEP 72110015, Brasilia/DF",15,1,clinica_institucional,(61) 3032-5477,fixo,+556130325477,,,,,
0.7085,CLINICA ODONTOLOGICA DR WERMERSON,11.179.511/0001-39,DEMAIS,SETOR LESTE (GAMA),"QUADRA QUADRA 5, SN, LOTE: 43; SETOR: LESTE RESIDENCIAL;, SETOR LESTE (GAMA), CEP 72450050, Brasilia/DF",16,1,clinica_geral,(61) 4141-1106,fixo,+556141411106,,,,,
0.7085,ODONTO TIME,10.217.581/0001-71,EPP,TAGUATINGA,"QUADRA QNE 34, S/N, LOTE  06, TAGUATINGA, CEP 72125340, Brasilia/DF",18,1,clinica_geral,(61) 9 8178-5272,celular,+5561981785272,sim,,,,
0.7085,ORTHO DENT.,11.976.981/0001-23,ME,TAGUATINGA SUL,"QUADRA QSE 04 LOTE 01 LOJA, 01, TAGUATINGA SUL, CEP 72025040, Brasilia/DF",16,1,especialista_alto_ticket,(61) 9 9155-5087,celular,+5561991555087,sim,,,,
0.7085,ORTHODENTALLES,07.488.910/0001-04,ME,TAGUATINGA,"QUADRA C 01 LOTES 01/12 SALA 502, S/N, TAGUATINGA, CEP 72010010, Brasilia/DF",21,1,especialista_alto_ticket,(61) 3045-4910,fixo,+556130454910,,,,,
0.7080,CLINICA ODONTOLOGICA RENOVAR,09.275.351/0001-80,ME,SUL (AGUAS CLARAS),"AVENIDA DAS ARAUCARIAS LOTES 1835, 1905, 1955 E, 2005, SALA  351, SUL (AGUAS CLARAS), CEP 71936250, Brasilia/DF",18,1,clinica_geral,(61) 3352-0321,fixo,+556133520321,,,,,odonto7000@gmail.com
0.7080,VIA ODONTOLOGIA,08.078.593/0001-10,ME,ASA SUL,"QUADRA SEPS 710/910 CONJUNTO D, SN, SALA  322, ASA SUL, CEP 70390108, Brasilia/DF",20,1,clinica_institucional,(61) 3447-7106,fixo,+556134477106,,,,,vilelaodontologia@yahoo.com.br
0.7080,CEOM,08.989.763/0001-19,ME,ASA SUL,"QUADRA SRTVS QUADRA 701 BLOCO K SALA, 411, EDIF  EMBASSY TOWER, ASA SUL, CEP 70340908, Brasilia/DF",19,1,clinica_institucional,(61) 3202-8981,fixo,+556132028981,,,,,ceom_ceom@yahoo.com.br
0.7080,TALIE ODONTOLOGIA ESPECIALIZADA,09.138.610/0001-20,ME,ASA NORTE,"SETOR SETOR COMERCIAL NORTE QUADRA 02 BLOCO D ENTRADA B SALA, 704, ASA NORTE, CEP 70712903, Brasilia/DF",18,1,clinica_institucional,(61) 3354-9921,fixo,+556133549921,,,,,
0.7080,INSTITUTO ODONTOLOGICO NEWTON BRAGA,07.267.845/0001-97,EPP, LAGO SUL,"SHI/SUL HPP QI 09 CONJUNTO E BLOCO, 02, SALA 213,  LAGO SUL, CEP 71625065, Brasilia/DF",21,1,clinica_institucional,,,,,,,,
0.7075,CENTRO ODONTOLOGICO MIRRANDA,02.574.101/0001-00,EPP,TAGUATINGA,"SETOR CNB, 11, LOTE  09, SALAS 801,803,        804,805 E 806, TAGUATINGA, CEP 72115015, Brasilia/DF",31,1,clinica_institucional,(61) 3351-7274,fixo,+556133517274,,,,,
0.7065,ABIGALIL ODONTOLOGIA HUMANIZADA AOH,21.295.248/0001-05,EPP,SAMAMBAIA NORTE,"QUADRA QS 612 CONJUNTO D  LOTE, 08, SAMAMBAIA NORTE, CEP 72322564, Brasilia/DF",11,1,clinica_geral,(61) 3202-9002,fixo,+556132029002,,(61) 9 8126-4346,celular,+5561981264346,societario@hects.com.br
0.7060,CLINICA VALLADAO,13.352.289/0001-50,DEMAIS,ASA NORTE,"SETOR SCN QUADRA 05, BLOCO A, SALAS 229 E 230, 50, ASA NORTE, CEP 70715000, Brasilia/DF",15,1,clinica_geral,(61) 3704-8640,fixo,+556137048640,,,,,clinicavalladao@gmail.com
0.7060,ENDORALLI,13.224.260/0001-92,DEMAIS,SUDOESTE,"SETOR SHCW, 302, BLOCO B                         N 58                SALA  107 E 108, SUDOESTE, CEP 70673612, Brasilia/DF",15,1,clinica_geral,(61) 3042-9664,fixo,+556130429664,,,,,adm.endodent@gmail.com
0.7060,VSM ODONTOLOGIA,10.442.386/0001-45,DEMAIS,ASA SUL,"SETOR SGAS 915, SN, : CONJ O SALA 04 SS;, ASA SUL, CEP 70390150, Brasilia/DF",17,1,clinica_geral,(61) 3242-8688,fixo,+556132428688,,,,,contasul@brturbo.com.br
0.7060,ARTEODONTO ESPECIALIDADES,08.740.347/0001-82,DEMAIS,ASA NORTE,"SETOR TERMINAL NORTE CONJUNTO O, 30,       CONSULT 116 E 118, ASA NORTE, CEP 70770911, Brasilia/DF",19,1,clinica_geral,(61) 3272-4273,fixo,+556132724273,,,,,arteodonto.lifecenter@gmail.com
0.7050,TAGUATINGA CENTRO ODONTOLOGIA,34.176.393/0001-00,EPP,TAGUATINGA CENTRO (TAGUATINGA),"QUADRA C 8 LOTE, 06, SALA  06, TAGUATINGA CENTRO (TAGUATINGA), CEP 72010080, Brasilia/DF",7,1,clinica_institucional,(61) 3573-0945,fixo,+556135730945,,,,,admtag@orthopride.com.br
0.7050,ORAL SIN IMPLANTES,42.518.173/0001-46,EPP,SOBRADINHO,"QUADRA QUADRA 6 COMERCIO LOCAL, 19, LOJA  01, SOBRADINHO, CEP 73026550, Brasilia/DF",5,1,especialista_alto_ticket,(61) 3970-7904,fixo,+556139707904,,,,,financeiro.sobradinho@oralsin.com.br
0.7050,ORAL UNIC IMPLANTES,37.319.678/0001-41,EPP,TAGUATINGA NORTE (TAGUATINGA),"QUADRA QND 27, LOTE 2, TAGUATINGA NORTE (TAGUATINGA), CEP 72120270, Brasilia/DF",6,1,especialista_alto_ticket,(61) 3522-1010,fixo,+556135221010,,,,,administrativo@oralunictaguatinga.com.br
0.7050,CENTRO ODONTOLOGICO MULTIDISCIPLINAR BUCALIS S/S LTDA,03.447.267/0001-10,EPP,ASA SUL,"QUADRA SEPS 710/910 CONJUNTO D, S/N, SALA  228, ASA SUL, CEP 70390108, Brasilia/DF",26,2,multi_unidade,(61) 3335-2829,fixo,+556133352829,,,,,contato.olicon@gmail.com
0.7045,INSTITUTO LUCIANA DIAZ HOF,30.862.706/0001-23,DEMAIS,ASA SUL,"QUADRA QUADRA SGAS 902 CONJUNTO B ENTRADA A SALA 51, S/N, ASA SUL, CEP 70390020, Brasilia/DF",8,1,clinica_institucional,(61) 9 8117-7690,celular,+5561981177690,sim,,,,odontodesigncursos@gmail.com
0.7045,VOITO ODONTOLOGIA,31.105.852/0001-77,EPP,ASA NORTE,"CONJUNTO SDN CNB CONJUNTO A, SN, SALA  6011, ASA NORTE, CEP 70077900, Brasilia/DF",8,1,clinica_geral,(61) 3371-2230,fixo,+556133712230,,,,,diretoria@voito.com.br
0.7045,PRECISION ODONTOLOGIA,29.126.791/0001-82,EPP,ASA NORTE,"QUADRA SMHN 2 BLOCO A, 10, SALA  105                 EDIF  DE CLINICAS, ASA NORTE, CEP 70710904, Brasilia/DF",8,1,clinica_institucional,(61) 3326-1344,fixo,+556133261344,,,,,
0.7045,CECIN ODONTOLOGIA ESPECIALIZADA,41.451.896/0001-02,EPP,ASA SUL,"QUADRA SEPS 709/909 CENTRO MEDICO JULIO ADNET CONJ A BL B, SN, SALA  409 E 410, ASA SUL, CEP 70390095, Brasilia/DF",5,1,clinica_institucional,(61) 3244-2020,fixo,+556132442020,,(61) 9 9314-5187,celular,+5561993145187,fcecin@hotmail.com
0.7045,CLINICA ODONTOLOGICA RESTAURE,09.108.767/0001-03,DEMAIS,TAGUATINGA SUL (TAGUATINGA),"QUADRA CSD 03 LOTE, 12, SALA  103 E 104, TAGUATINGA SUL (TAGUATINGA), CEP 72020035, Brasilia/DF",18,1,clinica_geral,(61) 3021-8959,fixo,+556130218959,,(61) 9 9973-0831,celular,+5561999730831,clinicarestaureodonto1@gmail.com
0.7045,ELLEVA ODONTOLOGIA E ESTETICA AVANCADA,35.302.663/0001-45,ME,SUL (AGUAS CLARAS),"AVENIDA DAS ARAUCARIAS LOTES 1835 1905 1955 E, 2005, SALA  554, SUL (AGUAS CLARAS), CEP 71936250, Brasilia/DF",6,1,especialista_alto_ticket,(61) 9 8458-5823,celular,+5561984585823,sim,,,,elleva.clinicaelleva@gmail.com
0.7045,ESPECIALLI IMPLANTES & ORTODONTIA,18.643.225/0001-21,ME,SETOR TRADICIONAL (PLANALTINA),"AVENIDA INDEPENDENCIA QUADRA 34 LOTE, 11, LOJA  B                   SLJ   SALA 1 E 2, SETOR TRADICIONAL (PLANALTINA), CEP 73330002, Brasilia/DF",13,1,especialista_alto_ticket,(61) 9 8213-3700,celular,+5561982133700,sim,,,,especiallifinanceiro@gmail.com
0.7030,SAUDE PLENA MEDICINA E ODONTOLOGIA ESPECIALIZADA,29.935.821/0001-00,EPP,SAMAMBAIA SUL,"QUADRA QN 310 CONJUNTO 02 LOTE, 05, SAMAMBAIA SUL, CEP 72306702, Brasilia/DF",8,2,multi_unidade,(61) 3055-4040,fixo,+556130554040,,,,,lucasmedcarreiro@hotmail.com
0.7030,EXATA IMAGEM ODONTOLOGICA,17.877.149/0001-56,DEMAIS,ASA NORTE,"QUADRA SEPN 516 CONJUNTO E LOJA 139, SN, ASA NORTE, CEP 70770525, Brasilia/DF",13,6,multi_unidade,(61) 3349-5634,fixo,+556133495634,,,,,atendimento@exataimagem.com.br
0.7030,CLINICA ALAISE VASCONCELOS PERIODONTIA E IMPLANTE,02.142.072/0001-07,ME,ASA NORTE,"SETOR SRTVN QD 701 CONJUNTO C LOTE, 124, SALA  305                       ALA B, ASA NORTE, CEP 70719903, Brasilia/DF",28,1,especialista_alto_ticket,(61) 9 8124-2014,celular,+5561981242014,sim,,,,alaiseg@hotmail.com
0.7025,DRA. LUDIANE CARVALHO ODONTOLOGIA E HARMONIZACAO FACIAL,48.001.348/0001-20,EPP,ASA NORTE,"QUADRA SMHN QUADRA 2 BLOCO B CONSULTORIO, 1106, ASA NORTE, CEP 70710146, Brasilia/DF",3,1,marca_pessoal,(61) 9 9221-8366,celular,+5561992218366,sim,,,,draludianecarvalho@gmail.com
0.7020,VITAL ODONTOLOGIA E SAUDE,13.812.729/0001-04,ME,AGUAS CLARAS,"AVENIDA DAS ARAUCARIAS LOTES 1835,1905,1955, 2005, SALA  409, AGUAS CLARAS, CEP 71936970, Brasilia/DF",15,1,clinica_geral,(61) 3797-7559,fixo,+556137977559,,,,,vitalodontologia@yahoo.com.br
0.7020,ENDOPRIME,25.045.580/0001-64,DEMAIS,ASA NORTE,"SETOR SCN QUADRA 02, S/N, BLOCO D                         ENTRADA B           SALA  629, ASA NORTE, CEP 70712904, Brasilia/DF",10,1,clinica_geral,(61) 9 8230-0413,celular,+5561982300413,sim,,,,
0.7015,ODONTODENT ODONTOLOGIA ESPECIALIZADA,03.219.684/0001-05,EPP,TAGUATINGA,"QSB  02  LOTE  20, S/N, SALA  106, TAGUATINGA, CEP 72015520, Brasilia/DF",27,2,multi_unidade,(61) 3352-3703,fixo,+556133523703,,(61) 9 9972-0113,celular,+5561999720113,odontodentdf@superig.com.br
0.7010,ORTHOCLIN,42.146.038/0001-17,EPP,TAGUATINGA NORTE (TAGUATINGA),"QUADRA QNM 34 AREA ESPECIAL 1 SALA 2311 E, 2312, TAGUATINGA NORTE (TAGUATINGA), CEP 72145450, Brasilia/DF",5,1,especialista_alto_ticket,(61) 3372-9786,fixo,+556133729786,,,,,orthoclincei@gmail.com
0.7005,AVANT ODONTOLOGIA,17.701.357/0001-08,EPP,TAGUATINGA,"QUADRA QS 01 R. 210 LT 40 SL 428 TORRE B, 428, TAGUATINGA, CEP 71950904, Brasilia/DF",13,2,multi_unidade,(61) 9 8338-0918,celular,+5561983380918,sim,,,,avellar7664@gmail.com
0.7005,ALLIPI - ODONTOLOGIA ESPECIALIZADA LTDA,34.983.129/0001-89,DEMAIS,ASA SUL,"QUADRA SGAS QUADRA 610 CONJUNTO F BLOCO 2 SALA 207 PARTE A, SN, ASA SUL, CEP 70200700, Brasilia/DF",6,1,clinica_institucional,(61) 3321-0999,fixo,+556133210999,,,,,
0.7005,HABILIS ODONTOLOGIA ESPECIALIZADA,33.860.364/0001-09,DEMAIS,ASA SUL,"QUADRA SGAS 610 CONJUNTO F, S/N, BLOCO I                   SALA  226, ASA SUL, CEP 70200700, Brasilia/DF",7,1,clinica_institucional,(61) 9 8505-9473,celular,+5561985059473,sim,,,,cristianozica28@gmail.com
0.7005,MJ ODONTOLOGIA E ESTETICA AVANCADA LTDA,42.367.523/0001-10,ME,SUL (AGUAS CLARAS),"AVENIDA DAS ARAUCARIAS, LOTE, 1205, SALA  106 E 107, SUL (AGUAS CLARAS), CEP 71936250, Brasilia/DF",5,1,especialista_alto_ticket,(61) 9 8118-8060,celular,+5561981188060,sim,,,,neyfaria2009@gmail.com
0.7005,LUANA DUARTE - HARMONIZACAO DE FACE & SORRISO,41.146.967/0001-63,ME,ASA NORTE,"QUADRA SMHN QUADRA 2 BLOCO C SALA 1115, SN, ASA NORTE, CEP 70710149, Brasilia/DF",5,1,especialista_alto_ticket,(61) 3201-3320,fixo,+556132013320,,,,,lua_duarte@msn.com
0.7005,CARE ODONTOLOGIA ESTETICA,41.419.489/0001-18,ME,NORTE (AGUAS CLARAS),"AVENIDA PAU BRASIL LOTE, 06, SALA  1008 E 1009         EDIF  E-BUSINESS, NORTE (AGUAS CLARAS), CEP 71916500, Brasilia/DF",5,1,especialista_alto_ticket,(61) 3263-3312,fixo,+556132633312,,(61) 9 9191-1151,celular,+5561991911151,care.odont@gmail.com
0.7005,CLINICA TASSIO MACIEL,40.151.925/0001-58,ME,ASA NORTE,"SETOR SCN QUADRA 02 BLOCO D ENTRADA B, SN, SALA  1020, ASA NORTE, CEP 70712904, Brasilia/DF",5,1,especialista_alto_ticket,(61) 9 8287-9924,celular,+5561982879924,sim,,,,tassiomacielhof@gmail.com
0.7005,ZION ODONTOLOGIA ESTETICA,36.680.590/0001-98,ME,ASA SUL,"QUADRA SGAS 902, SN, CONJ  B                   SALA  40                  TERREO                    EDIF  ATHENAS, ASA SUL, CEP 70390020, Brasilia/DF",6,1,especialista_alto_ticket,(61) 9 8582-1354,celular,+5561985821354,sim,,,,
0.7000,PLENA SAUDE INTEGRADA,10.702.242/0001-80,ME,ASA SUL,"QUADRA SGAS 616 CONJUNTO A LOTES 116/117, SN, BLOCO A                   SALA  25T, ASA SUL, CEP 70200760, Brasilia/DF",17,2,multi_unidade,(61) 9 9303-5929,celular,+5561993035929,sim,,,,administracao@plenasaudeintegrada.com.br
0.7000,INSTITUTO ODONTOLOGICO COELHO MARTINS,10.428.698/0001-02,ME,ASA NORTE,"QUADRA SHLN BLOCO L, SALA 404 E 405,  CENTRO CLINICO NORTE II, 43, ASA NORTE, CEP 70770560, Brasilia/DF",17,1,clinica_institucional,(61) 3273-5898,fixo,+556132735898,,,,,iocm_2009@hotmail.com
0.7000,IPO - INSTITUTO PIRES DE ODONTOLOGIA,24.903.147/0001-50,ME,ASA NORTE,"SETOR DE DIVERSOES NORTE CONJUNTO NACIONAL CONJ A ANDAR 3 LOJA, 3049, ASA NORTE, CEP 70077900, Brasilia/DF",10,1,clinica_institucional,(61) 3969-6768,fixo,+556139696768,,(61) 9 9934-2991,celular,+5561999342991,institutopiresdeodontologia@gmail.com
0.7000,CLINICA ODONTOLOGICA VILANOVA,17.206.380/0001-18,ME,ASA NORTE,"QUADRA SCN QUADRA 1 BLOCO F, SN, LOJA  53 TERREO, ASA NORTE, CEP 70711060, Brasilia/DF",13,1,clinica_geral,(61) 9 9616-0629,celular,+5561996160629,sim,,,,ontologiavilanova@gmail.com
0.6995,ORTODONTIC CENTER RECANTO,22.527.004/0001-65,ME,RECANTO DAS EMAS,"AVENIDA RECANTO DAS EMAS QUADRA 102, S/N, LOTE  03                  LOJA  05, RECANTO DAS EMAS, CEP 72600200, Brasilia/DF",11,1,especialista_alto_ticket,(61) 9 8284-6428,celular,+5561982846428,sim,,,,
0.6990,ESTHETICS ODONTOLOGIA E ESTETICA,45.127.678/0001-78,EPP,TAGUATINGA NORTE (TAGUATINGA),"QUADRA QNM 34 AREA ESPECIAL JK SHOPPING, 1, SALA  215, TAGUATINGA NORTE (TAGUATINGA), CEP 72145450, Brasilia/DF",4,1,especialista_alto_ticket,(61) 9 9178-4427,celular,+5561991784427,sim,,,,estheticsodontologia@outlook.com.br
0.6990,ORTHODONTIC,38.439.525/0001-09,EPP,SETOR TRADICIONAL (PLANALTINA),"AVENIDA INDEPENDENCIA (QUADRAS 24,33 E 34), LT 05, QUADRA33                  ANDAR 3, SETOR TRADICIONAL (PLANALTINA), CEP 73330002, Brasilia/DF",5,3,multi_unidade,(38) 9 9999-9999,celular,+5538999999999,sim,,,,oc305@orthodonticbrasil.com.br
0.6990,CLIPO - CLINICA ODONTOLOGICA,03.762.148/0001-51,EPP,ASA SUL,"SETOR SRTVS QUADRA 701 BLOCO O, 110,       SALAS 170/171             CENTRO MULTIEMPRESAR, ASA SUL, CEP 70340000, Brasilia/DF",26,1,clinica_geral,(61) 3039-3112,fixo,+556130393112,,,,,
0.6990,TIVERON ODONTOLOGIA,37.155.082/0001-53,ME,ASA SUL,"QUADRA SRTV/SUL QUADRA 701 BLOCO O, 110, SALA 820, ASA SUL, CEP 70340000, Brasilia/DF",33,1,especialista_alto_ticket,(61) 3226-3284,fixo,+556132263284,,,,,
0.6990,IBIP,03.766.647/0001-17,ME,ASA SUL,"SETOR SRTV/SUL QUADRA 701 CONJUNTO D BLOCO A, 100, SALA  310 CENTRO                EMPRESARIAL BRASILIA, ASA SUL, CEP 70340907, Brasilia/DF",26,1,especialista_alto_ticket,(61) 3321-9023,fixo,+556133219023,,(61) 3039-3015,fixo,+556130393015,institutoibip@gmail.com
0.6990,PREMIER ODONTOLOGIA INTEGRADA,73.375.982/0001-70,ME,ASA NORTE,"SETOR SCN QUADRA 05 BLOCO A ENTRADA, 50, SALA  604, ASA NORTE, CEP 70715900, Brasilia/DF",32,1,especialista_alto_ticket,(61) 3326-3322,fixo,+556133263322,,,,,premierodontologia@gmail.com
0.6990,ORTOSABIN,37.173.077/0001-73,ME,ASA SUL,"QUADRA SRTVS CONJUNTO BLOCOS LOTE, SN, QUADRA701                 SALA  512                 EDIF  PALACIO RADIO II, ASA SUL, CEP 70340907, Brasilia/DF",33,1,especialista_alto_ticket,(61) 3345-6565,fixo,+556133456565,,,,,
0.6985,ESPECIALLI BURITIS ODONTOLOGIA,10.954.412/0001-14,DEMAIS,PLANALTINA,"QUADRA 04 CONJUNTO J LOTE 50 LOJAS 01 E, 02,       SRL, PLANALTINA, CEP 73360410, Brasilia/DF",17,1,clinica_geral,(61) 3308-2034,fixo,+556133082034,,,,,crocdc@hotmail.com
0.6985,INSTITUTO ZERBINI,52.712.971/0001-68,EPP,NORTE (AGUAS CLARAS),"RUA COPAIBA LOTE, 01,       TORRE A             SALA  2512, NORTE (AGUAS CLARAS), CEP 71919540, Brasilia/DF",2,1,especialista_alto_ticket,(61) 9 8510-0270,celular,+5561985100270,sim,(00) 0000000000,indefinido,,dra.eduardazerbini@gmail.com
0.6980,CLINICA DE ODONTOLOGIA FERNANDO COSTA DA CRUZ S/S LTDA,14.325.910/0001-59,DEMAIS,ASA SUL,"SETOR SGAS 607, S/N, BLOCO: B MODULO 47; SALA: 131; EDIF: METROPOLIS;, ASA SUL, CEP 70200670, Brasilia/DF",14,1,clinica_geral,(61) 3548-0140,fixo,+556135480140,,,,,fernandocostacruz@gmail.com
0.6980,LC MENDONCA ODONTOLOGIA LTDA,19.433.869/0001-58,DEMAIS,ASA NORTE,"SETOR SCN QUADRA 02 BLOCO D ENT. B SALA 1033, S/N, ASA NORTE, CEP 70712903, Brasilia/DF",12,1,clinica_geral,(61) 3326-2028,fixo,+556133262028,,,,,lcmendoncaodontologia@gmail.com
0.6980,THAIS MELLO ODONTOLOGIA LTDA,25.156.903/0001-97,DEMAIS,ASA SUL,"QUADRA SGAS 610, SN, CONJ  F                   BLOCO 02                  SALA  T-21, ASA SUL, CEP 70200700, Brasilia/DF",10,1,marca_pessoal,(61) 3435-5500,fixo,+556134355500,,,,,elenemello2@gmail.com
0.6980,CLINICA W ODONTOLOGIA,15.829.358/0001-07,DEMAIS,ASA SUL,"SETOR SEUPS ENTREQUADRA 709/909, CONJUNTO A,, S/N, BLOCO B                   SALA  326, ASA SUL, CEP 70330700, Brasilia/DF",14,1,clinica_geral,(61) 9 8428-9227,celular,+5561984289227,sim,(61) 3273-3039,fixo,+556132733039,
0.6980,DELOI ODONTOLOGIA HUMANIZADA,20.205.877/0001-26,DEMAIS,ASA NORTE,"SETOR SRTVN QUADRA 701 CONJUNTO C, 124,       ALA B               SALA  621 E 623, ASA NORTE, CEP 70719030, Brasilia/DF",12,1,clinica_geral,(61) 3326-3364,fixo,+556133263364,,,,,contato@unicontas.com.br
0.6980,CENTRO DE PERIODONTIA CINTIA GUERCIO,18.114.120/0001-85,DEMAIS,ASA NORTE,"SETOR SDN CONJUNTO A SALA 4057, S/N, ASA NORTE, CEP 70077900, Brasilia/DF",13,1,clinica_institucional,(61) 3043-0043,fixo,+556130430043,,,,,luciano.mancuso@gmail.com
0.6980,CONCEITO ODONTOLOGIA,17.637.136/0001-00,DEMAIS,ASA NORTE,"SETOR SETOR COMERCIAL NORTE QUADRA 02 BLOCO D ENTRADA B SALA 901, S/N, ASA NORTE, CEP 70712903, Brasilia/DF",13,1,clinica_geral,(61) 3327-8113,fixo,+556133278113,,,,,mayra.freire@hotmail.com
0.6980,SORRENALE,24.675.023/0001-64,DEMAIS,ASA SUL,"QUADRA SEPS 714/914 CONJUNTO E SALA, 324, ASA SUL, CEP 70390145, Brasilia/DF",10,1,clinica_geral,(61) 3253-4599,fixo,+556132534599,,,,,lucio-mauricio@uol.com.br
0.6980,RCC - RESTAURACOES DE CERAMICA COMPUTADORIZADAS,22.349.015/0001-00,DEMAIS,ASA NORTE,"SETOR SDN LOTE, SN, CONJ: A; SALA: 4003 PARTE A;, ASA NORTE, CEP 70077900, Brasilia/DF",11,1,clinica_geral,(61) 3322-8672,fixo,+556133228672,,,,,clinicarcc@gmail.com
0.6980,IORR CIRURGIA ODONTOLOGICA,16.658.169/0001-73,DEMAIS,ASA SUL,"SETOR SAU/SUL QUADRA 3 BLOCO C SALA 209 E 203 A 208 PARTE A, 22, ASA SUL, CEP 70070030, Brasilia/DF",14,1,clinica_geral,(61) 3224-0931,fixo,+556132240931,,,,,iorrdf@gmail.com
0.6970,IORB,01.034.453/0002-82,EPP,ASA NORTE,"SCN  QD 02 BL D ENTR A, S/N, SALAS 315 E 319, ASA NORTE, CEP 70310500, Brasilia/DF",31,1,clinica_geral,,,,,,,,
0.6965,ORTOSHOW SAMAMBAIA,07.408.625/0001-36,EPP,SAMAMBAIA,"QUADRA QS 410 CONJUNTO D LOTE 06 SALA, 101, SAMAMBAIA, CEP 72320524, Brasilia/DF",21,2,multi_unidade,(61) 3561-0025,fixo,+556135610025,,,,,
0.6965,CLINICA ODONTOLOGICA ORTODENTE,14.453.375/0001-11,DEMAIS,SAMAMBAIA NORTE (SAMAMBAIA),"QUADRA QS 408 CONJUNTO G LOTE 08, 101,       SALA 101 E 102, SAMAMBAIA NORTE (SAMAMBAIA), CEP 72318597, Brasilia/DF",14,1,clinica_geral,(61) 3358-7485,fixo,+556133587485,,,,,
0.6965,IOP - INSTITUTO ODONTOLOGICO DE PAULA,17.964.276/0001-92,DEMAIS,GUARA II,"QUADRA QE 15, S/N, CONJ  Y                   LOTE  01, GUARA II, CEP 71050231, Brasilia/DF",13,1,clinica_institucional,(61) 3381-7546,fixo,+556133817546,,(61) 9 9981-6303,celular,+5561999816303,marila.rocha@bol.com.br
0.6965,NB IMPLANTES LTDA,13.128.101/0001-94,ME,NUCLEO BANDEIRANTE,"AVENIDA CONTORNO AREA ESPECIAL 13, 13, LOTE: J1/K1; LOJA: 01;, NUCLEO BANDEIRANTE, CEP 71705535, Brasilia/DF",15,1,especialista_alto_ticket,(61) 3552-5255,fixo,+556135525255,,(61) 3301-4702,fixo,+556133014702,contato@nbimplantes.com.br
0.6965,INOVAR ODONTOLOGIA,09.299.741/0001-90,ME,CRUZEIRO,"SETOR SRE/SUL, QUADRA 02, AREA ESPECIAL D, S/N, SALA  31, CRUZEIRO, CEP 70648645, Brasilia/DF",18,1,especialista_alto_ticket,(61) 3233-7371,fixo,+556132337371,,,,,
0.6965,IOT ORTODONTIA,15.674.630/0001-19,ME,TAGUATINGA CENTRO,"QUADRA CENTRAL QD 01 SALAS 114,115 E 116 LOTES, 1/12, TAGUATINGA CENTRO, CEP 72010010, Brasilia/DF",14,1,especialista_alto_ticket,(61) 3381-3989,fixo,+556133813989,,,,,
0.6960,IMPLANTEC LAGO SUL LTDA,38.393.990/0001-48,EPP,SETOR DE HABITACOES INDIVIDUAIS SUL,"QUADRA SHIS CC QI 5 BLOCO F, S/N, SALA  312 314 316 318           GILBERTO SALOMAO, SETOR DE HABITACOES INDIVIDUAIS SUL, CEP 71615560, Brasilia/DF",5,1,especialista_alto_ticket,(61) 3561-6080,fixo,+556135616080,,,,,gian@ortoshow.com.br
0.6960,INNOVARE ODONTOLOGIA ESPECIALIZADA,06.859.950/0001-52,ME,ASA SUL,"SETOR SGAS QD 910 CONJUNTO B BLOCO E SALA 143, SN, ASA SUL, CEP 70390100, Brasilia/DF",22,1,clinica_institucional,(61) 3242-1250,fixo,+556132421250,,,,,juridico03@apoiocontadores.com.br
0.6955,VOITO ODONTOLOGIA,09.399.339/0001-87,EPP,CEILANDIA,"QUADRA QNM 17 CONJUNTO B LOTE 04 SALAS 102 E 103, S/N, CEILANDIA, CEP 72215171, Brasilia/DF",18,1,clinica_geral,(61) 3581-7883,fixo,+556135817883,,,,,
0.6955,HARMODONTO,07.510.057/0001-80,ME,RIACHO FUNDO I,"QUADRA CLN 07 BLOCO A LOTE 01 SALA, 107, RIACHO FUNDO I, CEP 71805541, Brasilia/DF",21,1,especialista_alto_ticket,(61) 3399-5468,fixo,+556133995468,,,,,
0.6950,ENDOBLOM,37.174.430/0001-30,EPP,ASA NORTE,"SRTV/NORTE QD. 701 CONJ. C, 124, SALA 806 ALA B, ASA NORTE, CEP 70310500, Brasilia/DF",33,1,clinica_institucional,,,,,,,,
0.6950,INSTITUTO DE ODONTOLOGIA MARQUES LTDA,01.867.623/0001-29,EPP,ASA NORTE,"SETOR HOTELEIRO NORTE QUADRA 02 BLOCO F, 87, SALA  1109, ASA NORTE, CEP 70702000, Brasilia/DF",29,1,clinica_institucional,(61) 3245-7411,fixo,+556132457411,,,,,
0.6950,TRIDA ODONTOLOGIA ESPECIALIZADA LTDA,04.119.663/0001-80,EPP,ASA NORTE,"SC/NORTE Q. 05 BLOCO A SHOPPING BRASILIA, 50, SALA 925, ASA NORTE, CEP 70310500, Brasilia/DF",25,1,clinica_institucional,(61) 612255144,indefinido,,,,,,
0.6945,CLINICA BEZERRA,23.400.590/0001-45,EPP,RIACHO FUNDO I,"AVENIDA RF 1 AV SUCUPIRA MDO, 20,       PARTE B, RIACHO FUNDO I, CEP 71825300, Brasilia/DF",10,1,clinica_geral,(61) 9 8554-8888,celular,+5561985548888,sim,,,,g@gmail.com
0.6945,ODONTO ALFA INFINITY,32.850.606/0001-02,EPP,ASA NORTE,"SETOR SETOR MEDICO HOSPITALAR NORTE QUADRA 2 BLOCO C, 44, SALA  715 E 716           EDIF  DR. CRISPIM, ASA NORTE, CEP 70710149, Brasilia/DF",7,1,clinica_geral,(61) 3036-3230,fixo,+556130363230,,,,,odontoalfainfinity@gmail.com
0.6945,BSB SMILE,40.954.626/0001-51,EPP,ASA NORTE,"SETOR SDN, CONJUNTO NACIONAL BRASILIA, CONJUNTO A,, S/N, SALA  6041-PARTE          EDIF  TORRE AZUL, ASA NORTE, CEP 70077900, Brasilia/DF",5,1,clinica_geral,(61) 9 9195-1731,celular,+5561991951731,sim,(61) 3326-9141,fixo,+556133269141,marcelosalomao_@hotmail.com
0.6945,RODRIGUES ODONTOLOGIA E ESTETICA LTDA,48.368.511/0001-97,EPP,SUL (AGUAS CLARAS),"AVENIDA DAS ARAUCARIAS LOTE, 305, LOJA  31 PRIMEIRO SUBSOLO, SUL (AGUAS CLARAS), CEP 71936250, Brasilia/DF",3,1,especialista_alto_ticket,(61) 9 8267-1072,celular,+5561982671072,sim,(00) 0000000000,indefinido,,polllyanarodrigues@gmail.com
0.6940,ODONTOCLASS,07.631.497/0001-95,EPP,ASA NORTE,"QUADRA SCN QUADRA 2 BLOCO D ENTRADA B SALA, 716, SALA  717, ASA NORTE, CEP 70712040, Brasilia/DF",20,1,clinica_geral,(61) 3202-0428,fixo,+556132020428,,(61) 9 9123-9350,celular,+5561991239350,odontoclass.lm@gmail.com
0.6940,DENTAL CONCEPT,22.672.230/0001-30,DEMAIS,ASA NORTE,"SETOR SETOR SCN QUADRA 5 BLOCO A SALA 1401 PARTE A, S/N, ASA NORTE, CEP 70715900, Brasilia/DF",11,1,clinica_geral,(61) 9 9815-0818,celular,+5561998150818,sim,,,,mamedeph@gmail.com
0.6940,CIRO ODONTOLOGIA,05.698.901/0001-12,DEMAIS,ASA SUL,"QUADRA SHCS CRS QUADRA 510 BLOCO B, 27, PAVMTO01, ASA SUL, CEP 70360525, Brasilia/DF",23,1,clinica_geral,(61) 3443-5452,fixo,+556134435452,,,,,ciro.odontoligia@terra.com.br
0.6940,ACHEI ODONTOLOGIA,08.254.063/0001-86,DEMAIS,ASA NORTE,"QUADRA SDN CONJUNTO A, S/N, SALA  6045, ASA NORTE, CEP 70077900, Brasilia/DF",20,1,clinica_geral,(61) 9 9975-1181,celular,+5561999751181,sim,,,,acheiodontologia@gmail.com
0.6940,PETRA SAUDE ORAL LTDA,06.879.444/0001-25,EPP,ASA SUL,"QUADRA SCS QD 07 BLOCO A, 100, SALA  1316, ASA SUL, CEP 70307902, Brasilia/DF",22,1,clinica_geral,(61) 3036-9026,fixo,+556130369026,,,,,
0.6930,CENTROVIDA ODONTOLOGIA E SAUDE INTEGRATIVA,04.386.511/0001-44,DEMAIS,ASA NORTE,"SETOR COMERCIAL NORTE QUADRA 02 ENTRADA B BLOCO D, S/N, SALA  601 602 603 604           606 608 E 610       EDIF  LIBERTY MALL, ASA NORTE, CEP 70712903, Brasilia/DF",25,1,clinica_institucional,(61) 9 9445-1313,celular,+5561994451313,sim,,,,centrovida@gmail.com
0.6925,ORTODENT'S,13.653.295/0001-47,DEMAIS,GAMA,"QUADRA 18 LOTE, 04, SALA  102                 SETOR LESTE, GAMA, CEP 72460180, Brasilia/DF",15,1,clinica_institucional,(61) 3384-4488,fixo,+556133844488,,,,,eirconta@uol.com.br
0.6925,IRMO- INSTITUTO RATIB MEDREI DE ODONTOLOGIA,11.568.092/0001-27,DEMAIS,SOBRADINHO,"QUADRA CENTRAL BLOCO 12 LOTE 06 APT, 01, SOBRADINHO, CEP 73010522, Brasilia/DF",16,1,clinica_institucional,(61) 9 9115-3124,celular,+5561991153124,sim,,,,
0.6925,RISI ODONTOLOGIA,08.349.358/0001-36,EPP,SOBRADINHO,"QUADRA SETOR URBANO QUADRA 7 COMERCIO LOCAL, 14, SALA  101/102, SOBRADINHO, CEP 73036135, Brasilia/DF",19,1,clinica_geral,(61) 9 8418-0037,celular,+5561984180037,sim,,,,clineves@yahoo.com.br
0.6925,CLINICA TRATTI SAUDE E ESTETICA,37.153.957/0001-88,ME,ASA SUL,"QUADRA SGAS 915 CONJUNTO B BLOCO C SALA 108 EDIFICIO OFFICE CENTER, S/N, ASA SUL, CEP 70390150, Brasilia/DF",6,1,especialista_alto_ticket,(61) 9 8260-7577,celular,+5561982607577,sim,,,,drajanice.perfil@gmail.com
0.6925,ADRIANA PORTO,35.546.697/0001-85,ME,ASA SUL,"QUADRA SEPS 709/909 CONJUNTA A BLOCO A, SN, SALA  413 414             EDIF  CENTRO MED JULIO ADN, ASA SUL, CEP 70390095, Brasilia/DF",6,1,marca_pessoal,(61) 3257-6770,fixo,+556132576770,,(61) 9 9128-1383,celular,+5561991281383,harmonizydf@gmail.com
0.6925,PERIO IMPLANTAR ODONTOLOGIA,37.700.541/0001-32,ME,NORTE (AGUAS CLARAS),"RUA 36, 7, COND  RESIDENCIAL MOOVE   APT   313, NORTE (AGUAS CLARAS), CEP 71919180, Brasilia/DF",6,1,especialista_alto_ticket,(61) 9 8207-0216,celular,+5561982070216,sim,,,,
0.6925,SORRISO CAPITAL CLINICA ODONTOLOGICA E ESTETICA,28.257.034/0001-85,ME,ASA SUL,"QUADRA SCS QUADRA 08, SN, BLOCO B ENTRADA 50        SALA  838/840, ASA SUL, CEP 70333900, Brasilia/DF",9,1,especialista_alto_ticket,(61) 9 8563-2300,celular,+5561985632300,sim,,,,rayanepadilha@gmail.com
0.6920,A.C DE ALMEIDA - IPIB ODONTOLOGIA,18.695.614/0001-09,ME,ASA NORTE,"QUADRA SCN QUADRA 05 BLOCO A, 50, SALA  1320, 1321, ASA NORTE, CEP 70715900, Brasilia/DF",13,1,clinica_institucional,(61) 3548-8268,fixo,+556135488268,,(61) 3546-8268,fixo,+556135468268,ipibodontologia@gmail.com
0.6920,IOOG,17.278.638/0001-91,ME,AGUAS CLARAS,"RUA AC RUA 09 NORTE  LOTE 02 LOJA, 01, SUBSL, AGUAS CLARAS, CEP 71900100, Brasilia/DF",13,1,clinica_institucional,(61) 3447-6079,fixo,+556134476079,,,,,adm.ioog@gmail.com
0.6920,M BASTOS ODONTOLOGIA,08.874.940/0001-11,ME,ASA SUL,"OUTROS SRTVS QUADRA 701 CONJUNTO E BLOCO 01, 12, SALA 108, ASA SUL, CEP 70340000, Brasilia/DF",19,1,clinica_geral,(61) 3327-4887,fixo,+556133274887,,,,,
0.6920,FENELON ODONTOLOGIA INTEGRADA,08.972.027/0001-58,ME,SETOR DE MANSOES DOM BOSCO (LAGO SUL),"CONJUNTO SMDB CONJUNTO 12 BLOCO F, SN, SALA  201 E 202, SETOR DE MANSOES DOM BOSCO (LAGO SUL), CEP 71680116, Brasilia/DF",19,1,clinica_geral,(61) 3366-1225,fixo,+556133661225,,,,,odontolago23@gmail.com
0.6920,CLINICA ODONTOLOGICA SUSEN MAUREN,08.909.472/0001-73,ME,ASA NORTE,"SETOR SDN (SETOR DE DIVERSOES NORTE), S/N, CONJ  A                   SALA  3090, ASA NORTE, CEP 70077000, Brasilia/DF",19,1,clinica_geral,(61) 3326-2449,fixo,+556133262449,,(61) 3201-2449,fixo,+556132012449,asteca@astecacontabil.com.br
0.6920,INSTITUTO BRASILEIRO DE SAUDE,08.427.184/0001-82,ME,SETOR SUDOESTE,"QUADRA SHC/SW CHSW BLOCO 03/04/05 SALA 228, S/N, 1 ANDAR, SETOR SUDOESTE, CEP 70640010, Brasilia/DF",19,1,clinica_institucional,(61) 3034-6662,fixo,+556130346662,,,,,
0.6910,IMPLANTARTE ODONTOLOGIA,44.690.433/0001-91,EPP,SETOR NORTE (GAMA),"QUADRA QUADRA 02, CONJUNTO B LOTE 320, 320, SETOR NORTE (GAMA), CEP 72430220, Brasilia/DF",4,1,especialista_alto_ticket,(61) 9 9121-1576,celular,+5561991211576,sim,,,,yuri.odontologia@gmail.com
0.6910,PREODONTO,04.266.309/0001-89,ME,ASA SUL,"QUADRA SGAS 915 CONJUNTO B BLOCO C CONSULTORIO 04, S/N,       1 SUBSOLO           EDIF  OFFICE CENTER, ASA SUL, CEP 70390150, Brasilia/DF",25,1,especialista_alto_ticket,(61) 3345-1042,fixo,+556133451042,,,,,preodonto_odontologia@yahoo.com.br
0.6910,UNIMPLANTE,04.450.266/0001-97,ME,ASA NORTE,"SCN QUADRA 01 BLOCO F, 79, SALA 1117, ASA NORTE, CEP 70711000, Brasilia/DF",25,1,especialista_alto_ticket,(06) 1932-7599,fixo,+550619327599,,,,,
0.6905,DADIVA ODONTOLOGIA,45.578.599/0001-83,EPP,NORTE (AGUAS CLARAS),"RUA DAS PAINEIRAS, LOTE, 06,       TORRE B             SALA  610 E 611, NORTE (AGUAS CLARAS), CEP 71918000, Brasilia/DF",4,1,clinica_geral,(61) 9 8153-9214,celular,+5561981539214,sim,,,,clinicadurvalneto@gmail.com
0.6905,ORTHOS CLINIC,50.249.175/0001-05,ME,ASA NORTE,"SETOR SD/NORTE CONJUNTO A, SN, SALA  6025 A 6027, ASA NORTE, CEP 70077900, Brasilia/DF",3,1,especialista_alto_ticket,(61) 9 8235-8400,celular,+5561982358400,sim,(00) 0000000000,indefinido,,cristinacampossg@gmail.com
0.6905,DR. HENRIQUE NOGUEIRA ODONTOLOGIA E ESTETICA,45.915.011/0001-30,ME,ASA NORTE,"SETOR SCN QUADRA 02, SN, BLOCO D ENTRADA A         SALA  523                 EDIF  LIBERTY MALL, ASA NORTE, CEP 70712903, Brasilia/DF",4,1,marca_pessoal,(61) 9 8124-2657,celular,+5561981242657,sim,,,,nogueirahenrique1993@hotmail.com
0.6900,MAGO SORRISO,05.855.310/0001-01,ME,ASA NORTE,"SETOR COMERCIAL NORTE QUADRA 02 BLOCO D ENTRADA A, S/N, SALA  816 E 817, ASA NORTE, CEP 70712903, Brasilia/DF",23,1,clinica_geral,(62) 9 9858-4999,celular,+5562998584999,sim,,,,neo.orthos@gmail.com
0.6885,CLINICA ODONTOLOGICA PREMIUM,33.283.040/0001-47,EPP,SETOR HABITACIONAL VICENTE PIRES,"RUA 4A CHACARA 1A LOTE, 1, SALA  104 E 106, SETOR HABITACIONAL VICENTE PIRES, CEP 72006200, Brasilia/DF",7,1,clinica_geral,(61) 9 8283-5831,celular,+5561982835831,sim,,,,odontologiapremium@hotmail.com
0.6885,IAO ODONTOLOGIA,06.172.833/0001-16,DEMAIS,CRUZEIRO NOVO,"QUADRA SHCES QUADRA 411 BLOCO C, 411, LOJA  33                        PARTE B, CRUZEIRO NOVO, CEP 70650403, Brasilia/DF",22,1,clinica_institucional,(61) 9 9203-0606,celular,+5561992030606,sim,,,,claudio.braga@me.com
0.6885,CENTRO BRASILEIRO DE CIRUGIA FACIAL,29.425.728/0001-47,ME,ASA SUL,"SETOR SGAS QUADRA 616 CONJUNTO A BLOCO A SALA, 13, COND  LINEA VITTA, ASA SUL, CEP 70200760, Brasilia/DF",8,1,especialista_alto_ticket,(61) 9 9944-5558,celular,+5561999445558,sim,,,,dr.fabiocalandrini@gmail.com
0.6885,RAFAEL MOURA ODONTOLOGIA ESTETICA,15.544.690/0001-17,ME,GUARA 01,"QUADRA QE 01 AREA ESPECIAL F SALA 117, SN, GUARA 01, CEP 71020037, Brasilia/DF",14,1,marca_pessoal,(61) 3226-5390,fixo,+556132265390,,,,,comandocontabil@hotmail.com
0.6885,BENVE ODONTOLOGIA E ESTETICA,37.302.350/0001-12,ME,AREAL (AGUAS CLARAS),"QUADRA QS 3, SN, LOTE  3/9                       TORRE NORTE         SALA  907 E 908           EDIF  PATIO CAPITAL, AREAL (AGUAS CLARAS), CEP 71953000, Brasilia/DF",6,1,especialista_alto_ticket,(61) 3264-0066,fixo,+556132640066,,,,,benve.financeiro@gmail.com
0.6880,GOE,25.173.753/0001-20,ME,ASA SUL,"SETOR SRTVS QUADRA 701, CONJUNTO L, BLOCO 02, 38, SALA  432 434 436, ASA SUL, CEP 70340000, Brasilia/DF",10,1,clinica_institucional,(61) 3202-6160,fixo,+556132026160,,,,,catielig@yahoo.com.br
0.6875,HODOSDF,12.492.089/0001-30,DEMAIS,SIA,"SETOR SIA TRECHO 4 LOTE, 1130, SALA  203, 204, 205, 206,       207, 208, 209, 211,       217, 218, SIA, CEP 71200040, Brasilia/DF",15,1,clinica_institucional,(61) 3039-2511,fixo,+556130392511,,,,,
0.6875,ODONTOGAM,03.871.051/0001-87,EPP,TAGUATINGA NORTE (TAGUATINGA),"QUADRA CNC 3 LOTE 15, S/N, SALA  101, TAGUATINGA NORTE (TAGUATINGA), CEP 72115535, Brasilia/DF",26,1,clinica_geral,(61) 3345-0769,fixo,+556133450769,,,,,crisaito@yahoo.com.br
0.6875,DENTOCLINICA,02.532.655/0001-36,EPP,SAMAMBAIA NORTE (SAMAMBAIA),"QUADRA QS 410 CONJUNTO D LOTES, 1 A 3, SALA  213, SAMAMBAIA NORTE (SAMAMBAIA), CEP 72320524, Brasilia/DF",28,1,clinica_geral,(61) 3358-7765,fixo,+556133587765,,,,,
0.6875,CONFIALLE ODONTOLOGIA ESPECIALIZADA,09.537.122/0001-96,EPP,CEILANDIA,"QUADRA QNP 32 CONJ D LOTE, 49,       SALAS 102/103, CEILANDIA, CEP 72236204, Brasilia/DF",18,1,clinica_institucional,(61) 3376-2224,fixo,+556133762224,,,,,deangeliscontabil@gmail.com
0.6875,ORTHO 10 - ODONTOLOGIA INTEGRADA,15.318.349/0001-43,ME,SETOR CENTRAL (GAMA),"AREA ESPECIAL LADO LESTE, 24/25, SALA  405                 BLOCO B                   EDIF  ORION OFFICE MALL, SETOR CENTRAL (GAMA), CEP 72405135, Brasilia/DF",14,1,especialista_alto_ticket,(61) 9 8436-7074,celular,+5561984367074,sim,,,,ortho10odontologia@gmail.com
0.6870,CLINICA FABER,01.467.801/0001-24,EPP,ASA NORTE,"SETOR SCN QUADRA 05 BLOCO A, 50, SALA  406 E 407, ASA NORTE, CEP 70715900, Brasilia/DF",30,2,multi_unidade,(61) 3225-0745,fixo,+556132250745,,,,,faber.jorge@gmail.com
0.6870,ORTHODENS,00.069.952/0001-61,ME,ASA NORTE,"SEPN QD 509 CONJ D, 50, SALAS 201/203, ASA NORTE, CEP 70750540, Brasilia/DF",32,1,especialista_alto_ticket,(61) 3039-3326,fixo,+556130393326,,,,,vianchieta@gmail.com
0.6870,CLINICA ESTETIC DENTE,00.694.532/0001-76,ME,ASA SUL,"QUADRA SRTVS QD 701 BLOCO K SALA, 417,       4 ANDAR                   ED. EMBASSY TOWER, ASA SUL, CEP 70340908, Brasilia/DF",31,1,especialista_alto_ticket,(61) 3046-3188,fixo,+556130463188,,,,,
0.6870,DC DOBRANSZKI & CORDEIRO ORTODONTIA E ESTETICA,04.221.731/0001-18,ME,ASA SUL,"SETOR SRTV/SUL QUADRA 701, 100, CONJ  D                   BLOCO A                   SALA  308, ASA SUL, CEP 70340907, Brasilia/DF",25,1,especialista_alto_ticket,(61) 3321-7010,fixo,+556133217010,,,,,clinicadranara@gmail.com
0.6865,ILO INSTITUTO LEMOS DE ODONTOLOGIA,14.424.967/0001-05,EPP,CEILANDIA SUL,"QUADRA QNM 17 CONJUNTO A LOTE 15 SALAS 101 E, 102, CEILANDIA SUL, CEP 72215171, Brasilia/DF",14,1,clinica_institucional,(61) 9 8153-1564,celular,+5561981531564,sim,,,,
0.6865,ODONTONAVES,12.505.461/0001-03,DEMAIS,TAGUATINGA NORTE,"QUADRA QNA 54, S/N, CASA  11, TAGUATINGA NORTE, CEP 72110540, Brasilia/DF",15,1,clinica_geral,(61) 9 9654-9344,celular,+5561996549344,sim,(61) 3386-6511,fixo,+556133866511,compras@odontonaves.com
0.6865,CLINICA ZELUS ODONTOLOGIA SAUDE E BEM-ESTAR,43.889.996/0001-40,EPP,ASA SUL,"SETOR SCS QUADRA 07 BLOCO A SALAS 906 E 908, SN, ASA SUL, CEP 70307901, Brasilia/DF",4,1,clinica_geral,(61) 9 9960-8860,celular,+5561999608860,sim,,,,
0.6865,AFOE,43.944.983/0001-27,EPP,SETOR DE MANSOES DOM BOSCO (LAGO SUL),"QUADRA SMDB CL CONJUNTO 12 BLOCO C SALA, 201, SETOR DE MANSOES DOM BOSCO (LAGO SUL), CEP 71680113, Brasilia/DF",4,1,clinica_institucional,(61) 9 8106-5515,celular,+5561981065515,sim,,,,wanessa_faria@hotmail.com
0.6865,ORTOBRAS,07.612.717/0001-33,ME,TAGUATINGA,"C-12 LOTES 01/02  BLOCO B, S/N, SALA 111, TAGUATINGA, CEP 72010120, Brasilia/DF",21,2,multi_unidade,(61) 3351-4781,fixo,+556133514781,,,,,
0.6860,4M ODONTOLOGIA,15.323.393/0001-41,DEMAIS,ASA NORTE,"SETOR SCN QUADRA 05 BLOCO A, 50, SALA  904, ASA NORTE, CEP 70715900, Brasilia/DF",14,1,clinica_geral,(61) 3224-5698,fixo,+556132245698,,,,,orcon3@hotmail.com
0.6860,ODONTOLEGAL,15.355.473/0001-89,DEMAIS,SETOR HABITACIONAL VICENTE PIRES,"RUA RUA 6 CHACARA 267, S/N, LOTE  CHACARA PARTE, SETOR HABITACIONAL VICENTE PIRES, CEP 72006565, Brasilia/DF",14,1,clinica_geral,(61) 3028-0444,fixo,+556130280444,,,,,odontolegalodontologia@gmail.com
0.6860,SMART ODONTOLOGIA AVANCADA,11.545.425/0001-00,DEMAIS,ASA SUL,"SETOR SRTV/SUL QUADRA 701 CONJ. D BLOCO A SALA 613, 100,       CENTRO EMP.BRASILIA, ASA SUL, CEP 70340907, Brasilia/DF",16,1,clinica_geral,(61) 3224-4744,fixo,+556132244744,,(61) 9 8415-5222,celular,+5561984155222,viviane.amaral10@gmail.com
0.6860,MARCELO NEGREIROS REABILITACAO ORAL,10.948.985/0001-35,DEMAIS,ASA SUL,"SETOR SETOR HOTELEIRO SUL QUADRA 06 CONJUNTO A BLOCO E, S/N, SALA  512, ASA SUL, CEP 70322915, Brasilia/DF",17,1,marca_pessoal,(61) 3436-4162,fixo,+556134364162,,(61) 3436-4162,fixo,+556134364162,
0.6860,QUALITY ODONTOLOGIA,11.780.198/0001-90,DEMAIS,ASA SUL,"SETOR SETOR DE EDIFICIOS DE UTILIDADES PUBLICAS SUL EQ 715/915, S/N, CONJ  A                   BLOCO D                         CONSULTORIO 303, ASA SUL, CEP 70390155, Brasilia/DF",16,1,clinica_geral,(61) 3345-3216,fixo,+556133453216,,,,,
0.6845,ICONE - INSTITUTO CRESCER DE ODONTOLOGIA ESPECIALIZADA,20.548.138/0001-37,DEMAIS,TAGUATINGA SUL (TAGUATINGA),"QUADRA QSC 18 LOTE, 21, TAGUATINGA SUL (TAGUATINGA), CEP 72016180, Brasilia/DF",12,1,clinica_institucional,(61) 3026-3016,fixo,+556130263016,,,,,
0.6845,KHROMO ODONTOLOGIA,15.186.870/0001-74,DEMAIS,GAMA,"SETOR CENTRAL COMERCIAL PROJECAO 09 SALA, 406, ANDAR 4, GAMA, CEP 72404903, Brasilia/DF",14,1,clinica_institucional,(61) 9 9134-8244,celular,+5561991348244,sim,,,,grupokhromo@gmail.com
0.6845,I O R A ODONTOLOGIA ESPECIALIZADA,18.719.936/0001-32,DEMAIS,NUCLEO BANDEIRANTE,"AVENIDA SEGUNDA AVENIDA LOJA 01 LOTE, 269A, NUCLEO BANDEIRANTE, CEP 71710505, Brasilia/DF",13,1,clinica_institucional,(61) 9 9461-7414,celular,+5561994617414,sim,(61) 3022-0609,fixo,+556130220609,ioraodontologia@gmail.com
0.6845,SIMETRIA ODONTOLOGIA E ESTETICA LTDA,27.510.922/0001-03,ME, (AGUAS CLARAS),"AVENIDA PAU BRASIL LOTE 06 SALA, 902,  (AGUAS CLARAS), CEP 71916500, Brasilia/DF",9,1,especialista_alto_ticket,(61) 9 8111-0950,celular,+5561981110950,sim,,,,fabianareiso@gmail.com
0.6845,INSTITUTO DBF.,34.361.464/0001-45,ME,ASA SUL,"SETOR SGAS 610 CONJUNTO F BLOCO 02 SALA, 14, SUBSL ., ASA SUL, CEP 70200700, Brasilia/DF",7,1,especialista_alto_ticket,(61) 9 8101-1441,celular,+5561981011441,sim,,,,
0.6845,GABRIELA SA ODONTOLOGIA REABILITADORA E ESTETICA,37.408.732/0001-25,ME,ASA NORTE,"SETOR COMERCIAL NORTE QUADRA 2 BLOCO D, S/N,       ENTRADA B           SALA  717, ASA NORTE, CEP 70712904, Brasilia/DF",6,1,marca_pessoal,(61) 9 9858-3518,celular,+5561998583518,sim,,,,gabibarbosasa@gmail.com
0.6845,IMPLANTAR ODONTOLOGIA MODERNA,39.572.187/0001-33,ME,ASA SUL,"SETOR SEPS QUADRA 714/914 CONJUNTO D SALA 302, SN, EDIF  SABIN, ASA SUL, CEP 70390145, Brasilia/DF",5,1,especialista_alto_ticket,(61) 9 8302-9191,celular,+5561983029191,sim,,,,afbergmann@hotmail.com
0.6840,CLINICA ODONTOLOGICA ORTO PLENA,10.678.970/0001-02,ME,ASA NORTE,"SETOR SHM/NORTE QUADRA 02 BLOCO A, 10, SALA  502 E 504, ASA NORTE, CEP 70710143, Brasilia/DF",17,1,clinica_geral,(61) 3322-3496,fixo,+556133223496,,,,,
0.6840,RODRIGO ABUD ODONTOLOGIA ESPECIALIZADA,12.251.378/0001-47,ME,ASA NORTE,"SETOR DE DIVERSOES NORTE, SN, CONJ  A                   SALA  4058  PARTE A, ASA NORTE, CEP 70077900, Brasilia/DF",16,1,marca_pessoal,(61) 9 9974-9497,celular,+5561999749497,sim,,,,rodrigoabudodonto@gmail.com
0.6835,CLINICA ORTHORIO,16.979.115/0001-00,ME,CEILANDIA,"QUADRA QNO 09 CONJUNTO H LOTE 41 LOJA 01, SN, CEILANDIA, CEP 72252098, Brasilia/DF",14,1,especialista_alto_ticket,(61) 4141-7926,fixo,+556141417926,,,,,contabilidadeatual@hotmail.com
0.6835,IMORE IMPLANTES,15.218.813/0001-20,ME,RECANTO DAS EMAS,"AVENIDA AVENIDA RECANTO DAS EMAS COMERCIO LOCAL QUADRA 104 LOTE, 08, SALA  201 202 203 E 204   EDIF  CENT EMPRESARIAL 104, RECANTO DAS EMAS, CEP 72600424, Brasilia/DF",14,1,especialista_alto_ticket,(61) 3045-1311,fixo,+556130451311,,,,,admimoreimplantes@gmail.com
0.6830,CENTRO ODONTOLOGICO CELSO SILVA SS LTDA,04.371.364/0001-39,DEMAIS,ASA SUL,"SRTV/SUL QD 701 CONJ E BLS 2/4, 70, SL 101 ED PAL RD II, ASA SUL, CEP 70340902, Brasilia/DF",25,1,clinica_institucional,(61) 3225-2822,fixo,+556132252822,,,,,odonto.celsosilva@hotmail.com
0.6825,ODONTOCOMPANY,41.195.922/0001-89,EPP,NORTE (AGUAS CLARAS),"RUA 08 NORTE, LOTES 04, 06 E, 08, BLOCO C                   LOJA  10, NORTE (AGUAS CLARAS), CEP 71908360, Brasilia/DF",5,1,clinica_geral,(61) 9 9279-9307,celular,+5561992799307,sim,,,,contato@sscosmeticos.com
0.6825,CLINICA CONCEPT ODONTOLOGIA E MEDICINA,40.269.762/0001-02,EPP,NORTE (AGUAS CLARAS),"RUA COPAIBA, 01, SALA  1914 E 1916 TORRE B, NORTE (AGUAS CLARAS), CEP 71919540, Brasilia/DF",5,1,clinica_geral,(61) 9 8176-0468,celular,+5561981760468,sim,,,,concept@conceptclinica.com
0.6825,REALIZAR ODONTOLOGIA,15.299.713/0001-75,EPP,RIACHO FUNDO I,"QUADRA CLN 7 BLOCO G LOTE, 04, SALA  102, RIACHO FUNDO I, CEP 71805547, Brasilia/DF",14,1,clinica_geral,(61) 3033-2409,fixo,+556130332409,,,,,goldcontabilidade.df@hotmail.com
0.6825,INSTITUTO DE REABILITACAO ORAL DE BRASILIA,56.979.955/0001-97,EPP,ASA SUL,"QUADRA SHCS CL QDA 102 BLOCO D LOJA, 35, TERREO, ASA SUL, CEP 70330545, Brasilia/DF",2,1,clinica_institucional,(61) 9 9817-0664,celular,+5561998170664,sim,(00) 0000000000,indefinido,,malvescardoso97@gmail.com
0.6820,CARISMA CLINIC & SPA,14.906.336/0001-22,ME,SUL (AGUAS CLARAS),"RUA DAS PITANGUEIRAS, 12, APT   505, SUL (AGUAS CLARAS), CEP 71938540, Brasilia/DF",14,1,clinica_geral,(61) 9 9969-0737,celular,+5561999690737,sim,,,,carismaodonto@yahoo.com.br
0.6810,CICLOMED,00.365.613/0001-22,EPP,ASA NORTE,"SHC/NORTE CL QUADRA 304 BLOCO C, 33, SALAS 18 A 23 E 28, ASA NORTE, CEP 70736530, Brasilia/DF",31,1,clinica_institucional,(61) 613289582,indefinido,,,,,,
0.6805,IVVA ODONTO ESTETICA,09.541.039/0001-90,ME,TAGUATINGA,"QUADRA CND 04 LOTE, 08, LOJA  04, TAGUATINGA, CEP 72120045, Brasilia/DF",18,1,especialista_alto_ticket,(61) 3042-4848,fixo,+556130424848,,,,,financeiro@odontoivva.com.br
0.6805,INSTITUTO HARMONIZE,09.154.863/0001-98,ME,RIACHO FUNDO,"ÁREA ESPECIAL AC N 02 LOTE 10 LOJA, 04, EDIF  VERMELHO, RIACHO FUNDO, CEP 71810200, Brasilia/DF",18,1,especialista_alto_ticket,(61) 3399-5854,fixo,+556133995854,,,,,
0.6800,CIR HARMONIZACAO OROFACIAL,40.017.574/0001-97,EPP,SETOR DE HABITACOES INDIVIDUAIS SUL,"QUADRA SHIS QI 3 COMERCIO LOCAL BLOCO G SALA 107, S/N, SETOR DE HABITACOES INDIVIDUAIS SUL, CEP 71605460, Brasilia/DF",5,1,especialista_alto_ticket,(61) 9 9277-8807,celular,+5561992778807,sim,,,,
0.6800,INSTITUTO ODONTOLOGICO SIMONE PAIVA,11.227.911/0001-72,ME,SETOR HABITACIONAL JARDIM BOTANICO,"AVENIDA DO SOL, QUADRA 01 RUA 02 LOTES 289/305, SN, SALA  203/A, SETOR HABITACIONAL JARDIM BOTANICO, CEP 71680362, Brasilia/DF",16,1,clinica_institucional,(61) 3427-3533,fixo,+556134273533,,,,,iospbrasilia@gmail.com
0.6800,UNIQUE ODONTOLOGIA,07.482.837/0001-63,ME,ASA SUL,"QUADRA SEPS 715/915, S/N, CONJ  A                   BLOCO D CONSULTORIO 124, ASA SUL, CEP 70390155, Brasilia/DF",21,1,clinica_geral,(61) 3039-5443,fixo,+556130395443,,,,,unique.odonto@hotmail.com
0.6800,AMARAL ODONTOLOGIA,10.660.391/0001-24,ME,ASA SUL,"ENTRE QUADRA SHCS EQ 309/310 CONJUNTO A, PARTE B,  1 ANDAR SALA NUMERO, 02, ASA SUL, CEP 70362400, Brasilia/DF",17,1,clinica_geral,(61) 3381-3989,fixo,+556133813989,,,,,
0.6800,ODONTO WELZEL,09.343.523/0001-05,ME,AGUAS CLARAS,"AVENIDA DAS ARAUCARIAS LOTES 1835,1905,1955 E, 2005, SALA  414, AGUAS CLARAS, CEP 71936970, Brasilia/DF",18,1,clinica_institucional,(61) 9 9978-7570,celular,+5561999787570,sim,,,,odonto.welzel@gmail.com
0.6795,ORAL CARE CONSULTORIO ODONTOLOGICO,09.530.706/0001-30,EPP,SAMAMBAIA NORTE (SAMAMBAIA),"QUADRA QN 414 CONJUNTO C LOTE, 01, LOJA  11 E 12, SAMAMBAIA NORTE (SAMAMBAIA), CEP 72320563, Brasilia/DF",18,1,clinica_geral,(61) 3357-2300,fixo,+556133572300,,,,,renatasilveria@yahoo.com.br
0.6795,ORTODONTICCENTER,09.120.266/0001-42,ME,CEILANDIA,"QUADRA QNM 17 CONJUNTO A LOTE, 39, SALA  402 A 404, CEILANDIA, CEP 72215171, Brasilia/DF",18,1,especialista_alto_ticket,(61) 3561-0334,fixo,+556135610334,,,,,
0.6790,INSTITUTO GUIDOLIN,04.044.900/0001-91,ME,ASA NORTE,"SETOR SRTVN QUADRA 701 CONJUNTO C, 124, SALA  123 ALA B, ASA NORTE, CEP 70719903, Brasilia/DF",25,1,clinica_institucional,(61) 3328-8707,fixo,+556133288707,,,,,institutoguidolin@gmail.com
0.6790,MAGNUS ODONTOLOGIA ESPECIALIZADA,26.424.960/0001-72,ME,ASA NORTE,"SETOR SRTVN QUADRA 701 CONJUNTO C, 124,       ALA A               SALA  602, ASA NORTE, CEP 70719030, Brasilia/DF",36,1,clinica_institucional,(61) 9 9928-4407,celular,+5561999284407,sim,,,,cop_odontologia_@hotmail.com
0.6790,COB - CENTRO ODONTOLOGICO BRASILIENSE S/S LTDA,01.035.146/0001-35,DEMAIS,ASA NORTE,"SETOR SC/NORTE QUADRA 05 BLOCO A, S/N, SALA  208 E 209, ASA NORTE, CEP 70715900, Brasilia/DF",41,1,clinica_institucional,(61) 3964-8523,fixo,+556139648523,,(61) 3964-2584,fixo,+556139642584,consultoriocob2015@gmail.com
0.6785,ASA BSB ODONTOLOGIA,36.656.021/0001-07,DEMAIS,ASA SUL,"SETOR SDS BLOCO A, 44, LOJA  1A                  EDIF  COMERCIAL BOULEVARD, ASA SUL, CEP 70391900, Brasilia/DF",6,1,clinica_geral,(61) 9 9221-4730,celular,+5561992214730,sim,,,,admasa@orthopride.com.br
0.6785,PEREIRA REABILITACAO ORAL,32.097.801/0001-03,DEMAIS,ASA NORTE,"SETOR SCN QUADRA 02 BLOCO D ENTRADA B SALA 733, S/N, ASA NORTE, CEP 70712903, Brasilia/DF",7,1,clinica_geral,(61) 3347-8744,fixo,+556133478744,,,,,br.contabilidade@uol.com.br
0.6785,CISO CLINICA INTEGRADA DE SAUDE ODONTOLOGICA,25.025.483/0001-00,EPP,TAGUATINGA SUL,"QUADRA CSB 02 LOTES 1 A 4 TORRE A SALA, 707, TAGUATINGA SUL, CEP 72015901, Brasilia/DF",10,1,clinica_geral,(61) 9 9292-7640,celular,+5561992927640,sim,,,,alamedaciso@gmail.com
0.6785,M CAMPOS ODONTO,36.299.533/0001-63,EPP,ASA SUL,"QUADRA SHS QUADRA 6 CONJUNTO A BLOCO A SALA, 502, ASA SUL, CEP 70316102, Brasilia/DF",6,1,clinica_geral,(61) 3011-0811,fixo,+556130110811,,,,,mcamposodonto@gmail.com
0.6780,DR. CRISTIANO ESTRELA H.,18.350.288/0001-90,DEMAIS,ASA NORTE,"QUADRA CLN 206 BLOCO A, SN, LOJA  6                         PARTE DB, ASA NORTE, CEP 70844510, Brasilia/DF",13,1,marca_pessoal,(61) 9 8153-8156,celular,+5561981538156,sim,,,,qualesodontologia@gmail.com
0.6780,INTERFACE ODONTOLOGIA,06.013.523/0001-59,DEMAIS,ASA NORTE,"SC/NORTE QUADRA 01 BLOCO F SALA 515, 79, ASA NORTE, CEP 70711000, Brasilia/DF",22,1,clinica_geral,(61) 3326-8064,fixo,+556133268064,,,,,odelioalmeida@gmail.com
0.6780,FACETECH ODONTOLOGIA E BEM ESTAR,13.203.418/0001-48,ME,NORTE (AGUAS CLARAS),"RUA DAS FIGUEIRAS LOTE, 07, SALA  1108, NORTE (AGUAS CLARAS), CEP 71906750, Brasilia/DF",15,2,multi_unidade,(61) 3581-3294,fixo,+556135813294,,(61) 9 9133-3125,celular,+5561991333125,facetech.odontologia@gmail.com
0.6770,CLEAN DENT CONSULTORIO ODONTOLOGICO LTDA,02.005.849/0001-83,DEMAIS,ASA NORTE,"SETOR SCN QUADRA 01 BLOCO E, 50, SALA  1201 E 1202         EDIF  CENTRAL PARK, ASA NORTE, CEP 70711903, Brasilia/DF",29,1,clinica_geral,(61) 3328-0193,fixo,+556133280193,,,,,cleandent@terra.com.br
0.6770,ODONTOLOGIA NARCISO S/S LTDA,03.403.713/0001-94,EPP,ASA NORTE,"SCN QD 05 BL A, 50, SALAS 919  E  920, ASA NORTE, CEP 70301970, Brasilia/DF",27,1,clinica_geral,(61) 3327-1240,fixo,+556133271240,,,,,
0.6770,NEW INPLANTS BRASILIA,33.519.349/0001-93,EPP,ASA SUL,"SETOR SRTVS QUADRA 701 BLOCO K, SN, SALA  629/630/631/632, ASA SUL, CEP 70340908, Brasilia/DF",36,1,clinica_geral,(61) 3224-9647,fixo,+556132249647,,,,,nobelclinicadf@gmail.com
0.6770,ORALPED,01.297.750/0001-30,EPP,ASA NORTE,"SETOR SDN CONJUNTO A, S/N, SALA  6039, ASA NORTE, CEP 70077900, Brasilia/DF",30,1,clinica_geral,(61) 3326-7900,fixo,+556133267900,,,,,oralped@oralped.com.br
0.6770,PERIO CLIN,00.987.274/0001-16,EPP,ASA NORTE,"SCN  QD 02 BL D ENT B, SN, SALA 919 CT EMP ENCOL, ASA NORTE, CEP 70310500, Brasilia/DF",30,1,clinica_geral,(06) 1328-6399,fixo,+550613286399,,,,,
0.6770,ALBUQUERQUE ODONTOLOGIA E ACUPUNTURA,17.247.190/0001-49,DEMAIS,ASA NORTE,"SETOR SDN CONJUNTO A SALA, 4090, ASA NORTE, CEP 70077900, Brasilia/DF",13,1,clinica_geral,(61) 3326-4071,fixo,+556133264071,,,,,
0.6765,RISUS ATELIE OROFACIAL,33.294.691/0001-32,ME,SETOR HABITACIONAL VICENTE PIRES,"RUA RUA 4A CHACARA 111 LOTE 2A, SN, CONJ  2, SETOR HABITACIONAL VICENTE PIRES, CEP 72006220, Brasilia/DF",7,1,clinica_institucional,(61) 3397-3545,fixo,+556133973545,,(61) 9 9977-0705,celular,+5561999770705,clinicaiorc@gmail.com
0.6765,DRA VANESSA BUIATI ODONTOLOGIA ESTETICA,31.462.605/0001-28,ME,ASA SUL,"QUADRA SEPS 710/910 CONJUNTO D SALA, 442, ASA SUL, CEP 70390108, Brasilia/DF",7,1,marca_pessoal,(61) 3442-8442,fixo,+556134428442,,,,,
0.6765,RAFAELLA MACEDO ODONTOLOGIA E HARMONIZACAO FACIAL,42.298.847/0001-44,ME,NORTE (AGUAS CLARAS),"AVENIDA PAU BRASIL LOTE 11 ED. VIA AZALEAS TORRE 01 APTO, 1202, NORTE (AGUAS CLARAS), CEP 71916500, Brasilia/DF",5,1,especialista_alto_ticket,(61) 9 8564-1020,celular,+5561985641020,sim,,,,advocacia.charles@gmail.com
0.6765,HARMONIZZE,31.316.351/0001-30,ME,AGUAS CLARAS,"RUA 7 NORTE LOTES 3,5 E 7 LOJA, 31, AGUAS CLARAS, CEP 71908180, Brasilia/DF",8,1,especialista_alto_ticket,(61) 9 9152-2464,celular,+5561991522464,sim,,,,clinicaharmonizze@gmail.com
0.6765,ERETUZA LIMA,40.443.094/0001-98,ME,ASA SUL,"QUADRA SGAS 614 CONJ C SALA, 02, TERREO                    EDIF  VITRIUM, ASA SUL, CEP 70200740, Brasilia/DF",5,1,especialista_alto_ticket,(61) 9 9912-3232,celular,+5561999123232,sim,,,,tuzalima@hotmail.com
0.6765,PRO IMPLANTES,33.786.818/0001-30,ME,ASA NORTE,"SETOR SCN 05 BLOCO A BRASILIA SHOPPING TOWERS, S/N, SALA  1110, ASA NORTE, CEP 70715900, Brasilia/DF",7,1,especialista_alto_ticket,(61) 3327-3238,fixo,+556133273238,,,,,
0.6765,CIOG CENTRO DE IMPLANTODONTIA E ODONTOLOGIA DO GAMA,05.549.037/0001-97,ME,GAMA,"QUADRA 15 LOTE 06 SALA, 01, SLJ   ST  LESTE COMERCIAL, GAMA, CEP 72450150, Brasilia/DF",23,1,especialista_alto_ticket,(61) 3484-2697,fixo,+556134842697,,,,,
0.6765,ORTOLIFE,07.746.416/0001-00,ME,SOBRADINHO,"QUADRA QUADRA 08 CL 03 SALA, 407, SOBRADINHO, CEP 73006010, Brasilia/DF",20,1,especialista_alto_ticket,(61) 3351-1491,fixo,+556133511491,,,,,
0.6760,CLINICA ODONTOLOGICA ORAL VIP,22.208.218/0001-79,ME,SETOR HABITACIONAL VICENTE PIRES,"CHACARA RUA 12 CHACARA 312A, LT34 A, LOJA  01, SETOR HABITACIONAL VICENTE PIRES, CEP 72007730, Brasilia/DF",11,1,clinica_geral,(61) 9 8267-0191,celular,+5561982670191,sim,,,,contamaisgerencia@hotmail.com
0.6760,FLEURY ODONTOLOGIA,21.819.137/0001-42,ME,SETOR HABITACIONAL VICENTE PIRES - TRECHO 3,"QUADRA 4 CONJUNTO 4 LOTE, 3, LOJA  1, SETOR HABITACIONAL VICENTE PIRES - TRECHO 3, CEP 72001372, Brasilia/DF",11,1,clinica_geral,(61) 9 8187-0936,celular,+5561981870936,sim,,,,fleuryodontologia2019@gmail.com
0.6760,LUMINI ODONTOLOGIA,24.755.556/0001-56,ME,AREAL (AGUAS CLARAS),"QUADRA QS 3 EPCT LOTES 03,05,07 E 09, S/N, SALA  809 E 810, AREAL (AGUAS CLARAS), CEP 71953000, Brasilia/DF",10,1,clinica_institucional,(61) 3547-8436,fixo,+556135478436,,,,,lumini.odonto@gmail.com
0.6760,MM ODONTOLOGIA ESPECIALIZADA,19.788.403/0001-75,ME,ASA NORTE,"SETOR SCN QUADRA 02 BLOCO D ENTRADA A SALA, 910, EDIF  CENTRO EMP ENCOL, ASA NORTE, CEP 70712903, Brasilia/DF",12,1,clinica_institucional,(61) 9 9968-8269,celular,+5561999688269,sim,,,,mmodontoespecializada@gmail.com
0.6760,MASTER DENTE CENTRO ODONTOLOGICO,20.238.612/0001-24,ME,NORTE (AGUAS CLARAS),"RUA DAS FIGUEIRAS LOTE, 07, LOJA  71, NORTE (AGUAS CLARAS), CEP 71906750, Brasilia/DF",12,1,clinica_institucional,(61) 3352-2288,fixo,+556133522288,,(61) 3561-9710,fixo,+556135619710,masterdenteodonto@gmail.com
0.6760,INSTITUTO CLAUDIA ALEXANDRE,16.820.384/0001-29,ME,ASA NORTE,"SETOR SHLN BLOCO L N 43 SALA SALAS 415 E, 416,       ASA NORTE, ASA NORTE, CEP 70770560, Brasilia/DF",14,1,clinica_institucional,(61) 3273-8663,fixo,+556132738663,,,,,claudia.a.lacerda@terra.com.br
0.6760,ODONTO VITAE,22.618.918/0001-31,ME,AREAL (AGUAS CLARAS),"QUADRA QS 1 RUA 210 LOTE 34/36 SALA, 703, EDIF  LED                       TORRE 3, AREAL (AGUAS CLARAS), CEP 71950770, Brasilia/DF",11,1,clinica_geral,(61) 9 8118-0647,celular,+5561981180647,sim,(61) 3024-6650,fixo,+556130246650,odontovitaedf@gmail.com
0.6760,VANESSA GOUVEA ODONTOLOGIA ESPECIALIZADA E SAUDE INTEGRATIVA LTDA,09.332.554/0001-60,ME,ASA NORTE,"QUADRA SGAN 608 CONJUNTO F BLOCO 2, S/N, SALA  9-S, ASA NORTE, CEP 70830350, Brasilia/DF",20,1,marca_pessoal,(61) 9 9116-7740,celular,+5561991167740,sim,,,,vanessagouveaodonto@gmail.com
0.6760,DF ODONTOCLINICA,04.924.249/0001-44,ME,SETOR SUDOESTE,"QUADRA SHC/SW CLSW 103 BLOCO A SALA 103, S/N, SETOR SUDOESTE, CEP 70670521, Brasilia/DF",24,1,clinica_institucional,(61) 9 8122-8110,celular,+5561981228110,sim,,,,
0.6760,ODONTO ARTE,07.013.928/0001-50,ME,ASA SUL,"SETOR GAS QD 910 CONJUNTO B BLOCO E SALA 221, SN, ASA SUL, CEP 70390100, Brasilia/DF",21,1,clinica_institucional,(61) 3226-8993,fixo,+556132268993,,(61) 3963-2840,fixo,+556139632840,socontabil@gmail.com
0.6755,ODONTO CENTER,05.975.334/0001-02,DEMAIS,SANTA MARIA,"OUTROS  QR 202 CONJUNTO B LOTE, 23, SANTA MARIA, CEP 72502400, Brasilia/DF",22,1,clinica_geral,(61) 3393-8875,fixo,+556133938875,,,,,gerenciaodontocenter23@gmail.com
0.6755,CLINICA ODONTOLOGICA MAANAIM,05.003.860/0001-00,EPP,CEILANDIA NORTE (CEILANDIA),"QUADRA QNM 4 CONJUNTO O, SN, LOTE  44                  SALA  301 EDIF ALFA CENTER, CEILANDIA NORTE (CEILANDIA), CEP 72210055, Brasilia/DF",24,1,clinica_geral,(61) 3373-9537,fixo,+556133739537,,,,,cassiabrasilia@hotmail.com
0.6755,PATRICIA ZAMBONATO ORTODONTIA PERSONALIZADA,04.924.568/0001-50,ME,OTOGONAL,"SETOR SHC/AOS E/A 02/08 LOTE, 05, SALA  201 E 202 TORRE A, OTOGONAL, CEP 70660900, Brasilia/DF",24,1,marca_pessoal,(61) 3234-9440,fixo,+556132349440,,,,,
0.6750,CENTRO CLINICO DE ORTODONTIA E ENDODONTIA DE BSB LTDA,01.646.199/0001-92,ME,LAGO NORTE,"SETOR SHIN CA 01 LOTE A BLOCO A, S/N, SALA  361 3 ANDAR, LAGO NORTE, CEP 71503501, Brasilia/DF",41,1,especialista_alto_ticket,(61) 9 8412-3500,celular,+5561984123500,sim,(61) 3328-8603,fixo,+556133288603,
0.6745,ELLO ODONTOLOGIA,11.349.793/0001-75,EPP,TAGUATINGA SUL (TAGUATINGA),"QUADRA CSB 2 LOTE 01/02/03/04 SALA 305 3O ANDAR TORRE A, SN,       ALAMEDA TOWER, TAGUATINGA SUL (TAGUATINGA), CEP 72015525, Brasilia/DF",16,1,clinica_geral,(61) 3563-7307,fixo,+556135637307,,,,,ellodontologia2016@gmail.com
0.6745,A S CASALEGNO & CIA,19.779.507/0001-13,DEMAIS,TAGUATINGA SUL,"QUADRA QS 01 RUA 210 LOTE 40 TORRE B, S/N, SALA  815, TAGUATINGA SUL, CEP 71950904, Brasilia/DF",12,1,clinica_geral,(61) 3242-0192,fixo,+556132420192,,(61) 3244-2205,fixo,+556132442205,nbn.assessoria@gmail.com
0.6745,ODONTO UNIDAS,14.425.620/0001-87,DEMAIS,TAGUATINGA CENTRO (TAGUATINGA),"QUADRA C 08 LOTE, 08, SALA  01 E 02             ANDAR 1, TAGUATINGA CENTRO (TAGUATINGA), CEP 72010080, Brasilia/DF",14,1,clinica_geral,(61) 3562-1240,fixo,+556135621240,,(61) 9 9949-3121,celular,+5561999493121,dentistaodontounidas@gmail.com
0.6745,FAT INSTITUTO,47.335.761/0001-68,DEMAIS,NORTE (AGUAS CLARAS),"AVENIDA JACARANDA, SN, LOTE  16                  LOJA  102, NORTE (AGUAS CLARAS), CEP 71900100, Brasilia/DF",4,1,clinica_institucional,(61) 3389-1214,fixo,+556133891214,,,,,jrcont@jrgrupo.com.br
0.6745,ART ORAL ODONTOLOGIA ESPECIALIZADA LTDA,58.973.095/0001-00,EPP,ASA NORTE,"SETOR DE DIVERSOES NORTE, CONJUNTO A, S/N, SALA  4086, ASA NORTE, CEP 70077900, Brasilia/DF",1,1,clinica_institucional,(61) 9 8262-9820,celular,+5561982629820,sim,(00) 0000000000,indefinido,,transparencia@transparenciacontabildf.com.br
0.6745,CDB CENTRO ORTODONTIA DE BRASILIA,45.431.868/0001-84,ME,ASA NORTE,"QUADRA SDN CNB SL 5078 CONJUNTO A, SN,       SHOPPING CONJUNTO NA, ASA NORTE, CEP 70077900, Brasilia/DF",4,1,especialista_alto_ticket,(61) 9 9167-2455,celular,+5561991672455,sim,,,,ailtonresende@gmail.com
0.6745,AURUS ODONTOLOGIA E ESTETICA,48.517.079/0001-59,ME,SUL (AGUAS CLARAS),"AVENIDA PAU BRASIL LOTE, 10, SALA  1021                EDIF  LE QUARTIER, SUL (AGUAS CLARAS), CEP 71926000, Brasilia/DF",3,1,especialista_alto_ticket,(61) 9 8287-5277,celular,+5561982875277,sim,(61) 3225-3906,fixo,+556132253906,aurusodontobsb@gmail.com
0.6740,HARMONIE ORAL,09.654.362/0001-70,ME,ASA SUL,"SETOR SHLS QD 716 BLOCO F, S/N, CONJ  211                 EDIF  C C OSWALDO CRUZ, ASA SUL, CEP 70390900, Brasilia/DF",18,1,clinica_geral,(61) 3202-0408,fixo,+556132020408,,,,,institutoharmonieoral@gmail.com
0.6740,FEDERAL ODONTO,09.385.146/0001-77,ME,ASA NORTE,"SETOR SDN CONJUNTO A SALA 5004 -5006, 5004, ASA NORTE, CEP 70077900, Brasilia/DF",18,1,clinica_geral,(61) 3326-0215,fixo,+556133260215,,(61) 3327-9024,fixo,+556133279024,federalodonto@hotmail.com
0.6740,D LOUNGE,11.781.794/0001-94,ME,ASA NORTE,"SETOR SCN QUADRA 1 BLOCO D TORRE B SALA DE EVENTOS, 02,       PAVIMENTO COBERTURA, ASA NORTE, CEP 70711040, Brasilia/DF",16,1,clinica_geral,(61) 3542-9936,fixo,+556135429936,,,,,spazio2duo@gmail.com
0.6740,CLINICA ODONTOLOGICA MARCIA SANTIAGO,06.307.595/0001-09,ME,ASA NORTE,"SD/NORTE CONJUNTO A SALA 5110, S/N, CONJUNTO NACIONAL, ASA NORTE, CEP 70077900, Brasilia/DF",22,2,multi_unidade,(61) 613264289,indefinido,,,,,,clinicaodontologicamarcia@gmail.com
0.6725,ODONTOGAMA,10.575.443/0001-64,ME,GAMA,"QUADRA 03 LOTE 07 SOBRELOJA, 01, ANDAR 1                   SETOR SUL, GAMA, CEP 72410200, Brasilia/DF",17,1,clinica_geral,(61) 3561-0334,fixo,+556135610334,,,,,
0.6725,LG CLINICA ODONTOLOGICA LTDA,40.226.974/0001-02,EPP,ASA SUL,"QUADRA SGAS 616 CONJUNTO A BLOCO A SALA, 215, SALA  216, ASA SUL, CEP 70200760, Brasilia/DF",5,1,clinica_geral,(61) 9 9996-6178,celular,+5561999966178,sim,,,,loyanneodonto@gmail.com
0.6725,CLINICA ODONTOLOGICA VILLANOVA LTDA,29.588.747/0001-94,EPP,ASA NORTE,"SETOR SD N CONJUNTO A, SN, SALA  5018, ASA NORTE, CEP 70077900, Brasilia/DF",8,1,clinica_geral,(61) 9 9684-1378,celular,+5561996841378,sim,,,,elenizamv@yahoo.com
0.6725,MORETI ATELIE FACIAL,34.319.191/0001-70,EPP,ASA SUL,"QUADRA SEPS 709/909 CONJUNTO A BLOCO A SALA, 6,       PARTE B                   C.MEDICO JULIO ADNET, ASA SUL, CEP 70390095, Brasilia/DF",7,1,clinica_geral,(61) 3345-6726,fixo,+556133456726,,,,,moretifinanceiro@gmail.com
0.6725,TRO ODONTOLOGIA E ESTETICA OROFACIAL,26.840.404/0001-87,ME,SETOR NOROESTE,"QUADRA CLNW 10/11 BL D LJ 09, S/N, SETOR NOROESTE, CEP 70686610, Brasilia/DF",9,1,especialista_alto_ticket,(61) 3368-2572,fixo,+556133682572,,,,,clinicatro@gmail.com
0.6725,ODONTOIMPLANTE,20.176.314/0001-57,ME,TAGUATINGA,"QUADRA QSA 10, 09, SALA  101, TAGUATINGA, CEP 72015100, Brasilia/DF",12,1,especialista_alto_ticket,(61) 9 9118-5259,celular,+5561991185259,sim,,,,maurohugo@gmail.com
0.6725,ORTHO CLINICA BRASILIA,18.731.989/0001-79,ME,SETOR TRADICIONAL (PLANALTINA),"AVENIDA INDEPENDENCIA QUADRA 69 LOTE, 09, LOJA  01, SETOR TRADICIONAL (PLANALTINA), CEP 73330004, Brasilia/DF",13,1,especialista_alto_ticket,(61) 3327-2479,fixo,+556133272479,,(61) 3328-3320,fixo,+556133283320,orthoclinicabrasilia@gmail.com
0.6725,SUNRISE ODONTOLOGIA E ESTETICA,19.701.997/0001-35,ME,TAGUATINGA,"QUADRA CSB 02 LOTES 01/02/03 E 04 TORRE A SALA, 112, TAGUATINGA, CEP 72015901, Brasilia/DF",12,1,especialista_alto_ticket,(61) 9 9934-8418,celular,+5561999348418,sim,,,,sunriseodontologias@gmail.com
0.6720,CEORTH - CLINICA ODONTOLOGICA,17.864.336/0001-03,ME,AGUAS CLARAS,"RUA 13 NORTE, S/N, LOTE  04                  LOJA  01                  TERREO, AGUAS CLARAS, CEP 71909720, Brasilia/DF",13,1,clinica_geral,(61) 3222-1833,fixo,+556132221833,,(61) 9 8185-5824,celular,+5561981855824,ceorth@hotmail.com.br
0.6705,PERFIL FACE ODONTOLOGIA,29.667.438/0001-00,EPP,AREAL (AGUAS CLARAS),"QUADRA QS 3 EPCT LOTES 3, 5, 7 E 9 SALA, 406, AREAL (AGUAS CLARAS), CEP 71953000, Brasilia/DF",8,1,clinica_geral,(61) 3399-0333,fixo,+556133990333,,,,,
0.6705,ARTEMIS ODONTOLOGIA,42.782.148/0001-75,EPP,ASA SUL,"QUADRA SEPS 705/905, S/N, CONJ  A                   SALA  214, ASA SUL, CEP 70390055, Brasilia/DF",5,1,clinica_geral,(61) 9 8119-9604,celular,+5561981199604,sim,,,,marcelafernandes.lima@gmail.com
0.6705,HUMBERTO ALVES ODONTOLOGIA,35.830.176/0001-55,EPP,ASA NORTE,"SETOR SRTVN QUADRA 701 CONJUNTO C ALA A SALA, 115, EDIF  CENTRO EMP NORTE, ASA NORTE, CEP 70719903, Brasilia/DF",6,1,clinica_geral,(61) 3202-1918,fixo,+556132021918,,,,,acont@solar.com.br
0.6705,CLINICA ALMEIDA & VELOSO ODONTOLOGIA ESPECIALIZADA,45.880.533/0001-43,DEMAIS,SETOR SUDOESTE,"SETOR SHCSW CHSW BLOCOS 3/4/5 SALA 162, SN, SETOR SUDOESTE, CEP 70673416, Brasilia/DF",4,1,clinica_institucional,(61) 9 9271-7875,celular,+5561992717875,sim,,,,talita.almeida2811@gmail.com
0.6695,ODONTOLOGIA INTEGRADA ALCANCAR,08.839.454/0001-62,EPP,RECANTO DAS EMAS,"AVENIDA BURITI QUADRA 203 LOTE, 07, RECANTO DAS EMAS, CEP 72610307, Brasilia/DF",19,1,clinica_geral,(61) 3333-3332,fixo,+556133333332,,,,,fscontabil@ig.com.br
0.6690,ODONTOPLUS,13.839.483/0001-64,DEMAIS,ASA SUL,"SETOR SEUPS ENTREQUADRAS 710/910 CONJUNTO D, S/N, SALA  310, ASA SUL, CEP 70390108, Brasilia/DF",15,1,clinica_geral,(61) 3034-6911,fixo,+556130346911,,(61) 3034-6911,fixo,+556130346911,hedersonlima@gmail.com
0.6685,VERTHO LENS,47.294.948/0001-60,EPP,NORTE (AGUAS CLARAS),"RUA COPAIBA LOTE, 1,       TORRE B                   SALAS 2612 2613 2614, NORTE (AGUAS CLARAS), CEP 71919540, Brasilia/DF",4,1,clinica_geral,(61) 9 9221-2555,celular,+5561992212555,sim,(00) 0000000000,indefinido,,drgustavojose@gmail.com
0.6685,ESTILO CLINICA ODONTOLOGICA LTDA,28.065.264/0001-42,DEMAIS,ASA NORTE,"SETOR SHLN CONJUNTO B BLOCO 02, 11, SALA  101, ASA NORTE, CEP 70770560, Brasilia/DF",9,1,clinica_geral,(61) 3347-7000,fixo,+556133477000,,,,,financeiro.clinicaestilo@gmail.com
0.6685,QUALIDENT CLINICA ODONTOLOGICA,14.949.798/0001-27,DEMAIS,TAGUATINGA,"QUADRA QND 19 LOTE 02 LOJA, 03, TAGUATINGA, CEP 72120190, Brasilia/DF",14,1,clinica_geral,(61) 3032-5588,fixo,+556130325588,,,,,
0.6680,FACE ODONTOLOGIA ESTETICA,36.987.223/0001-31,DEMAIS,SETOR DE HABITACOES INDIVIDUAIS SUL,"QUADRA SHIS QI 9/11 BLOCO M LOJAS 25, 26, 27 E 28, S/N, SETOR DE HABITACOES INDIVIDUAIS SUL, CEP 71625135, Brasilia/DF",6,1,especialista_alto_ticket,(61) 3347-8744,fixo,+556133478744,,,,,br.contabilidade@uol.com.br
0.6680,CLINICA VELASCO HOSKEN,09.454.670/0001-52,ME,ASA NORTE,"SETOR SCN QD, 02, BLOCO D ENTRADA B SALA 508, ASA NORTE, CEP 70712903, Brasilia/DF",18,1,clinica_geral,(61) 3315-9483,fixo,+556133159483,,,,,
0.6680,CLINICA ODONTOLOGICA VIA SUPREMA,10.237.596/0001-00,ME,ASA SUL,"SETOR EDIFICIOS DE UTILIDADES PUBLICOS SUL EQ 710/910, S/N, CONJ  D                   SALA  243, 245 E 247, ASA SUL, CEP 70330700, Brasilia/DF",18,1,clinica_geral,(61) 9 9221-9856,celular,+5561992219856,sim,,,,depaulacontabilidade@terra.com.br
0.6680,PG TORRES ODONTOLOGIA & BEM ESTAR - INSTITUTO,04.895.051/0001-80,ME,AREA OCTOGONAL,"QUADRA SHC/AO/S EA 2/8 , LT 5 , TORRE A , SL 301, TERRACO SHOPPING, S/N, AREA OCTOGONAL, CEP 70660090, Brasilia/DF",24,1,clinica_institucional,(61) 3352-2050,fixo,+556133522050,,,,,unident.unident@uol.com.br
0.6680,IRS - INSTITUTO RENATA SALERNO,06.149.059/0001-22,ME,ASA SUL,"SETOR SRTVS, 110, QUADRA701                 BLOCO O                   SALA  884, ASA SUL, CEP 70340000, Brasilia/DF",22,1,clinica_institucional,(61) 9 8127-6424,celular,+5561981276424,sim,,,,clinterodontologiadf@gmail.com
0.6680,PRO ORTWS,05.218.456/0001-46,ME,ASA SUL,"SRTVS QUADRA 701 CONJUNTO D BLOCO B, 280, SALAS 305 E 307, ASA SUL, CEP 70340906, Brasilia/DF",24,1,clinica_geral,(61) 612245666,indefinido,,,,,,
0.6680,LUZ - ART & DENTE,09.456.683/0001-60,ME,ASA NORTE,"SETOR SETOR COMERCIAL NORTE QUADRA 01 BLOCO F  N 79 SALA, 319, ASA NORTE, CEP 70711905, Brasilia/DF",18,1,clinica_geral,(61) 3381-4426,fixo,+556133814426,,,,,alberto@ctecnet.com.br
0.6680,CLINICA ODONTOLOGICA DO LAGO - COL,11.739.852/0001-11,ME,LAGO SUL,"SETOR SHIS CC QI 09, BLOCO E, SALA, 209, LAGO SUL, CEP 71625009, Brasilia/DF",16,1,clinica_geral,(61) 3202-6222,fixo,+556132026222,,,,,
0.6680,RENOVARE ODONTOLOGIA ESPECIALIZADA,06.118.090/0001-04,ME,ASA SUL,"SETOR SRTVS QUADRA 701, SN, BLOCO K SALA 410 PARTE A  EDIF  EMBASSY TOWER, ASA SUL, CEP 70340908, Brasilia/DF",22,1,clinica_institucional,(61) 3963-3555,fixo,+556139633555,,,,,pppaes62@gmail.com
0.6680,ODONTOS,08.599.958/0001-52,ME,AGUAS CLARAS,"QUADRA QUADRA 204 LOTE 02, S/N, SALA 332, AGUAS CLARAS, CEP 71939540, Brasilia/DF",19,1,clinica_geral,(61) 3436-1214,fixo,+556134361214,,,,,
0.6670,SINGULARE ODONTOLOGIA,04.631.163/0001-23,ME,NORTE (AGUAS CLARAS),"RUA COPAIBA LOTE, 01, SALA  1106 E 1108 TORRE B, NORTE (AGUAS CLARAS), CEP 71919540, Brasilia/DF",25,1,clinica_institucional,(61) 3354-5347,fixo,+556133545347,,(61) 9 9223-9355,celular,+5561992239355,institutotavares@hotmail.com
0.6670,CLINICA SOI,03.070.473/0001-53,ME,ASA NORTE,"SETOR SCN QUADRA 5 BLOCO A, SN, SALA  1309 1310 1409 1410, ASA NORTE, CEP 70715010, Brasilia/DF",27,1,clinica_geral,(61) 9 9223-1592,celular,+5561992231592,sim,,,,clinicasoi@gmail.com
0.6670,CLINICA ODONTOLOGICA PAULO DUTRA S/C LTDA,00.519.962/0001-51,DEMAIS,ASA SUL,"SETOR SHLS, QD 716, CONJ  L                   BLOCO 02                  SALA  322 E 324, ASA SUL, CEP 70390700, Brasilia/DF",31,1,clinica_geral,(61) 3346-2664,fixo,+556133462664,,,,,clinicapaulodutra@hotmail.com
0.6670,CLINICA DE ORTODONTIA JOSILCE GASPERIN SS,01.381.059/0001-30,ME,ASA NORTE,"SCN QD.02 BL.D, SN, ENT. B SL 515 E 519, ASA NORTE, CEP 70310500, Brasilia/DF",30,1,especialista_alto_ticket,(61) 3328-5855,fixo,+556133285855,,,,,
0.6665,FOX ODONTO,29.571.069/0001-57,DEMAIS,LAGO NORTE,"SETOR SHIN CA 01 LOTE A BLOCO A SALA, 269,       2 PAVIMENTO, LAGO NORTE, CEP 71503501, Brasilia/DF",8,1,clinica_geral,(61) 9 9375-4345,celular,+5561993754345,sim,,,,dramarianansantos@hotmail.com
0.6665,MEDIKA POLICLINICA DE GESTAO DE SERVICOS DE SAUDE,33.518.310/0001-51,DEMAIS,ASA SUL,"TRECHO SCES TRECHO 2 CONJUNTO, 39,       PARTE                     BEIRA LAGO, ASA SUL, CEP 70200002, Brasilia/DF",7,1,clinica_geral,(61) 3468-6900,fixo,+556134686900,,(61) 9 9981-4010,celular,+5561999814010,lfscendron@hotmail.com
0.6665,MEDICINA ODONTOLOGICA,12.054.355/0001-42,DEMAIS,SAMAMBAIA NORTE (SAMAMBAIA),"QUADRA QS 412 CONJUNTO F, ., LOTE  01/02 SALA 101            1 ANDAR, SAMAMBAIA NORTE (SAMAMBAIA), CEP 72320556, Brasilia/DF",16,1,clinica_geral,(61) 3458-5444,fixo,+556134585444,,,,,
0.6660,MASTER PRIMER ODONTOLOGIA LTDA,25.957.665/0001-19,ME,ASA NORTE,"SETOR SCN QUADRA 1 BLOCO E, SN, SALA  117 PARTE           EDIF  CENTRAL PARK, ASA NORTE, CEP 70711903, Brasilia/DF",10,1,clinica_geral,(61) 9 9407-5926,celular,+5561994075926,sim,,,,adm.masterprime@gmail.com
0.6660,VERSATO ODONTOLOGIA INDIVIDUALIZADA LTDA,24.651.813/0001-00,ME,ASA SUL,"QUADRA SGAS 614, S/N, CONJ  C                   SALA  58 E 60             TERREO, ASA SUL, CEP 70200740, Brasilia/DF",10,1,clinica_geral,(61) 9 8122-1965,celular,+5561981221965,sim,,,,contatocontadores@gamil.com
0.6660,ODONTOCLINICA JUSSARA NOBREGA,21.519.924/0001-79,ME,ASA NORTE,"SETOR SCN QUADRA 2 BLOCO D, SN, BLOCO D ENTRADA A         SALA  426, ASA NORTE, CEP 70712903, Brasilia/DF",11,1,clinica_geral,(61) 3201-3100,fixo,+556132013100,,(61) 9 8165-8986,celular,+5561981658986,odontoclinicajussaranobrega@gmail.com
0.6660,SCURY ODONTOLOGIA,22.348.220/0001-43,ME,SUL (AGUAS CLARAS),"RUA 33 SUL LOTE, 05, LOJA  02                  COND  LE CLUB, SUL (AGUAS CLARAS), CEP 71930250, Brasilia/DF",11,1,clinica_geral,(61) 9 8135-3767,celular,+5561981353767,sim,,,,scuryadm@gmail.com
0.6660,CLINICA HUMANNA,17.320.073/0001-63,ME,ASA NORTE,"SETOR SHLN CONJUNTO I BLOCO A SALAS 218 E 219, SN, EDIF  BIOSPHERE, ASA NORTE, CEP 70770560, Brasilia/DF",13,1,clinica_geral,(61) 3039-6990,fixo,+556130396990,,,,,mettacont@gmail.com
0.6660,ART ODONTOLOGIA,23.176.830/0001-70,ME,SUL (AGUAS CLARAS),"RUA RUA 37, .,       LOTE                17/19 LOJA 06, SUL (AGUAS CLARAS), CEP 71931540, Brasilia/DF",11,1,clinica_geral,(61) 3578-2200,fixo,+556135782200,,,,,artodontologiadf@gmail.com
0.6650,SINDICATO DOS EMPREGADOS DE EMPRESAS DE SEG E VIG DO DF,01.634.039/0003-95,DEMAIS,ASA SUL,"SD/SUL BLOCO N, 07, SALA 306 ED ACROPOL, ASA SUL, CEP 70393900, Brasilia/DF",28,1,clinica_geral,(06) 1224-2259,fixo,+550612242259,,,,,
0.6650,ARTE NA BOCA - ESTETICA DENTAL,32.150.186/0001-51,ME,SETOR CENTRAL (GAMA),"QUADRA 27 CONJUNTO A LOTE 12, SN, SETOR CENTRAL (GAMA), CEP 72405270, Brasilia/DF",7,1,especialista_alto_ticket,(61) 9 8402-1089,celular,+5561984021089,sim,,,,
0.6650,BRUNA CLINICA ODONTOLOGICA E ESTETICA AVANCADA,35.651.498/0001-37,ME,GUARA I,"QUADRA QE 11 AREA ESPECIAL L SALA 127, S/N, GUARA I, CEP 71020721, Brasilia/DF",6,1,especialista_alto_ticket,(61) 3242-5631,fixo,+556132425631,,(61) 3385-4747,fixo,+556133854747,clientes@consulthec.com.br
0.6650,DR DENTE ODONTO E ESTETICA,43.004.116/0001-01,ME,TAGUATINGA SUL (TAGUATINGA),"QUADRA CSE 1 LOTE, 15, TAGUATINGA SUL (TAGUATINGA), CEP 72025015, Brasilia/DF",5,1,marca_pessoal,(61) 9 8135-1804,celular,+5561981351804,sim,,,,ritchardz@gmail.com
0.6650,IMPLANTEC TAGUATINGA,34.581.740/0001-80,ME,TAGUATINGA CENTRO (TAGUATINGA),"QUADRA C 1, 01/12, SALA  1024, TAGUATINGA CENTRO (TAGUATINGA), CEP 72010010, Brasilia/DF",7,1,especialista_alto_ticket,(61) 3526-0507,fixo,+556135260507,,,,,gian@ortoshow.com.br
0.6650,CLINICA ORTHOLIFE JK,35.360.169/0001-37,ME,TAGUATINGA NORTE (TAGUATINGA),"QUADRA QNM 34 AREA ESPECIAL 1, S/N, SALA  1307 E 1308, TAGUATINGA NORTE (TAGUATINGA), CEP 72145450, Brasilia/DF",6,1,especialista_alto_ticket,(61) 3032-8082,fixo,+556130328082,,,,,
0.6645,INSTITUTO ALLURE ODONTOLOGIA,36.779.495/0001-46,ME,SETOR SUDOESTE,"QUADRA CLSW 105 BLOCO B, S/N, SALA  123 E 125, SETOR SUDOESTE, CEP 70670432, Brasilia/DF",6,1,clinica_institucional,(61) 9 8202-1883,celular,+5561982021883,sim,,,,manci.odonto@outlook.com
0.6645,R & P ODONTO,21.186.037/0001-26,ME,TAGUATINGA NORTE (TAGUATINGA),"SETOR QNH 5 LT, 02,       SALA 101 E 102, TAGUATINGA NORTE (TAGUATINGA), CEP 72130550, Brasilia/DF",11,1,clinica_geral,(61) 9 7213-0550,celular,+5561972130550,sim,,,,rpodonto@yahoo.com.br
0.6645,ODONTOMAR,20.775.910/0001-53,ME,SETOR SUL (GAMA),"QUADRA QUADRA 2 CONJUNTO A, 20, SALA  301, SETOR SUL (GAMA), CEP 72415101, Brasilia/DF",12,1,clinica_geral,(61) 3385-8334,fixo,+556133858334,,(61) 9 8455-1286,celular,+5561984551286,vrscontabeis@gmail.com
0.6645,RENOVE ODONTOLOGIA E HARMONIZACAO FACIAL,10.811.403/0001-74,ME,SETOR LESTE (GAMA),"QUADRA QUADRA 25 LOTE 89, S/N, SETOR LESTE (GAMA), CEP 72460250, Brasilia/DF",17,1,especialista_alto_ticket,(61) 3963-3181,fixo,+556139633181,,(61) 9 9304-1489,celular,+5561993041489,coimagem@yahoo.com.br
0.6645,IEO ODONTOLOGIA,08.834.992/0001-64,ME,CRUZEIRO VELHO,"BLOCO CENTRO COMERCIAL BLOCO D, 20, SALA  17 E 18 SOBRELOJA, CRUZEIRO VELHO, CEP 70640543, Brasilia/DF",19,1,especialista_alto_ticket,(61) 3225-0120,fixo,+556132250120,,(61) 3233-7116,fixo,+556132337116,gomessa@terra.com.br
0.6645,IMPERIO ODONTOLOGIA ESTETICA,09.636.193/0001-46,ME,PLANALTINA,"AVENIDA SETOR TRADICIONAL QD 50 LOTE 14  AVENIDA INDEPENDENCIA SALA, 06, PLANALTINA, CEP 73330033, Brasilia/DF",18,1,especialista_alto_ticket,(61) 3388-8384,fixo,+556133888384,,,,,m.herminia@brturbo.com.br
0.6645,IBI - INSTITUTO BRASILIENSE DE IMPLANTE,08.361.591/0001-34,ME,TAGUATINGA,"QUADRA QNJ 10 LOTE, 09, TAGUATINGA, CEP 72140100, Brasilia/DF",19,1,especialista_alto_ticket,(61) 3475-6416,fixo,+556134756416,,,,,
0.6640,ODONTO NORTE 712,07.511.068/0001-84,ME,ASA NORTE,"SHCGN COMERCIO LOCAL RESID. QD 712 BL H, 45, SALAS 101 E 201, ASA NORTE, CEP 70760708, Brasilia/DF",21,1,clinica_geral,,,,,,,,
0.6640,VITAL CLINICA ODONTOLOGICA,08.259.637/0001-09,ME,ASA NORTE,"SETOR SD/NORTE CONJUNTO A SALAS 5116 E 5118, S/N, ASA NORTE, CEP 70077900, Brasilia/DF",20,1,clinica_geral,(61) 3033-1122,fixo,+556130331122,,(61) 3591-0010,fixo,+556135910010,
0.6640,CENTRO ODONTOLOGICO DR. RODRIGO PONCE LEON,07.440.659/0001-08,ME,SETOR SUDOESTE,"QUADRA SHC/SW CLSW 304 BLOCO B SALA, 147,       1 PAVIMENTO ENT 16, SETOR SUDOESTE, CEP 70673632, Brasilia/DF",21,1,clinica_institucional,(61) 3342-4159,fixo,+556133424159,,,,,
0.6640,ODONTO AGUAS CLARAS,10.502.921/0001-06,ME,NORTE (AGUAS CLARAS),"AVENIDA DAS CASTANHEIRAS LOTE, 820, SALA  609-610-611         PAVMTO6, NORTE (AGUAS CLARAS), CEP 71900100, Brasilia/DF",17,1,clinica_geral,(61) 3436-7105,fixo,+556134367105,,,,,odontoaguasclaras@hotmail.com
0.6640,SORRIR ODONTOLOGIA,09.264.997/0001-61,ME,ASA NORTE,"SETOR SHCN CL QUADRA 102 BLOCO B SALA 117, 50, ASA NORTE, CEP 70722520, Brasilia/DF",18,1,clinica_geral,(61) 9 9908-2349,celular,+5561999082349,sim,,,,sorrirodonto.lanna@gmail.com
0.6640,ODONTOCLINICA ORAL ESTHETIC,10.421.117/0001-00,ME,AGUAS CLARAS,"ÁREA AC ADE CONJUNTO-04 LOTE, 01, LOJA  04, AGUAS CLARAS, CEP 72110800, Brasilia/DF",17,1,clinica_geral,(61) 9 8478-0157,celular,+5561984780157,sim,,,,
0.6640,KLASS ODONTOLOGIA ESPECIALIZADA,10.333.562/0001-00,ME,ASA SUL,"QUADRA 710/910 CONJUNTO D SALA, 232, ASA SUL, CEP 70390108, Brasilia/DF",18,1,clinica_institucional,(61) 9 8421-0566,celular,+5561984210566,sim,,,,
0.6640,LOE ODONTOLOGIA ESPECIALIZADA,09.218.446/0001-61,ME,ASA SUL,"SETOR DE EDIFICIOS DE UTILIDADES PUBLICAS SUL ENTREQUADRA 714/914, S/N,       CONJUNTO D NUMERO 41      SALA 526, 5 ANDAR, ASA SUL, CEP 70390145, Brasilia/DF",18,1,clinica_institucional,(61) 3963-3333,fixo,+556139633333,,,,,
0.6640,MR ODONTOLOGIA,09.129.918/0001-00,ME,ASA NORTE,"SETOR SETOR DE DIVERSOES NORTE CONJUNTO A SALA, 4018, ASA NORTE, CEP 70077900, Brasilia/DF",18,1,clinica_geral,(61) 3326-5922,fixo,+556133265922,,,,,
0.6640,NOMURA INSTITUTO ODONTOLOGICO,06.234.792/0001-45,ME,ASA NORTE,"SETOR DE RADIO E TELEVISAO NORTE, 124, SALA  513 ALA A           BLOCO 701                 CONJ  C, ASA NORTE, CEP 70710200, Brasilia/DF",22,1,clinica_institucional,(61) 9 9816-4444,celular,+5561998164444,sim,,,,arthur.cabral@hotmail.com
0.6640,ODONTOLOGIA ESPECIALIZADA CRAESMEYER,08.908.122/0001-92,ME,ASA NORTE,"SETOR SHL/N, BLOCO L, SALA 201, SN, EDIF  CENTRO CLINICO II, ASA NORTE, CEP 70770905, Brasilia/DF",19,1,clinica_institucional,(61) 3963-3333,fixo,+556139633333,,(61) 3963-3333,fixo,+556139633333,gerencia@mardonedescamelo.com.br
0.6640,CLINICA ESPECIALIZADA EM ODONTOLOGIA,09.065.085/0001-60,ME,SUL (AGUAS CLARAS),"AVENIDA DAS ARAUCARIAS LOTES 1835, 1905, 1955 E, 2005, SALA  415, SUL (AGUAS CLARAS), CEP 71936250, Brasilia/DF",19,1,clinica_institucional,(61) 3131-3131,fixo,+556131313131,,,,,secretaria@ceodontodf.com.br
0.6640,CLINICA ODONTOLOGICA DR VINICIUS,07.742.625/0001-78,ME,ASA NORTE,"QUADRA SMHN QUADRA 02 BLOCO A, 10, SALA 1006, ASA NORTE, CEP 70710905, Brasilia/DF",20,1,clinica_institucional,(61) 3349-5689,fixo,+556133495689,,,,,
0.6640,ALLIETARE ODONTOLOGIA,07.617.066/0001-74,ME,ASA SUL,"SEP/SUL EQ 710/910 CONJUNTO D, S/N, SALA 514, ASA SUL, CEP 70390108, Brasilia/DF",21,1,clinica_geral,(61) 3442-1040,fixo,+556134421040,,,,,
0.6630,H.A-FACE INSTITUTO ODONTOLOGICO,01.481.774/0001-44,ME,ASA SUL,"QUADRA SHS QUADRA 6 CONJUNTO A BLOCO C, S/N, SALA  603 E 604, ASA SUL, CEP 70316109, Brasilia/DF",29,1,clinica_institucional,(61) 3224-5698,fixo,+556132245698,,(61) 3321-8997,fixo,+556133218997,orcon3@hotmail.com
0.6630,INSTITUTO ODONTOLOGICO R & R RIBEIRO,02.776.389/0001-97,ME,ASA SUL,"SETOR SHLS S/N BLOCO L, S/N, QUADRA716                 CONJ  L                   BLOCO 02                  SALA  221 E 223, ASA SUL, CEP 70390907, Brasilia/DF",27,1,clinica_institucional,(61) 3346-8463,fixo,+556133468463,,,,,
0.6630,CLINICA ODONTOLOGICA BIO INTEGRADA,03.963.855/0001-06,ME,ASA NORTE,"SETOR SC/NORTE QUADRA 02 BLOCO D ENTRADA B L, S/N, SALA  920, ASA NORTE, CEP 70712903, Brasilia/DF",26,1,clinica_geral,(61) 3327-0203,fixo,+556133270203,,(61) 9 9209-5656,celular,+5561992095656,odontobiointegrada@hotmail.com
0.6630,CLINICA ODONTOLOGICA DW,01.165.776/0001-24,ME,ASA NORTE,"SETOR COMERCIAL NORTE QUADRA 01 BLOCO F SALA 1603, 79, ASA NORTE, CEP 70711905, Brasilia/DF",30,1,clinica_geral,(61) 3326-0122,fixo,+556133260122,,,,,
0.6630,ODONTOSUL CLINICA ODONTOLOGICA LTDA,37.088.572/0001-84,EPP,ASA SUL,"SEPS QUADRA 705 905 CONJ B, S/N, SALAS 324 E 326, ASA SUL, CEP 70310500, Brasilia/DF",34,1,clinica_geral,,,,,,,,
0.6630,INTERAGE INSTITUTO ODONTOLOGICO,00.696.488/0001-33,EPP,ASA NORTE,"SCN  QD 01 BLOCO E, 50, SALA 102, ASA NORTE, CEP 70310500, Brasilia/DF",31,1,clinica_institucional,,,,,,,,
0.6625,MACHADO CRUZ,01.297.963/0001-61,EPP,SETOR DE HABITACOES INDIVIDUAIS SUL,"QUADRA SHIS QI 9/11 BLOCO L, S/N, SALA  101 E 102, SETOR DE HABITACOES INDIVIDUAIS SUL, CEP 71625125, Brasilia/DF",30,1,clinica_institucional,(61) 3248-6400,fixo,+556132486400,,,,,machadocruzodontologia@gmail.com
0.6625,DENTALIS,03.384.675/0001-70,EPP,CEILANDIA SUL (CEILANDIA),"QUADRA QNM 1 CJ G LT 1 E 3, SN,       SALAS 103 E 105, CEILANDIA SUL (CEILANDIA), CEP 72215010, Brasilia/DF",27,1,clinica_institucional,(61) 3373-7021,fixo,+556133737021,,,,,gerenciadentalis@gmail.com
0.6625,MF ODONTOLOGIA,33.619.045/0001-06,DEMAIS,ASA NORTE,"QUADRA SRTVN QD 701 CONJ C SALA 403 ALA A, 124, ASA NORTE, CEP 70719903, Brasilia/DF",7,1,clinica_geral,(61) 3327-2427,fixo,+556133272427,,,,,fatimamarquessantana@uol.com.br
0.6625,LIRIO ODONTOLOGIA INTEGRADA,27.285.831/0001-03,DEMAIS,SETOR SUDOESTE,"QUADRA SHC/SW CLSW 301 BLOCO A KITSTUDIO SALA, 117, PAVMTO1 PAVIMENTO, SETOR SUDOESTE, CEP 70673601, Brasilia/DF",9,1,clinica_geral,(61) 9 8125-0291,celular,+5561981250291,sim,(61) 9 8192-1753,celular,+5561981921753,lirio.odontologia@gmail.com
0.6625,ODONTOLOGIA CASA DO MARANHAO,35.160.270/0001-44,DEMAIS,ASA SUL,"QUADRA SGAS 914 CONJUNTO G PARTE, SN, SALA  01 A 04, ASA SUL, CEP 70390140, Brasilia/DF",6,1,clinica_geral,(61) 9 9915-0880,celular,+5561999150880,sim,,,,barbararolim.odontologia@hotmail.com
0.6625,PATRICIA REGINA ACADEMY,41.772.562/0001-30,EPP,ASA NORTE,"QUADRA SCN QUADRA 1 BLOCO G SALA, 114, ASA NORTE, CEP 70711000, Brasilia/DF",5,1,marca_pessoal,(61) 9 9954-5556,celular,+5561999545556,sim,,,,drapatriciaregina@gmail.com
0.6625,SPS CIRURGIA BUCOMAXILOFACIAL,40.660.596/0001-70,EPP,ASA NORTE,"QUADRA SMHN QUADRA 2 BLOCO B, S/N,       CONSULTORIO 1203, ASA NORTE, CEP 70710146, Brasilia/DF",5,1,clinica_geral,(61) 3561-2449,fixo,+556135612449,,,,,expediente@gomidecontabilidade.com.br
0.6625,DENTHALHE PINHEIRO,36.309.959/0001-50,EPP,ASA SUL,"SETOR SCS QUADRA 1, 1, BLOCO B                   ANDAR 3                   SALA  313 E 314           EDIF  MARISTELA, ASA SUL, CEP 70308900, Brasilia/DF",6,1,clinica_geral,(61) 9 8126-7078,celular,+5561981267078,sim,,,,
0.6625,MAISON ODONTOLOGIA ESPECIALIZADA,44.584.328/0001-78,EPP,ASA SUL,"QUADRA SGAS 915 CONJUNTO N, SN, SALA  41                  SUBSL 2                   EDIF  CENTRO CLIN ADVANCE, ASA SUL, CEP 70390150, Brasilia/DF",4,1,clinica_institucional,(61) 3562-5112,fixo,+556135625112,,,,,odmaison@gmail.com
0.6625,UNIKA ODONTOLOGIA ESTETICA E FUNCIONAL LTDA,54.245.596/0001-19,ME,AGUAS CLARAS,"AVENIDA ARAUCARIAS LOTE 1835 1905 1955 E 2005, SN, SALA  435, AGUAS CLARAS, CEP 71936970, Brasilia/DF",2,1,especialista_alto_ticket,(61) 9 9866-9432,celular,+5561998669432,sim,(00) 0000000000,indefinido,,contatogncontabil@gmail.com
0.6625,HF ODONTOLOGIA ESTETICA,57.156.948/0001-58,ME,ASA SUL,"QUADRA SGAS 915 CENTRO CLINICO ADVANCE CONJUNTO N SALA 345, SN, ASA SUL, CEP 70390150, Brasilia/DF",1,1,especialista_alto_ticket,(61) 9 9510-1163,celular,+5561995101163,sim,,,,helianneafigueiredo@gmail.com
0.6620,D G ODONTOLOGIA,11.714.452/0001-51,ME,ASA NORTE,"SETOR STN, SN, BLOCO N                         CONSULTORIOS              131. 132. 133 E 134, ASA NORTE, CEP 70770100, Brasilia/DF",16,1,clinica_geral,(61) 3340-2331,fixo,+556133402331,,,,,clinicaprontodonto@yahoo.com.br
0.6615,ODONTO MIZIARA,21.125.926/0001-83,EPP,SAO SEBASTIAO,"AVENIDA COMERCIAL LOTE, 1441, LOJA  2                   SETOR TRADICIONAL, SAO SEBASTIAO, CEP 71691153, Brasilia/DF",11,1,clinica_geral,(61) 9 8233-8411,celular,+5561982338411,sim,,,,
0.6615,PREV ORAL,18.350.433/0001-32,EPP,CEILANDIA NORTE (CEILANDIA),"QUADRA QNM 18 CONJUNTO B LOTE, 02, LOJA  02, CEILANDIA NORTE (CEILANDIA), CEP 72210182, Brasilia/DF",13,1,clinica_geral,(61) 3047-0040,fixo,+556130470040,,(61) 3046-5134,fixo,+556130465134,prevoralcontabilidade@gmail.com
0.6610,INSTITUTO QUEVEDO ODONTOLOGIA E MEDICINA INTEGRADA,42.003.787/0001-95,EPP,TAGUATINGA SUL (TAGUATINGA),"QUADRA CSB 7 LOTE 01 SALA 103, SN, TAGUATINGA SUL (TAGUATINGA), CEP 72015575, Brasilia/DF",5,1,clinica_institucional,(61) 9 8142-9750,celular,+5561981429750,sim,,,,cqmoura@hotmail.com
0.6610,MC MOND CLINIC,38.002.572/0001-82,DEMAIS,ASA NORTE,"SETOR SCN QUADRA 05, BLOCO A, SALAS 1.224 E 1.225, SN,       BRASILIA SHOPPING, ASA NORTE, CEP 70715900, Brasilia/DF",33,1,clinica_geral,(61) 9 8222-3110,celular,+5561982223110,sim,,,,acodontoclinica@yahoo.com.br
0.6610,AVAN CENTRO CLINICO ODONTOLOGICO LTDA,03.634.854/0001-18,EPP,ASA SUL,"QUADRA SBS, 14, QUADRA2                   BLOCO S                   SALA  1012                EDIF  EMPIRE CENTER, ASA SUL, CEP 70070904, Brasilia/DF",38,1,clinica_institucional,(61) 3224-9910,fixo,+556132249910,,,,,apaiva2212@gmail.com
0.6610,DANIELE NOBREGA ODONTOLOGIA,38.045.738/0001-48,DEMAIS,ASA SUL,"SETOR SGAS 610, SN, CONJ  F                   BLOCO 01                  SALA  150 151 152, ASA SUL, CEP 70200700, Brasilia/DF",32,1,clinica_geral,(61) 3039-8078,fixo,+556130398078,,,,,
0.6610,ORIS,04.252.408/0001-01,DEMAIS,ASA NORTE,"SETOR SCN QUADRA 01, BLOCO F, 79, SALA  1701 E 1720         EDIF  AMERICA OFFICE TOWER, ASA NORTE, CEP 70711905, Brasilia/DF",25,1,clinica_institucional,(61) 3327-2223,fixo,+556133272223,,,,,celi@grupooris.com.br
0.6610,GOMES E FELIX ODONTOLOGIA,02.949.053/0001-89,DEMAIS,AREAL (AGUAS CLARAS),"QUADRA QS 01 RUA, 212, LOTE  19 21 E 23          BLOCO D                   SALA  707                 EDIF  CONNECT TOWERS, AREAL (AGUAS CLARAS), CEP 71950550, Brasilia/DF",27,1,clinica_geral,(61) 3352-3075,fixo,+556133523075,,,,,gomesefelix@hotmail.com
0.6610,ODONTOLOGIA RICARDO TELES,02.474.025/0001-52,DEMAIS,ASA NORTE,"QUADRA SETOR DE DIVERSOES NORTE CONJUNTO A SALA 4033, S/N, ASA NORTE, CEP 70077900, Brasilia/DF",28,1,clinica_geral,(61) 3327-6361,fixo,+556133276361,,,,,
0.6610,ESTHETICAL ODONTOLOGIA LTDA,01.036.702/0001-98,EPP,ASA NORTE,"SETOR SRTVN QUADRA 701 CONJUNTO C, 124, SALA  708 709 710 711 712       ALA B, ASA NORTE, CEP 70719903, Brasilia/DF",30,1,clinica_geral,(61) 3327-2170,fixo,+556133272170,,(61) 3322-8119,fixo,+556133228119,esthetical@estheticalodontologia.com.br
0.6610,ORAL CLINIC,04.292.236/0001-08,EPP,ASA NORTE,"SETOR SRTVN QUADRA 701 CONJUNTO C, 124, SALA  112                       ALA B, ASA NORTE, CEP 70719903, Brasilia/DF",25,1,clinica_geral,(61) 3328-5688,fixo,+556133285688,,,,,
0.6605,AB ODONTOLOGIA E ESTETICA AVANCADA,30.259.785/0001-82,ME,ASA NORTE,"SETOR STN CONJUNTO M ENTRADA B CONSULTORIO, 230, EDIF  VITAL BRASIL, ASA NORTE, CEP 70770128, Brasilia/DF",8,1,especialista_alto_ticket,(61) 9 8127-7310,celular,+5561981277310,sim,,,,alessandraballejo@hotmail.com
0.6605,AM ODONTOLOGIA E ESTETICA FACIAL,34.590.041/0001-05,ME,ASA SUL,"QUADRA 701, 38, CONJ  L                   BLOCO 1                   SALA  633                 EDIF  ASSIS CHATEAUBRIAND SETOR SRTV/S, ASA SUL, CEP 70340906, Brasilia/DF",7,1,especialista_alto_ticket,(61) 3202-2032,fixo,+556132022032,,,,,dentalhesodontologia@gmail.com
0.6605,SORRISO IMPLANTES,32.233.989/0001-70,ME,AGUAS CLARAS,"AVENIDA DAS ARAUCARIAS, LOTES 1835, 1905, 1955 E 2005, SALA, 555, AGUAS CLARAS, CEP 71936970, Brasilia/DF",7,1,especialista_alto_ticket,(61) 9 8264-1013,celular,+5561982641013,sim,,,,hugo.odonto@gmail.com
0.6605,CLINICA AVILA ESTETICA E ODONTOLOGIA ESPECIALIZADA,41.719.032/0001-29,ME,ASA SUL,"QUADRA SEPS 710/910 CONJUNTO D SALA, 211, EDIF  CENT CLIN VIA BRASIL, ASA SUL, CEP 70390108, Brasilia/DF",5,1,especialista_alto_ticket,(61) 3244-8639,fixo,+556132448639,,,,,clinicaavilabsb@gmail.com
0.6605,ODONTO MASTER,37.978.797/0001-06,ME,NORTE (AGUAS CLARAS),"RUA 5 NORTE LOTE, 03, LOJA  09 PARTE A, NORTE (AGUAS CLARAS), CEP 71907720, Brasilia/DF",6,1,especialista_alto_ticket,(61) 3526-1460,fixo,+556135261460,,,,,frantshiedel@gmail.om
0.6605,LIZ ODONTOLOGIA & ESTETICA,32.548.699/0001-15,ME,NORTE (AGUAS CLARAS),"RUA COPAIBA LOTE, 01, SALA  216 TORRE B, NORTE (AGUAS CLARAS), CEP 71919540, Brasilia/DF",7,1,especialista_alto_ticket,(61) 9 8180-2788,celular,+5561981802788,sim,,,,sfodontologia.estetica@gmail.com
0.6605,IANARA PINHO - ODONTOLOGIA,31.295.260/0001-65,ME,NORTE (AGUAS CLARAS),"RUA 07 NORTE LOTES 03, 05 E, 07, LOJA  20, NORTE (AGUAS CLARAS), CEP 71908180, Brasilia/DF",8,1,especialista_alto_ticket,(61) 3043-0043,fixo,+556130430043,,,,,financeiroianara.ac1@gmail.com
0.6600,I9 ODONTOLOGIA,18.563.399/0001-84,ME,AGUAS CLARAS,"RUA DAS PAINEIRAS LOTE 06 TORRE B SALA, 312, AGUAS CLARAS, CEP 71918000, Brasilia/DF",13,1,clinica_geral,(61) 4102-5123,fixo,+556141025123,,,,,audcontadores@gmail.com
0.6600,FLAIR ODONTOLOGIA,22.326.804/0001-18,ME,ASA NORTE,"SETOR SDN LOTE, S/N, CONJ: A; SALA: 5025;, ASA NORTE, CEP 70077900, Brasilia/DF",11,1,clinica_geral,(61) 3326-5299,fixo,+556133265299,,,,,clinicaodontologicacf@gmail.com
0.6600,INSTITUTO CAROLINA CARAZZA,18.606.762/0001-00,ME,ASA NORTE,"QUADRA SCN QUADRA 01 BLOCO C, 85, SALA  607, ASA NORTE, CEP 70711902, Brasilia/DF",13,1,clinica_institucional,(61) 9 9275-8525,celular,+5561992758525,sim,,,,carolina.carazza@gmail.com
0.6600,INSTITUTO SORRIDERE DE ODONTOLOGIA,23.640.427/0001-50,ME,NORTE (AGUAS CLARAS),"AVENIDA DAS CASTANHEIRAS, 820, EDIF  BIG CENTER          SALA  803 E 805, NORTE (AGUAS CLARAS), CEP 71900100, Brasilia/DF",10,1,clinica_institucional,(61) 3561-2002,fixo,+556135612002,,,,,
0.6600,ALFA PRIME ODONTOLOGIA,16.861.002/0001-05,ME,SUL (AGUAS CLARAS),"QUADRA 204 LOTE, 02, SALA  208, SUL (AGUAS CLARAS), CEP 71939540, Brasilia/DF",13,1,clinica_geral,(61) 3027-2203,fixo,+556130272203,,,,,rl.odonto@bol.com.b
0.6600,CLINICA ODONTOLOGICA PATRICIA CASTRO LTDA,05.350.659/0001-91,ME,ASA SUL,"QUADRA SCS QUADRA 2 BLOCO B, 20,       SALA 909, ASA SUL, CEP 70318900, Brasilia/DF",23,1,clinica_geral,(61) 3344-4418,fixo,+556133444418,,,,,patriciadentista9@gmail.com
0.6595,IMPLADENT CLINICA ODONTOLOGICA LTDA,04.478.454/0001-23,EPP,TAGUATINGA,"QUADRA QND 02 LOTE 05, S/N, TAGUATINGA, CEP 72120020, Brasilia/DF",25,1,clinica_geral,(61) 3561-2449,fixo,+556135612449,,,,,erica@gomidecontabilidade.com.br
0.6595,CLINICA DI-PAULA,03.011.333/0001-04,EPP,GUARA I,"QUADRA QE 1 AE F, S/N, SALA  111/112 E 113             1 ANDAR, GUARA I, CEP 71020001, Brasilia/DF",27,1,clinica_geral,(61) 9 9627-7300,celular,+5561996277300,sim,,,,clinicadipaula@yahoo.com.br
0.6595,INSTITUTO DALTON MARINHO,37.108.321/0001-14,EPP,TAGUATINGA SUL (TAGUATINGA),"QUADRA CSB 2 LOTES 1,2,3 E 4 SALAS 613, 614, 615 E 616, S/N, TAGUATINGA SUL (TAGUATINGA), CEP 72015525, Brasilia/DF",34,1,clinica_institucional,(61) 3351-4601,fixo,+556133514601,,,,,ito@gmail.com
0.6595,INSTITUTO DE IMPLANTODONTIA DAYSE RODRIGUES,15.638.949/0001-99,ME,TAGUATINGA,"QUADRA CNA 03 LOTE 17 LOJA, 3 B, TAGUATINGA, CEP 72110035, Brasilia/DF",14,1,especialista_alto_ticket,(61) 3202-8382,fixo,+556132028382,,,,,
0.6585,LOSC ODOTOLOGIA,10.618.222/0001-26,DEMAIS,GUARA I,"QUADRA QE 11 AREA ESPECIAL L SALA, 227, EDIF  GUARA OFFICE, GUARA I, CEP 71020115, Brasilia/DF",17,1,clinica_geral,(61) 9 9977-4731,celular,+5561999774731,sim,(61) 9 9977-4731,celular,+5561999774731,
0.6585,TIBERY E DIAS ODONTOLOGIA LTDA,24.743.508/0001-48,DEMAIS,TAGUATINGA SUL (TAGUATINGA),"QUADRA QSB 2, S/NR, LOTE  20                  SALA  202, TAGUATINGA SUL (TAGUATINGA), CEP 72015520, Brasilia/DF",10,1,clinica_geral,(61) 9 8165-4151,celular,+5561981654151,sim,,,,tiberyan@gmail.com
0.6585,ODONTO CAPITAL ODONTOLOGIA ESPECIALIZADA,59.342.784/0001-89,EPP,ASA NORTE,"SETOR SHN QUADRA 01 CONJUNTO A BLOCO D ENTRADA A SALA 1207 PARTE A, SN, ASA NORTE, CEP 70701040, Brasilia/DF",1,1,clinica_institucional,(61) 9 9955-2910,celular,+5561999552910,sim,(00) 0000000000,indefinido,,augustomiranda80@hotmail.com
0.6585,DRA PAMYLLA GERONCO ODONTOLOGIA ESTETICA,49.154.949/0001-35,ME,NORTE (AGUAS CLARAS),"RUA COPAIBA, LOTE, 01, BLOCO A                   SALA  314, NORTE (AGUAS CLARAS), CEP 71919540, Brasilia/DF",3,1,marca_pessoal,(61) 9 8465-7116,celular,+5561984657116,sim,,,,pamyllaodontologia@gmail.com
0.6585,HARMONIZZA,47.093.408/0001-19,ME,ASA NORTE,"QUADRA SRTVN QD 701, CONJUNTO C 124, ALA A, S/N, SALA  307, ASA NORTE, CEP 70719900, Brasilia/DF",4,1,especialista_alto_ticket,(61) 9 8135-7300,celular,+5561981357300,sim,,,,raquelmedeirosdf@gmail.com
0.6580,CLINICA DE PERIODONTIA PRISCILA MARTINS DUARTE,10.572.811/0001-10,ME,ASA NORTE,"SETOR SCN QUADRA 05 BLOCO A - TORRE NORTE - SALAS 323 E, 324,       BRASILIA SHOPPING, ASA NORTE, CEP 70715900, Brasilia/DF",17,1,clinica_geral,(61) 3426-3210,fixo,+556134263210,,(61) 9 8240-3210,celular,+5561982403210,priscila@clinicapmd.com
0.6580,ODONTOCLINICA MORETI,07.622.683/0001-68,ME,ASA SUL,"QUADRA SEPS 709/909 CONJUNTO A BLOCO A SALA, 6,       PARTE A             EDIF  JULIO ADNET, ASA SUL, CEP 70390095, Brasilia/DF",20,1,clinica_geral,(61) 3346-4894,fixo,+556133464894,,,,,moretifinanceiro@gmail.com
0.6570,NEO,04.538.421/0001-21,EPP,ASA NORTE,"SRTV/NORTE Q. 701 CONJ. C, 124, SALA 133 ALA A, ASA NORTE, CEP 70719903, Brasilia/DF",25,1,clinica_geral,(61) 613283003,indefinido,,,,,,
0.6565,IDEALLIS ODONTOLOGIA,09.177.994/0001-90,ME,SOBRADINHO,"CONDOMÍNIO JARDIM EUROPA II AREA ESPECIAL, 02, LOJA  05, SOBRADINHO, CEP 73100000, Brasilia/DF",18,1,clinica_geral,(61) 9 8141-8223,celular,+5561981418223,sim,,,,
0.6565,CENTRO ODONTOLOGICO VITALI,12.925.675/0001-20,ME,TAGUATINGA,"QUADRA QSC 19 CHACARA 25 CONJUNTO D LT 01 LJ, 02, TAGUATINGA, CEP 72017215, Brasilia/DF",15,1,clinica_institucional,(61) 3351-7134,fixo,+556133517134,,,,,
0.6565,CLINICA ODONTOLOGICA INTRA ORAL,10.572.712/0001-39,ME,SAMAMBAIA,"QUADRA QS 112 CONJUNTO 07 LOTE, 05, LOJA  01, SAMAMBAIA, CEP 72302408, Brasilia/DF",17,1,clinica_geral,(61) 3358-5105,fixo,+556133585105,,(61) 3458-6801,fixo,+556134586801,
0.6565,INSTITUTO ODONTOLOGICO DR. DAVID CARVALHO,11.108.033/0001-76,ME,TAGUATINGA,"QUADRA QNL 24 VIA LN 29 CASA, 55, LOJA  01, TAGUATINGA, CEP 72161429, Brasilia/DF",17,1,clinica_institucional,(61) 3032-8875,fixo,+556130328875,,,,,compaccontabilidadedf@hotmail.com
0.6565,INOBRAS - INSTITUTO DE ODONTOLOGIA E IMPLANTOLOGIA DE BRASILIA LTDA,24.365.337/0001-60,ME,TAGUATINGA NORTE (TAGUATINGA),"QUADRA EQNL 05/07 BLOCO B SALA, 106, TAGUATINGA NORTE (TAGUATINGA), CEP 72150000, Brasilia/DF",10,1,especialista_alto_ticket,(61) 3336-0115,fixo,+556133360115,,,,,inobrasdf@gmail.com
0.6560,OROFACIAL,35.535.725/0001-69,EPP,SETOR DE HABITACOES INDIVIDUAIS SUL,"QUADRA SHIS QI 9, SN, BLOCO E II                SALA  307, SETOR DE HABITACOES INDIVIDUAIS SUL, CEP 71625009, Brasilia/DF",6,1,clinica_geral,(61) 9 8497-0836,celular,+5561984970836,sim,,,,vanporto1@hotmail.com
0.6560,RL ODONTOLOGIA,08.580.740/0001-56,ME,ASA SUL,"SETOR SETOR HOTELEIRO SUL QUADRA 06 CONJUNTO A BLOCO E, S/N, SALA 312, ASA SUL, CEP 70322915, Brasilia/DF",19,1,clinica_geral,(61) 3274-7612,fixo,+556132747612,,(61) 3273-3039,fixo,+556132733039,
0.6555,ODONTO ART CLINICA ODONTOLOGICA,24.443.429/0001-11,DEMAIS,CEILANDIA NORTE (CEILANDIA),"QUADRA QNO 9 CONJUNTO H LOTE, 15, LOJA  01, CEILANDIA NORTE (CEILANDIA), CEP 72252098, Brasilia/DF",10,1,clinica_geral,(61) 3321-2471,fixo,+556133212471,,,,,odontoartebsb@gmail.com
0.6555,CLINICA ODONTOLOGICA TEIXEIRA MARQUES,03.575.390/0001-16,DEMAIS,SAMAMBAIA NORTE (SAMAMBAIA),"QUADRA QS 410 CONJUNTO D, SN, LOTE  01 E 03             SALA  201, SAMAMBAIA NORTE (SAMAMBAIA), CEP 72320524, Brasilia/DF",26,1,clinica_geral,(61) 3358-7122,fixo,+556133587122,,,,,clinicateixeira@uol.com.br
0.6555,EMFACE INSTITUTO OROFACIAL,35.230.060/0002-66,ME,ASA NORTE,"QUADRA SGAN QUADRA 601 CONJUNTO H SALA, 2002, ASA NORTE, CEP 70830018, Brasilia/DF",6,1,clinica_institucional,(92) 3223-4991,fixo,+559232234991,,,,,contabilidade@emsono.com.br
0.6545,ATELIE ODONTOLOGIA,39.234.256/0001-07,DEMAIS,ASA NORTE,"QUADRA SC/NORTE QUADRA 02 BLOCO D ENTRADA A, SN, SALA  519, ASA NORTE, CEP 70712000, Brasilia/DF",5,1,clinica_geral,(61) 3202-5422,fixo,+556132025422,,,,,
0.6545,BUZAR ODONTOLOGIA,28.162.020/0001-88,EPP,ASA SUL,"SETOR SCS QUADRA 08 BLOCO B60 ED VENANCIO 2000 SHOPPING, SN, ANDAR 3                   SALA  306, ASA SUL, CEP 70333900, Brasilia/DF",9,1,clinica_geral,(61) 9 9319-4030,celular,+5561993194030,sim,,,,buzarodontologia@gmail.com
0.6545,RISIS ODONTOLOGIA,32.821.552/0001-57,EPP,AREAL (AGUAS CLARAS),"QUADRA QS 1 RUA 210, 34,       TO 3                SALA  105                 SALA  106                 SALA  107, AREAL (AGUAS CLARAS), CEP 71950770, Brasilia/DF",7,1,clinica_geral,(61) 3034-0690,fixo,+556130340690,,(61) 3352-7968,fixo,+556133527968,mccontabilidadedf@gmail.com
0.6545,CLINISUL - CLINICA INTEGRADA ASA SUL,28.899.447/0001-63,EPP,ASA SUL,"QUADRA SGAS 616 CONJUNTO A, SN, BLOCO A                   LOJA  07, ASA SUL, CEP 70200760, Brasilia/DF",8,1,clinica_geral,(61) 9 9148-9843,celular,+5561991489843,sim,,,,sourireodontologiadf@gmail.com
0.6545,MOLINA ODONTOLOGIA INTEGRADA,11.103.988/0001-30,DEMAIS,TAGUATINGA,"QUADRA CSB 02 LOTES 01/04 SALA, 425, TAGUATINGA, CEP 72015901, Brasilia/DF",17,1,clinica_geral,(61) 3354-8876,fixo,+556133548876,,(61) 3354-8876,fixo,+556133548876,molinaodontologia@gmail.com
0.6535,DUTRA CLINIC ODONTOLOGIA INTEGRADA LTDA,00.059.265/0001-65,EPP,GUARA,"QUADRA QE 01 AREA ESPECIAL F SALAS 301 E 302, S/N, GUARA, CEP 71020001, Brasilia/DF",32,1,clinica_geral,(61) 3567-8700,fixo,+556135678700,,,,,
0.6525,VENITI ODONTOLOGIA,44.550.342/0001-50,EPP,NORTE (AGUAS CLARAS),"RUA COPAIBA LOTE, 01,       TORRE A             SALA  1601 A 1604, NORTE (AGUAS CLARAS), CEP 71919540, Brasilia/DF",4,1,clinica_geral,(61) 9 9119-8306,celular,+5561991198306,sim,,,,venitiodontologia@gmail.com
0.6525,BUCHER ODONTOLOGIA,48.417.294/0001-88,EPP,ASA NORTE,"SETOR SMHN QUADRA, 02, BLOCO B                         CONS 1210/1211, ASA NORTE, CEP 70710100, Brasilia/DF",3,1,clinica_geral,(61) 9 9381-1390,celular,+5561993811390,sim,,,,recepcao@bucherodontologia.com
0.6525,BE SURGERY,45.673.094/0001-06,EPP,ASA NORTE,"SETOR SDN SETOR DE DIVERSAO NORTE, CONJUNTO A, S/N, SALA  5011                CONJ  NACIONAL, ASA NORTE, CEP 70077900, Brasilia/DF",4,1,clinica_geral,(61) 9 9195-1731,celular,+5561991951731,sim,(61) 9 8417-5000,celular,+5561984175000,valdorneto@gmail.com
0.6525,AZULAY ODONTOLOGIA,44.225.989/0001-07,EPP,ASA SUL,"QUADRA SEPS 710/910 CONJUNTO D SALA, 525, SALA  Z, ASA SUL, CEP 70390108, Brasilia/DF",4,1,clinica_geral,(98) 9 9238-7395,celular,+5598992387395,sim,,,,laysazulay87@gmail.com
0.6525,ODONTONORTE AGUAS CLARAS,45.716.942/0001-09,EPP,NORTE (AGUAS CLARAS),"RUA RUA 37 LOTE, 01, LOJA  04, NORTE (AGUAS CLARAS), CEP 71919360, Brasilia/DF",4,1,clinica_geral,(61) 3447-3045,fixo,+556134473045,,,,,odontonorteac@hotmail.com
0.6525,ENLEVE CENTRO DE ODONTOLOGIA ESPECIALIZADA,32.926.046/0001-22,ME,ASA NORTE,"QUADRA SGAN 601 CONJUNTO H SALAS 2053 E, 2054, ASA NORTE, CEP 70830018, Brasilia/DF",7,1,clinica_institucional,(61) 9 9667-3986,celular,+5561996673986,sim,,,,contato@enleveodontologia.com.br
0.6525,ORAL VIP ODONTOLOGIA,36.626.716/0001-46,ME,SETOR HABITACIONAL VICENTE PIRES,"RUA RUA 12 CHACARA 312A LOTE 34 A LOJA, 01, SETOR HABITACIONAL VICENTE PIRES, CEP 72007730, Brasilia/DF",6,1,clinica_geral,(61) 9 8267-0191,celular,+5561982670191,sim,,,,marconne_odonto@hotmail.com
0.6525,ODONTO SANCHES,31.245.818/0001-06,ME,AREAL (AGUAS CLARAS),"QUADRA QS 8 CONJUNTO 210A LOTE 10 LOJA, 01, AREAL (AGUAS CLARAS), CEP 71973190, Brasilia/DF",8,1,clinica_geral,(61) 3356-8174,fixo,+556133568174,,,,,cicigomes@hotmail.com
0.6525,DM ODONTOLOGIA ESPECIALIZADA,36.737.569/0001-81,ME,SETOR SUDOESTE,"QUADRA SHCSW CHSW BLOCOS 3/4/5, SN, SALA  270, SETOR SUDOESTE, CEP 70673416, Brasilia/DF",6,1,clinica_institucional,(61) 3546-0512,fixo,+556135460512,,,,,contato@melgacocontabil.com.br
0.6525,IFO ODONTOLOGIA,33.693.901/0001-65,ME,SETOR HABITACIONAL VICENTE PIRES - TRECHO 3,"QUADRA 6 CONJUNTO 25 LOTE, 34, SETOR HABITACIONAL VICENTE PIRES - TRECHO 3, CEP 72001573, Brasilia/DF",7,1,clinica_institucional,(61) 9 8178-4456,celular,+5561981784456,sim,,,,odontologiaifo@gmail.com
0.6525,JH CENTRO ESPECIALIZADO DE ODONTOLOGIA,33.736.712/0001-22,ME,ASA SUL,"QUADRA SGAS 610, S/N, CONJ  F                   BLOCO 02                  SALA  247, ASA SUL, CEP 70200700, Brasilia/DF",7,1,clinica_institucional,(61) 9 8157-5612,celular,+5561981575612,sim,,,,jhenrique.gomesfilho@gmail.com
0.6525,INSTITUTO SHEILA CAMPOS,33.385.853/0001-48,ME,ASA SUL,"SETOR SRTVS QUADRA 701 BLOCO O SALAS 774, 775 E 776, S/N, ASA SUL, CEP 70340000, Brasilia/DF",7,1,clinica_institucional,(61) 9 8421-0018,celular,+5561984210018,sim,,,,financeiro@institutosheilacampos.com.br
0.6520,CLINICA ORTHOVIPI,29.208.119/0001-36,ME,GAMA,"QUADRA EQ 52/54 PJ 09, 206, SALA  204                 SALA  206                 SALA  208, GAMA, CEP 72404903, Brasilia/DF",8,1,especialista_alto_ticket,(61) 3263-1764,fixo,+556132631764,,(61) 9 8618-1437,celular,+5561986181437,orthovipi@outlook.com
0.6520,ALLEGRA ODONTOLOGIA INTEGRADA,06.145.590/0001-27,ME,ASA NORTE,"SETOR SCN QUADRA, 02, BLOCO D ENTRADA B         SALA  231, ASA NORTE, CEP 70712904, Brasilia/DF",22,1,clinica_geral,(61) 3345-1225,fixo,+556133451225,,,,,odontologia.allegra@gmail.com
0.6520,CENTRO ODONTOLOGICO CUIDAR,09.231.139/0001-10,ME,ASA SUL,"SETOR SEPS EQ 705/905 CONJUNTO A, S/N, SALA  314 E 316, ASA SUL, CEP 70390055, Brasilia/DF",18,1,clinica_institucional,(61) 3443-0213,fixo,+556134430213,,,,,cuidarco@gmail.com
0.6520,CEOC-CENTRO ESPECIALIZADO EM ODONTOPEDIATRIA E CIRURGIA,08.218.486/0001-40,ME,ASA NORTE,"QUADRA SRTV/NORTE QUADRA 701 CONJUNTO C, 124, SALA 216 ALA B., ASA NORTE, CEP 70719903, Brasilia/DF",20,1,clinica_institucional,(61) 3327-3235,fixo,+556133273235,,,,,
0.6520,INEO INSTITUTO EM EXCELENCIA ODONTOLOGICA,09.911.738/0001-85,ME,ASA SUL,"QUADRA SGA/SUL QUADRA 915 CONJUNTO B BLOCO A, 13,       CONSULTORIO 307, ASA SUL, CEP 70390150, Brasilia/DF",18,1,clinica_institucional,(61) 3245-2487,fixo,+556132452487,,(61) 3346-2738,fixo,+556133462738,ineo.odontologia@gmail.com
0.6520,PERFETTO ODONTOLOGIA,10.886.809/0001-16,ME,ASA NORTE,"SETOR SCN QUADRA 02 BLOCO D ENTRADA A SALA, 508, ASA NORTE, CEP 70712904, Brasilia/DF",17,1,clinica_institucional,(61) 3964-0691,fixo,+556139640691,,,,,
0.6520,ODONTOESTE ODONTOLOGIA ESPECIALIZADA SUDOESTE,06.232.238/0001-29,ME,OCTOGONAL,"SHC/AOS E/A 02/08, 05, SALA 421 TORRE A, OCTOGONAL, CEP 70660900, Brasilia/DF",22,1,clinica_institucional,(61) 613610337,indefinido,,,,,,
0.6520,ORAL DESIGN,05.382.830/0001-44,ME,ASA SUL,"SEPS EQ 715/915  CJ.A - BL. B - CONSULT, 303/4, ASA SUL, CEP 70390911, Brasilia/DF",23,1,clinica_geral,(61) 9 9664-2059,celular,+5561996642059,sim,,,,clinicaodontologica.oraldesign@gmail.com
0.6520,ODONTOLOGIA ESPECIALIZADA DR. LUIS GUSTAVO,11.960.064/0001-50,ME,ASA NORTE,"QUADRA SGAN 915 CONJUNTO G BLOCO D SALA, 207, EDIF  GOLDEN OFFICE, ASA NORTE, CEP 70790157, Brasilia/DF",16,1,clinica_institucional,(61) 9 9245-3266,celular,+5561992453266,sim,,,,lg.odontoespecializada@gmail.com
0.6515,ORAL CLIN,14.811.827/0001-90,DEMAIS,SANTA MARIA,"QUADRA CL 103 CONJUNTO D SALA 02, SN, SANTA MARIA, CEP 72503204, Brasilia/DF",14,1,clinica_geral,(61) 3393-1765,fixo,+556133931765,,,,,
0.6505,PRIMUS ODONTOLOGIA LTDA,27.523.204/0001-63,EPP,ASA NORTE,"QUADRA SCN QUADRA 02 BLOCO D ENTRADA A SALAS 311 E 313, SN, ASA NORTE, CEP 70712040, Brasilia/DF",9,1,clinica_geral,(61) 3964-0691,fixo,+556139640691,,,,,alysson@vogasc.com.br
0.6505,CONIC ODONTOLOGIA,42.904.736/0001-34,DEMAIS,ASA SUL,"SETOR SDS BLOCO D, 60, SLJ   15                        MEZANINO, ASA SUL, CEP 70392901, Brasilia/DF",5,1,clinica_geral,(61) 9 9155-3963,celular,+5561991553963,sim,,,,conicodontologia@gmail.com
0.6505,ORALLASER,40.566.038/0001-40,EPP,ASA SUL,"QUADRA SGAS 910 CONJUNTO B BLOCO D SALA 234, S/N, ASA SUL, CEP 70390100, Brasilia/DF",5,1,clinica_geral,(61) 3242-1250,fixo,+556132421250,,,,,xxxxxxxxxx@xxxxxxxxxxx.xxx.xx
0.6505,BRANDAO CLINICAS INTEGRADAS,36.176.853/0001-26,EPP,ASA SUL,"QUADRA SGAS 915 CONJUNTO O, 2 SUBSOLO, SALAS 25, 26 E, 27, EDIF  ADVANCE 2ND, ASA SUL, CEP 70390150, Brasilia/DF",6,1,clinica_geral,(61) 3346-3346,fixo,+556133463346,,,,,contato@brandaoodontologia.com.br
0.6505,CLIOB ODONTOLOGIA,26.536.019/0001-40,EPP,ASA NORTE,"SETOR SDN CONJUNTO A LOJA 3059, SN,       PARTE A, ASA NORTE, CEP 70077900, Brasilia/DF",9,1,clinica_geral,(61) 3963-0012,fixo,+556139630012,,(61) 3963-0015,fixo,+556139630015,cliobodontologia@gmail.com
0.6505,CLIDAE ODONTOLOGIA,33.013.332/0001-60,EPP,ASA SUL,"SETOR SEPS 714/914 CONJUNTO E, SN,       CONSULTORIOS 224          225 226, ASA SUL, CEP 70390145, Brasilia/DF",7,1,clinica_geral,(61) 3968-9150,fixo,+556139689150,,,,,clidaecontadordf@gmail.com
0.6505,ORAL UNIC,54.205.819/0001-14,EPP,SUL (AGUAS CLARAS),"AVENIDA JACARANDA, S/N, LOJA  01 E 02             LOTE  43, SUL (AGUAS CLARAS), CEP 71927540, Brasilia/DF",2,1,clinica_geral,(61) 9 9842-9926,celular,+5561998429926,sim,,,,gabrielsmaniotto18@gmail.com
0.6505,ORALE ODONTOLOGIA ESPECIALIZADA,57.782.980/0001-49,EPP,AREAL (AGUAS CLARAS),"QUADRA QS 3, SN, SALA  412 E 414           EDIF  PATIO CAPITAL, AREAL (AGUAS CLARAS), CEP 71953000, Brasilia/DF",1,1,clinica_institucional,(61) 9 9438-0110,celular,+5561994380110,sim,,,,orale.odontoespecializada@gmail.com
0.6505,CENTRO ESTETICO MAIS ODONTOLOGIA,13.602.884/0001-04,ME,PARANOA,"QUADRA 23 CONJUNTO 17 LOTE, 13, PARANOA, CEP 71572300, Brasilia/DF",15,1,especialista_alto_ticket,(61) 3369-6435,fixo,+556133696435,,,,,allysonpsouza@bol.com.br
0.6505,ANGELIM ODONTOLOGIA E ESTETICA FACIAL,58.230.347/0001-00,ME,ASA SUL,"SETOR SCS QD 01 BLOCO C, SN, SALA  1110, ASA SUL, CEP 70395900, Brasilia/DF",1,1,especialista_alto_ticket,(61) 9 9397-7316,celular,+5561993977316,sim,(00) 0000000000,indefinido,,dra.rafaellaangelim@gmail.com
0.6505,CLINICA SPECCHIO,55.497.683/0001-26,ME,ASA NORTE,"QUADRA SCN QD, 05, BLOCO A                   SALA  328, ASA NORTE, CEP 70715900, Brasilia/DF",2,1,especialista_alto_ticket,(61) 9 8127-8962,celular,+5561981278962,sim,(00) 0000000000,indefinido,,contato.adrielequeiroz@gmail.com
0.6505,D. LINEA ODONTOLOGIA,48.749.348/0001-02,ME,ASA NORTE,"QUADRA SHN QUADRA 1 CONJUNTO A, SN, BLOCO F                   SALA  509 E 510, ASA NORTE, CEP 70701000, Brasilia/DF",3,1,especialista_alto_ticket,(61) 9 9925-1110,celular,+5561999251110,sim,,,,d.linea.odontologia@gmail.com
0.6505,INSTITUTO RN DE ODONTOLOGIA E ESTETICA ESPECIALIZADA.,43.931.841/0001-25,ME,AREAL (AGUAS CLARAS),"QUADRA QS 3, EPCT, LOTE  3 5 7 E 9 LJ 118, AREAL (AGUAS CLARAS), CEP 71953000, Brasilia/DF",4,1,especialista_alto_ticket,(61) 3797-4000,fixo,+556137974000,,,,,rnodontobsb@gmail.com
0.6505,CLINICA KELEN URURAHY,48.882.092/0001-07,ME,ASA NORTE,"QUADRA SGAN 601 CONJUNTO H SALA, 75, TERREO                    EDIF  ION, ASA NORTE, CEP 70830018, Brasilia/DF",3,1,especialista_alto_ticket,(61) 9 9949-0106,celular,+5561999490106,sim,(00) 0000000000,indefinido,,clinicakelenururahy@gmail.com
0.6505,BENVENUTI ODONTOPEDIATRIA E ORTODONTIA,44.634.396/0001-02,ME,SUL (AGUAS CLARAS),"RUA 33 SUL LOTE, 05, LOJA  112 SOBRELOJA, SUL (AGUAS CLARAS), CEP 71930250, Brasilia/DF",4,1,especialista_alto_ticket,(61) 9 9850-7480,celular,+5561998507480,sim,,,,odontobenvenuti@gmail.com
0.6500,PERIOLIFE ODONTOLOGIA,07.586.616/0001-35,ME,ASA NORTE,"SETOR SETOR HOSPITALAR LOCAL NORTE, SN, CONJ  I                   BLOCO A                   SALA  212, ASA NORTE, CEP 70770560, Brasilia/DF",21,1,clinica_geral,(61) 9 8424-7764,celular,+5561984247764,sim,(61) 3711-1818,fixo,+556137111818,elisagrillo@gmail.com
0.6500,ODONTOLOGIA ARAUJO E BINHA LTDA,24.663.158/0001-00,ME,ASA SUL,"SETOR SRTVS BLOCO O SALA, 678, EDIF  MULTIEMPRESARIAL, ASA SUL, CEP 70340000, Brasilia/DF",10,1,clinica_geral,(61) 3202-0082,fixo,+556132020082,,,,,drapatriciac@hotmail.com
0.6500,ESSENCIAL ODONTOMED,22.086.651/0001-89,ME,ASA SUL,"QUADRA EQS 110/111 BLOCO A LOJAS, 28/29, SLJ   26 27 28 E 29, ASA SUL, CEP 70373400, Brasilia/DF",11,1,clinica_geral,(61) 3245-6120,fixo,+556132456120,,,,,brasilia@oralsin.com.br
0.6500,COUTO CESAR ODONTOLOGIA,18.253.664/0001-28,ME,ASA NORTE,"SETOR SCN QUADRA 02 BLOCO D ENTRADA B SALAS 504 E 506, S/N, ASA NORTE, CEP 70712903, Brasilia/DF",13,1,clinica_geral,(61) 9 9816-2430,celular,+5561998162430,sim,,,,roner.odontologia@gmail.com
0.6490,TORRES ODONTOLOGIA ESTETICA,33.293.700/0001-70,ME,TAGUATINGA CENTRO (TAGUATINGA),"QUADRA C 2 LOTE 4, 14/15, SALA  1003, TAGUATINGA CENTRO (TAGUATINGA), CEP 72010020, Brasilia/DF",7,1,especialista_alto_ticket,(61) 9 9123-1263,celular,+5561991231263,sim,,,,torresodontologiaestetica@gmail.com
0.6490,RIZZI ODONTOLOGIA ESTETICA,37.258.655/0001-74,ME,TAGUATINGA,"QUADRA CSB, 02, LOTE  01/02/03/04         SALA  306                 SALA  308, TAGUATINGA, CEP 72015901, Brasilia/DF",6,1,especialista_alto_ticket,(61) 9 8474-6817,celular,+5561984746817,sim,,,,rizziadm@odontologia.com.br
0.6485,CENTRO ODONTOLOGICO DENTE SAO LTDA,24.324.404/0001-07,ME,TAGUATINGA NORTE (TAGUATINGA),"QUADRA QNM 34 CONJUNTO C, 03, LOJA  02, TAGUATINGA NORTE (TAGUATINGA), CEP 72145403, Brasilia/DF",10,1,clinica_institucional,(61) 9 8271-4730,celular,+5561982714730,sim,,,,dentesao2015@gmail.com
0.6485,CLINICA ODONTOLOGICA SINAPSE,25.025.498/0001-78,ME,VILA VICENTINA (PLANALTINA),"RUA PIAUI, QUADRA 04, LOTE, 13, VILA VICENTINA (PLANALTINA), CEP 73320140, Brasilia/DF",10,1,clinica_geral,(61) 3388-7998,fixo,+556133887998,,,,,odontosinapse@gmail.com
0.6485,ART ORAL CENTRO ODONTOLOGICO ESPECIALIZADO,22.678.342/0001-06,ME,TAGUATINGA NORTE (TAGUATINGA),"QUADRA QNJ 46, S/N, LOTE  52                  PAVMTO01, TAGUATINGA NORTE (TAGUATINGA), CEP 72140460, Brasilia/DF",11,1,clinica_institucional,(61) 9 8246-9596,celular,+5561982469596,sim,,,,rhayssaa@gmail.com
0.6485,REDEORTO,18.326.655/0001-10,ME,GAMA,"QUADRA QUADRA 01 LOTE 06 LOJA, A,       SETOR SUL COMERCIAL, GAMA, CEP 72410125, Brasilia/DF",13,1,clinica_geral,(61) 3532-4664,fixo,+556135324664,,,,,gama@redeorto.com.br
0.6485,ORTHODONTIC MAGIC,22.238.370/0001-02,ME,RIACHO FUNDO I,"QUADRA QS 6 CONJUNTO 3, 25, LOJA  01, RIACHO FUNDO I, CEP 71820603, Brasilia/DF",11,1,especialista_alto_ticket,(61) 3399-6153,fixo,+556133996153,,,,,juniorortodontia@hotmail.com
0.6480,ODONTO NERES,41.543.593/0001-10,EPP,CENTRO (SAO SEBASTIAO),"AVENIDA COMERCIAL LOTE, 1991, LOJA  03, CENTRO (SAO SEBASTIAO), CEP 71691083, Brasilia/DF",5,1,clinica_geral,(61) 9 9275-2864,celular,+5561992752864,sim,,,,
0.6480,CLIMEA CLINICA ODONTOLOGICA S/S LTDA,08.753.734/0001-53,ME,ASA NORTE,"SETOR SDN CONJUNTO A SALA 6124, S/N, ASA NORTE, CEP 70077900, Brasilia/DF",19,1,clinica_geral,(61) 3326-1282,fixo,+556133261282,,,,,mariaeugeniaodonto@hotmail.com
0.6480,CLINICA ODONTOLOGICA MIGLIO,06.208.825/0001-82,ME,ASA NORTE,"SRTV/NORTE QUADRA 701 CONJUNTO C, 124, SL 505 ALA A PARTE A, ASA NORTE, CEP 70719900, Brasilia/DF",22,1,clinica_geral,(61) 613295505,indefinido,,,,,,
0.6480,CONSULTORIO SAO JOSE,05.603.027/0001-92,ME,ASA NORTE,"SETOR SMH NORTE BLOCO C QD 02 SALA 503 ENTRADA, 44, ASA NORTE, CEP 70710149, Brasilia/DF",23,1,clinica_geral,(61) 3321-5187,fixo,+556133215187,,,,,
0.6475,ORTOPRIME ODONTOLOGIA ESPECIALIZADA,11.037.816/0001-06,DEMAIS,CEILANDIA SUL (CEILANDIA),"QUADRA QNM 17 CONJUNTO H LOTE, 04/06, SALA  201 E 202, CEILANDIA SUL (CEILANDIA), CEP 72215178, Brasilia/DF",17,1,clinica_institucional,(61) 3581-4194,fixo,+556135814194,,,,,ingriddrago@yahoo.com.br
0.6475,ORAL VITA - CLINICA ODONTOLOGICA,11.500.713/0001-30,DEMAIS,CANDANGOLANDIA,"QUADRA QROA CONJUNTO RT LOTE 06 LOJA, 01, CANDANGOLANDIA, CEP 71727253, Brasilia/DF",16,1,clinica_geral,(61) 3225-8832,fixo,+556132258832,,,,,
0.6475,ODONTOMEDICA BRASIL,09.570.263/0001-00,EPP,CEILANDIA,"QUADRA EQNO 01/03 BLOCO E LOTE 05 LOJA, 05, CEILANDIA, CEP 72250505, Brasilia/DF",18,1,clinica_geral,(61) 3375-8884,fixo,+556133758884,,,,,
0.6475,CLINICA MIAKE,01.257.016/0001-47,ME,TAGUATINGA,"QUADRA C 01 LOTE 01/12, S/N, SALAS 514.515 E 516, TAGUATINGA, CEP 72010010, Brasilia/DF",30,1,especialista_alto_ticket,(61) 3562-4826,fixo,+556135624826,,(61) 3562-4007,fixo,+556135624007,roberto.miake@gmail.com
0.6475,CENTRAL IMPLANTES,25.258.109/0001-54,ME,SOBRADINHO,"QUADRA CENTRAL BLOCO 9, SN, LOTE  8                   APT   01, SOBRADINHO, CEP 73010519, Brasilia/DF",10,1,especialista_alto_ticket,(61) 9 8603-3330,celular,+5561986033330,sim,,,,milaaraujo2009@hotmail.com
0.6475,ORTHO FACE,20.364.359/0001-55,ME,NUCLEO BANDEIRANTE,"AVENIDA AV CENTRAL LOTE 575 SALA, SN, SALA  102/103, NUCLEO BANDEIRANTE, CEP 71710520, Brasilia/DF",12,1,especialista_alto_ticket,(61) 3552-1063,fixo,+556135521063,,(61) 9 8419-0477,celular,+5561984190477,
0.6475,DEAMICI ORTODONTIA E IMPLANTODONTIA,22.456.427/0001-31,ME,TAGUATINGA CENTRO (TAGUATINGA),"QUADRA C 2 LOTES 04/14/15 SALA, 906, TAGUATINGA CENTRO (TAGUATINGA), CEP 72010020, Brasilia/DF",11,1,especialista_alto_ticket,(61) 9 8339-0001,celular,+5561983390001,sim,,,,jrdeamici@yahoo.com.br
0.6470,TORMIM ESTETICA E SAUDE,55.201.607/0001-21,EPP,TAGUATINGA NORTE (TAGUATINGA),"QUADRA QNA 48 LOTE, 02, SALA  304                       PARTE, TAGUATINGA NORTE (TAGUATINGA), CEP 72110480, Brasilia/DF",2,1,especialista_alto_ticket,(61) 9 9923-6969,celular,+5561999236969,sim,(00) 0000000000,indefinido,,jjmtormim@gmail.com
0.6470,COC CENTRO ODONTOLOGICO CAETANO LTDA,26.437.194/0001-80,ME,ASA SUL,"QUADRA SCS QD 01 BL C SLS 1011 A 1014, 30, SALA  1011 A 1014, ASA SUL, CEP 70395900, Brasilia/DF",36,1,clinica_institucional,(61) 3224-5698,fixo,+556132245698,,(61) 3321-8997,fixo,+556133218997,orcon3@hotmail.com
0.6470,CLINICA SAUDE ORAL SUDOESTE,04.375.854/0001-03,ME,SETOR SUDOESTE,"QUADRA QRSW 4 LOTE, 01, SALA  115 E 116, SETOR SUDOESTE, CEP 70675400, Brasilia/DF",25,1,clinica_geral,(61) 3344-4134,fixo,+556133444134,,,,,clinicasos@hotmail.com
0.6470,INSTITUTO CAMPOLINA,01.096.986/0001-08,ME,ASA NORTE,"SETOR SC/NORTE QUADRA 05 BLOCO A, 50, SALA  125, ASA NORTE, CEP 70715900, Brasilia/DF",30,1,clinica_institucional,(61) 3328-5806,fixo,+556133285806,,,,,
0.6470,IBEPO - CLINICA ODONTOLOGICA,72.577.190/0001-15,ME,ASA NORTE,"SETOR SRTVN S/N CONJUNTO C, 124, QUADRA701                 SALA  111                       ALA B                     PARTE A, ASA NORTE, CEP 70719903, Brasilia/DF",32,1,clinica_geral,(61) 3328-3535,fixo,+556133283535,,,,,ibepo@terra.com.br
0.6470,LIRA ODONTOLOGIA ESPECIALIZADA,37.071.404/0001-86,ME,ASA NORTE,"SETOR DIVERSOES NORTE CONJ A SALA, 4.124, ASA NORTE, CEP 70077000, Brasilia/DF",34,1,clinica_institucional,(61) 3326-9643,fixo,+556133269643,,(61) 9 9999-4082,celular,+5561999994082,draednalira@uol.com.br
0.6465,DENTAL CONCEPT,47.324.965/0001-01,DEMAIS,ASA NORTE,"SETOR SCN QUADRA 5 BLOCO A SALA, 1401, ASA NORTE, CEP 70715900, Brasilia/DF",4,1,clinica_institucional,(61) 3257-9135,fixo,+556132579135,,(00) 0000000000,indefinido,,paulo@clinicadentalconcept.com.br
0.6465,CV ODONTOLOGIA,55.684.848/0001-79,EPP,ASA NORTE,"SETOR COMERCIAL NORTE QUADRA 02 ENTRADA B BLOCO D, S/N, SALA  601 E 602, ASA NORTE, CEP 70712903, Brasilia/DF",2,1,clinica_institucional,(61) 9 9813-4431,celular,+5561998134431,sim,,,,centrovida@gmail.com
0.6465,GUIOTTI CLINICA ODONTOLOGICA,51.548.454/0001-32,EPP,AGUAS CLARAS,"AVENIDA AV ARAUCARIAS, 4155, LOJA  13, AGUAS CLARAS, CEP 71936970, Brasilia/DF",3,1,clinica_geral,(61) 9 8365-5150,celular,+5561983655150,sim,(00) 0000000000,indefinido,,guiottiodont@gmail.com
0.6465,MAX DENT ODONTOLOGIA ESPECIALIZADA,45.089.649/0001-69,EPP,AREAL (AGUAS CLARAS),"AVENIDA AGUAS CLARAS QS 08, SN, LOTE  C53                 TERREO., AREAL (AGUAS CLARAS), CEP 71974000, Brasilia/DF",4,1,clinica_institucional,(61) 9 8416-3242,celular,+5561984163242,sim,,,,odontologiamaxdent@hotmail.com
0.6465,ICOB - INSTITUTO DE CIRURGIA ORTOGNATICA DE BRASILIA,45.212.645/0001-26,EPP,ASA NORTE,"SETOR SDN CONJUNTO NACIONAL BRASILIA CONJUNTO A, S/N, SALA  6015, ASA NORTE, CEP 70077900, Brasilia/DF",4,1,clinica_institucional,(61) 9 9984-3500,celular,+5561999843500,sim,,,,icob.ortognaticabrasilia@gmail.com
0.6465,CEPI,26.438.028/0001-07,EPP,ASA NORT/DF,"SC/NORTE QUADRA 01 BLOCO F, 79, SALAS 1912 A 1916, ASA NORT/DF, CEP 70711000, Brasilia/DF",36,1,especialista_alto_ticket,,,,,,,,
0.6460,MAESTRIA ODONTOLOGIA,06.905.895/0001-90,ME,LAGO SUL,"QUADRA SHIS QI 11 BLOCO L, SN, LOJA  9 E 10, LAGO SUL, CEP 71625125, Brasilia/DF",22,1,clinica_geral,(61) 3364-5050,fixo,+556133645050,,,,,
0.6460,RIDERE ODONTOLOGIA,09.687.573/0001-00,ME,ASA NORTE,"SETOR SMH/NORTE QUADRA 02 BLOCO A, 10, SALA  409, ASA NORTE, CEP 70710904, Brasilia/DF",18,1,clinica_geral,(61) 2194-8446,fixo,+556121948446,,(61) 9 9605-5543,celular,+5561996055543,ridereodontologia409@gmail.com
0.6460,HOSPITAL DO DENTE,07.725.305/0001-00,ME,NORTE (AGUAS CLARAS),"RUA COPAIBA, LOTE, 01,       TORRE A             SALA  301 A 304, NORTE (AGUAS CLARAS), CEP 71919540, Brasilia/DF",20,1,clinica_geral,(61) 3536-0444,fixo,+556135360444,,,,,hospitaldodente@hotmail.com
0.6460,NEOVITA ODONTOLOGIA,12.887.407/0001-61,ME,AGUAS CLARAS,"QUADRA AC QUADRA 205, LOTE 01, SALAS 604 E 605, 06 PAVIMENTO, S/N, AGUAS CLARAS, CEP 71925000, Brasilia/DF",15,1,clinica_geral,(61) 3536-4004,fixo,+556135364004,,,,,
0.6460,ASSOCIACAO NACIONAL DOS SERVIDORES DA CARREIRA DE PLANEJAMENTO E ORCAMENTO,03.657.095/0002-90,DEMAIS,ASA NORTE,"SEPN QUADRA 516 CONJ C PARTE SALA, 42, TERREO, ASA NORTE, CEP 70770523, Brasilia/DF",21,1,clinica_geral,,,,,,,,
0.6455,CT CAROLINA TRINDADE SAUDE,24.900.254/0001-24,EPP,SETOR DE HABITACOES INDIVIDUAIS SUL,"QUADRA SHIS QI 7 BLOCO D LOJA 12 - SUBSOLO, SN, SETOR DE HABITACOES INDIVIDUAIS SUL, CEP 71615740, Brasilia/DF",10,1,clinica_geral,(61) 3248-1140,fixo,+556132481140,,(61) 9 9986-9000,celular,+5561999869000,adm@ritatrindade.com
0.6450,INSTITUTO RIOLI DE REABILITACAO ORAL LTDA,28.234.304/0001-32,DEMAIS,TAGUATINGA NORTE (TAGUATINGA),"QUADRA QNM 34 AREA ESPECIAL 1, S/N, SALA  2601                      JK SHOPPING, TAGUATINGA NORTE (TAGUATINGA), CEP 72145450, Brasilia/DF",9,1,clinica_institucional,(61) 3202-4974,fixo,+556132024974,,(61) 9 8175-5503,celular,+5561981755503,simonerboliveira@gmail.com
0.6450,INTEGRALIZZE ODONTOLOGIA ESPECIALIZADA,31.624.032/0001-91,EPP,TAGUATINGA NORTE (TAGUATINGA),"QUADRA QNA 29 LOTE 11 LOJA, 02, TAGUATINGA NORTE (TAGUATINGA), CEP 72110290, Brasilia/DF",7,1,clinica_institucional,(61) 9 8201-1736,celular,+5561982011736,sim,,,,inllacerda@hotmail.com
0.6450,PRONTODONTO CLINICA DENTARIA S/S LTDA,72.589.468/0001-74,DEMAIS,ASA SUL,"QUADRA SGAS 610, CJ F, BLOCO 2 SALAS 308 E 309, ASA SUL, CEP 70200700, Brasilia/DF",32,1,clinica_geral,(61) 3245-4781,fixo,+556132454781,,,,,
0.6445,IDEALLE STUDIO ORAL,29.619.930/0001-00,DEMAIS,ASA SUL,"SETOR SEPS 710/910 CONJUNTO D, SN, SALA  419, ASA SUL, CEP 70390108, Brasilia/DF",8,2,multi_unidade,(61) 9 9559-4143,celular,+5561995594143,sim,,,,idealle@idealle.com.br
0.6445,ORTO VIDA - CLINICA ODONTOLOGICA,11.983.083/0001-00,ME,PLANALTINA,"AVENIDA INDEPENDENCIA QUADRA 24 LOTE, 01, SALA  203                 SETOR TRADICIONAL, PLANALTINA, CEP 73330002, Brasilia/DF",16,1,clinica_geral,(61) 3389-6155,fixo,+556133896155,,(61) 9 8452-4428,celular,+5561984524428,edinex@bol.com.br
0.6445,CLINICA DE IMPLANTODONTIA PERIODONTIA E ORTODONTIA,35.748.057/0001-58,ME,ASA NORTE,"SETOR SDN - SETOR DE DIVERSOES NORTE CONJUNTO A, SN, SALA  4010, ASA NORTE, CEP 70077900, Brasilia/DF",6,1,especialista_alto_ticket,(61) 9 9978-4533,celular,+5561999784533,sim,,,,leo_najjar@hotmail.com
0.6445,INSTITUTO CATIELI GIRARDI,39.923.445/0001-89,ME,ASA SUL,"SETOR SRTVS QUADRA 701, CONJUNTO L, BLOCO 02, 38, SALA  432 434 436 PARTE A, ASA SUL, CEP 70340000, Brasilia/DF",5,1,especialista_alto_ticket,(61) 3202-6160,fixo,+556132026160,,,,,institutocatieligirardi@gmail.com
0.6445,REABILITACAO ORAL ESTETICA FUNCIONAL CALCAGNO GRILLO,36.666.382/0001-34,ME,ASA NORTE,"SETOR SCN QUADRA 01 BLOCO C, 85, SALA  606, ASA NORTE, CEP 70711902, Brasilia/DF",6,1,especialista_alto_ticket,(61) 3326-2720,fixo,+556133262720,,(61) 9 8123-2434,celular,+5561981232434,viniciusgrillo@yahoo.com.br
0.6445,FACIAL ODONTO ESTETICA,42.496.840/0001-37,ME,SETOR SUDOESTE,"QUADRA CCSW 6 LOTE 2/3 BLOCO B/C LOJA 71, SN, SETOR SUDOESTE, CEP 70680650, Brasilia/DF",5,1,especialista_alto_ticket,(61) 9 9147-2830,celular,+5561991472830,sim,,,,danielmachado.vet@gmail.com
0.6445,VERSO - ODONTOLOGIA E ESTETICA,39.773.856/0001-35,ME,ASA SUL,"QUADRA SEPS 710/910 CONJUNTO D, SN, SALA  544, ASA SUL, CEP 70390108, Brasilia/DF",5,1,especialista_alto_ticket,(61) 3326-3005,fixo,+556133263005,,,,,contastec@gmail.com
0.6445,ART VISAGE,39.241.374/0001-34,ME,ASA NORTE,"SETOR SCN, QUADRA 1, BLOCO F, S/N, SALA  1405 E 1406, ASA NORTE, CEP 70711905, Brasilia/DF",5,1,especialista_alto_ticket,(61) 9 9654-5050,celular,+5561996545050,sim,,,,juodonto@hotmail.com
0.6445,RAQUEL RIZZA ODONTOLOGIA ESTETICA,41.830.674/0001-09,ME,ASA SUL,"SETOR SHLS QUADRA 716 CONJ. L, SN, BLOCO 1                   SALA  124, ASA SUL, CEP 70390907, Brasilia/DF",5,1,marca_pessoal,(61) 3711-0600,fixo,+556137110600,,(61) 9 9830-0600,celular,+5561998300600,
0.6440,CIM ODONTOLOGIA,19.942.307/0001-30,ME,AGUAS CLARAS,"RUA AC RUA DAS PAINEIRAS LOTE 06 TORRE B, S/N, SALA  501 E 512, AGUAS CLARAS, CEP 71929180, Brasilia/DF",12,1,clinica_geral,(61) 3036-7600,fixo,+556130367600,,,,,
0.6440,S.A SORRISO CLINICA ODONTOLOGICA,19.897.522/0001-66,ME,ASA SUL,"SETOR SDS BLOCO A, SN, SALA  122 E 124                 CENTRO COM BOULEVARD, ASA SUL, CEP 70391900, Brasilia/DF",12,1,clinica_geral,(61) 9 8415-3163,celular,+5561984153163,sim,,,,clinicaseasorriso@gmail.com
0.6435,CENTRO DE ODONTOLOGIA ESPECIALIZADA PREVENT LTDA,01.336.810/0001-86,DEMAIS,TAGUATINGA NORTE (TAGUATINGA),"QUADRA CNB 11 LOTE, 09, SALA  401, TAGUATINGA NORTE (TAGUATINGA), CEP 72115115, Brasilia/DF",30,1,clinica_institucional,(61) 3352-7930,fixo,+556133527930,,(61) 3351-0090,fixo,+556133510090,evandro@clinicaprevent.com.br
0.6435,A & B ODONTOLOGIA ESPECIALIZADA LTDA,04.097.194/0001-46,EPP,TAGUATINGA NORTE (TAGUATINGA),"QUADRA QNA 30, LOTE 10, SOBRELOJA 01, S/N, TAGUATINGA NORTE (TAGUATINGA), CEP 72110300, Brasilia/DF",25,1,clinica_institucional,(61) 3352-9460,fixo,+556133529460,,,,,fckreis@yahoo.com.br
0.6435,NOSSA CLINICA ODONTOLOGICA LTDA,00.702.167/0001-02,EPP,NUCLEO BANDEIRANTE,"AVENIDA TERCEIRA AVENIDA AREA ESPECIAL 12, SN, BLOCO 485 525 565         LOTE  K                   SALA  249                       MULTISHOP GALERIA, NUCLEO BANDEIRANTE, CEP 71720590, Brasilia/DF",43,1,clinica_geral,(61) 3037-2192,fixo,+556130372192,,,,,juridico01@controllercontabil.com.br
0.6435,CLINICA ODONTOLOGICA HD,10.264.470/0001-16,DEMAIS,SAO SEBASTIAO,"AVENIDA CENTRAL LOTE, 851, LOJA  01 E 03                   VILA NOVA, SAO SEBASTIAO, CEP 71693161, Brasilia/DF",18,1,clinica_geral,(61) 3339-3098,fixo,+556133393098,,(61) 9 8116-0723,celular,+5561981160723,clinicahd@gmail.com
0.6435,INODONTO,02.576.577/0001-71,EPP,TAGUATINGA NORTE (TAGUATINGA),"QUADRA QNE 2 LOTE 01 SALA, 100, SALA  100/101, TAGUATINGA NORTE (TAGUATINGA), CEP 72125020, Brasilia/DF",32,1,clinica_institucional,(61) 9 8133-9287,celular,+5561981339287,sim,,,,iinodonto@gmail.com
0.6430,MAIS SORISSUS,30.408.776/0001-06,EPP,SETOR RESIDENCIAL LESTE (PLANALTINA),"QUADRA 3 CONJUNTO E LOTE, 60, SETOR RESIDENCIAL LESTE (PLANALTINA), CEP 73350305, Brasilia/DF",8,1,clinica_geral,(61) 3339-6696,fixo,+556133396696,,,,,admprime103@gmail.com
0.6425,CARVALHO ODONTOLOGIA,13.512.870/0001-91,DEMAIS,GUARA II,"QUADRA QI 25 BLOCO A SALA, 126, GUARA II, CEP 71015127, Brasilia/DF",15,1,clinica_geral,(61) 3382-0455,fixo,+556133820455,,(61) 3382-0455,fixo,+556133820455,al.cesar@pop.com.br
0.6425,MAURICIO ALVES CLINICA,47.075.499/0001-60,EPP,ASA SUL,"QUADRA SHS QUADRA 6 CONJUNTO A BLOCO E SALA, 1002, ASA SUL, CEP 70316000, Brasilia/DF",4,1,marca_pessoal,(61) 9 9573-4310,celular,+5561995734310,sim,(00) 0000000000,indefinido,,drmauricioalvess@gmail.com
0.6425,ISO-INSTITUTO DE SAUDE ORAL 191DF LTDA,24.554.408/0001-73,ME,SETOR CENTRAL (GAMA),"AREA AE 20/21 LADO OESTE SL, 101, EDIF  ALTERNATIVO CENTER  SALA  101, SETOR CENTRAL (GAMA), CEP 72405650, Brasilia/DF",10,2,multi_unidade,(61) 3563-9242,fixo,+556135639242,,,,,dscontabil@globo.com
0.6425,ORTHO FACIL,21.053.414/0001-59,ME,ITAPOA,"QUADRA QL 03 CONJUNTO H LOTE 13 SALAS 101 E, 102,       ITAPOA II, ITAPOA, CEP 71590588, Brasilia/DF",11,1,especialista_alto_ticket,(61) 3369-4654,fixo,+556133694654,,,,,
0.6420,ATELIE ORAL,23.395.455/0001-59,ME,ASA SUL,"QUADRA SGAS 614, SN, CONJ  C                   SALA  162 E 164, ASA SUL, CEP 70200740, Brasilia/DF",10,1,clinica_geral,(61) 3242-8603,fixo,+556132428603,,,,,ribeirodealmeidalarissa912@gmail.com
0.6420,A.G. ODONTOLOGIA AVANCADA,24.831.107/0001-40,ME,ASA SUL,"SETOR SHLS QUADRA, 716, CONJ  L                   BLOCO 01                  SALA  114, ASA SUL, CEP 70390700, Brasilia/DF",10,1,clinica_geral,(61) 9 8192-5762,celular,+5561981925762,sim,,,,amanda2291@hotmail.com
0.6420,LEMANI - DESING DE SORRISOS,06.270.399/0001-07,ME,ASA SUL,"QUADRA Q SGAS 610 CONJUNTO F BLOCO 1 SALA, 151,       PARTE C, ASA SUL, CEP 70200700, Brasilia/DF",22,1,clinica_geral,(61) 3322-8393,fixo,+556133228393,,(61) 9 9211-6943,celular,+5561992116943,rozi.odonto2018@gmail.com
0.6420,ELIAS CARVALHO ODONTOLOGIA,08.265.235/0001-17,ME,ASA NORTE,"QUADRA SCN QD 01 BLOCO F, 79, SALA  1.202, ASA NORTE, CEP 70711905, Brasilia/DF",20,1,clinica_geral,(61) 3327-3607,fixo,+556133273607,,,,,eliaspersona@yahoo.com.br
0.6420,ODONTO BRASILIS,07.931.087/0001-60,ME,ASA NORTE,"SETOR SRTVN QUADRA 701 CONJUNTO C ALA A, 124, SALA  617, ASA NORTE, CEP 70719030, Brasilia/DF",20,1,clinica_geral,(61) 3327-6542,fixo,+556133276542,,,,,paulojlessa@hotmail.com
0.6420,S&A ODONTOLOGIA INTEGRADA,09.494.756/0001-09,ME,ASA NORTE,"SETOR SMHN QUADRA 02 BLOCO C, 44, SALA  611                 SALA  612, ASA NORTE, CEP 70710149, Brasilia/DF",18,1,clinica_geral,(61) 3442-8394,fixo,+556134428394,,,,,
0.6415,ODONTO SAUDE,11.666.446/0001-76,DEMAIS,DEL LAGO I (ITAPOA),"QUADRA QUADRA 60 LOTE 13 LOJA, 02, DEL LAGO I (ITAPOA), CEP 71591470, Brasilia/DF",16,1,clinica_geral,(61) 3345-3344,fixo,+556133453344,,,,,mliceneto@gmail.com
0.6415,CISB,37.067.584/0001-22,EPP,TAGUATINGA,"QSA 02, S/N, LOTE 04, TAGUATINGA, CEP 72015020, Brasilia/DF",34,1,clinica_institucional,,,,,,,,jcbr@brnet.com.br
0.6410,RENATA REVERTE ODONTOLOGIA,24.385.975/0001-43,ME,NORTE (AGUAS CLARAS),"RUA DAS FIGUEIRAS LOTE, 07, SALA  608 PT A, NORTE (AGUAS CLARAS), CEP 71906750, Brasilia/DF",10,1,marca_pessoal,(61) 9 9176-3829,celular,+5561991763829,sim,,,,renatareverte@hotmail.com
0.6405,ODONTOCOMPANY ASA NORTE - BRASILIA/DF,44.121.045/0001-90,EPP,ASA NORTE,"QUADRA SHCGN CR QD 712/713 BLOCO B LOJA, 22, TERREO, ASA NORTE, CEP 70760620, Brasilia/DF",4,1,clinica_geral,(34) 9 9772-1460,celular,+5534997721460,sim,,,,asanorteodontocompany@gmail.com
0.6405,CLINICA ODONTOLOGICA JK,12.838.011/0001-24,ME,GUARA II,"COLONIA AGRICOLA BERNARDO SAYAO CHACARA 14 LOTE, 16, GUARA II, CEP 71080090, Brasilia/DF",15,1,clinica_geral,(61) 3037-4126,fixo,+556130374126,,,,,
0.6395,CLINICA MONTE CARLOS,24.915.209/0001-43,ME,TAGUATINGA,"QNJ 17 CASA, 18, TAGUATINGA, CEP 72140170, Brasilia/DF",38,1,clinica_institucional,(06) 1371-2510,fixo,+550613712510,,,,,
0.6395,CLINICA ODONTOLOGICA RISO,14.738.749/0001-45,DEMAIS,CEILANDIA SUL,"QUADRA QNM 01, S/N, CONJ  G                   LOTE  04                  SALA  203 E 205, CEILANDIA SUL, CEP 72215017, Brasilia/DF",14,1,clinica_institucional,(61) 9 9146-5061,celular,+5561991465061,sim,,,,
0.6395,IMPERIO DOCTOR,19.541.258/0001-23,DEMAIS,SANTA MARIA,"QUADRA CL 114 LOTE D SALA, 507, SANTA MARIA, CEP 72544204, Brasilia/DF",12,1,clinica_geral,(61) 3394-4530,fixo,+556133944530,,,,,
0.6395,INSTITUTO ESPECIALIZADO DA FACE,33.024.259/0001-21,EPP,ASA SUL,"QUADRA SAUS QUADRA 5, BLOCO K, LT 4, ED OK OFFICE TOWER, 17, SALA  401 E 402, ASA SUL, CEP 70070937, Brasilia/DF",7,1,clinica_institucional,(61) 9 9994-3919,celular,+5561999943919,sim,,,,eteoliv@gmail.com
0.6385,REVITA ODONTOLOGIA,33.010.563/0001-10,DEMAIS,ASA SUL,"SETOR SRTVS QUADRA 701 BLOCO K SALA, 523, ASA SUL, CEP 70340000, Brasilia/DF",7,1,clinica_geral,(61) 3967-7350,fixo,+556139677350,,(61) 9 8269-1292,celular,+5561982691292,drasarahmendes@gmail.com
0.6385,CYANO ODONTOLOGIA,41.664.128/0001-37,EPP,ASA SUL,"QUADRA SGAS 915 CONJUNTO B BLOCO B CONSULTORIO 109, SN, ASA SUL, CEP 70390150, Brasilia/DF",5,1,clinica_institucional,(61) 9 9184-4794,celular,+5561991844794,sim,(61) 3348-7555,fixo,+556133487555,cyano.odonto@gmail.com
0.6385,NEOCARE ODONTOLOGIA LTDA,09.288.794/0001-05,EPP,GUARA II,"QUADRA QI 27 BLOCO A SALAS 101, 102, 103, 104 E, 128, GUARA II, CEP 71060270, Brasilia/DF",18,1,clinica_geral,(61) 3568-0001,fixo,+556135680001,,,,,clinicaneocare@gmail.com
0.6385,DRA. FABIULLA,55.188.071/0001-51,ME,ASA SUL,"QUADRA SCS QUADRA 6 BLOCO A ENTRADA 136 SALAS 105 E, 106, ASA SUL, CEP 70306906, Brasilia/DF",2,1,marca_pessoal,(61) 9 9828-3800,celular,+5561998283800,sim,,,,dra.fabiullar@gmail.com
0.6380,ARAUJO ODONTOLOGIA,24.845.609/0001-20,ME,ASA NORTE,"QUADRA SCN QUADRA 2, BLOCO D, ENTRADA B, SN, SALA  723                 EDIF  CENTRO EMP. ENCOL, ASA NORTE, CEP 70712903, Brasilia/DF",10,1,clinica_geral,(61) 9 9609-9998,celular,+5561996099998,sim,,,,elealcontabilidade@gmail.com
0.6380,LUCIANA LUSTOSA ODONTOLOGIA,15.578.742/0001-76,ME,ASA SUL,"QUADRA SGAS 610, SN, BLOCO 2                   CONJ  F                   SALA  23 TERREO, ASA SUL, CEP 70200700, Brasilia/DF",14,1,marca_pessoal,(61) 9 8489-7777,celular,+5561984897777,sim,(61) 9 8175-7790,celular,+5561981757790,lucianalustosa.odonto@gmail.com
0.6380,CLICKDENT,23.528.261/0001-84,ME,SETOR SUDOESTE,"SETOR SHCSW CHSW BLOCOS 3/4/5, SN, TERREO                    SALA  133, SETOR SUDOESTE, CEP 70673416, Brasilia/DF",10,1,clinica_geral,(61) 9 8124-1745,celular,+5561981241745,sim,,,,q2odonto@gmail.com
0.6375,CLINO-DF/VISO,02.316.770/0001-73,EPP,GUARA II,"EQ 31/33 CENTRO COMUNAL II, S/N, LOTE 05 SALA 416, GUARA II, CEP 71065315, Brasilia/DF",28,1,clinica_institucional,(61) 9 9591-8902,celular,+5561995918902,sim,,,,francielylima.arq@gmail.com
0.6375,REDE ODONTO,09.264.591/0001-89,EPP,CEILANDIA SUL (CEILANDIA),"QUADRA QNM 17 CONJUNTO H, SN, LOTE  04/06               SALA  106 107 109         SALA  110 E 111, CEILANDIA SUL (CEILANDIA), CEP 72215178, Brasilia/DF",18,1,clinica_geral,(61) 3581-5051,fixo,+556135815051,,,,,
0.6375,INSTITUTO RESENDE,02.958.872/0001-92,EPP,TAGUATINGA CENTRO (TAGUATINGA),"QUADRA C 1 LOTE, 01/12, SALA  609, TAGUATINGA CENTRO (TAGUATINGA), CEP 72010010, Brasilia/DF",27,3,multi_unidade,(61) 3964-0691,fixo,+556139640691,,,,,adm@institutoresende.com.br
0.6370,MR ODONTOLOGIA ESPECIALIZADA,40.103.118/0001-60,DEMAIS,TAGUATINGA NORTE (TAGUATINGA),"QUADRA CNB 5, 08, LOJA  01, TAGUATINGA NORTE (TAGUATINGA), CEP 72115055, Brasilia/DF",5,1,clinica_institucional,(61) 3773-2000,fixo,+556137732000,,,,,matheus.lacerda@g4f.com.br
0.6370,ZENITE,41.911.315/0001-78,EPP,TAGUATINGA SUL (TAGUATINGA),"QUADRA QSA 21, 01, LOJA  5, TAGUATINGA SUL (TAGUATINGA), CEP 72015210, Brasilia/DF",5,1,clinica_institucional,(61) 9 9918-0407,celular,+5561999180407,sim,,,,zenitezoe@gmail.com
0.6370,MELHOR IMPLANTES,34.386.782/0001-60,ME,ZONA INDUSTRIAL (GUARA),"SETOR SMAS TRECHO 03 CONJUNTO 03 BLOCO C SALA, 08, ZONA INDUSTRIAL (GUARA), CEP 71215300, Brasilia/DF",7,1,especialista_alto_ticket,(61) 9 8195-5161,celular,+5561981955161,sim,,,,melhorimplantes@gmail.com
0.6370,CLINICA BORGES ODONTOLOGIA E ESTETICA,40.007.229/0001-72,ME,SETOR TRADICIONAL (PLANALTINA),"AVENIDA GOIAS (QUADRAS 49,50,51 E 52), LOTE, 2 B, QUADRA51, SETOR TRADICIONAL (PLANALTINA), CEP 73330077, Brasilia/DF",5,1,especialista_alto_ticket,(61) 3389-0121,fixo,+556133890121,,,,,
0.6365,HOLLYWOOD ODONTO,57.801.731/0001-53,DEMAIS,ASA SUL,"SETOR SDS BLOCO D, SN, LOJA  34                  EDIF  ELDORADO, ASA SUL, CEP 70392901, Brasilia/DF",1,1,clinica_geral,(61) 3962-4073,fixo,+556139624073,,,,,recepcaohollywoodonto@gmail.com
0.6365,LEGIS ODONTOLOGIA,49.957.437/0001-07,EPP,ASA SUL,"QUADRA SGAS 610 CONJUNTO C, SN,       PARTE A, ASA SUL, CEP 70200700, Brasilia/DF",3,1,clinica_geral,(61) 9 8103-9359,celular,+5561981039359,sim,(00) 0000000000,indefinido,,regismelo.odonto@gmail.com
0.6365,CLINICA ORALM ODONTOLOGIA,50.550.462/0001-50,EPP,ASA SUL,"QUADRA SGAS 910 CONJUNTO B BLOCO E SALA, 28/30, ASA SUL, CEP 70390100, Brasilia/DF",3,1,clinica_geral,(61) 3244-6780,fixo,+556132446780,,(00) 0000000000,indefinido,,nelciara@ceapes.com.br
0.6365,LRS ODONTOLOGIA AVANCAD,50.827.587/0001-85,EPP,ASA NORTE,"QUADRA SGAN 702, CENTRO EMPRESARIAL BRASILIA, SN, ASA NORTE, CEP 70710600, Brasilia/DF",3,1,clinica_geral,(61) 9 9832-2838,celular,+5561998322838,sim,(00) 0000000000,indefinido,,diegosoaris@arcanjocontabilidade.com
0.6365,NEO ODONTOLOGIA,44.287.204/0001-20,EPP,AREAL (AGUAS CLARAS),"QUADRA QS 1 RUA 212 LOTES 19 E 21, 23, BLOCO D                   SALA  3002, AREAL (AGUAS CLARAS), CEP 71950550, Brasilia/DF",4,1,clinica_geral,(61) 3026-7933,fixo,+556130267933,,,,,cliente@kagecontadores.com.br
0.6365,ODONTO PAU BRASIL,43.309.105/0001-30,ME,ASA NORTE,"QUADRA SEPN, QUADRA 515, BLOCO E, S/N, SALA  102, ASA NORTE, CEP 70770505, Brasilia/DF",5,1,clinica_geral,(83) 9 8870-1234,celular,+5583988701234,sim,,,,dentalbsb01@gmail.com
0.6365,INSTITUTO ODONTOLOGICO CAMILA REIS,37.337.033/0001-31,ME,ASA NORTE,"SETOR SCN QUADRA 05 BLOCO A ENTRADA, 50, SALA  502 E 503, ASA NORTE, CEP 70715010, Brasilia/DF",6,1,clinica_institucional,(61) 3532-6259,fixo,+556135326259,,,,,institutocamilareis@gmail.com
0.6365,IDF ODONTOLOGIA,21.992.890/0001-35,ME,SETOR SUL (GAMA),"QUADRA QUADRA 1 CONJUNTO G, SN, LOTE  19                        SALA 305 E 306      EDIF  SABIN, SETOR SUL (GAMA), CEP 72410107, Brasilia/DF",11,1,clinica_geral,(61) 3385-2305,fixo,+556133852305,,,,,
0.6365,CLINICA ODONTOLOGICA SALUTE LTDA,34.102.773/0001-09,ME,AREAL (AGUAS CLARAS),"QUADRA QS 11 CONJUNTO B LOTE, 05, SALA  101, AREAL (AGUAS CLARAS), CEP 71979000, Brasilia/DF",7,1,clinica_geral,(61) 9 8185-9149,celular,+5561981859149,sim,,,,mandi.lauro@gmail.com
0.6365,DIO - DOURADO INSTITUTO ODONTOLOGICO,34.101.822/0001-80,ME,ASA SUL,"SETOR SRTVS QUADRA 701 BLOCO K, SN, SALA  701 E 702           EDIF  EMBASSY TOWER BSB, ASA SUL, CEP 70340908, Brasilia/DF",7,1,clinica_institucional,(61) 9 8193-8783,celular,+5561981938783,sim,(61) 9 9866-5816,celular,+5561998665816,carolmenezes21@yahoo.com.br
0.6365,INSTITUTO TEATINI DIAS,40.454.371/0001-68,ME,ASA NORTE,"SETOR STN BLOCO N CONSULTORIO 110 E 111 PARTE, SN, ASA NORTE, CEP 70770100, Brasilia/DF",5,1,clinica_institucional,(61) 3328-4911,fixo,+556133284911,,,,,biancadiasteatini@gmail.com
0.6365,LF ODONTO,29.663.841/0001-60,ME,ASA SUL,"QUADRA SGAS 610 CONJUNTO F BLOCO 01 SALA, 133, ASA SUL, CEP 70200700, Brasilia/DF",8,1,clinica_institucional,(61) 9 8114-3444,celular,+5561981143444,sim,,,,luis.tiveron@hotmail.com
0.6365,NOVO DENTE,31.608.464/0001-09,ME,AREAL (AGUAS CLARAS),"AVENIDA AGUAS CLARAS QS 08, S/N, LOTE  C 57                SALA  01 E 02, AREAL (AGUAS CLARAS), CEP 71974000, Brasilia/DF",7,1,clinica_geral,(61) 9 9575-1599,celular,+5561995751599,sim,,,,walyna@gmail.com
0.6365,SMILLE E FACE ODONTOLOGIA E ESTETICA FACIAL,36.835.565/0001-36,ME,ASA NORTE,"SETOR SDN CONJUNTO A CNB SALA, 4028, ASA NORTE, CEP 70077900, Brasilia/DF",6,1,especialista_alto_ticket,(61) 3326-7155,fixo,+556133267155,,,,,odontodrmarcelo@gmail.com
0.6365,MARCOS EUGENIO ORTODONTIA,42.701.972/0001-53,ME,SETOR SUDOESTE,"QUADRA SHCSW, QMSW 2, CONJUNTO C, 16,       PARTE B-20, SETOR SUDOESTE, CEP 70680209, Brasilia/DF",5,1,marca_pessoal,(61) 9 8159-0555,celular,+5561981590555,sim,,,,marcoseugeniocn@outlook.com
0.6360,CLINICA ODONTOLOGICA METROPOLIS LTDA,08.628.103/0001-02,ME,ASA SUL,"SETOR SETOR DE GRANDES AREAS SUL QD, 607, CONJUNTO B CONSULTORIO 117, ASA SUL, CEP 70200670, Brasilia/DF",19,1,clinica_geral,(61) 3326-8967,fixo,+556133268967,,,,,
0.6360,FMS ODONTOLOGIA,25.361.396/0001-23,ME,ASA SUL,"SETOR SCS QUADRA 01 BLOCO M, 30, SALA  1.104 PARTE 008, ASA SUL, CEP 70305900, Brasilia/DF",10,1,clinica_institucional,(61) 3225-0655,fixo,+556132250655,,,,,brendo@cclcontabilidade.com.br
0.6360,SOE SERVICOS ODONTOLOGICOS ESPECIALIZADOS,18.720.909/0001-80,ME,ASA SUL,"SETOR SRTV SUL QUADRA 701 BLOCO O, 110, SALA  641 - PARTE Q       EDIF  MULTIEMPRESARIAL, ASA SUL, CEP 70340000, Brasilia/DF",13,1,clinica_institucional,(61) 3322-8359,fixo,+556133228359,,,,,
0.6360,ORAL CONCEPT,07.250.472/0001-41,ME,ASA NORTE,"QUADRA SHCN CL QUADRA 310 BLOCO E SALA, 106, EDIF  VECON CENTER, ASA NORTE, CEP 70756550, Brasilia/DF",21,1,clinica_geral,(61) 3345-8316,fixo,+556133458316,,,,,biagehre@hotmail.com
0.6360,CLINICA ODONTOLOGICA LUDMILLA MENEZES,06.695.700/0001-24,ME,ASA NORTE,"SETOR SCN SETOR COMERCIAL NORTE QUADRA 05 BLOCO A, 50, SALA  320, ASA NORTE, CEP 70715010, Brasilia/DF",22,1,clinica_geral,(61) 3340-1002,fixo,+556133401002,,(61) 3340-1001,fixo,+556133401001,
0.6360,ELO ODONTOLOGIA ESPECIALIZADA,06.987.849/0001-87,ME,ASA SUL,"SEPS EQ 710/910,  CONJUNTO D SALA 312, SN, ED. VIA BRASIL, ASA SUL, CEP 70390108, Brasilia/DF",21,1,clinica_institucional,(06) 132029960,indefinido,,,,,,intercontabil@.br.inter.net
0.6360,AGORA ODONTOLOGIA,06.017.742/0001-06,ME,SUDOESTE,"QUADRA SHC/SW CHSW BLOCOS 03/04/05 SALA 216, S/N,       PAVIMENTO SUPERIOR, SUDOESTE, CEP 70673416, Brasilia/DF",22,1,clinica_institucional,(61) 3233-5739,fixo,+556132335739,,,,,
0.6360,INVICTA ODONTOLOGIA ESPECIALIZADA,05.688.822/0001-20,ME,ASA NORTE,"QUADRA SHCGN CR QUADRA 706/707, 12, BLOCO D                   SALA  301, ASA NORTE, CEP 70740640, Brasilia/DF",23,1,clinica_institucional,(61) 3349-2403,fixo,+556133492403,,,,,invictaodonto@gmail.com
0.6360,OROS ODONTOLOGIA ESPECIALIZADA,07.473.482/0001-46,ME,ASA SUL,"QUADRA SGAS 910 CONJUNTO B BLOCO A SALAS 105, 107, EDIF  MIX PARK SUL, ASA SUL, CEP 70390108, Brasilia/DF",21,1,clinica_institucional,(61) 9 8441-9626,celular,+5561984419626,sim,(61) 9 8441-9626,celular,+5561984419626,centeco@uol.com.br
0.6355,RADIOMASTER - RADIOLOGIA ODONTOLOGICA,04.558.329/0001-23,EPP,TAGUATINGA,"QUADRA QNA 29 LOTE, 09, TAGUATINGA, CEP 72110290, Brasilia/DF",25,3,multi_unidade,(61) 3563-8686,fixo,+556135638686,,(61) 3563-8686,fixo,+556135638686,clinicaradiomaster@gmail.com
0.6355,RICARDO ATUSHI OKAZIMA ODONTOLOGIA ESPECIALIZADA,30.049.256/0001-54,DEMAIS,ASA SUL,"QUADRA SGAS 610 CONJUNTO F BLOCO 02 SALA 109, S/N, ASA SUL, CEP 70200700, Brasilia/DF",8,1,marca_pessoal,(61) 3522-4726,fixo,+556135224726,,(61) 9 9951-0450,celular,+5561999510450,drricardo@ricardookazima.com.br
0.6355,NOVA ODONTO CLINICA ODONTOLOGICA & HARMONIZACAO FACIAL,02.642.436/0001-00,ME,NUCLEO BANDEIRANTE,"AVENIDA TERCEIRA AVENIDA (COMERCIO), 430A, LOJA, NUCLEO BANDEIRANTE, CEP 71720515, Brasilia/DF",28,1,especialista_alto_ticket,(61) 3386-7372,fixo,+556133867372,,,,,novaodontodf@gmail.com
0.6355,VITTA - ODONTOLOGIA E ESTETICA,26.108.371/0001-85,ME,SETOR SUDOESTE,"QUADRA CLSW 303 BLOCO C, 47/49, SETOR SUDOESTE, CEP 70673623, Brasilia/DF",9,1,especialista_alto_ticket,(61) 9 9981-6770,celular,+5561999816770,sim,,,,vittaodontologiaestetica@gmail.com
0.6350,INSTITUTO CAMILA RICO,44.786.511/0001-56,EPP,TAGUATINGA SUL (TAGUATINGA),"QUADRA QSD 18 LOTE, 15, SALA  06/08, TAGUATINGA SUL (TAGUATINGA), CEP 72020180, Brasilia/DF",4,1,clinica_institucional,(61) 9 9999-9999,celular,+5561999999999,sim,,,,contabilidade@gmail.com
0.6350,AMBAR ODONTOLOGIA ESPECIALIZADA,47.132.179/0001-02,EPP,SAMAMBAIA SUL (SAMAMBAIA),"QUADRA QS 316 CONJUNTO 7 LOTE, 01/09, SALA  203, SAMAMBAIA SUL (SAMAMBAIA), CEP 72308527, Brasilia/DF",4,1,clinica_institucional,(61) 4141-5590,fixo,+556141415590,,,,,xxxxxxxxxxxxxx@xxxx.xxx.xx
0.6350,INSTITUTO ODONTOLOGICO ARAUJO,43.592.136/0001-40,EPP,SAMAMBAIA NORTE (SAMAMBAIA),"QUADRA QN 212 CONJUNTO G LOTE, 01, SALA  101, SAMAMBAIA NORTE (SAMAMBAIA), CEP 72316537, Brasilia/DF",4,1,clinica_institucional,(61) 4103-7553,fixo,+556141037553,,,,,instodontoaraujo@gmail.com
0.6350,DIAMOND ODONTOLOGIA E ESTETICA,56.391.565/0001-00,ME,VILA NOSSA SENHORA DE FATIMA (PLANALTINA),"QUADRA QUADRA F CONJUNTO F-1 LOTE, 15, VILA NOSSA SENHORA DE FATIMA (PLANALTINA), CEP 73340761, Brasilia/DF",2,1,especialista_alto_ticket,(61) 3489-6109,fixo,+556134896109,,(00) 0000000000,indefinido,,diamondodontoestetica@hotmail.com
0.6350,SAMIR MAMEDE ODONTOLOGIA,01.297.757/0001-51,ME,ASA SUL,"QUADRA SEPS 710/910 CONJUNTO D SALAS 206, 208 E 210, SN, EDIF  CEN CLIN VIA BRASIL, ASA SUL, CEP 70390108, Brasilia/DF",30,1,clinica_institucional,(61) 3224-8003,fixo,+556132248003,,,,,samirmamede@uol.com.br
0.6350,CLINICA DE ORTODONTIA FABIOLA BAFUTTO LTDA,01.444.625/0001-05,ME,ASA NORTE,"SRTN QD 701 CONJ C, 124, SALA 809 ALA A CEN, ASA NORTE, CEP 70310500, Brasilia/DF",29,1,especialista_alto_ticket,,,,,,,,
0.6350,ORTHOMASTER ODONTOLOGIA INTEGRADA,00.710.202/0001-27,ME,ASA NORTE,"SDN  CONJUNTO A, SN, SALA 6029, ASA NORTE, CEP 73350161, Brasilia/DF",43,1,especialista_alto_ticket,,,,,,,,
0.6345,ODONTOSHOP SAMAMBAIA,18.735.296/0001-54,DEMAIS,SAMAMBAIA NORTE,"QUADRA QS, 412,       CONJUNTO A                LOTE 02                   SALA 101, 102, 103        104, 105 - 1. ANDAR, SAMAMBAIA NORTE, CEP 72320551, Brasilia/DF",13,1,clinica_geral,(61) 9 9925-5055,celular,+5561999255055,sim,,,,leonardosmaximo@hotmail.com
0.6345,IANARA PINHO - ODONTOLOGIA,36.350.404/0001-52,DEMAIS,ASA SUL,"QUADRA SGAS QD 616 CONJUNTO A, BLOCO B, EDIF. LINEA VITTA, S/N,       PARTE LOJAS 5/6/7, ASA SUL, CEP 70200760, Brasilia/DF",6,1,clinica_geral,(61) 3043-0043,fixo,+556130430043,,,,,contratos@arbrent.com.br
0.6345,MAURICIO ALVES CLINICA,35.094.642/0001-81,EPP,ASA SUL,"QUADRA SHS QUADRA 6 CONJUNTO A BLOCO E SALAS, 1002,       1003 E 1004, ASA SUL, CEP 70316000, Brasilia/DF",6,1,marca_pessoal,(61) 9 9573-4310,celular,+5561995734310,sim,,,,drmauricioalvess@gmail.com
0.6345,ADRIANE AMORIM ORTODONTIA,44.759.065/0001-90,ME,NORTE (AGUAS CLARAS),"RUA COPAIBA LOTE, 01,       TORRE A             SALA  217, NORTE (AGUAS CLARAS), CEP 71919900, Brasilia/DF",4,1,especialista_alto_ticket,(61) 3351-2003,fixo,+556133512003,,(61) 9 8473-2005,celular,+5561984732005,adrianeamorimortodontia@gmail.com
0.6345,GABRIELLA GONZAGA HARMONIZACAO FACIAL E ESTETICA,49.856.935/0001-63,ME,ASA SUL,"QUADRA SGAS 902 CONJUNTO B ENTRADA B SALA, 101,       EDIFICIO ATHENAS, ASA SUL, CEP 70390020, Brasilia/DF",3,1,especialista_alto_ticket,(61) 9 8605-9790,celular,+5561986059790,sim,,,,gabiaraujo2@hotmail.com
0.6345,OCCLUSE ODONTOLOGIA E ESTETICA FACIAL,49.405.918/0001-00,ME,SUL (AGUAS CLARAS),"RUA 25 SUL LOTE, 30, BLOCO C LOJA 107, SUL (AGUAS CLARAS), CEP 71927180, Brasilia/DF",3,1,especialista_alto_ticket,(61) 9 8294-7372,celular,+5561982947372,sim,,,,drerickrabelo@gmail.com
0.6345,LEALTA ODONTOLOGIA E ESTETICA AVANCADA,45.381.155/0001-53,ME,SUL (AGUAS CLARAS),"AVENIDA PAU BRASIL LOTE, 10,       SALA 1021, SUL (AGUAS CLARAS), CEP 71926000, Brasilia/DF",4,1,especialista_alto_ticket,(61) 9 9147-5555,celular,+5561991475555,sim,,,,drabrendaleal@gmail.com
0.6345,SANTE CLINIC,47.306.947/0001-99,ME,NORTE (AGUAS CLARAS),"RUA COPAIBA LOTE, 01,       TORRE A             SALA  703, NORTE (AGUAS CLARAS), CEP 71919540, Brasilia/DF",4,1,especialista_alto_ticket,(61) 9 8318-8565,celular,+5561983188565,sim,,,,estetica.alins@gmail.com
0.6340,CAVO CENTRO AVANCADO DE ODOTOLOGIA LTDA,04.679.291/0001-47,ME,ASA SUL,"SETOR SRTVS QUADRA 701 CONJUNTO D BLOCO C SALAS 233 E, 235, ASA SUL, CEP 70340907, Brasilia/DF",24,1,clinica_institucional,(61) 9 9963-6664,celular,+5561999636664,sim,,,,constar@chapnet.com.br
0.6340,C.I.N.N.,08.267.596/0001-00,ME,ASA NORTE,"SETOR SBN QUADRA 02 BLOCO H, N 02 SALA, 704, EDIF  CENTRAL BRASILIA, ASA NORTE, CEP 70040904, Brasilia/DF",20,1,clinica_geral,(61) 3326-5814,fixo,+556133265814,,,,,odontocinn@gmail.com
0.6340,JOLIE STUDIO ODONTOLOGICO,23.828.755/0001-84,ME,SETOR SUDOESTE,"SETOR CLSW 302 BLOCO C, 127, SALA                      PAVMTOSUPERIOR, SETOR SUDOESTE, CEP 70673613, Brasilia/DF",10,1,clinica_geral,(61) 3042-9595,fixo,+556130429595,,(61) 9 8422-0706,celular,+5561984220706,michele.psales@gmail.com
0.6340,WRC ODONTOLOGIA,15.639.110/0001-75,ME,ASA SUL,"SETOR SCS QUADRA 1 BLOCO E LOTE 30, 30, SALA: 701;, ASA SUL, CEP 70303900, Brasilia/DF",14,1,clinica_geral,(61) 3394-8062,fixo,+556133948062,,,,,
0.6335,CARE ODONTOLOGIA HOSPITALAR E DOMICILIAR,22.013.946/0001-25,DEMAIS,SETOR DE HABITACOES INDIVIDUAIS SUL,"SETOR SHIS QL 2 CONJUNTO 2, SN, CASA  09, SETOR DE HABITACOES INDIVIDUAIS SUL, CEP 71610025, Brasilia/DF",11,1,clinica_geral,(61) 9 8273-3777,celular,+5561982733777,sim,,,,carina_veiga@hotmail.com
0.6330,BS CLINICA ODONTOLOGICA,33.667.649/0001-10,EPP,SOBRADINHO,"QUADRA CENTRAL BLOCO 12 NUMERO LOTE, 12, APT   102, SOBRADINHO, CEP 73010522, Brasilia/DF",7,1,clinica_geral,(61) 3387-0401,fixo,+556133870401,,,,,odontojuniordf@gmail.com
0.6330,ODONTO FLASH,14.200.697/0001-59,ME,ASA SUL,"QUADRA SHCS CR 509, BLOCO B, SALA, 101,       PELA W3, ASA SUL, CEP 70360520, Brasilia/DF",15,1,clinica_geral,(61) 3244-8226,fixo,+556132448226,,,,,
0.6330,ORTODONTIC,27.975.631/0001-82,ME,GAMA,"QUADRA QUADRA 1 LOTE 02 SALA, 01, SETOR SUL COMERCIAL, GAMA, CEP 72410100, Brasilia/DF",9,1,especialista_alto_ticket,(61) 3877-0904,fixo,+556138770904,,(61) 9 8316-7887,celular,+5561983167887,fsm.odonto@gmail.com
0.6325,SORRIA TAGUATINGA-AQUI TEM DENTISTAS,10.955.886/0001-80,DEMAIS,TAGUATINGA CENTRO (TAGUATINGA),"QUADRA C 8 LOTE, 04, SALA  102 E 201, TAGUATINGA CENTRO (TAGUATINGA), CEP 72010080, Brasilia/DF",17,1,clinica_geral,(61) 3351-3470,fixo,+556133513470,,,,,
0.6325,ODONTO +,09.415.739/0001-39,ME,SAMAMBAIA,"QUADRA QN 314, CONJUNTO 01, LOTE 02, SN, SALA  101,102,103 E 104, SAMAMBAIA, CEP 72308201, Brasilia/DF",18,1,clinica_geral,(61) 3203-3481,fixo,+556132033481,,(61) 3203-3481,fixo,+556132033481,
0.6325,LA VIE CLINICA ODONTOLOGICA LTDA,24.259.221/0001-47,ME,SOBRADINHO,"QUADRA CENTRAL SETOR HOTELEIRO BLOCO, 03, SALA  109, SOBRADINHO, CEP 73010533, Brasilia/DF",10,1,clinica_geral,(61) 9 9112-8565,celular,+5561991128565,sim,,,,dra.laralima@gmail.com
0.6325,ODONTOBSB,21.024.032/0001-05,ME,TAGUATINGA SUL,"QUADRA CSB, 02, LOTE  01, 02, 03 E 04     SALA  921                       TORRE B                   ED ALAMEDA TOWER, TAGUATINGA SUL, CEP 72015901, Brasilia/DF",11,1,clinica_geral,(61) 3562-9861,fixo,+556135629861,,(61) 9 9907-8761,celular,+5561999078761,espaco.ondontolife@gmail.com
0.6325,CVO - CLINICA VIDA ODONTOLOGICA,17.018.594/0001-60,ME,SOBRADINHO,"QUADRA 04 AREA RESERVADA 02 LOJA, 2 E 3, SOBRADINHO, CEP 73025040, Brasilia/DF",13,1,clinica_geral,(61) 3879-8709,fixo,+556138798709,,,,,
0.6320,ODONTO STAR,40.552.600/0001-87,EPP,RECANTO DAS EMAS,"QUADRA AVENIDA RECANDO DAS EMAS COMERCIO LOCAL QUADRA, 105, LOTE  18, RECANTO DAS EMAS, CEP 72601119, Brasilia/DF",5,1,clinica_geral,(61) 9 9687-4720,celular,+5561996874720,sim,,,,sophia.ald@hotmail.com
0.6320,DO LAGO ODONTOLOGIA ESPECIALIZADA,32.488.081/0001-07,EPP,SETOR RESIDENCIAL OESTE (SAO SEBASTIAO),"QUADRA 201 CONJUNTO 01, S/N, LOTE  11                  SALA  102, SETOR RESIDENCIAL OESTE (SAO SEBASTIAO), CEP 71692401, Brasilia/DF",7,1,clinica_institucional,(61) 9 9881-5555,celular,+5561998815555,sim,,,,dolagoodontologia@gmail.com
0.6320,RENOVARI ODONTOLOGIA E ESTETICA FACIAL,28.368.995/0001-67,ME,CEILANDIA NORTE (CEILANDIA),"QUADRA EQNO 9/11 BLOCO D LOTES 01 A, 06, LOJA  02 E                SALA  02, CEILANDIA NORTE (CEILANDIA), CEP 72252504, Brasilia/DF",9,1,especialista_alto_ticket,(61) 9 9663-1647,celular,+5561996631647,sim,,,,fredericorodger@gmail.com
0.6320,CLINICA ODONTOLOGICA LODDER LTDA,05.038.368/0001-62,ME,ASA SUL,"SCS QUADRA 01 BLOCO C, 30, SALA 409, ASA SUL, CEP 70395900, Brasilia/DF",24,1,clinica_geral,(61) 612265212,indefinido,,,,,,
0.6320,CLINICA ODONTOLOGICA SAUDE UNIVERSAL LTDA,06.108.965/0001-89,ME,ASA SUL,"SETOR SDS BLOCO D ENTRADA 26 1 SUBSOLO SALAS 75 E 81, SN, ASA SUL, CEP 70392901, Brasilia/DF",22,1,clinica_geral,(61) 3224-9892,fixo,+556132249892,,,,,castro-mariana@hotmail.com
0.6315,CLINICA ODONTOLOGICA VIDA,13.461.014/0001-54,DEMAIS,SETOR NORTE BRAZLANDIA,"QUADRA QUADRA 4, 102, LOTE  25                  SALA  101 E, SETOR NORTE BRAZLANDIA, CEP 72710040, Brasilia/DF",15,1,clinica_geral,(61) 3391-5580,fixo,+556133915580,,,,,pessoal.porto@gmail.com
0.6315,ODONTO+,09.001.695/0001-09,DEMAIS,SANTA MARIA,"AVENIDA ALAGADOS QUADRA CL 214 LOTE C, 2, SALA  101 A 103, SANTA MARIA, CEP 72544223, Brasilia/DF",19,1,clinica_geral,(61) 3394-3906,fixo,+556133943906,,,,,cfodontomais@gmail.com
0.6315,NERY ODONTOLOGIA E ESTETICA,07.018.768/0001-31,ME,SANTA MARIA,"QR 316 CONJUNTO O LOTE 30 APARTAMENTO, 101, SANTA MARIA, CEP 72546615, Brasilia/DF",21,1,especialista_alto_ticket,,,,,,,,
0.6315,OROFACIAL,04.303.737/0001-34,ME,GUARA,"SIA TRECHO 3/4 LOTE 615/695 BLOCO A SALA, 118, ST IND E ABAST, GUARA, CEP 71200030, Brasilia/DF",25,1,clinica_geral,(06) 1381-6881,fixo,+550613816881,,,,,
0.6310,CLINICA ODONTO BRUNA GONTIJO,49.194.204/0001-08,DEMAIS,SETOR RESIDENCIAL LESTE (PLANALTINA),"QUADRA 4 CONJUNTO H LOTE, 60, SALA  101 102 E 103, SETOR RESIDENCIAL LESTE (PLANALTINA), CEP 73360408, Brasilia/DF",3,1,clinica_geral,(21) 9 7241-9202,celular,+5521972419202,sim,,,,camillaalmeidavet@gmail.com
0.6310,CARIE ZERO CLINICA ODONTOLOGICA LTDA,03.383.132/0001-38,ME,SUDOESTE,"SHC/SW CLSW 304 BL C LOJA 80, S/N, SALA 42, SUDOESTE, CEP 70673633, Brasilia/DF",26,1,clinica_geral,,,,,,,,
0.6310,CEOSS CENTRO ESPECIALIZADO ODONTOLOGICO,04.183.229/0001-60,ME,ASA NORTE,"SETOR SDN CONJUNTO A, S/N, SALA  6037, ASA NORTE, CEP 70077900, Brasilia/DF",25,1,clinica_institucional,(61) 3326-1482,fixo,+556133261482,,,,,ceoss.adm@gmail.com
0.6305,CIOB - CLINICA INTEGRADA DE ODONTOLOGIA DE BRASILIA,22.543.491/0001-50,DEMAIS,TAGUATINGA CENTRO (TAGUATINGA),"QUADRA CSB 2 LOTES 1/4, S/N,       TORRE B             SALA  126 E 128, TAGUATINGA CENTRO (TAGUATINGA), CEP 72015901, Brasilia/DF",11,1,clinica_geral,(61) 3044-6060,fixo,+556130446060,,,,,
0.6305,SAUDE BRASIL,14.241.551/0001-51,DEMAIS,TAGUATINGA,"QUADRA C 12 LOTE 11/12 BLOCO J SALA 202 2 ANDAR, S/N, TAGUATINGA, CEP 72010120, Brasilia/DF",14,1,clinica_institucional,(61) 3043-0003,fixo,+556130430003,,(61) 3043-0004,fixo,+556130430004,arbrent@terra.com.br
0.6305,REDE ODONTO,16.785.783/0001-04,DEMAIS,TAGUATINGA,"SETOR CSB 02 LOTES 01/02/03/04 SALAS 317, 318, 319, 320, 321 E 322, SN,       TORRE B, TAGUATINGA, CEP 72015901, Brasilia/DF",14,1,clinica_geral,(61) 3563-1339,fixo,+556135631339,,,,,
0.6305,INSTITUTO IKARIA B & H LTDA,58.073.984/0001-10,DEMAIS,ASA SUL,"SETOR SRTVS, S/N, QUADRA701                 BLOCO O                   SALA  427, ASA SUL, CEP 70340000, Brasilia/DF",1,1,clinica_institucional,(11) 5068-6011,fixo,+551150686011,,(00) 0000000000,indefinido,,caiorhernandez@hotmail.com
0.6305,CLINICA ODONTOLOGICA DRA PATRICIA ROSA,47.624.769/0001-44,EPP,ASA NORTE,"QUADRA SGAN 608 CONJUNTO A PARTE, SN, ASA NORTE, CEP 70830351, Brasilia/DF",4,1,clinica_geral,(61) 9 9131-6596,celular,+5561991316596,sim,,,,dra.patriciarosa@gmail.com
0.6305,CLINICA DRA VIVIAN AZEVEDO,52.660.540/0001-03,EPP,ASA NORTE,"QUADRA SGAN 607, S/N, CONJ  A                   BLOCO A                         CONSULTORIO 116     EDIF  MEDICAL CENTER, ASA NORTE, CEP 70830301, Brasilia/DF",2,1,clinica_geral,(61) 9 9975-3023,celular,+5561999753023,sim,(00) 0000000000,indefinido,,vivianodonto@gmail.com
0.6300,SIGA ODONTOLOGIA CONJUNTO,11.286.722/0001-70,ME,ASA SUL,"QUADRA SCS QUADRA 07 BLOCO A, 100, SALA  912 PARTE A, ASA SUL, CEP 70307901, Brasilia/DF",16,1,clinica_geral,(61) 3964-3434,fixo,+556139643434,,,,,patio@sigaodontologia.com.br
0.6300,CDF ODONTUS,05.434.096/0001-10,ME,ASA SUL,"SETOR DE GRANDES AREAS SUL QUADRA 915 CONJ. B BLOCO C SALAS, 8 E 9, SUBSL ED. OFFICE CENTER, ASA SUL, CEP 70390150, Brasilia/DF",23,1,clinica_geral,(61) 3326-3418,fixo,+556133263418,,(61) 3328-4483,fixo,+556133284483,maruzan.alves@sancontadores.com.br
0.6300,VIDA ODONDOLOGIA,09.021.868/0001-42,ME,ASA SUL,"SETOR SEUPS EQ 709/909 CONJ F CONSULTORIO 408, S/N, ASA SUL, CEP 70390095, Brasilia/DF",19,1,clinica_geral,(61) 3443-1235,fixo,+556134431235,,(61) 9 9967-0993,celular,+5561999670993,nbn@superig.com.br
0.6300,SEMPRE AMIGO ODONTO,08.298.204/0001-62,ME,ASA NORTE,"SETOR SDN (SETOR DE DIVERSOES NORTE) CONJUNTO A SALA, 6005, ASA NORTE, CEP 70077000, Brasilia/DF",19,1,clinica_geral,(61) 3970-2461,fixo,+556139702461,,,,,sempreamigoodonto@gmail.com
0.6300,ODONTO CLINICA GISELE LIMA,06.098.175/0001-60,ME,ASA NORTE,"SETOR SRTVN QUADRA 701 CONJUNTO C, 124, SALA  431 ALA B                 CONSULTORIO 02, ASA NORTE, CEP 70719030, Brasilia/DF",22,1,clinica_geral,(61) 9 9645-3534,celular,+5561996453534,sim,(61) 9 9674-1580,celular,+5561996741580,giseleolima@gmail.com
0.6300,ESTACAO DO DENTE,09.367.267/0001-96,ME,ASA NORTE,"QUADRA SRTVN QUADRA 701 CONJUNTO C, LT 24, SALA  423                       ALA B, ASA NORTE, CEP 70719030, Brasilia/DF",18,1,clinica_geral,(61) 3034-0754,fixo,+556130340754,,,,,
0.6295,ODONTOVIDA,10.468.398/0001-49,EPP,PARANOA,"QUADRA 27 CONJUNTO 19 LOTE, 08, SALA  101,102, PARANOA, CEP 71572700, Brasilia/DF",17,1,clinica_institucional,(61) 3311-0404,fixo,+556133110404,,,,,
0.6290,BIOMICS,04.254.178/0001-10,ME,ASA NORTE,"SETOR STN CONJUNTO O, 30,       CONSULTORIO 156 158 EDIF  LIFE CENTER, ASA NORTE, CEP 70770100, Brasilia/DF",25,1,clinica_geral,(61) 3273-1616,fixo,+556132731616,,,,,denisedib@yahoo.com.br
0.6285,DIAGNOSE ODONTOLOGIA INTEGRADA,43.678.292/0001-29,EPP,ASA SUL,"QUADRA 7 BLOCO A SALA, 1314, SETOR COMERCIAL SUL             PATIO BRASIL, ASA SUL, CEP 70307902, Brasilia/DF",4,1,clinica_geral,(61) 9 9258-4854,celular,+5561992584854,sim,,,,luzcon.contabilidade@gmail.com
0.6285,ODONTO URZEDA,45.674.409/0001-21,EPP,NORTE (AGUAS CLARAS),"RUA COPAIBA LOTE, 01,       TORRE A                   SALA 606 E 608, NORTE (AGUAS CLARAS), CEP 71919540, Brasilia/DF",4,1,clinica_geral,(61) 9 8142-1551,celular,+5561981421551,sim,,,,dracarolurzeda@gmail.com
0.6285,ODONTOMIX,18.719.573/0001-35,DEMAIS,TAGUATINGA,"QUADRA C 01 LOTE 01 / 12 SALA, 809, EDIF  TAG. TRADE CENTER, TAGUATINGA, CEP 72010010, Brasilia/DF",13,2,multi_unidade,(61) 9 9283-6049,celular,+5561992836049,sim,(61) 9 8587-5147,celular,+5561985875147,
0.6285,CLINICA DENTARIA NOVA,13.294.071/0001-96,ME,TAGUATINGA NORTE (TAGUATINGA),"QUADRA QNC 8, S/N, LOTE  30                  SALA  105, TAGUATINGA NORTE (TAGUATINGA), CEP 72115580, Brasilia/DF",15,1,clinica_institucional,(61) 3022-5445,fixo,+556130225445,,,,,
0.6285,JGP CLINICA ODONTOLOGICA E SAUDE INTEGRADA,08.687.093/0001-86,ME,GAMA,"SETOR SETOR CENTRAL AE LESTE LT 24, S/N, BLOCO B                   SALA  309 E 311           EDIF  ORION OFFICE MALL, GAMA, CEP 72405135, Brasilia/DF",19,1,clinica_geral,(61) 9 8623-4430,celular,+5561986234430,sim,,,,jgpclinica@gmail.com
0.6285,FB ORTODONTIA LTDA,43.039.867/0001-63,ME,SETOR DE MANSOES DOM BOSCO (LAGO SUL),"CONJUNTO SMDB CONJUNTO 32, CASA B, LOTE  01, SETOR DE MANSOES DOM BOSCO (LAGO SUL), CEP 71680320, Brasilia/DF",5,1,especialista_alto_ticket,(61) 3036-1137,fixo,+556130361137,,,,,fernandaafigueira@gmail.com
0.6280,VITADENT,10.483.257/0001-03,ME,ASA SUL,"SETOR SEP/SUL ENTRE QUADRA 710/910 CONJ D SALA 527, S/N, ANDAR QUINTO ANDAR, ASA SUL, CEP 70330700, Brasilia/DF",17,1,clinica_geral,(61) 3233-2586,fixo,+556132332586,,(61) 9 9982-0586,celular,+5561999820586,jcbr@brturbo.com.br
0.6275,ODONTO FAMILIA,02.234.356/0001-15,ME,NUCLEO BANDEIRANTE,"AVENIDA CENTRAL LOTE, 808, LOJA  01                  SALA  01, 02 E 03, NUCLEO BANDEIRANTE, CEP 71710540, Brasilia/DF",28,1,clinica_geral,(61) 3022-0407,fixo,+556130220407,,,,,odontofamilianbbs@gmail.com
0.6275,RENNOVE CLINICA,07.664.116/0001-74,ME,CEILANDIA CENTRO (CEILANDIA),"QUADRA CNM 2 LOTE B SALA, 108, CEILANDIA CENTRO (CEILANDIA), CEP 72210502, Brasilia/DF",20,1,clinica_geral,(61) 9 8456-0326,celular,+5561984560326,sim,,,,alexandrefontes35@hotmail.com
0.6270,NAOS - ODONTOLOGIA,39.790.122/0001-64,EPP,TAGUATINGA NORTE (TAGUATINGA),"QUADRA QNA 16 LOTE, 13, LOJA  01, TAGUATINGA NORTE (TAGUATINGA), CEP 72110160, Brasilia/DF",5,1,clinica_geral,(61) 9 8218-1764,celular,+5561982181764,sim,,,,naosodontologia@gmail.com
0.6270,ESSENCIAL ODONTOLOGIA LTDA,39.410.970/0001-09,EPP,TAGUATINGA NORTE (TAGUATINGA),"QUADRA CNB 1 LOTE, 06/07, SALA  218, TAGUATINGA NORTE (TAGUATINGA), CEP 72115015, Brasilia/DF",5,1,clinica_geral,(61) 3042-0579,fixo,+556130420579,,,,,atendimento@soort.com.br
0.6270,DR. ARTHUR ARAUJO,40.713.761/0001-05,EPP,TAGUATINGA NORTE (TAGUATINGA),"QUADRA QND, 14, LOTE  16                  SALA  104                       PARTE M, TAGUATINGA NORTE (TAGUATINGA), CEP 72120140, Brasilia/DF",5,1,marca_pessoal,(61) 9 8168-1059,celular,+5561981681059,sim,,,,arthur87araujo@gmail.com
0.6260,MOSCATI ODONTOLOGIA LTDA,25.270.926/0001-28,ME,ASA NORTE,"SETOR SDN CONJUNTO A SALA 6060/6064, 6060, ASA NORTE, CEP 70077900, Brasilia/DF",10,1,clinica_geral,(61) 3045-0606,fixo,+556130450606,,,,,contato@moscati.odo.br
0.6260,PERFIL FACE ODONTOLOGIA,20.745.466/0001-23,ME,ASA NORTE,"SETOR SDN (SETOR DE DIVERSOES NORTE), SN, CONJ  A                   BLOCO UNICO               SALA  6022, ASA NORTE, CEP 70077000, Brasilia/DF",12,1,clinica_geral,(61) 9 8157-2309,celular,+5561981572309,sim,,,,tiagopassos@hotmail.com
0.6260,CLINICA DO SORRISO,23.548.481/0001-70,ME,SETOR HABITACIONAL VICENTE PIRES,"RUA RUA 4A CHACARA 108, 05, LOTE  10                  LOJA  05, SETOR HABITACIONAL VICENTE PIRES, CEP 72006238, Brasilia/DF",10,1,clinica_institucional,(61) 4101-8229,fixo,+556141018229,,,,,danielajerke@hotmail.com
0.6260,ARAUJO FALCAO ODONTOLOGIA,17.269.885/0001-21,ME,ASA NORTE,"QUADRA SMHN QUADRA 02, SN, BLOCO C                   SALA  1010, ASA NORTE, CEP 70710140, Brasilia/DF",14,1,clinica_geral,(61) 9 9993-7149,celular,+5561999937149,sim,,,,inoveodonto1994@gmail.com
0.6260,QUATTRO ODONTOLOGIA,17.370.372/0001-02,ME,AGUAS CLARAS,"AVENIDA AVENIDA JEQUITIBA LT 685, S/N, LOJA  1A - TERREO, AGUAS CLARAS, CEP 71929540, Brasilia/DF",13,1,clinica_geral,(61) 9 9822-6682,celular,+5561998226682,sim,,,,quattro.odonto@gmail.com
0.6260,SPECIALE ODONTOLOGIA,21.388.188/0001-67,ME,AGUAS CLARAS,"AVENIDA FLAMBOYANT LOTE, 24, LOJA  04 - TERREO, AGUAS CLARAS, CEP 71917000, Brasilia/DF",11,1,clinica_geral,(61) 3326-3005,fixo,+556133263005,,,,,
0.6260,CENTRO DE REABILITACAO ORAL TANIA MAGALHAES,05.814.142/0001-06,ME,ASA SUL,"SEP/SUL EQ 714/914 CONJUNTO E, S/N, SALA 314, ASA SUL, CEP 70390145, Brasilia/DF",23,1,clinica_institucional,(61) 3202-5322,fixo,+556132025322,,,,,
0.6260,HUMANIZARE,05.298.529/0001-57,ME,SETOR SUDOESTE,"QUADRA CLSW 105 BLOCO B, S/N, SALA  148 E 150           EDIF  PLATINUM MALL, SETOR SUDOESTE, CEP 70670432, Brasilia/DF",23,1,clinica_geral,(61) 3344-6465,fixo,+556133446465,,,,,
0.6250,ODONTOCLINICA DINIZ MACHADO S/S LTDA,01.397.722/0001-94,ME,ASA NORTE,"QUADRA SCN QUADRA 1 BLOCO F, 79, SALA  417 E 418           EDIF  AMERICA OFFICE TOWER, ASA NORTE, CEP 70711905, Brasilia/DF",30,1,clinica_geral,(61) 3327-1617,fixo,+556133271617,,,,,
0.6250,ODONTOMAXX,14.861.836/0001-95,ME,ASA SUL,"QUADRA SEPS ENTREQUADRA 714/914 CONJUNTO C, 30, SALA  313, ASA SUL, CEP 70390145, Brasilia/DF",14,1,clinica_geral,(61) 3347-9867,fixo,+556133479867,,(61) 9 9248-3116,celular,+5561992483116,
0.6250,GUIMARAES ODONTOLOGIA E ESTETICA,28.889.953/0001-71,ME,GAMA,"SETOR SETOR SUL Q 1 CJ G LT 7, S/N, GAMA, CEP 72410107, Brasilia/DF",8,1,especialista_alto_ticket,(61) 3385-5131,fixo,+556133855131,,,,,alcides.gfilho@gmail.com
0.6250,CLINICA ODONTOLOGICA E ESTETICA ESSENCE,30.978.823/0001-57,ME,JARDIM RORIZ (PLANALTINA),"QUADRA 04 CONJUNTO 4K LOTE 02 LOJA 01/02, S/N, JARDIM RORIZ (PLANALTINA), CEP 73340403, Brasilia/DF",8,1,especialista_alto_ticket,(61) 3308-2266,fixo,+556133082266,,,,,
0.6250,ORTHON LINE,41.364.558/0001-33,ME,SETOR LESTE (GAMA),"QUADRA 24, SN, LOTE  02                  SALA  103 104 E 105, SETOR LESTE (GAMA), CEP 72460240, Brasilia/DF",5,1,especialista_alto_ticket,(61) 9 9832-6019,celular,+5561998326019,sim,(61) 3202-3988,fixo,+556132023988,contabilassessoria@globo.com
0.6250,VIDA ODONTOLOGIA,37.165.467/0001-00,ME,TAGUATINGA SUL (TAGUATINGA),"QUADRA QSC 18 LOTE, 27, LOJA  03 PARTE A, TAGUATINGA SUL (TAGUATINGA), CEP 72016180, Brasilia/DF",6,1,especialista_alto_ticket,(61) 9 8586-4050,celular,+5561985864050,sim,,,,
0.6250,FACE A FACE ODONTOLOGIA E ORTODONTIA INTEGRADA,30.132.645/0001-49,ME,SAMAMBAIA NORTE (SAMAMBAIA),"QUADRA QI 416 CONJUNTO M LOTE, 02, SALA  211, SAMAMBAIA NORTE (SAMAMBAIA), CEP 72320323, Brasilia/DF",8,1,especialista_alto_ticket,(61) 3039-5656,fixo,+556130395656,,,,,
0.6250,CENTRO ODONTOLOGICO IMPLANTAR,34.386.111/0001-08,ME,SAMAMBAIA SUL (SAMAMBAIA),"QUADRA QN 320 CONJUNTO 3 LOTE, 08, SALA  102, SAMAMBAIA SUL (SAMAMBAIA), CEP 72310003, Brasilia/DF",7,1,especialista_alto_ticket,(61) 3357-7598,fixo,+556133577598,,,,,fernandoimplantar@gmail.com
0.6250,ORTHOLIKE SAMAMBAIA,41.532.587/0001-67,ME,SAMAMBAIA SUL (SAMAMBAIA),"QUADRA QS 110 CONJUNTO 6, 4/5, LOJA  03, SAMAMBAIA SUL (SAMAMBAIA), CEP 72302536, Brasilia/DF",5,1,especialista_alto_ticket,(61) 9 9951-1917,celular,+5561999511917,sim,,,,ortholikesamambaia@gmail.com
0.6245,BS CLINIC,46.345.086/0001-95,EPP,ASA NORTE,"QUADRA SMHN QUADRA 2 BLOCO B CONSULTORIO 1305, 1306, EDIF  CLEO OCTAVIO, ASA NORTE, CEP 70710146, Brasilia/DF",4,1,clinica_geral,(61) 3548-7732,fixo,+556135487732,,(00) 0000000000,indefinido,,bs.odontologiaeesteticafacial@hotmail.com
0.6245,INSTITUTO MR CIRURGIA E TRAUMATOLOGIA BUCOMAXILOFACIAL,41.815.869/0001-71,ME,ASA SUL,"SETOR SHLS CENTRO CLINICO SUL, S/N, QUADRA716                 CONJ  L                   BLOCO 2                   SALA  222, ASA SUL, CEP 70390700, Brasilia/DF",5,1,clinica_institucional,(88) 9 9924-7057,celular,+5588999247057,sim,,,,somacontabilidade2022@gmail.com
0.6245,LUNA ODONTOLOGIA ESPECIALIZADA,29.590.827/0001-84,ME,NORTE (AGUAS CLARAS),"RUA 5 NORTE LOTE, 03, SALA  413, NORTE (AGUAS CLARAS), CEP 71907720, Brasilia/DF",8,1,clinica_institucional,(61) 3353-0153,fixo,+556133530153,,,,,lunaodontodf@gmail.com
0.6245,ODONTO HOME HOSPITALAR,38.297.490/0001-02,ME,ASA SUL,"QUADRA SGAS 613 CONJUNTO C, SN,       PRIMEIRO SUBSOLO    BLOCO C                         PARTE               SALA  01, ASA SUL, CEP 70200730, Brasilia/DF",5,1,clinica_institucional,(61) 3878-2736,fixo,+556138782736,,,,,odontohome2021@gmail.com
0.6245,SALUTI ODONTOLOGIA,37.980.267/0001-00,ME,ASA SUL,"SETOR SGAS QUADRA 910 CONJUNTO B BLOCO E SALA, 47, ASA SUL, CEP 70390100, Brasilia/DF",6,1,clinica_institucional,(61) 9 9269-3700,celular,+5561992693700,sim,,,,financeirodrgotardo@gmail.com
0.6245,INSTITUTO PAOLA GONZALES,16.815.168/0001-95,ME,SETOR LESTE (GAMA),"QUADRA 44 LOTE, 59, SETOR LESTE (GAMA), CEP 72440440, Brasilia/DF",14,1,clinica_institucional,(61) 9 9563-7522,celular,+5561995637522,sim,,,,ipgclinica@gmail.com
0.6245,PERON CLINICA ODONTOLOGICA,23.825.022/0001-96,ME,TAGUATINGA NORTE (TAGUATINGA),"QUADRA QND 19 LOTE, 02, SALA  101                 EDIF  LISBOA, TAGUATINGA NORTE (TAGUATINGA), CEP 72120190, Brasilia/DF",10,1,clinica_geral,(61) 3042-6533,fixo,+556130426533,,,,,norep.odontologia@gmail.com
0.6245,REABILITAR ODONTOMASTER,22.767.275/0001-98,ME,NUCLEO BANDEIRANTE,"AVENIDA TERCEIRA AVENIDA AREA ESPECIAL 2, SN, LOTE  K/L/M/N             EDIF  MULTISHOPPING       LOJA  49, NUCLEO BANDEIRANTE, CEP 71720585, Brasilia/DF",11,1,clinica_institucional,(61) 9 8484-3476,celular,+5561984843476,sim,,,,odontomaster10@hotmail.com
0.6245,FELIZARDO INSTITUTO ODONTOLOGICO,05.490.365/0001-65,ME,GUARA I,"QUADRA QE 11 AREA ESPECIAL L, SN, SALA  219 E 220, GUARA I, CEP 71020721, Brasilia/DF",23,1,clinica_institucional,(61) 3383-4729,fixo,+556133834729,,(61) 3967-1729,fixo,+556139671729,clinicafelizardo@gmail.com
0.6245,ODONTOLIFE CLINICA ODONTOLOGICA,08.172.962/0001-30,ME,GAMA,"SETOR S CENTRAL QUADRA 30 COMERCIO LOCAL CENTRAL, 52, SALA 101 1ANDAR, GAMA, CEP 72405300, Brasilia/DF",20,1,clinica_geral,(61) 3484-7200,fixo,+556134847200,,,,,
0.6245,CLINICA ODONTOLOGICA ORAL ARTE,07.008.340/0001-08,ME,TAGUATINGA,"C.S.B 02  LOTES 1/4 SALA, 709, TORRE A ALAMEDA TOWER, TAGUATINGA, CEP 72015525, Brasilia/DF",21,1,clinica_geral,(61) 613518865,indefinido,,,,,,
0.6245,PS DENTARIO,10.926.727/0001-58,ME,PLANALTINA,"QUADRA 03 CONJUNTO J LOTE, 41, SALA  01 02 SRL, PLANALTINA, CEP 73350310, Brasilia/DF",17,1,clinica_geral,(61) 3389-6162,fixo,+556133896162,,,,,
0.6240,ARTCLIN ODONTOLOGIA E ESTETICA,36.644.531/0001-64,ME,ARAPOANGA (PLANALTINA),"QUADRA 1E CONJUNTO A LOTE, 04, LOJA  01, ARAPOANGA (PLANALTINA), CEP 73368420, Brasilia/DF",6,1,especialista_alto_ticket,(61) 9 9431-7998,celular,+5561994317998,sim,,,,matheus-11-alves@hotmail.com
0.6230,MOURA E MOURA ODONTOLOGIA LTDA,28.558.540/0001-04,DEMAIS,SAMAMBAIA NORTE (SAMAMBAIA),"QUADRA QN 210 CONJUNTO C LOTE 02 LOJA, 02, SAMAMBAIA NORTE (SAMAMBAIA), CEP 72316523, Brasilia/DF",8,1,clinica_geral,(61) 3357-6304,fixo,+556133576304,,,,,christianocmoura@hotmail.com
0.6230,ORTHO CLINICA BRASILIA,49.907.093/0001-21,ME,SETOR TRADICIONAL (PLANALTINA),"AVENIDA INDEPENDENCIA QUADRA 65 LOTE, 15, LOJA  1B, SETOR TRADICIONAL (PLANALTINA), CEP 73330004, Brasilia/DF",3,1,especialista_alto_ticket,(61) 3388-6770,fixo,+556133886770,,(00) 0000000000,indefinido,,matriz@orthoclinicabrasilia.com.br
0.6230,CISAB CLINICA ODONTOLOGICA,04.075.812/0001-57,ME,ASA NORTE,"SETOR SCN QUADRA 2 BLOCO D ENTRADA A SALA, 525, ASA NORTE, CEP 70712904, Brasilia/DF",26,1,clinica_geral,(61) 9 8115-5600,celular,+5561981155600,sim,,,,lufs15@hotmail.com
0.6230,ODONTOCLINICA FELIZDENTE,72.649.973/0001-67,ME,ASA SUL,"SETOR SEPS EQ 705/905 BLOCO C, 25, SALA  218                       ED, CENTRO                EMPRESARIAL MONT          BLANC, ASA SUL, CEP 70390055, Brasilia/DF",31,1,clinica_geral,(61) 3563-4412,fixo,+556135634412,,(61) 3563-4412,fixo,+556135634412,odontoclinicafelizdente@gmail.com
0.6230,ODONTOCENTRO,00.721.282/0001-16,ME,LAGO SUL,"SHIS HPP QI 09 CONJ E BL 01, S/N, SL 309, LAGO SUL, CEP 71625009, Brasilia/DF",42,1,clinica_institucional,,,,,,,,franciscovianadiniz@gmail.com
0.6230,CLINICA ODONTOLOGICA SANTIAGO PAIVA LTDA,01.138.538/0001-20,ME,ASA SUL,"SETOR SEPS EQ 709/909, CONJUNTO A, BLOCO B, SN, SALA  118                 EDIF  CT MED JULIO ADNET, ASA SUL, CEP 70390095, Brasilia/DF",30,1,clinica_geral,(61) 3245-1841,fixo,+556132451841,,,,,administracao@plenasaudeintegrada.com.br
0.6230,ATM OCLUSAO ESTETICA ODONTOLOGICA LTDA,02.194.765/0001-35,ME,ASA SUL,"SEP/SUL EQ. 715/915 CONJ. A BL. D, S/N, CONSULT. 105 E 106, ASA SUL, CEP 70390155, Brasilia/DF",28,1,especialista_alto_ticket,,,,,,,,
0.6225,PREVINA ODONTOLOGIA,44.268.445/0001-22,EPP,ASA NORTE,"SETOR SDN CONJUNTO A SALA, 5033, ASA NORTE, CEP 70077900, Brasilia/DF",4,3,multi_unidade,(61) 3962-0000,fixo,+556139620000,,,,,wa@previnaodontologia.com.br
0.6225,ORTOMAX - CENTRO INTEGRADO DE ODONTOLOGIA,08.234.606/0001-01,ME,TAGUATINGA NORTE (TAGUATINGA),"QUADRA QNA 29 LOTE, 08, SALA  303 305 E 306       EDIF  BRASILIA PLAZA, TAGUATINGA NORTE (TAGUATINGA), CEP 72110290, Brasilia/DF",20,1,clinica_institucional,(61) 3036-7060,fixo,+556130367060,,,,,ortomax-sorriso@hotmail.com
0.6225,MAX DENT,06.239.863/0001-00,ME,TAGUATINGA,"QUADRA QSD, 26, LOTE  15                  LOJA  01, TAGUATINGA, CEP 72020260, Brasilia/DF",22,1,clinica_geral,(61) 3356-8628,fixo,+556133568628,,,,,odontologiamaxdent@hotmail.com
0.6225,EXPERIENCE ODONTO,07.935.658/0001-34,ME,SETOR TRADICIONAL (PLANALTINA),"AVENIDA INDEPENDENCIA QUADRAS 51 LOTE, 01, LOJA  02, SETOR TRADICIONAL (PLANALTINA), CEP 73330003, Brasilia/DF",20,1,clinica_geral,(61) 9 9859-5930,celular,+5561998595930,sim,,,,financeiro.experienceodonto@gmail.com
0.6225,MARJORIE EMANUELLE HARMONIZACAO OROFACIAL,57.043.041/0001-82,ME,ASA NORTE,"SETOR STN CONJUNTO O CONSULTORIO 212, SN, ASA NORTE, CEP 70770911, Brasilia/DF",2,1,especialista_alto_ticket,(61) 9 8172-0793,celular,+5561981720793,sim,(00) 0000000000,indefinido,,marjorieemanuelle@hotmail.com
0.6225,MAYA ODONTOLOGIA ESTETICA E HARMONIZACAO FACIAL,53.691.202/0001-93,ME,ASA SUL,"QUADRA SEPS 705/905 CONJUNTO B CENTRO EMPRESARIAL ASA SUL, S/N, SALA  432, ASA SUL, CEP 70390055, Brasilia/DF",2,1,especialista_alto_ticket,(61) 9 8271-5888,celular,+5561982715888,sim,(00) 0000000000,indefinido,,carlacastrioto.dra@gmail.com
0.6225,DRA. REGILENE RODRIGUES ODONTOLOGIA HUMANIZADA,58.658.425/0001-72,ME,SETOR HABITACIONAL ARNIQUEIRA (AGUAS CLARAS),"CONJUNTO SHA CONJUNTO 04 CHACARA 53C LOTE, 17,       PARTE ESCRITORIO, SETOR HABITACIONAL ARNIQUEIRA (AGUAS CLARAS), CEP 71994210, Brasilia/DF",1,1,marca_pessoal,(61) 9 8177-8874,celular,+5561981778874,sim,(00) 0000000000,indefinido,,regilener.lima@gmail.com
0.6225,AMAZING HOF,54.698.821/0001-72,ME,SUL (AGUAS CLARAS),"AVENIDA AV DAS ARAUCARIAS LOTES 1835, 1905, 1955 E, 2005, SALA  566, SUL (AGUAS CLARAS), CEP 71936250, Brasilia/DF",2,1,especialista_alto_ticket,(61) 9 8277-7704,celular,+5561982777704,sim,(00) 0000000000,indefinido,,vaniamedeiross@gmail.com
0.6225,INSTITUTO REALIZZE ODONTOLOGIA & HARMONIZACAO OROFACIA,56.063.721/0001-03,ME,PARK WAY,"QUADRA SMPW QUADRA 13 CONJUNTO 7 CHACARA, 04B, PARK WAY, CEP 71741307, Brasilia/DF",2,1,especialista_alto_ticket,(61) 3543-4378,fixo,+556135434378,,(00) 0000000000,indefinido,,containfinity@gmail.com
0.6225,DRA. BRENDA SARKIS ODONTO E ESTETICA FACIAL,58.275.480/0001-83,ME,SETOR HABITACIONAL VICENTE PIRES,"RUA CHACARA 116 LOTE, 1E, SETOR HABITACIONAL VICENTE PIRES, CEP 72006180, Brasilia/DF",1,1,marca_pessoal,(41) 9 9788-0145,celular,+5541997880145,sim,(00) 0000000000,indefinido,,meucnpj@contabilizei.com.br
0.6220,ODONTO SALUTA LTDA,25.178.833/0001-78,ME,ASA SUL,"QUADRA SGAS 910 CONJUNTO B BLOCO D SALA, 115, EDIF  MIX PARK SUL, ASA SUL, CEP 70390100, Brasilia/DF",10,1,clinica_geral,(61) 3242-4798,fixo,+556132424798,,,,,saluta.financeiro@gmail.com
0.6220,CLINICA PLANETA SORRISO,19.982.711/0001-37,ME,ASA SUL,"SETOR SDS BLOCO M, 14, SUBSL 02                  LOJA  07, ASA SUL, CEP 70394900, Brasilia/DF",12,1,clinica_geral,(61) 9 8314-1015,celular,+5561983141015,sim,,,,vveliane@hotmail.com
0.6220,BIOCYBER ODONT. MASTIGACAO PROPRIOCEPCAO E POSTURA ORAL,09.375.389/0001-24,ME,ASA NORTE,"SETOR D/NORTE, CONJUNTO A, SALA 4011, S/N, ASA NORTE, CEP 70077900, Brasilia/DF",18,1,clinica_geral,(61) 3326-8551,fixo,+556133268551,,,,,
0.6215,ODONTOMAIS ODONTOLOGIA,11.233.688/0001-76,DEMAIS,RECANTO DAS EMAS,"AVENIDA AVENIDA RECANTO DAS EMAS QUADRA 302 LOTE 02 LOJA, 08, RECANTO DAS EMAS, CEP 72600500, Brasilia/DF",16,1,clinica_geral,(61) 3333-9030,fixo,+556133339030,,,,,
0.6215,GRUPO ODONTOLOGICO DE TAGUATINGA,02.470.905/0001-50,EPP,TAGUATINGA CENTRO (TAGUATINGA),"QUADRA C 1 LOTES 01/12 SALAS 713 A, 716, SALA  713 A 716, TAGUATINGA CENTRO (TAGUATINGA), CEP 72010010, Brasilia/DF",28,1,clinica_geral,(61) 3562-4859,fixo,+556135624859,,,,,
0.6210,SUBLIME ODONTO,30.381.121/0001-91,DEMAIS,NUCLEO BANDEIRANTE,"AVENIDA CENTRAL, S/N, LOTE  650                 BLOCO 518/680             SALA  4 E 5 E 6, NUCLEO BANDEIRANTE, CEP 71710550, Brasilia/DF",8,1,clinica_institucional,(61) 3386-0073,fixo,+556133860073,,,,,sublimeodontonb@gmail.com
0.6210,SOHA CLINICA ODONTOLOGICA LTDA,28.076.980/0001-25,EPP,SETOR RESIDENCIAL LESTE (PLANALTINA),"QUADRA 03 CONJUNTO G LOTE 40 SALA, 01, SETOR RESIDENCIAL LESTE (PLANALTINA), CEP 73350307, Brasilia/DF",9,1,clinica_geral,(61) 3389-6155,fixo,+556133896155,,,,,adriano.najla@gmail.com
0.6210,INSTITUTO VIVA,38.227.099/0001-31,EPP,GAMA,"SETOR SETOR NORTE Q 2 CJ I LT 421, S/N, LOJA  02, GAMA, CEP 72430209, Brasilia/DF",6,1,clinica_institucional,(61) 9 9824-2642,celular,+5561998242642,sim,,,,institutovivadf@gmail.com
0.6210,ATHOS ODONTOLOGIA ESPECIALIZADA,26.392.255/0001-30,EPP,GUARA I,"QUADRA QE 7 BLOCO B, SALA, 213, GUARA I, CEP 71020627, Brasilia/DF",9,1,clinica_institucional,(61) 3381-3982,fixo,+556133813982,,,,,nrmcontabil@gmail.com
0.6210,EAK ODONTOLOGIA ESPECIALIZADA,26.945.365/0001-82,EPP,TAGUATINGA NORTE (TAGUATINGA),"QUADRA CNJ 2 BLOCO B SALA 104 CONSULTORIO B, SN, TAGUATINGA NORTE (TAGUATINGA), CEP 72140025, Brasilia/DF",9,1,clinica_institucional,(61) 9 9636-1900,celular,+5561996361900,sim,,,,epagreek@yahoo.com.br
0.6205,ESPACO CRESCER SORRINDO,50.016.428/0001-09,EPP,SETOR SUDOESTE,"QUADRA CLSW 105 BLOCO B, SN, SALA  132, SETOR SUDOESTE, CEP 70670432, Brasilia/DF",3,1,clinica_geral,(61) 9 9999-9999,celular,+5561999999999,sim,,,,contato@email.com.br
0.6205,FENELON ENDODONTIA,48.438.490/0001-39,EPP,ASA SUL,"QUADRA SGAS 614, SN, CONJ  C                   SALA  138                 EDIF  VITRIUM, ASA SUL, CEP 70200740, Brasilia/DF",3,1,clinica_geral,(61) 9 9999-9000,celular,+5561999999000,sim,,,,laisfenelon@hotmail.com
0.6205,INOVE ODONTOLOGIA ESPECIALIZADA LTDA,24.719.752/0001-75,ME,SAMAMBAIA NORTE,"QUADRA QS 614 CONJUNTO B LOTE, 02, EDIF  VISTA LIFE CENTER   SALA  308, SAMAMBAIA NORTE, CEP 72322582, Brasilia/DF",10,1,clinica_institucional,(61) 3702-7887,fixo,+556137027887,,,,,societario@inovecontadores.com
0.6205,IMCORP CLINICA ODONTOLOGICA LTDA,29.036.762/0001-20,ME,SETOR HABITACIONAL VICENTE PIRES,"RUA RUA 4B CHACARA 283 LOTE 07 LOJA, 03, SETOR HABITACIONAL VICENTE PIRES, CEP 72006271, Brasilia/DF",8,1,clinica_geral,(61) 3222-1302,fixo,+556132221302,,,,,esconcontabil@outlook.com
0.6205,CLINICA ODONTOLOGICA ODONTO-UP,20.035.708/0001-95,ME,TAGUATINGA,"QUADRA EQNL 10/12 BLOCO A SALA, 107, TAGUATINGA, CEP 72155520, Brasilia/DF",12,1,clinica_geral,(61) 9 9380-5152,celular,+5561993805152,sim,(61) 3354-3743,fixo,+556133543743,lineacontabilidade@hotmail.com
0.6205,DENTALLE ODONTOLOGIA ESPECIALIZADA LTDA,39.795.325/0001-43,ME,ASA NORTE,"SETOR DE DIVERSOES NORTE, CONJUNTO A, S/N, SALA  4079, ASA NORTE, CEP 70077900, Brasilia/DF",5,1,clinica_institucional,(61) 9 8123-8630,celular,+5561981238630,sim,,,,clindentalle@gmail.com
0.6205,SMILES CLINICA ODONTOLOGICA LTDA,37.151.656/0001-15,ME,NORTE (AGUAS CLARAS),"RUA 5 NORTE, LOTE, 03, LOJA  10, NORTE (AGUAS CLARAS), CEP 71907720, Brasilia/DF",6,1,clinica_geral,(61) 9 9650-5050,celular,+5561996505050,sim,,,,phpl@me.com
0.6205,CLINICA CENTRAL,16.602.793/0001-59,ME,TAGUATINGA NORTE (TAGUATINGA),"QUADRA CNB 2 LOTE 09, S/N, SALA  108 PARTE 1, TAGUATINGA NORTE (TAGUATINGA), CEP 72115025, Brasilia/DF",14,1,clinica_geral,(61) 9 9959-9570,celular,+5561999599570,sim,,,,cdespeditojunior@gmail.com
0.6205,CENTRO ODONTOLOGICO RICARDO MELO,36.297.441/0001-44,ME,NORTE (AGUAS CLARAS),"RUA DAS FIGUEIRAS LOTE, 07, SALA  209, NORTE (AGUAS CLARAS), CEP 71906750, Brasilia/DF",6,1,clinica_institucional,(61) 3546-9504,fixo,+556135469504,,(61) 9 9121-9477,celular,+5561991219477,ricardomelodontologia@gmail.com
0.6205,OPTIMA ODONTOLOGIA,41.631.955/0001-24,ME,AREAL (AGUAS CLARAS),"QUADRA QS 1 RUA 212 LOTES 19, 21 E, 23, SALA  1107                EDIF  CONNECT TOWERS, AREAL (AGUAS CLARAS), CEP 71950550, Brasilia/DF",5,1,clinica_geral,(61) 9 8211-9444,celular,+5561982119444,sim,,,,jessica-dealmeida1@hotmail.com
0.6205,MA VIE ODONTOLOGIA ESPECIALIZADA,40.908.748/0001-01,ME,ASA SUL,"QUADRA SGAS 915 CENTRO CLINICO ADVANCE, 1, CONJ  N                   SUBSL S1                  SALA  146 E 147, ASA SUL, CEP 70390150, Brasilia/DF",5,1,clinica_institucional,(61) 9 8431-7751,celular,+5561984317751,sim,,,,mavieodontologia@gmail.com
0.6205,INSTITUTO ODONTOLOGICO IOLANDA SCHROEDER,27.456.493/0001-25,ME,ASA NORTE,"SETOR SCN QUADRA 02, 02, BLOCO D MODULO B          SALA  401, ASA NORTE, CEP 70712904, Brasilia/DF",9,1,clinica_institucional,(61) 3326-9257,fixo,+556133269257,,,,,contato@iois.com.br
0.6205,ODONTO VOI,36.013.339/0001-70,ME,ASA SUL,"QUADRA SEPS 709/909 CONJUNTO A BLOCO B SALA, 212, ASA SUL, CEP 70390095, Brasilia/DF",6,1,clinica_geral,(61) 3711-3499,fixo,+556137113499,,,,,odontovoi@gmail.com
0.6205,HARMONY TOTAL CARE ESPECIALIZADA,34.737.274/0001-80,ME,SUL (AGUAS CLARAS),"AVENIDA PAU BRASIL LOTE, 10, SALA  928, SUL (AGUAS CLARAS), CEP 71926000, Brasilia/DF",6,1,clinica_institucional,(61) 9 8429-9989,celular,+5561984299989,sim,,,,harmonyespecializada7@gmail.com
0.6200,CLINICA DE SAUDE BUCAL,00.605.528/0001-94,DEMAIS,ASA SUL,"SEP/SUL 714/914 CONJUNTO E, S/N, SALA 212, ASA SUL, CEP 70390145, Brasilia/DF",31,1,clinica_geral,(61) 612451313,indefinido,,,,,,
0.6200,INSTITUTO LR ODONTOLOGIA,42.257.027/0001-04,ME,SETOR DE HABITACOES INDIVIDUAIS SUL,"QUADRA SHIS QI 5 BLOCO F SALA, 322,       CENTRO COMERCIAL, SETOR DE HABITACOES INDIVIDUAIS SUL, CEP 71615560, Brasilia/DF",5,1,especialista_alto_ticket,(61) 9 9262-0329,celular,+5561992620329,sim,,,,institutolorranyricardo@gmail.com
0.6200,RIZZO ODONTOLOGIA E ESTETICA,26.649.917/0001-05,ME,CENTRO (SAO SEBASTIAO),"AVENIDA COMERCIAL, 1441, LOJA  03, CENTRO (SAO SEBASTIAO), CEP 71691082, Brasilia/DF",9,1,especialista_alto_ticket,(61) 9 9411-9162,celular,+5561994119162,sim,,,,rizzo.odontologia0@gmail.com
0.6195,CLINICA ODONTOLOGICA BOM JESUS,15.362.651/0001-07,ME,PARANOA,"AVENIDA PARANOA, CONJUNTO 10, LOTE, 13, SALA  101,201, PARANOA, CEP 71572117, Brasilia/DF",14,1,clinica_geral,(61) 3369-7798,fixo,+556133697798,,(61) 9 8126-4695,celular,+5561981264695,
0.6195,ODONTO GOLD,22.909.057/0001-40,ME,SANTA MARIA,"QUADRA QR 216 CONJUNTO N, S/N, LOTE: 12; SALA: 102;, SANTA MARIA, CEP 72546514, Brasilia/DF",11,1,clinica_geral,(61) 3394-5903,fixo,+556133945903,,,,,
0.6195,NORTOS - NUCLEO DE ORTODONTIA DO SORRISO,04.377.357/0001-44,ME,SOBRADINHO,"QUADRA 06 AREA RESERVADA, AR 4, SALA  106 113 E 114, SOBRADINHO, CEP 73025060, Brasilia/DF",25,1,especialista_alto_ticket,(61) 3034-3344,fixo,+556130343344,,,,,clinicanortos@hotmail.com
0.6195,FB SERVICOS DE IMAGEM DA FACE,41.807.052/0001-51,ME,ASA NORTE,"SETOR SCN, QUADRA 05, BLOCO A, ENTRADA N 50, S/N, SALA  306, ASA NORTE, CEP 70715900, Brasilia/DF",5,1,clinica_geral,(61) 9 8328-4705,celular,+5561983284705,sim,,,,fernandabezerra@usorofacial.com.br
0.6195,LOSSIO ODONTOLOGIA E ESTETICA,27.169.471/0001-84,ME,ASA NORTE,"QUADRA SCN QUADRA 02 BLOCO D ENTRADA B, S/N, SALA  524                 EDIF  LIBERTY MALL, ASA NORTE, CEP 70712903, Brasilia/DF",9,1,especialista_alto_ticket,(61) 9 9961-0710,celular,+5561999610710,sim,,,,doutordentbsb@gmail.com
0.6195,MARIANNA MACEDO HARMONIZACAO FACIAL,41.066.050/0001-59,ME,ASA NORTE,"QUADRA SMHN, S/N, QUADRA02                  BLOCO C                   SALA  1413 E 1414         EDIF  DR. CRISPIM, ASA NORTE, CEP 70710100, Brasilia/DF",5,1,especialista_alto_ticket,(61) 3024-8038,fixo,+556130248038,,,,,dramariannamacedo@gmail.com
0.6190,ARCO DO SORRISO ODONTOLOGIA,45.589.956/0001-09,EPP,SAMAMBAIA SUL (SAMAMBAIA),"QUADRA QS 107 CONJUNTO 03 LOTE, 02, SALA  101 E 103, SAMAMBAIA SUL (SAMAMBAIA), CEP 72301523, Brasilia/DF",4,1,clinica_geral,(61) 9 8659-3026,celular,+5561986593026,sim,,,,leda.silvas.souza@gmail.com
0.6190,COSB CLINICA ODONTOLOGICA DE SAUDE BUCAL LTDA,00.746.916/0001-95,ME,ASA NORTE,"SETOR SRTVN QUADRA 701 CONJUNTO C, 124, SALA  625                       ALA A, ASA NORTE, CEP 70719030, Brasilia/DF",31,1,clinica_geral,(61) 9 9888-8580,celular,+5561998888580,sim,,,,contato@ortolucianafranco.com.br
0.6190,INSTITUTO ODONTOLOGICO RODRIGO WENDEL,03.563.114/0001-38,ME,ASA NORTE,"QUADRA SCN QUADRA 2 BLOCO D, S/N, : ENTRADA A; SALA: 312 E 314;, ASA NORTE, CEP 70712904, Brasilia/DF",26,1,clinica_institucional,(61) 3328-5568,fixo,+556133285568,,,,,
0.6190,INSTITUTO BERNAT,00.475.561/0001-47,ME,ASA NORTE,"SETOR SDN CONJUNTO A, S/N, SALA  4001 E 4003, ASA NORTE, CEP 70077900, Brasilia/DF",31,1,clinica_institucional,(61) 9 8658-6589,celular,+5561986586589,sim,(61) 3340-4046,fixo,+556133404046,institutobernat.odonto@gmail.com
0.6190,INSTITUTO ODONTOLOGICO DR IGOR CESAR,02.751.762/0001-55,ME,ASA SUL,"SETOR SRTVS QUADRA 701 CONJUNTO D BLOCO B, 280, SALA  705, ASA SUL, CEP 70340000, Brasilia/DF",27,1,clinica_institucional,(61) 3323-5684,fixo,+556133235684,,,,,recepcapperfil10@gmail.com
0.6190,RICARDO AFFONSO ODONTOLOGIA ESPECIALIZADA,37.130.952/0001-30,ME,ASA SUL,"SEP/SUL EQ 705/905 BLOCO C, 25, SALAS 425 E 427, ASA SUL, CEP 70390055, Brasilia/DF",34,1,marca_pessoal,(61) 612449299,indefinido,,,,,,
0.6190,INSTIT DE SAUDE ORAL FLAVIA SOARES E PAULO FIGUEIREDO,01.564.832/0001-01,ME,ASA NORTE,"SC/NORTE QUADRA 01 BLOCO F, 79, SALA 1.504, ASA NORTE, CEP 70711905, Brasilia/DF",29,1,clinica_institucional,(61) 613271783,indefinido,,,,,,
0.6190,CLINICA ODONTOPRES,01.317.386/0001-22,ME,SETOR SUDOESTE,"SETOR SHC/SW BLOCO 03/04/05 SALA, 240, ANDAR 1, SETOR SUDOESTE, CEP 70673970, Brasilia/DF",30,1,clinica_geral,(61) 3326-3233,fixo,+556133263233,,,,,
0.6190,CIICOR - CENTRO INTEGRADO DE IMPLANTODONTIA E CIRURGIA ORAL S/S LTDA,01.291.515/0001-50,ME,ASA NORTE,"SDN  CONJ A, S/N, SALA 5027, ASA NORTE, CEP 70077900, Brasilia/DF",30,1,especialista_alto_ticket,,,,,,,,
0.6185,ESPACO ODONTO,25.422.237/0001-91,DEMAIS,GUARA II,"QUADRA QE 30 CONJUNTO T, S/N, LOTE  01                  SALA  103 E 104, GUARA II, CEP 71065200, Brasilia/DF",10,1,clinica_geral,(61) 9 9445-4543,celular,+5561994454543,sim,(61) 3037-3628,fixo,+556130373628,espacoodonto2016@gmail.com
0.6185,CLINICA ADELIZE MUNIZ,42.592.325/0001-50,DEMAIS,ASA SUL,"QUADRA SGAS 610 CONJ. F BLOCO 02 SALAS 252 E 253, S/N, ASA SUL, CEP 70200700, Brasilia/DF",5,1,clinica_geral,(61) 3248-7024,fixo,+556132487024,,,,,clinica@adelizemuniz.com.br
0.6185,ALQUIMIA ODONTOLOGIA,19.795.771/0001-40,DEMAIS,TAGUATINGA,"QUADRA CNB 11 LOTE, 09, SALA  301, TAGUATINGA, CEP 72115938, Brasilia/DF",12,1,clinica_geral,(61) 3044-6824,fixo,+556130446824,,,,,
0.6185,LARA ODONTOLOGIA,15.166.047/0001-05,DEMAIS,SAMAMBAIA SUL (SAMAMBAIA),"QUADRA QR 516 CONJUNTO 1 LOTE, 1, SAMAMBAIA SUL (SAMAMBAIA), CEP 72314301, Brasilia/DF",14,1,clinica_geral,(61) 3458-8610,fixo,+556134588610,,,,,contabilidadebrasilia@gmail.com
0.6185,INSTITUTO PALOMA FERNANDES LTDA,59.185.115/0001-40,EPP,AREAL (AGUAS CLARAS),"QUADRA QS 5, RUA 300, APT, 504, AREAL (AGUAS CLARAS), CEP 71955000, Brasilia/DF",1,1,clinica_institucional,(61) 9 9644-0748,celular,+5561996440748,sim,(00) 0000000000,indefinido,,palomabernardesodt@gmail.com.br
0.6185,ISABELA SOARES ORTODONTIA E ODONTOLOGIA ESTETICA.,48.150.453/0001-20,ME,SETOR HABITACIONAL JARDIM BOTANICO,"QUADRA SHJB 3, EQ 09/10 (AV. DAS PAINEIRAS), LOTE E SALA, 101, SETOR HABITACIONAL JARDIM BOTANICO, CEP 71681500, Brasilia/DF",3,1,marca_pessoal,(61) 9 9984-1868,celular,+5561999841868,sim,(61) 3322-0908,fixo,+556133220908,shirleyfsoares@gmail.com
0.6185,MARTINS ODONTOLOGIA E HARMONIZACAO,49.205.991/0001-38,ME,NORTE (AGUAS CLARAS),"AVENIDA PAU BRASIL LOTE, 06, SALA  1106                EDIF  BUSINES, NORTE (AGUAS CLARAS), CEP 71916500, Brasilia/DF",3,1,especialista_alto_ticket,(12) 9 9225-9639,celular,+5512992259639,sim,(00) 0000000000,indefinido,,rafaelaarielly@gmail.com
0.6185,DRA NIDALLA FONSECA IMPLANTODONTIA E ESTETICA,50.230.902/0001-92,ME,ASA NORTE,"SETOR SDN, SHOPPING CONJUNTO NACIONAL, CONJUNTO A, S/N, SALA  4077, ASA NORTE, CEP 70077900, Brasilia/DF",3,1,marca_pessoal,(61) 3627-3837,fixo,+556136273837,,(00) 0000000000,indefinido,,contabilidadevalcon@gmail.com
0.6185,BARUC ODONTOLOGIA,50.729.528/0001-74,ME,SETOR SUDOESTE,"QUADRA QRSW 5 COMERCIO LOCAL 1, SN, LOJA  13 15 17 E 19, SETOR SUDOESTE, CEP 70675550, Brasilia/DF",3,1,especialista_alto_ticket,(61) 2249-0474,fixo,+556122490474,,(00) 0000000000,indefinido,,vonize.sorrisoeface@gmail.com
0.6185,CHROME MEDICINA E ODONTOLOGIA,43.616.864/0001-45,ME,ASA NORTE,"QUADRA SCN QUADRA 2 BLOCO D ENTRADA A SALA, 526, ASA NORTE, CEP 70712040, Brasilia/DF",4,1,especialista_alto_ticket,(61) 9 9962-7272,celular,+5561999627272,sim,,,,bpjodonto@gmail.com
0.6185,JULIA VIANA VIEIRA HARMONIZACAO FACIAL,48.256.249/0001-99,ME,ASA SUL,"QUADRA SEP/SUL EQ 714/914 CONJUNTO E SALA, 313, EDIF  TALENTO, ASA SUL, CEP 70390145, Brasilia/DF",3,1,especialista_alto_ticket,(61) 9 9630-1603,celular,+5561996301603,sim,,,,julia.vv@hotmail.com
0.6185,ZELO ORTODONTIA E ODONTOPEDIATRIA,48.943.568/0001-72,ME,ASA NORTE,"SETOR SETOR SCN QUADRA 2 BLOCO D SALA, 234, EDIF  LIBERTY MALL              ENTRADA A, ASA NORTE, CEP 70712904, Brasilia/DF",3,1,especialista_alto_ticket,(61) 9 9578-9191,celular,+5561995789191,sim,(61) 9 8152-5848,celular,+5561981525848,jalusa.bonfada@gmail.com
0.6185,A HIPER RISO ODONTOLOGIA E ESTETICA,50.253.018/0001-73,ME,NORTE (AGUAS CLARAS),"RUA COPAIBA, 01, SALA  807 TORRE A, NORTE (AGUAS CLARAS), CEP 71919540, Brasilia/DF",3,1,especialista_alto_ticket,(61) 9 9936-3237,celular,+5561999363237,sim,(00) 0000000000,indefinido,,hiperri.adm@gmail.com
0.6185,CLINICA JL - ODONTOLOGIA & HARMONIZACAO FACIAL,50.017.800/0001-93,ME,ASA NORTE,"SETOR SCN QUADRA 2 BLOCO B, SN, SALA  1019                EDIF  CENTRO EMPRES ENCOL, ASA NORTE, CEP 70712903, Brasilia/DF",3,1,especialista_alto_ticket,(61) 9 8271-4681,celular,+5561982714681,sim,,,,julianalacerdag@hotmail.com
0.6185,INTEGRA ODONTOLOGIA E HARMONIZACAO,47.791.745/0001-80,ME,ASA SUL,"SETOR SRTVS QUADRA 701 BLOCO B CONJUNTO D SALA 206, SN, EDIF  CENTRO EMPRESARIAL  ANDAR 2, ASA SUL, CEP 70340907, Brasilia/DF",4,1,especialista_alto_ticket,(61) 9 9208-3331,celular,+5561992083331,sim,,,,integraodontologiaharmonizacao@gmail.com
0.6185,RPG IMPLANTES,44.616.424/0001-50,ME,ASA NORTE,"QUADRA SHCN CL QD 304 BLOCO C SALA 17, SN, ASA NORTE, CEP 70736530, Brasilia/DF",4,1,especialista_alto_ticket,(61) 9 9979-7292,celular,+5561999797292,sim,,,,rpgimplantes@gmail.com
0.6180,CIRANDA ODONTOPEDIATRIA,12.917.367/0001-53,ME,AGUAS CLARAS,"QUADRA AC  QUADRA 206 LOTE 01 SALA 409  4 PAVIMENTO, S/N, AGUAS CLARAS, CEP 71925180, Brasilia/DF",15,1,clinica_geral,(61) 3044-6873,fixo,+556130446873,,,,,
0.6180,A CENTRAL ODONTOLOGIA,10.792.115/0001-10,ME,ASA SUL,"SETOR COMERCIAL SUL QD 06 BLOCO A, 141, EDIF  PRESIDENTE          LOJA  06, 07 E 11         SLJ, ASA SUL, CEP 70327900, Brasilia/DF",17,1,clinica_geral,(61) 3323-1190,fixo,+556133231190,,,,,
0.6180,ODONTOCLINICA CONIC,07.492.350/0001-61,ME,ASA SUL,"SETOR DE DIVERSOES SUL BLOCO G N, 27, LOJA 24 1 SUBSOLO, ASA SUL, CEP 70300000, Brasilia/DF",21,1,clinica_geral,(06) 1323-6919,fixo,+550613236919,,,,,
0.6170,CLINICA KOUZAK,29.738.795/0001-11,EPP,TAGUATINGA NORTE (TAGUATINGA),"QUADRA QND 28, SN,       LOTE 5 SALA 102, TAGUATINGA NORTE (TAGUATINGA), CEP 72120280, Brasilia/DF",8,1,clinica_geral,(61) 3354-3242,fixo,+556133543242,,,,,rafakouzak@hotmail.com
0.6170,CLINICA DENTARIA OLIVEIRA RAMAGEM,01.306.857/0001-05,ME,ASA NORTE,"QUADRA SRTV/NORTE QUADRA 701, CONJUNTO C, 124, SALA  404 406 408 410     SALA  412 414                   ALA A, ASA NORTE, CEP 70710200, Brasilia/DF",30,1,clinica_geral,(61) 3327-2710,fixo,+556133272710,,,,,oliveira.ramagem@gmail.com
0.6170,"CLEAN CLINICA DE ESTETICA ORAL, FACIAL E CORPORAL",43.110.346/0001-55,ME,SETOR TRADICIONAL (PLANALTINA),"AVENIDA INDEPENDENCIA QUADRAS 18 LOTE, 02, SALA  103 E 104, SETOR TRADICIONAL (PLANALTINA), CEP 73330001, Brasilia/DF",5,1,especialista_alto_ticket,(61) 3388-7172,fixo,+556133887172,,,,,cleanodonto77@hotmail.com
0.6170,ANGELS ODONTOLOGIA & ESTETICA OROFACIAL,41.385.435/0001-89,ME,TAGUATINGA SUL,"QUADRA QUADRA CSB 02 LOTE, 1/4, SALA  904                 SALA  906, TAGUATINGA SUL, CEP 72015901, Brasilia/DF",5,1,especialista_alto_ticket,(61) 9 8439-3333,celular,+5561984393333,sim,,,,angelsodontologiabsb@gmail.com
0.6170,IOESP - INSTITUTO ODONTOLOGICO ESPECIALIZADO,01.262.984/0001-41,ME,ASA NORTE,"SETOR SCN QUADRA, 02, BLOCO D ENTRADA B         SALA  1013 - LIBERTY MALL, ASA NORTE, CEP 70712904, Brasilia/DF",30,2,multi_unidade,(61) 3045-1640,fixo,+556130451640,,,,,ioespleticia@gmail.com
0.6165,BELA FACE BY DR MARCIO ROSSI JUNIOR,56.423.383/0001-65,EPP,AGUAS CLARAS,"RUA COPAIBA LOTE 01, S/N, BLOCO B                         SALAS 507 E 509, AGUAS CLARAS, CEP 71919900, Brasilia/DF",2,1,clinica_geral,(61) 9 8406-1463,celular,+5561984061463,sim,(00) 0000000000,indefinido,,atendimento@clinicabelaface.com.br
0.6165,CLINIFACE - CENTRO ODONTO-MEDICO INTEGRADO,07.819.053/0001-88,ME,GAMA,"QUADRA 04, CONJUNTO F, LOTE, 15, SETOR SUL RESIDENCIAL, GAMA, CEP 72415206, Brasilia/DF",20,1,clinica_institucional,(61) 9 9325-7895,celular,+5561993257895,sim,,,,dra.freitas@gmail.com
0.6165,ADONAI ODONTOLOGIA ESPECIALIZADA,09.061.940/0001-65,ME,SETOR TRADICIONAL (PLANALTINA),"AVENIDA INDEPENDENCIA QUADRA 34 LOTE, 04,       SALA 01, SETOR TRADICIONAL (PLANALTINA), CEP 73330002, Brasilia/DF",19,1,clinica_institucional,(61) 9 8133-3960,celular,+5561981333960,sim,,,,jjsaovitor2021@gmail.com
0.6165,DENTEART,12.608.706/0001-10,ME,TAGUATINGA NORTE (TAGUATINGA),"QUADRA QNA 4, S/N, LOTE: 33; SALA: 104 E 106; EDIF: MATHEUS ALMEIDA;, TAGUATINGA NORTE (TAGUATINGA), CEP 72110040, Brasilia/DF",15,1,clinica_geral,(61) 3351-1041,fixo,+556133511041,,,,,
0.6165,COIFFEUR BEAUTY,24.707.792/0001-05,ME,SAMAMBAIA NORTE (SAMAMBAIA),"AVENIDA QR 406 CONJUNTO 1, 01, LOJA, SAMAMBAIA NORTE (SAMAMBAIA), CEP 72318201, Brasilia/DF",10,1,clinica_institucional,(61) 9 8342-7484,celular,+5561983427484,sim,,,,marleysilvadede@gmmail.com
0.6160,VIVA SORRINDO,37.538.739/0001-61,DEMAIS,SETORES COMPLEMENTARES,"SETOR SMAS TRECHO 3 CONJUNTO 3 BLOCO B, S/N, SALA  13, SETORES COMPLEMENTARES, CEP 70610050, Brasilia/DF",6,1,clinica_geral,(61) 9 8424-8863,celular,+5561984248863,sim,,,,
0.6160,SANTA ODONTOLOGIA,37.797.445/0001-54,EPP,SANTA MARIA,"QUADRA QR 317 CJ A LT 16, S/N, ANDAR 1, SANTA MARIA, CEP 72547601, Brasilia/DF",6,1,clinica_institucional,(61) 9 9162-4737,celular,+5561991624737,sim,,,,rasousa22@gmail.com
0.6155,CENTRO DE ODONTOLOGIA ESTETICA,04.950.893/0001-97,ME,BRASILIA,"SRTV/SUL QD 701 CONJUNTO D BL A N 100 SL, 720, ASA SUL, BRASILIA, CEP 70340906, Brasilia/DF",24,1,especialista_alto_ticket,(06) 1364-5820,fixo,+550613645820,,,,,
0.6155,ORTOPREV,04.572.048/0001-25,ME,GUARA I,"QUADRA QI 20 BLOCO B, 17, LOJA  17                  SALA  101/102, GUARA I, CEP 71015626, Brasilia/DF",25,1,especialista_alto_ticket,(61) 3382-1146,fixo,+556133821146,,,,,garcia.juliana@gmail.com
0.6155,SCULTORI ESTETICA IMPLANTODONTIA E REABILITACAO ORAL,05.384.112/0001-07,ME,BRASILIA,"SH/SUL QUADRA 06 CONJUNTO A BLOCO E SALA, 1401, BRASILIA, CEP 70322915, Brasilia/DF",23,1,especialista_alto_ticket,(61) 612262825,indefinido,,,,,,
0.6150,DENTAL BR COMERCIO DE PRODUTOS ODONTOLOGICOS,28.950.460/0002-80,EPP,TAGUATINGA CENTRO (TAGUATINGA),"QUADRA C 1, LOTE 01/12, SALA 609, PARTE B, SN, TAGUATINGA CENTRO (TAGUATINGA), CEP 72010010, Brasilia/DF",7,1,clinica_geral,(61) 3022-1557,fixo,+556130221557,,,,,paulo@mirandacontabilidade.com
0.6150,FEME ODONTOLOGIA,39.251.969/0001-70,EPP,SETOR INDUSTRIAL (TAGUATINGA),"AVENIDA AVENIDA SANDU NORTE, QUADRA QI 2, LOTES 2/4, S/N,       CONSULTORIO DE 1 A 4, SETOR INDUSTRIAL (TAGUATINGA), CEP 72135020, Brasilia/DF",5,1,clinica_geral,(61) 9 9296-9050,celular,+5561992969050,sim,,,,contabilidade.613@terra.com.br
0.6150,GRATONE ODONTOLOGIA ESPECIALIZADA S/C LTDA,01.288.763/0001-42,ME,ASA NORTE,"SCN  Q 01 BL E, 50, SALA 510, ASA NORTE, CEP 70310500, Brasilia/DF",30,1,clinica_institucional,,,,,,,,
0.6145,COE,03.891.625/0001-89,EPP,CEILANDIA SUL (CEILANDIA),"QUADRA QNM 17 CONJUNTO B LOTE, 02, SALA  101 A 106           SALA  304 A 306, CEILANDIA SUL (CEILANDIA), CEP 72215172, Brasilia/DF",26,1,clinica_institucional,(61) 3373-8704,fixo,+556133738704,,(61) 9 9973-0831,celular,+5561999730831,coe.contato@gmail.com
0.6145,CLINICA ODONTOLOGICA AURELIO,01.325.153/0001-71,EPP,SCS,"SC/SUL QUADRA 07 BLOCO A, 100, SALA 801, SCS, CEP 70307000, Brasilia/DF",30,1,clinica_geral,(61) 3225-1212,fixo,+556132251212,,,,,unicareodonto@gmail.com
0.6145,CLINICA VITA,33.113.297/0001-50,ME,ASA SUL,"QUADRA SEPS 714/914, CONJUNTO E, SALA, 324,       PARTE A, ASA SUL, CEP 70390145, Brasilia/DF",7,1,clinica_geral,(61) 9 9261-8933,celular,+5561992618933,sim,,,,drfabriciogomides@hotmail.com
0.6145,ODONTO ARTE,21.489.563/0001-65,ME,SETOR SUL (GAMA),"QUADRA 5 COMERCIO, SN, LOTE: 10; SLJ: 01;, SETOR SUL (GAMA), CEP 72410316, Brasilia/DF",11,1,clinica_geral,(61) 3384-3456,fixo,+556133843456,,(61) 9 8619-3908,celular,+5561986193908,
0.6145,ODONTOLOGIA VITALLE,22.493.741/0001-94,ME,SETOR SUL (GAMA),"QUADRA 2 COMERCIO, 01, LOTE  03                  LOJA  01, SETOR SUL (GAMA), CEP 72415115, Brasilia/DF",11,1,clinica_geral,(61) 3052-0519,fixo,+556130520519,,,,,contato@vitalleodontologia.com.br
0.6145,TRINNO ODONTOLOGIA,20.347.085/0001-96,ME,TAGUATINGA NORTE (TAGUATINGA),"SETOR SIG CONJUNTO B LOTES 02 E, 04, LOJA  01 E 02, TAGUATINGA NORTE (TAGUATINGA), CEP 72153502, Brasilia/DF",12,1,clinica_geral,(61) 3336-1666,fixo,+556133361666,,,,,innerodonto1@gmail.com
0.6145,IMPLANTEDENTAL BRASILIA,48.823.224/0001-20,ME,ASA NORTE,"QUADRA SCN, 0 QD 01 BL F, SN, SALA  118, ASA NORTE, CEP 70711905, Brasilia/DF",3,1,especialista_alto_ticket,(61) 4141-0778,fixo,+556141410778,,(00) 0000000000,indefinido,,medscon.comercial@grupoinfinita.com.br
0.6145,CENTRO CLINICO PROFILE FACE,44.273.723/0001-30,ME,ASA SUL,"SETOR SRTVS QUADRA 701 CONJUNTO D, 280, BLOCO B                   SALA  705, ASA SUL, CEP 70340000, Brasilia/DF",4,1,especialista_alto_ticket,(61) 3323-5684,fixo,+556133235684,,,,,centclinicoprofile@gmail.com
0.6145,OTON ODONTOLOGIA ESTETICA E FACIAL,44.215.229/0001-19,ME,NORTE (AGUAS CLARAS),"RUA COPAIBA LOTE, 1, SALA  2002 E 2004               TORRE B, NORTE (AGUAS CLARAS), CEP 71919540, Brasilia/DF",4,1,especialista_alto_ticket,(61) 9 8428-0035,celular,+5561984280035,sim,,,,kdo.lima@gmail.com
0.6140,RISOS ODONTOLOGIA E HARMONIZACAO,51.069.244/0001-61,EPP,PARANOA,"QUADRA QUADRA 23 CONJUNTO B, SN, LOTE  32                  LOJA  01, PARANOA, CEP 71572302, Brasilia/DF",3,1,especialista_alto_ticket,(61) 9 9138-2441,celular,+5561991382441,sim,(00) 0000000000,indefinido,,risosodontologiaparanoa@gmail.com
0.6140,CIA,05.316.238/0001-44,ME,SETOR SUDOESTE,"SETOR SHC/SW CLSW 100  BLOCO A ENT 29 LOJA 15 ,16,14 TERRO, S/N, SETOR SUDOESTE, CEP 70670051, Brasilia/DF",23,1,clinica_geral,(61) 3344-7736,fixo,+556133447736,,,,,
0.6140,ORTOPERIO CLINICA,06.318.131/0001-06,ME,ASA SUL,"SRTV/S, Q 701, CONJ. D, BLOCO B, N 280,, 814, PARTE A, ASA SUL, CEP 70340907, Brasilia/DF",22,1,clinica_geral,(61) 3964-3434,fixo,+556139643434,,,,,
0.6140,RV ODONTOLOGIA,10.641.822/0001-05,ME,SETOR SUDOESTE,"QUADRA CLSW 304 BLOCO B ENT. 16, S/N, SALA  107 ANDAR 1PAVIMENTO, SETOR SUDOESTE, CEP 70673632, Brasilia/DF",17,1,clinica_geral,(61) 3344-4087,fixo,+556133444087,,(61) 9 8143-4117,celular,+5561981434117,rv.odontologia@yahoo.com.br
0.6140,UNIPED UNIDADE DE PEDIATRIA E ODONTOLOGIA DE BRASILIA,04.722.798/0001-36,ME,SUDOESTE,"SETOR SHCSW CHSW BLOCOS 03/04/05, SALA INSTITUCIONAL DE SAUDE,, S/N, SALA 124 TERREO, SUDOESTE, CEP 70673970, Brasilia/DF",24,1,clinica_geral,(61) 3234-7109,fixo,+556132347109,,(61) 3234-0889,fixo,+556132340889,
0.6140,CRESCER ODONTOLOGIA,05.740.123/0001-82,ME,ASA SUL,"ENTRE QUADRA SEPS 709/909, SN, CONJ  A                   BLOCO B                         CLINICA 19                1 SUBSOLO, ASA SUL, CEP 70390095, Brasilia/DF",23,1,clinica_geral,(61) 9 8476-4457,celular,+5561984764457,sim,,,,rga1612@yahoo.com.br
0.6140,ODONTOLOGIA HUGO CARVALHO,11.303.911/0001-04,ME,LAGO SUL,"SETOR SMDB CL CONJUNTO 12 BLOCO G SALAS 107 E 108, SN, LAGO SUL, CEP 71680120, Brasilia/DF",16,1,clinica_geral,(61) 3224-8754,fixo,+556132248754,,,,,hugohcl@yahoo.com.br
0.6135,ODONTO MORATO,09.095.580/0001-12,DEMAIS,RECANTO DAS EMAS,"QUADRA QUADRA 801 CONJUNTO 20 LOTE, 28,       1 PAVIMENTO, RECANTO DAS EMAS, CEP 72650105, Brasilia/DF",18,1,clinica_geral,(61) 3434-3035,fixo,+556134343035,,,,,santoscontabil@terra.com.br
0.6135,UNIAO ODONTOLOGICA,01.165.601/0001-17,EPP,GUARA II,"QUADRA QI 27 BLOCO A LOJA 23, SN, GUARA II, CEP 71060280, Brasilia/DF",30,1,clinica_geral,(61) 3568-0865,fixo,+556135680865,,,,,
0.6130,DEDICATUS,02.088.992/0001-86,ME,ASA NORTE,"SETOR SHN Quadra 1 BLOCO D, SN, CONJ  A                   SALA  610, ASA NORTE, CEP 70701040, Brasilia/DF",28,1,clinica_geral,(61) 9 8427-5180,celular,+5561984275180,sim,,,,dedicatusodontologia@gmail.com
0.6125,OLIVEIRA ODONTOLOGIA BONATTI LTDA,57.684.439/0001-06,EPP,NORTE (AGUAS CLARAS),"RUA 08 NORTE LOTES 04, 06 E 08 BLOCO C, S/N, LOJA  10, NORTE (AGUAS CLARAS), CEP 71908360, Brasilia/DF",1,1,clinica_geral,(61) 9 8177-1705,celular,+5561981771705,sim,(00) 0000000000,indefinido,,thiagoamaralampla@gmail.com
0.6125,IANARA PINHO - ODONTOLOGIA,53.940.010/0001-73,DEMAIS,ASA NORTE,"SETOR SHLN CONJUNTO I BLOCO A SALA, 07, EDIF  BIOSPHERE, ASA NORTE, CEP 70770560, Brasilia/DF",2,1,clinica_geral,(61) 3543-7723,fixo,+556135437723,,,,,ianarapinhoasanorte@gmail.com
0.6125,TRIADE ODONTOLOGIA ESPECIALIZADA,37.526.155/0001-76,ME,ASA SUL,"QUADRA SGAS 610 BLOCO 01 CONJUNTO F, SN, SALA  216                 EDIF  LUCIO COSTA, ASA SUL, CEP 70200700, Brasilia/DF",6,1,clinica_institucional,(61) 9 8128-1286,celular,+5561981281286,sim,,,,ricardocanutocd@hotmail.com
0.6125,CLIORD,29.181.493/0001-95,ME,ASA SUL,"QUADRA SGAS 610 CONJUNTO F BLOCO 2 SALA, 251, EDIF  CENT MED LUCIO COSTA, ASA SUL, CEP 70200700, Brasilia/DF",8,1,clinica_geral,(61) 9 8219-1009,celular,+5561982191009,sim,,,,rafaellarduarte@gmail.com
0.6125,CORP - CLINICA ODONTOLOGICA RENATA PUERTA,26.842.082/0001-05,ME,ASA SUL,"QUADRA SBS QUADRA 2 BLOCO S LOTE 1, 14, SALA  204                 EDIF  EMPIRE CENTER, ASA SUL, CEP 70070904, Brasilia/DF",9,1,clinica_institucional,(61) 3224-7478,fixo,+556132247478,,(61) 3340-0195,fixo,+556133400195,falecomacorp@gmail.com
0.6125,INTERA ODONTOLOGIA ESPECIALIZADA,32.892.373/0001-00,ME,ASA NORTE,"QUADRA SMHN QD 2 BL B CONSULTORIOS 1.112, 1.113 E 1.114, S/N, EDIF  CLEO OCTAVIO, ASA NORTE, CEP 70710146, Brasilia/DF",7,1,clinica_institucional,(61) 3347-6641,fixo,+556133476641,,,,,contato@interaodontologia.com.br
0.6125,CLINICA ODONTOLOGICA ODONTOLIFE,07.823.820/0001-22,ME,TAGUATINGA CENTRO (TAGUATINGA),"QUADRA C 1 LOTES 01/12, SN, EDIF  TRADE CENTER        SALA  728, TAGUATINGA CENTRO (TAGUATINGA), CEP 72010010, Brasilia/DF",20,1,clinica_geral,(61) 3034-3644,fixo,+556130343644,,,,,rkcontabilidadedf@gmail.com
0.6125,MAXDENTE,11.803.045/0001-10,ME,TAGUATINGA NORTE (TAGUATINGA),"QUADRA CNB 11 LOTE, 09, SALA  606, TAGUATINGA NORTE (TAGUATINGA), CEP 72115115, Brasilia/DF",16,1,clinica_geral,(61) 9 8198-5540,celular,+5561981985540,sim,,,,vilelabrasil@yahoo.com.br
0.6115,CLINICA ISSY,13.889.462/0001-53,ME,CEILANDIA SUL (CEILANDIA),"QUADRA QNM 17 CONJUNTO B LOTE, 04, SALA  203, CEILANDIA SUL (CEILANDIA), CEP 72215172, Brasilia/DF",15,1,clinica_geral,(61) 9 9956-8011,celular,+5561999568011,sim,,,,clinicaissy@gmail.com
0.6115,COC- CENTRO ODONTOLOGICO CEILANDIA,13.604.492/0001-76,ME,CEILANDIA,"QUADRA QNM 17 CONJUNTO E LOTE 03 SALA, 403, CEILANDIA, CEP 72215175, Brasilia/DF",15,1,clinica_institucional,(61) 9 9179-9052,celular,+5561991799052,sim,,,,licenciedf@gmail.com
0.6115,ODONTOLOGIA COSTA VIEIRA,24.920.225/0001-24,ME,SOBRADINHO,"QUADRA QUADRA 2 CONJUNTO E-2, LT 09, SOBRADINHO, CEP 73015602, Brasilia/DF",38,1,clinica_institucional,(61) 3591-7980,fixo,+556135917980,,,,,clinicacostavieira@gmail.com
0.6115,IMAGEM ORTODONTIA E ORTOPEDIA FACIAL LTDA,02.922.781/0001-05,ME,GAMA,"ÁREA ESPECIAL 20/21, S/N, SALA  130                 SETOR CENTRAL, GAMA, CEP 72405922, Brasilia/DF",27,1,especialista_alto_ticket,(61) 3384-3727,fixo,+556133843727,,,,,
0.6115,CRMC HARMONIZACAO ORAL E FACIAL,27.857.223/0001-26,ME,NORTE (AGUAS CLARAS),"AVENIDA PAU BRASIL LOTE, 06, SALA  307, NORTE (AGUAS CLARAS), CEP 71916500, Brasilia/DF",9,1,especialista_alto_ticket,(61) 9 8231-1011,celular,+5561982311011,sim,,,,carollinaodontologia@gmail.com
0.6115,BARBARA BORGES ODONTOLOGIA E HARMONIZACAO FACIAL,42.443.102/0001-21,ME,SUL (AGUAS CLARAS),"QUADRA 202 PRACA IRERE LOTE 3 AP, 302, SUL (AGUAS CLARAS), CEP 71937720, Brasilia/DF",5,1,especialista_alto_ticket,(61) 9 8233-6121,celular,+5561982336121,sim,,,,drabarbaraborges@gmail.com
0.6110,ODONTOLOGIA CIRILO ROSA,40.493.921/0001-58,EPP,TAGUATINGA NORTE (TAGUATINGA),"QUADRA QNA 4 LOTE, 33, SALA  209, TAGUATINGA NORTE (TAGUATINGA), CEP 72110040, Brasilia/DF",5,1,clinica_geral,(61) 3562-7230,fixo,+556135627230,,,,,odontologia.cirilorosa@gmail.com
0.6110,AVANTT SMILE CENTRO ODONTOLOGICO ESPECIALIZADO LTDA,55.445.922/0001-02,EPP,SETOR LESTE (GAMA),"QUADRA QUADRA 23, S/N, LOTE  01                  SALA  01 E 02, SETOR LESTE (GAMA), CEP 72460230, Brasilia/DF",2,1,clinica_institucional,(61) 9 8664-2563,celular,+5561986642563,sim,(00) 0000000000,indefinido,,gabryelpatriciofaria@gmail.com
0.6110,ZUPPANI ODONTOLOGIA,49.235.110/0001-21,EPP,SETOR TRADICIONAL (PLANALTINA),"AVENIDA INDEPENDENCIA QUADRA 50 LOTE 01 LOJA, 04, SETOR TRADICIONAL (PLANALTINA), CEP 73330003, Brasilia/DF",3,1,clinica_institucional,(61) 3389-1185,fixo,+556133891185,,,,,bebzodonto@gmail.com
0.6110,ODONTOCLINIC,43.827.025/0001-76,EPP,SETOR INDUSTRIAL (GAMA),"QUADRA QUADRA 01 LOTES 1700/1780, SN, LOJA  11 E 12, SETOR INDUSTRIAL (GAMA), CEP 72445010, Brasilia/DF",4,1,clinica_geral,(21) 9 6825-8181,celular,+5521968258181,sim,,,,wserbonchini@gmail.com
0.6110,INSTITUTO ODONTOLOGICO FABIO TURCO,01.322.989/0001-12,ME,ASA NORTE,"SETOR SCN QUADRA 02 BLOCO D ENTRADA B, S/N, SALA  215, ASA NORTE, CEP 70712903, Brasilia/DF",30,1,clinica_institucional,(61) 3328-5769,fixo,+556133285769,,,,,fabioturco69@hotmail.com
0.6105,INSTITUTO GOMES RODRIGUES Y ODONTOLOGIA E FACE,49.453.290/0001-18,ME,ASA SUL,"SETOR SRTVS QUADRA 701 BLOCO K, S/N, SALA  508                 EDIF  EMBASSY TOWER, ASA SUL, CEP 70340908, Brasilia/DF",3,1,clinica_institucional,(61) 9 8628-6441,celular,+5561986286441,sim,(00) 0000000000,indefinido,,hda@hdacontabilidade.com
0.6105,PREVDENT CLINICA ODONTOLOGICA,13.450.559/0001-65,ME,SAMAMBAIA SUL,"QUADRA QR 313 CONJUNTO 12 LOTE, 09, SAMAMBAIA SUL, CEP 72307312, Brasilia/DF",15,2,multi_unidade,(61) 3359-8809,fixo,+556133598809,,,,,
0.6100,ABATE ODONTOLOGIA LTDA,25.061.833/0001-93,ME,SETOR HABITACIONAL JARDIM BOTANICO,"CONDOMINIO SOLAR DE BRASILIA, SN, BLOCO C QDA.02            LOTE  01                  SALA  201, SETOR HABITACIONAL JARDIM BOTANICO, CEP 71680349, Brasilia/DF",10,1,clinica_geral,(61) 9 9801-7942,celular,+5561998017942,sim,,,,rb_contabilidade@hotmail.com
0.6100,CLINICA SCIENTIA - CENTRO DE EXCELENCIA EM SAUDE,24.233.464/0001-06,ME,SETOR SUDOESTE,"QUADRA SHC/SW CHSW BLOCO 03/04/05 SALA, 130, TERREO, SETOR SUDOESTE, CEP 70673416, Brasilia/DF",10,1,clinica_institucional,(61) 9 8299-4410,celular,+5561982994410,sim,,,,scientiaclinica@gmail.com
0.6100,NOC,23.118.831/0001-68,ME,AREAL (AGUAS CLARAS),"QUADRA QS 5 RUA 820 LOTE, 02, LOJA  13, AREAL (AGUAS CLARAS), CEP 71957540, Brasilia/DF",11,1,clinica_geral,(61) 3352-1097,fixo,+556133521097,,(61) 9 9587-5000,celular,+5561995875000,odontocleardf@gmail.com
0.6100,DENTRIX ODONTOLOGIA,15.760.310/0001-81,ME,ASA NORTE,"QUADRA SC/N QD 02 BL D SALA, 1029B,       LIBERTY MALL, ASA NORTE, CEP 70711902, Brasilia/DF",14,1,clinica_geral,(61) 9 8154-0600,celular,+5561981540600,sim,,,,
0.6100,REABILIT'ART ODONTOLOGIA,19.472.253/0001-96,ME,AREAL (AGUAS CLARAS),"QUADRA QS 3 LOTE 3/5/7 E 9, SN, SALA  603, AREAL (AGUAS CLARAS), CEP 71953000, Brasilia/DF",12,1,clinica_geral,(61) 3042-0303,fixo,+556130420303,,,,,reabilitartodontologia@hotmail.com
0.6100,SOLUT ODONTOFACIAL,20.983.385/0001-61,ME,ASA SUL,"SETOR SRTVS QUADRA 701 CONJUNTO D BLOCO B SALA, 526,       ENTRADA 280, ASA SUL, CEP 70340907, Brasilia/DF",11,1,clinica_geral,(61) 3226-7246,fixo,+556132267246,,,,,bijulicat@gmail.com
0.6100,DANIELA ABREU ODONTOLOGIA,14.863.573/0001-53,ME,SETOR DE MANSOES DOM BOSCO (LAGO SUL),"CONJUNTO SMDB CONJUNTO 12 LOTE H CL, S/N, SALA  307, SETOR DE MANSOES DOM BOSCO (LAGO SUL), CEP 71680120, Brasilia/DF",14,1,marca_pessoal,(61) 3627-3837,fixo,+556136273837,,,,,daniela.abreu.odontogia@gmail.com
0.6100,MELINA FIRMO ODONTOLOGIA,15.507.107/0001-06,ME,ASA SUL,"SETOR EPS EQS 709/909 LOTE A BLOCO A SALA, 101, EDIF  CENTRO MEDICO             JULIO ADNET, ASA SUL, CEP 70390095, Brasilia/DF",14,1,clinica_geral,(61) 3226-8993,fixo,+556132268993,,(61) 9 9975-8993,celular,+5561999758993,socontabil@gmail.com
0.6100,CEMOI - CLINICA INTEGRADA LTDA,24.702.331/0001-31,ME,ASA SUL,"QUADRA SEPS 710/910 CONJUNTO D SALA, 230, ASA SUL, CEP 70390108, Brasilia/DF",10,1,clinica_geral,(61) 9 8315-9595,celular,+5561983159595,sim,,,,claudiabaiseredo@gmail.com
0.6095,ODONTO PREMIER,12.641.840/0001-12,DEMAIS,SETOR DE HABITACOES INDIVIDUAIS SUL,"SETOR SHIS QI 09 CONJUNTO E SALA 311, SN, EDIF  CENTRO CLINICO            LAGO SUL, SETOR DE HABITACOES INDIVIDUAIS SUL, CEP 71625009, Brasilia/DF",15,1,clinica_geral,(61) 3964-0691,fixo,+556139640691,,(61) 3964-0692,fixo,+556139640692,dentistas.odontopremier@gmail.com
0.6095,NUCLEO ODONTOLOGICO RECANTO DA EMAS,08.334.774/0001-60,EPP,RECANTO DAS EMAS,"QUADRA 102 LT 12 SL 101,102,103,104 E LT 13 SL 101,102,103,104, S/N, RECANTO DAS EMAS, CEP 72600200, Brasilia/DF",19,1,clinica_geral,(61) 3351-0957,fixo,+556133510957,,,,,
0.6090,ODONTORISO,03.654.763/0001-44,ME,ASA NORTE,"SETOR SMHN, 44, QUADRA02                  BLOCO C                   SALA  714, ASA NORTE, CEP 70710100, Brasilia/DF",26,1,clinica_geral,(61) 3340-3999,fixo,+556133403999,,,,,
0.6090,ACESSO SORRISO,39.311.544/0001-00,ME,RIACHO FUNDO I,"QUADRA QS 4 CONJUNTO 2 LOTE, 7, RIACHO FUNDO I, CEP 71820402, Brasilia/DF",5,1,especialista_alto_ticket,(61) 3022-5908,fixo,+556130225908,,,,,acessosorriso@gmail.com
0.6090,ORTHOLIFE,36.580.953/0001-13,ME,TAGUATINGA SUL (TAGUATINGA),"QUADRA CSE 3 AREA ESPECIAL LOTE D, S/N, LOJA  02 E 03, TAGUATINGA SUL (TAGUATINGA), CEP 72025033, Brasilia/DF",6,1,especialista_alto_ticket,(61) 3024-3090,fixo,+556130243090,,,,,clinicadraisabella@gmail.com
0.6090,IMPLANTAR ODONTOLOGIA ESTETICA,43.338.390/0001-17,ME,SETOR CENTRAL (GAMA),"AREA ESPECIAL LADO LESTE LOTES 24/25, S/N, SALA  208 E 210, SETOR CENTRAL (GAMA), CEP 72405135, Brasilia/DF",5,1,especialista_alto_ticket,(61) 9 9999-9999,celular,+5561999999999,sim,,,,nilton.odonto@hotmail.com
0.6090,MENEZES ODONTOLOGIA & ESTETICA,34.461.927/0001-40,ME,SETOR TRADICIONAL (PLANALTINA),"AVENIDA INDEPENDENCIA QUADRA 121 LOTE, 02, LOJA  02, SETOR TRADICIONAL (PLANALTINA), CEP 73330005, Brasilia/DF",7,1,especialista_alto_ticket,(61) 9 9107-2221,celular,+5561991072221,sim,,,,menezesodontologiaeestetica@hotmail.com
0.6090,ORTHOFACE,39.876.258/0001-91,ME,TAGUATINGA CENTRO (TAGUATINGA),"QUADRA C 1, 01/12, SALA  711 E 712, TAGUATINGA CENTRO (TAGUATINGA), CEP 72010010, Brasilia/DF",5,1,especialista_alto_ticket,(61) 9 8154-2327,celular,+5561981542327,sim,,,,orthoface.20@gmail.com
0.6090,PIZZOL ODONTOLOGIA E HARMONIZACAO OROFACIAL,42.917.214/0001-77,ME,SETOR TRADICIONAL (PLANALTINA),"AVENIDA INDEPENDENCIA QUADRA 24 LOTE, 01, SALA  107 E 108, SETOR TRADICIONAL (PLANALTINA), CEP 73330002, Brasilia/DF",5,1,especialista_alto_ticket,(61) 3389-7907,fixo,+556133897907,,,,,rdpizzol@hotmail.com
0.6085,CLINICA VANGUARD,43.760.543/0001-10,DEMAIS,ASA SUL,"QUADRA SCS QUADRA 08, 60, BLOCO B                   LOJA  440, ASA SUL, CEP 70333900, Brasilia/DF",4,1,clinica_geral,(61) 3131-3131,fixo,+556131313131,,,,,financeiro@ioabrasilia.com.br
0.6085,+ SORRISO,20.876.304/0001-24,ME,SAMAMBAIA,"QUADRA QR 506, S/N, CONJ  01                  LOTE  01                  APT   101, SAMAMBAIA, CEP 72312101, Brasilia/DF",12,2,multi_unidade,(61) 3037-8177,fixo,+556130378177,,,,,debora904@hotmail.com
0.6085,PRISMA ODONTOLOGIA,21.903.363/0001-07,ME,SETOR RESIDENCIAL LESTE (PLANALTINA),"QUADRA QUADRA 4 CONJUNTO G, LT 60, SALA  02                  SETOR RESIDENCIAL LESTE, SETOR RESIDENCIAL LESTE (PLANALTINA), CEP 73360407, Brasilia/DF",11,1,clinica_geral,(61) 3389-1214,fixo,+556133891214,,(61) 3226-3504,fixo,+556132263504,jrcont@brturbo.com.br
0.6085,INSTITUTO ODONTOLOGICO MARCO CANCADO,21.416.791/0001-05,ME,TAGUATINGA,"QUADRA C 01 LOTES 01/12, SN, SALA  424, TAGUATINGA, CEP 72010010, Brasilia/DF",11,1,clinica_institucional,(61) 3352-9602,fixo,+556133529602,,,,,
0.6085,FUTURA CENTRO ODONTOLOGICO,19.151.225/0001-77,ME,GAMA,"QUADRA 43 LOTE, 83, SETOR LESTE RESIDENCIAL, GAMA, CEP 72465430, Brasilia/DF",12,1,clinica_institucional,(61) 3384-9555,fixo,+556133849555,,,,,
0.6085,CLINICA BORGES,17.877.282/0001-02,ME,VALE DO AMANHECER (PLANALTINA),"CONJUNTO RESIDENCIAL 7, S/N, LOTE  1                   LOJA  4, VALE DO AMANHECER (PLANALTINA), CEP 73370007, Brasilia/DF",13,1,clinica_geral,(61) 3389-0121,fixo,+556133890121,,,,,
0.6085,ESSENCE ODONTOLOGIA,16.524.627/0001-81,ME,GUARA II,"QUADRA QI 33, S/N, BLOCO: A; LOJA: 14;, GUARA II, CEP 71065330, Brasilia/DF",14,1,clinica_institucional,(61) 3627-8990,fixo,+556136278990,,,,,allianceassessoriacontabil@gmail.com
0.6085,CLINICA CENTRAL ODONTOLOGIA,21.071.443/0001-43,ME,TAGUATINGA NORTE (TAGUATINGA),"QUADRA CNB 2 LOTE, 09, SALA  101 A 109, TAGUATINGA NORTE (TAGUATINGA), CEP 72115025, Brasilia/DF",11,1,clinica_geral,(61) 3554-2004,fixo,+556135542004,,,,,clinicacentraltaguatinga@gmail.com
0.6085,DENTE SAO,17.507.192/0001-20,ME,GUARA I,"AVENIDA QE 07 BLOCO C SALA 211, S/N, GUARA I, CEP 71020637, Brasilia/DF",13,1,clinica_geral,(61) 3551-3604,fixo,+556135513604,,,,,
0.6085,SORRIA - INSTITUTO ODONTOLOGICO,29.897.601/0001-20,ME,SETOR SUDOESTE,"QUADRA SHCSW CHSW BLOCOS 3/4/5, S/N, SALA  238, SETOR SUDOESTE, CEP 70673416, Brasilia/DF",8,1,clinica_institucional,(61) 3797-2827,fixo,+556137972827,,(61) 9 8111-8014,celular,+5561981118014,helenapavanelli@gmail.com
0.6085,RD BUCAL CLINICA ODONTOLOGICA LTDA,05.167.906/0001-19,ME,TAGUATINGA,"CNB 01 LOTES 06 E 07 SALA, 208, TAGUATINGA, CEP 72020000, Brasilia/DF",24,1,clinica_geral,(06) 1352-1856,fixo,+550613521856,,,,,orgatecon.contabil@bol.com.br
0.6085,ENDOCLINIC,06.134.925/0001-01,ME,TAGUATINGA,"QNE 06 LT 18 SALA 104, S/N, TAGUATINGA, CEP 72125060, Brasilia/DF",22,1,clinica_geral,(61) 615623048,indefinido,,,,,,
0.6080,GADELHA ODONTOLOGIA,26.193.407/0001-76,EPP,SETOR DE HABITACOES INDIVIDUAIS SUL,"QUADRA SHIS QI 9/11 BLOCO A LOJA, 12, SETOR DE HABITACOES INDIVIDUAIS SUL, CEP 71625015, Brasilia/DF",9,1,clinica_geral,(61) 9 8429-5509,celular,+5561984295509,sim,,,,flaviogadelha@gmail.com
0.6080,HS SORRISOS,39.939.480/0001-96,EPP,CEILANDIA,"SETOR SETOR M QNM 3 CJ O LT 7, S/N, SALA  101 E 104, CEILANDIA, CEP 72215045, Brasilia/DF",5,1,clinica_institucional,(61) 3372-5466,fixo,+556133725466,,,,,hssorrisos@gmail.com
0.6080,DR KELLY GOMES ODONTOLOGIA E ESTETICA AVANCADA,36.497.244/0001-79,ME,SETOR RESIDENCIAL LESTE (PLANALTINA),"QUADRA QUADRA 3 CONJUNTO A LOTE, 42, SALA  403, SETOR RESIDENCIAL LESTE (PLANALTINA), CEP 73350301, Brasilia/DF",6,1,marca_pessoal,(61) 9 9948-4474,celular,+5561999484474,sim,,,,
0.6075,CLINICA ODONTOLOGICA SHEILA LETTIERI,16.954.287/0001-29,ME,SOBRADINHO,"QUADRA 06, CL, 15, LOJA  02, SOBRADINHO, CEP 73025060, Brasilia/DF",13,1,clinica_geral,(61) 3591-1757,fixo,+556135911757,,(61) 9 8273-1784,celular,+5561982731784,
0.6070,APURE SAUDE,46.136.942/0001-00,DEMAIS,TAGUATINGA NORTE (TAGUATINGA),"QUADRA QNA 42, 15, TAGUATINGA NORTE (TAGUATINGA), CEP 72110420, Brasilia/DF",4,1,clinica_geral,(62) 3157-0944,fixo,+556231570944,,(00) 0000000000,indefinido,,contabilidade@grupogpf.com.br
0.6070,VAMOS SORRIR,43.809.085/0001-66,EPP,TAGUATINGA CENTRO (TAGUATINGA),"QUADRA C 8, S/N, LOTE  10, TAGUATINGA CENTRO (TAGUATINGA), CEP 72010080, Brasilia/DF",4,1,clinica_institucional,(11) 2256-4486,fixo,+551122564486,,,,,contabil@clinicasinteligentes.com.br
0.6070,ESTHETICLIN ODONTOLOGIA E ESTETICA,46.768.539/0001-96,ME,SETOR TRADICIONAL (PLANALTINA),"AVENIDA INDEPENDENCIA QUADRA 69B LOTE, 09, LOJA  01, SETOR TRADICIONAL (PLANALTINA), CEP 73330004, Brasilia/DF",4,1,especialista_alto_ticket,(61) 9 9882-2555,celular,+5561998822555,sim,,,,estheticlinplanaltina@gmail.com
0.6070,DG REABILITACAO ORAL E ESTETICA,45.907.808/0001-95,ME,TAGUATINGA SUL,"QUADRA CSB 02 LOTES, 01/04,       TORRE A             SALA  601, TAGUATINGA SUL, CEP 72015901, Brasilia/DF",4,1,especialista_alto_ticket,(61) 9 8235-5099,celular,+5561982355099,sim,(61) 9 9660-2997,celular,+5561996602997,daianecruz@hotmail.com
0.6070,CVO HARMONIZE ODONTOLOGIA E ESTETICA,43.806.390/0001-02,ME,SOBRADINHO,"QUADRA 4 AREA RESERVADA, AR 02, LOJA  2/3, SOBRADINHO, CEP 73025040, Brasilia/DF",4,1,especialista_alto_ticket,(61) 9 8225-1002,celular,+5561982251002,sim,,,,cvo.financeiro@gmail.com
0.6070,CENTRO ODONTOLOGICO NOSSA SENHORA DA MEDALHA MILAGROSA S/S LTDA,00.733.386/0001-40,ME,ASA SUL,"SETOR SDS BLOCO F, 27, SALA  509 E 510, ASA SUL, CEP 70392900, Brasilia/DF",42,1,clinica_institucional,(61) 3226-7991,fixo,+556132267991,,,,,
0.6070,CLINICA M XAVIER,02.657.546/0001-45,ME,ASA NORTE,"QUADRA SCN QUADRA 5 BLOCO A, 50, SALA  709, ASA NORTE, CEP 70715010, Brasilia/DF",28,1,clinica_geral,(61) 9 9968-0798,celular,+5561999680798,sim,,,,claudiamessias73@hotmail.com
0.6070,CENTRO ODONTOLOGICO SUL,38.051.371/0001-75,ME,ASA SUL,"QUADRA SGAS 915 CONJUNTO B BLOCO C SALA, 03, 1 SUBSOLO, ASA SUL, CEP 70390150, Brasilia/DF",33,1,clinica_institucional,(61) 3351-5008,fixo,+556133515008,,(61) 3352-7099,fixo,+556133527099,juridico@bbbprice.brte.com.br
0.6070,RS ODONTOLOGIA,01.277.181/0001-60,ME,ASA NORTE,"SCN QUADRA 01 BLOCO F, 79, SALA 218, ASA NORTE, CEP 70711000, Brasilia/DF",30,1,clinica_institucional,(61) 613263377,indefinido,,,,,,robertostarling@hotmail.com
0.6065,AUREE CLINIC,42.315.181/0002-76,ME,ASA NORTE,"QUADRA SHN QUADRA 1, S/N, CONJ  A                   BLOCO F                   SALA  105                 EDIF  VISION WORK E LIVE, ASA NORTE, CEP 70701000, Brasilia/DF",5,1,clinica_geral,(62) 3877-1442,fixo,+556238771442,,,,,contato.alencarlobo@gmail.com
0.6065,LOTUS TRATAMENTOS ODONTOLOGICOS,09.607.874/0001-86,ME,TAGUATINGA NORTE (TAGUATINGA),"QUADRA CNB 5, 09, SALA  109/110/111, TAGUATINGA NORTE (TAGUATINGA), CEP 72115055, Brasilia/DF",18,1,clinica_geral,(61) 3027-2119,fixo,+556130272119,,,,,contabil.lotusodontologia@gmail.com
0.6065,AODONTO,46.419.546/0001-82,DEMAIS,AREA OCTOGONAL,"SETOR SHC AOS AE 2/8 LOTE 5 TORRE A SALAS 313 E 314, SN, AREA OCTOGONAL, CEP 70660090, Brasilia/DF",4,1,clinica_geral,(61) 3964-8265,fixo,+556139648265,,,,,drtiago@aodonto.com.br
0.6065,CLINICA ODONTOLOGICA LUCIANO BORGES,58.544.831/0001-04,DEMAIS,ASA NORTE,"QUADRA SMHN QUADRA 2 BLOCO C, 44, SALA  801 802 808 809 810, ASA NORTE, CEP 70710149, Brasilia/DF",1,1,clinica_geral,(61) 3224-8754,fixo,+556132248754,,,,,contato@afinkocontabilidade.com.br
0.6065,SORRIDI BIANCO ODONTOLOGIA,08.276.854/0001-07,ME,TAGUATINGA CENTRO (TAGUATINGA),"QUADRA C 1, 1/12, SALA  314 315 E 316       EDIF  TAGUATINGA TRADE CEN, TAGUATINGA CENTRO (TAGUATINGA), CEP 72010010, Brasilia/DF",20,2,multi_unidade,(61) 9 8508-2207,celular,+5561985082207,sim,,,,centroodontologalvao@gmail.com
0.6065,AOSDEIA ESTETICA DENTAL E FACIAL LTDA,57.068.844/0001-91,ME,ASA NORTE,"QUADRA SCN QUADRA 5 BLOCO A, 50, SALA  1220, ASA NORTE, CEP 70715010, Brasilia/DF",2,1,especialista_alto_ticket,(61) 9 9387-1313,celular,+5561993871313,sim,(00) 0000000000,indefinido,,aosdeia@gmail.com
0.6065,IMPLANTODONTIA EXATA LTDA,56.046.098/0001-72,ME,SETOR HABITACIONAL VICENTE PIRES,"RUA RUA 6 CHACARA 251 LOTE, 1, SETOR HABITACIONAL VICENTE PIRES, CEP 72006495, Brasilia/DF",2,1,especialista_alto_ticket,(61) 9 8556-0658,celular,+5561985560658,sim,(00) 0000000000,indefinido,,gasodonto@gmail.com
0.6065,TAVORA ODONTOLOGIA E ESTETICA FACIAL LTDA,54.359.306/0001-68,ME,SUL (AGUAS CLARAS),"AVENIDA PAU BRASIL LOTE 06 SALA 1202, SN, SUL (AGUAS CLARAS), CEP 71926000, Brasilia/DF",2,1,especialista_alto_ticket,(61) 9 9604-3830,celular,+5561996043830,sim,(00) 0000000000,indefinido,,tavora.odontologia@outlook.com.br
0.6065,DUE ESTETICA AVANCADA,52.993.939/0001-06,ME,ASA NORTE,"QUADRA SGAN 915 CONJUNTO G BLOCO E SALA, 203, ASA NORTE, CEP 70790157, Brasilia/DF",2,1,especialista_alto_ticket,(61) 9 9666-4237,celular,+5561996664237,sim,(00) 0000000000,indefinido,,zaranzamari@gmail.com
0.6065,DRA. FABIELLE AMARO - ODONTOLOGIA ESTETICA,54.406.481/0001-69,ME,SETOR HABITACIONAL JARDIM BOTANICO,"CONDOMINIO SOLAR DE BRASILIA QUADRA COMERCIAL 02 BLOCO B, LT02, ANDAR 1                   SALA  106, SETOR HABITACIONAL JARDIM BOTANICO, CEP 71680349, Brasilia/DF",2,1,marca_pessoal,(61) 3553-9949,fixo,+556135539949,,(61) 9 9131-3236,celular,+5561991313236,ramonrevison@hotmail.com
0.6065,DANIELA SAMPAIO ORTODONTIA,59.293.979/0001-86,ME,ASA SUL,"QUADRA SQS 313 BLOCO F, SN, APT   402, ASA SUL, CEP 70382060, Brasilia/DF",1,1,marca_pessoal,(61) 9 8139-9936,celular,+5561981399936,sim,(00) 0000000000,indefinido,,danisampaio28@gmail.com
0.6065,INSTITUTO HARMONIA FACIAL CIRURGICA,56.949.390/0001-03,ME,ASA SUL,"QUADRA SGAS 610, S/N, CONJ  F                   BLOCO 2                   SALA  T10, ASA SUL, CEP 70200700, Brasilia/DF",2,1,especialista_alto_ticket,(61) 9 8188-8086,celular,+5561981888086,sim,(00) 0000000000,indefinido,,raquelmsmuniz@gmail.com
0.6065,PATRICIA GALVAO ODONTOLOGIA ESTETICA,55.131.127/0001-31,ME,SETOR HABITACIONAL VICENTE PIRES - TRECHO 3,"QUADRA 09 CONJUNTO 04 CASA, 01, SETOR HABITACIONAL VICENTE PIRES - TRECHO 3, CEP 72001802, Brasilia/DF",2,1,marca_pessoal,(61) 9 8124-2611,celular,+5561981242611,sim,(00) 0000000000,indefinido,,copatriciagalvao@gmail.com
0.6065,DF IMPLANTES,57.687.206/0001-59,ME,SETOR SUDOESTE,"QUADRA SHCSW CL SW 504 BLOCO B, SN, LOJA  22, SETOR SUDOESTE, CEP 70673642, Brasilia/DF",1,1,especialista_alto_ticket,(61) 9 9633-3328,celular,+5561996333328,sim,(00) 0000000000,indefinido,,dfimplantes2024@gmail.com
0.6060,ATRIO ODONTOLOGIA LTDA,24.986.995/0001-70,ME,SETOR HABITACIONAL VICENTE PIRES,"RUA RUA 3 CHACARA 81, S/N, LOJA  05                  LOTE  05                        QUADRA 03, SETOR HABITACIONAL VICENTE PIRES, CEP 72005750, Brasilia/DF",10,1,clinica_geral,(61) 3397-5778,fixo,+556133975778,,,,,adijuniorodonto@gmail.com
0.6060,CLINICA MEDICA E ODONTOLOGICA ALBERT EINSTEIN,22.757.241/0001-12,ME,ASA NORTE,"QUADRA SHL/N CJ I BLOCO A SALA, 313, ASA NORTE, CEP 70775510, Brasilia/DF",11,1,clinica_geral,(61) 9 9164-8452,celular,+5561991648452,sim,,,,
0.6060,RIABILITARE ODONTOLOGIA INTEGRADA,20.612.212/0001-37,ME,NORTE (AGUAS CLARAS),"RUA DAS FIGUEIRAS LOTE, 07, SALA  1005 E 1006               10 PAVIMENTO, NORTE (AGUAS CLARAS), CEP 71906750, Brasilia/DF",12,1,clinica_geral,(61) 3354-9858,fixo,+556133549858,,,,,dravivianeendo@gmail.com
0.6060,ORTOMASTER ODONTOLOGIA INTEGRADA LTDA,04.891.661/0001-05,ME,ASA SUL,"SETOR HOTELEIRO SUL QUADRA 06, SN, CONJ  A                   BLOCO E                   SALA  517, ASA SUL, CEP 70316902, Brasilia/DF",24,1,clinica_geral,(61) 3311-0404,fixo,+556133110404,,,,,dfortomaster@gmail.com
0.6055,ATELIE FACIAL ODONTOLOGIA LTDA,24.249.343/0001-52,EPP,ZONA INDUSTRIAL,"QUADRA SIG QUADRA 1 LOTE 385, SN, LOJA  02, ZONA INDUSTRIAL, CEP 70610410, Brasilia/DF",10,1,clinica_geral,(61) 3346-8080,fixo,+556133468080,,,,,atendimento@ateliefacial.com
0.6055,ODONTO ROCHA,02.558.182/0001-46,DEMAIS,TAGUATINGA CENTRO (TAGUATINGA),"QUADRA C 1, SN, SALA  705, TAGUATINGA CENTRO (TAGUATINGA), CEP 72010010, Brasilia/DF",28,1,clinica_geral,(61) 3562-1521,fixo,+556135621521,,,,,
0.6055,"CLINICA LARC-SAUDE, HARMONIZACAO E CIRURGIAS ESTETICAS",44.890.497/0001-36,ME,NORTE (AGUAS CLARAS),"RUA 25 NORTE LOTE 01, RUA 27 NORTE LOTE, 02, LOJA  02, NORTE (AGUAS CLARAS), CEP 71917180, Brasilia/DF",4,1,especialista_alto_ticket,(61) 9 8424-6466,celular,+5561984246466,sim,,,,dra.laracarrion@gmail.com
0.6050,VEMCA ODONTO,32.385.377/0001-00,EPP,SAMAMBAIA NORTE (SAMAMBAIA),"QUADRA QN 206 CONJUNTO A LOTE, 02,       LOJA 04, SAMAMBAIA NORTE (SAMAMBAIA), CEP 72316501, Brasilia/DF",7,1,clinica_geral,(61) 9 8156-9888,celular,+5561981569888,sim,,,,clinicasamambaia.aux@gmail.com
0.6050,INSTITUTO HERA,32.928.924/0001-49,EPP,TAGUATINGA,"SETOR SETOR E NORTE QNE 8 LT 40, S/N, TAGUATINGA, CEP 72125080, Brasilia/DF",7,1,clinica_institucional,(61) 3354-4659,fixo,+556133544659,,,,,contato@institutohera.com.br
0.6045,ODONTOLUME CLINICA ODONTOLOGICA LTDA,25.275.797/0001-60,ME,SETOR OESTE (SOBRADINHO II),"QUADRA AR 9 CONJUNTO 1, 05, APT   102, SETOR OESTE (SOBRADINHO II), CEP 73062001, Brasilia/DF",10,1,clinica_geral,(61) 3037-7700,fixo,+556130377700,,,,,continental@conticonta.com.br
0.6045,ION INSTITUTO ODONTOLOGICO NEVES,35.537.485/0001-31,ME,ASA NORTE,"QUADRA SETOR DE GRANDES AREAS NORTE QD 601, SN, CONJ  H                   PAVMTOSEMI ENTERRADO      SALA  38, ASA NORTE, CEP 70830010, Brasilia/DF",6,1,clinica_institucional,(61) 9 9972-4565,celular,+5561999724565,sim,,,,cleberdent@hotmail.com
0.6045,INSTITUTO ODONTOLOGICO AME,27.466.018/0001-30,ME,ASA SUL,"SETOR SCS QUADRA 08 BLOCO B, 60, LOJA  356 357 358 E 359   EDIF  VENANCIO SHOPPING, ASA SUL, CEP 70333900, Brasilia/DF",9,1,clinica_institucional,(61) 3339-6677,fixo,+556133396677,,,,,institutoodontologicoame@gmail.com
0.6045,DRA KELLY MACHADO,40.259.355/0001-14,ME,ASA NORTE,"SETOR SCN QD 2 BL D SALA 1106 ENTRADA A, SN, ASA NORTE, CEP 70712903, Brasilia/DF",5,1,marca_pessoal,(21) 9 8112-6796,celular,+5521981126796,sim,,,,
0.6045,INSTITUTO GUIDE,32.757.241/0001-76,ME,SETOR SUDOESTE,"QUADRA SHC/SW CHSW BLOCO 03/04/05 SALA 141 TERREO, S/N, EDIF  CENTRO CLINICO            HOSPITALAR SUDOESTE, SETOR SUDOESTE, CEP 70673416, Brasilia/DF",7,1,clinica_institucional,(61) 9 9832-2791,celular,+5561998322791,sim,,,,dralucianaguide@gmail.com
0.6045,INSTITUTO BRASILEIRO DE ODONTOLOGIA INTEGRATIVA,41.754.487/0001-85,ME,ASA NORTE,"SETOR STN BLOCO N, SN,       CONSULTORIO 112, ASA NORTE, CEP 70770130, Brasilia/DF",5,1,clinica_institucional,(61) 9 8116-5237,celular,+5561981165237,sim,,,,odontologiaintegrativass@gmail.com
0.6035,CISO ODONTO,10.955.246/0001-70,DEMAIS,RECANTO DAS EMAS,"QUADRA 405 CONJUNTO 11 LOTE, 9, LOJA  01, RECANTO DAS EMAS, CEP 72631111, Brasilia/DF",17,2,multi_unidade,(61) 3333-5280,fixo,+556133335280,,,,,cisorecanto@gmail.com
0.6035,CJ CLINICA ODONTOLOGICA,22.377.315/0001-95,ME,CEILANDIA SUL (CEILANDIA),"QUADRA QNM 1 CONJUNTO H, SN, LOTE  36                  SALA  103, CEILANDIA SUL (CEILANDIA), CEP 72215018, Brasilia/DF",11,1,clinica_geral,(61) 9 9835-4236,celular,+5561998354236,sim,,,,jcodontologia@gmail.com
0.6035,CLINICA IMPLANTE UM SORRISO,00.846.444/0001-42,ME,GUARA,"SETOR SRIA I QE 7 BL C, S/N, GUARA, CEP 71020637, Brasilia/DF",42,1,especialista_alto_ticket,(61) 3567-0707,fixo,+556135670707,,,,,omargerolim@gmail.com
0.6030,ODONTOCOMPANY,33.323.228/0001-71,EPP,TAGUATINGA NORTE (TAGUATINGA),"QUADRA QNM 34 AREA ESPECIAL, 01, LOJA  104, TAGUATINGA NORTE (TAGUATINGA), CEP 72145450, Brasilia/DF",7,1,clinica_geral,(61) 3964-0691,fixo,+556139640691,,,,,
0.6030,ODONTOCOMPANY,31.267.069/0001-00,EPP,TAGUATINGA,"QUADRA QS 01 RUA 210 LOTE 40 SALOES COMERCIAIS 3090A E 3091, SN, TAGUATINGA, CEP 71950904, Brasilia/DF",8,1,clinica_geral,(61) 3547-0210,fixo,+556135470210,,,,,
0.6030,ODONTOCOMPANY,29.763.509/0001-78,EPP,GAMA,"SETOR SETOR SUL Q 2 CJ A LT 24, S/N, LOJA  01, GAMA, CEP 72415101, Brasilia/DF",8,1,clinica_geral,(61) 3256-3334,fixo,+556132563334,,,,,gamaodontocompany@gmail.com
0.6030,CENTRO ODONTOLOGICO HUMANITA,48.724.570/0001-50,DEMAIS,SOBRADINHO,"QUADRA CENTRAL BLOCO 10 LOTE, 10, APT   01, SOBRADINHO, CEP 73010520, Brasilia/DF",3,1,clinica_institucional,(61) 9 8235-2492,celular,+5561982352492,sim,(00) 0000000000,indefinido,,flavinha.souza09@gmail.com
0.6030,ALC CLINICA ODONTOLOGICA LTDA,46.660.923/0001-70,EPP,TAGUATINGA NORTE (TAGUATINGA),"QUADRA QNJ 26 LOTE, 05, SALA  201/203, TAGUATINGA NORTE (TAGUATINGA), CEP 72140260, Brasilia/DF",4,1,clinica_geral,(61) 9 8476-9775,celular,+5561984769775,sim,(00) 0000000000,indefinido,,alaleticia477@gmail.com
0.6030,CLINICA ODONTOLOGICA SAO FRANCISCO DE ASSIS LTDA,33.454.695/0001-30,ME,ASA NORTE,"SETOR SC/NORTE - QUADRA 01- BLOCO F- N. 79 - SALAS 113 E 114, 79, ASA NORTE, CEP 70711905, Brasilia/DF",37,1,clinica_geral,(61) 3273-2754,fixo,+556132732754,,(61) 3327-2769,fixo,+556133272769,
0.6030,CLINICA ODONTOLOGICA BOCA E SAUDE LTDA,26.445.890/0001-39,ME,ASA NORTE,"QUADRA SHCN CL QUADRA 112 BLOCO D, 54,       103, ASA NORTE, CEP 70762540, Brasilia/DF",36,1,clinica_geral,(61) 9 8482-6480,celular,+5561984826480,sim,(61) 3224-6463,fixo,+556132246463,adrianomercantil@hotmail.com
0.6030,CLINICA ODONTOLOGICA IVALDO REIS SS LTDA,32.913.261/0001-99,ME,ASA NORTE,"QUADRA SGAN QD 607 CJ. A BL. A CONSULTORIO 122, S/N, EDIF  BSB MEDICAL CENTER, ASA NORTE, CEP 70830300, Brasilia/DF",37,1,clinica_geral,(61) 3274-8150,fixo,+556132748150,,,,,clinicaodontologicaivaldoreis@gmail.com
0.6030,CORES CENTRO ODONTOLOGICO LTDA,01.790.998/0001-38,ME,ASA NORTE,"SETOR ST/NORTE CONJ. O, S/N, SALA  T-15 ED. LIFE CENTERTERREO, ASA NORTE, CEP 70770911, Brasilia/DF",29,1,clinica_institucional,(61) 3274-7227,fixo,+556132747227,,,,,corescentro.odontologico@hotmail.com
0.6030,CLINICA ODONTOLOGICA FABIOLA DE MELLO E JANAINA DE HOLANDA SS LTDA,01.519.886/0001-47,ME,ASA NORTE,"SETOR SCN QD 02 BLOCO D ENTRADA B SALAS 530 E 532, S/N, ASA NORTE, CEP 70712904, Brasilia/DF",29,1,clinica_geral,(61) 3326-4373,fixo,+556133264373,,,,,centroodontologicofm@gmail.com
0.6030,CLINICA ODONTOLOGICA JOAO MACEDO LTDA,37.138.922/0001-70,ME,ASA SUL,"SEP/SUL EQ 714/914 CONJUNTO E, S/N, SALA 311, ASA SUL, CEP 70390145, Brasilia/DF",34,1,clinica_geral,(06) 1345-2258,fixo,+550613452258,,,,,
0.6030,ODONX ODONTOLOGIA INTEGRADA,01.397.726/0001-72,ME,ASA SUL,"SETOR SEPS 709/909, SN, CONJ  A                   BLOCO B                         CLINICA 18                1 SUBSOLO, ASA SUL, CEP 70390095, Brasilia/DF",30,1,clinica_institucional,(61) 3245-7863,fixo,+556132457863,,,,,
0.6030,INSTITUTO JAMMAL,02.314.956/0001-93,ME,SETOR SUDOESTE,"QUADRA CLSW 102 BLOCO B KIT ESTUDIO SALAS 124,125, 126 E 127, S/N, SETOR SUDOESTE, CEP 70670512, Brasilia/DF",28,1,clinica_institucional,(61) 3344-4808,fixo,+556133444808,,,,,
0.6030,STUDIO BUCAL,01.262.981/0001-08,ME,ASA SUL,"SGA/SUL QD 910 CONJ B BL D SALAS 120 E, 122, ED MIX PARK, ASA SUL, CEP 70310500, Brasilia/DF",30,1,clinica_geral,(06) 1244-2400,fixo,+550612442400,,,,,
0.6030,UNIFACE ORTO & KIDS,03.301.208/0001-39,ME,ASA NORTE,"SETOR SETOR DE DIVERSOES NORTE CONJUNTO A, S/N,       SALA 5003, ASA NORTE, CEP 70077900, Brasilia/DF",27,1,clinica_geral,(61) 3326-3410,fixo,+556133263410,,,,,
0.6030,ODONTO EMPIRE CENTER,01.879.471/0001-84,ME,ASA SUL,"QUADRA SBS QUADRA 2 BLOCO S SALAS 610 E 611, SN, EDIF  EMPIRE CENTER, ASA SUL, CEP 70070120, Brasilia/DF",29,1,clinica_geral,(61) 3225-6720,fixo,+556132256720,,,,,odontoempirecenter@gmail.com
0.6030,NOE,02.557.470/0001-86,ME,ASA SUL,"SETOR SHLS QUADRA 716 CONJUNTO L, S/N, BLOCO 01                  SALA  119, ASA SUL, CEP 70390970, Brasilia/DF",28,1,clinica_institucional,(61) 3034-1164,fixo,+556130341164,,(61) 3345-8852,fixo,+556133458852,noebr@hotmail.com
0.6030,NUCLEODONTO,03.191.701/0001-43,ME,ASA NORTE,"SETOR SETOR DE RADIO E TELEVISAO NORTE QUADRA 701 CONJ C, 124, SALA  205 ALA B, ASA NORTE, CEP 70719030, Brasilia/DF",27,1,clinica_geral,(61) 3328-3551,fixo,+556133283551,,,,,
0.6025,OI ODONTOLOGIA INTELIGENTE,37.079.130/0001-71,ME,ASA NORTE,"SETOR SHCN CL QD, 106, BLOCO C                   SALA  101, ASA NORTE, CEP 70742530, Brasilia/DF",6,1,clinica_geral,(61) 9 9173-5249,celular,+5561991735249,sim,,,,oiodontologiainteligente@gmail.com
0.6025,DRA MARIANA OLIVEIRA,41.313.084/0001-09,ME,NORTE (AGUAS CLARAS),"RUA COPAIBA LOTE, 01,       TORRE B SALA 2407, NORTE (AGUAS CLARAS), CEP 71919540, Brasilia/DF",5,1,marca_pessoal,(61) 9 9590-4050,celular,+5561995904050,sim,,,,dramarianaoliveiracosta@gmail.com
0.6025,CAPITAL ODONTO,36.239.668/0001-33,ME,ASA SUL,"QUADRA SEPS 705/905 BLOCO C ENTRADA 25, SN, SALA  119, ASA SUL, CEP 70390055, Brasilia/DF",6,1,clinica_geral,(61) 9 8173-6083,celular,+5561981736083,sim,,,,aurindojr@hotmail.com
0.6025,ADONA ODONTOLOGIA,32.911.585/0001-98,ME,ASA SUL,"QUADRA SGAS 616 CONJUNTO A BLOCO C SALA 219, S/N, ASA SUL, CEP 70200760, Brasilia/DF",7,1,clinica_geral,(61) 9 8144-7612,celular,+5561981447612,sim,,,,contato@adonaiharmonizacao.com.br
0.6025,TAO - TRATAMENTO AVANCADO EM ODONTOLOGIA,39.731.803/0001-51,ME,SETOR SUDOESTE,"QUADRA CLSW 300B, BLOCO, 04, SALA  01                  SALA  02, SETOR SUDOESTE, CEP 70673070, Brasilia/DF",5,1,clinica_geral,(61) 9 8119-1444,celular,+5561981191444,sim,,,,carlaz.tavares@hotmail.com
0.6025,ORTHOS ODONTOLOGIA,48.482.766/0001-86,ME,ASA NORTE,"SETOR SD/NORTE CONJUNTO A, S/N, SALA  6023 PARTE A, ASA NORTE, CEP 70077900, Brasilia/DF",3,1,especialista_alto_ticket,(61) 9 9606-0777,celular,+5561996060777,sim,(00) 0000000000,indefinido,,edmundoorthos@gmail.com
0.6025,GRAZIENE FERNANDES ODONTOLOGIA OROFACIAL,48.117.242/0001-96,ME,ASA NORTE,"QUADRA SCN 02 BLOCO D ENTRADA A, SN, SALA  519 PARTE A, ASA NORTE, CEP 70712903, Brasilia/DF",3,1,clinica_geral,(61) 9 8260-1717,celular,+5561982601717,sim,,,,dra.grazienemaria@gmail.com
0.6025,CINTHIA LISBOA,49.643.112/0001-50,ME,ASA SUL,"QUADRA SHS QUADRA 6 CONJUNTO A BLOCO E SALA, 411, ASA SUL, CEP 70316102, Brasilia/DF",3,1,especialista_alto_ticket,(61) 9 9598-9675,celular,+5561995989675,sim,(00) 0000000000,indefinido,,cinthialisb@hotmail.com
0.6025,DUDA HARMONIZACAO FACIAL E ESTETICA AVANCADA,50.015.030/0001-40,ME,NORTE (AGUAS CLARAS),"RUA COPAIBA, 01, ANDAR 22 TORRE A          SALA  2212                EDIF  DF CENTURY PLAZA, NORTE (AGUAS CLARAS), CEP 71919540, Brasilia/DF",3,1,especialista_alto_ticket,(61) 9 9885-9987,celular,+5561998859987,sim,,,,dudaroccha98@gmail.com
0.6025,ORTHOS BRASILIA,52.447.523/0001-84,ME,NORTE (AGUAS CLARAS),"AVENIDA DAS CASTANHEIRAS LT 1250, SN, EDIF  ESTACAO XVI         LOJA  02, NORTE (AGUAS CLARAS), CEP 71900100, Brasilia/DF",2,1,especialista_alto_ticket,(30) 3000-0000,fixo,+553030000000,,(00) 0000000000,indefinido,,aguasclaras@orthosonline.com.br
0.6025,ORTHODONTIC,09.069.182/0001-21,ME,TAGUATINGA,"SETOR CNA 01 LOTE 09/10 SALA, 501,       E 502, TAGUATINGA, CEP 72110015, Brasilia/DF",18,2,multi_unidade,(61) 9 8201-8999,celular,+5561982018999,sim,(61) 9 8201-8999,celular,+5561982018999,
0.6020,RIZZO IMPLANTES,57.080.841/0001-73,EPP,CENTRO (SAO SEBASTIAO),"AVENIDA COMERCIAL, 2111, LOJA  4, CENTRO (SAO SEBASTIAO), CEP 71691083, Brasilia/DF",2,1,especialista_alto_ticket,(61) 9 9215-3641,celular,+5561992153641,sim,(00) 0000000000,indefinido,,rizzo.contato@gmail.com
0.6020,BETA ODONTOLOGIA,08.929.334/0001-56,ME,ASA NORTE,"SETOR SETOR DE DIVERSOES NORTE CONJUNTO A SALA, 6047, ASA NORTE, CEP 70077000, Brasilia/DF",19,1,clinica_geral,(61) 3963-8484,fixo,+556139638484,,,,,
0.6020,ALYNNE MACEDO ODONTOLOGIA,07.415.362/0001-92,ME,ASA SUL,"QUADRA SEPS 714/914, SN, CONJ  D                   SALA  425, ASA SUL, CEP 70390145, Brasilia/DF",21,1,clinica_geral,(61) 9 8504-5132,celular,+5561985045132,sim,,,,alynne.mcd@gmail.com
0.6020,RISO,08.235.862/0001-05,ME,ASA NORTE,"SETOR SCN QD 2, BLOCO D, ENTRADA A, EDIFICIO SHOPPING LIBERTY MALL, SN, SALA  515, ASA NORTE, CEP 70712904, Brasilia/DF",20,1,clinica_geral,(61) 3202-5422,fixo,+556132025422,,,,,odontologiariso@gmail.com
0.6020,ODONTOMASTER,07.482.879/0001-02,ME,ASA SUL,"QUADRA SCS QUADRA 2 BLOCO C NUMERO 22 SALA, 111, ASA SUL, CEP 70300902, Brasilia/DF",21,1,clinica_geral,(61) 9 8165-5527,celular,+5561981655527,sim,,,,acontec.informatica@gmail.com
0.6020,CICLO ODONTOLOGIA,07.681.003/0001-87,ME,ASA NORTE,"SETOR SDN LOTE, 4130, SALA, ASA NORTE, CEP 70077900, Brasilia/DF",20,1,clinica_geral,(61) 3326-6985,fixo,+556133266985,,(61) 3326-8816,fixo,+556133268816,ajrcont@terra.com.br
0.6010,CLINICA CENTRAL,46.828.261/0001-03,EPP,GUARA I,"QUADRA QI 7 CONJUNTO U CASA, 114, GUARA I, CEP 71020216, Brasilia/DF",4,1,clinica_geral,(61) 9 9959-9570,celular,+5561999599570,sim,,,,raphaelsoares.odonto@gmail.com
0.6010,ODONTOCLINICA PARRO LTDA,01.361.519/0001-68,ME,ASA SUL,"SETOR SEPS QD 712/912 CONJUNTO B BLOCO 01 SALA, 314, ASA SUL, CEP 70390125, Brasilia/DF",30,1,clinica_geral,(61) 3346-1793,fixo,+556133461793,,,,,yedaparro@gmail.com
0.6010,CROL SUDOESTE,02.176.652/0001-07,ME,OCTOGONAL,"SHC AOS AE 2/8 LOTE 5 TORRE A SALA, 134, TERRACO SHOPPING, OCTOGONAL, CEP 70660020, Brasilia/DF",28,1,clinica_institucional,(61) 612342221,indefinido,,,,,,
0.6005,CAPIXABA ODONTOLOGIA,54.901.788/0001-36,EPP,ASA SUL,"QUADRA SCS QUADRA 04 BLOCO A, 49, SALA  120                 EDIF  EMBAIXADOR, ASA SUL, CEP 70300907, Brasilia/DF",2,1,clinica_geral,(61) 9 9912-4149,celular,+5561999124149,sim,(00) 0000000000,indefinido,,marcosejani@gmail.com
0.6005,FG SMILE CONSULTORIO ODONTOLOGICO,04.966.801/0001-67,ME,SOBRADINHO,"QUADRA QUADRA 08 COMERCIO LOCAL, 23, APT   201/202, SOBRADINHO, CEP 73006060, Brasilia/DF",24,2,multi_unidade,(61) 3222-1983,fixo,+556132221983,,,,,
0.6005,ISBI,05.678.868/0001-69,ME,TAGUATINGA,"QUADRA QNB 01 LOTE, 09, TAGUATINGA, CEP 72115010, Brasilia/DF",23,1,clinica_institucional,(61) 3563-2368,fixo,+556135632368,,,,,
0.6005,INSTITUTO DE SAUDE ORAL MIRANDA,09.191.538/0001-03,ME,TAGUATINGA,"AVENIDA CSB 02 LOTES 1,2,3 E 4, S/N, SALA  710 E 712, TAGUATINGA, CEP 72015525, Brasilia/DF",18,1,clinica_institucional,(61) 3351-5053,fixo,+556133515053,,,,,
0.6005,3DR DUTRA RIZZO ODONTOLOGIA ESPECIALIZADA LTDA,24.473.109/0001-04,ME,GUARA I,"QUADRA QE 1 AREA ESPECIAL F SALA 303, 00, GUARA I, CEP 71020001, Brasilia/DF",10,1,clinica_institucional,(61) 3533-0800,fixo,+556135330800,,,,,rochaemaia@gmail.com
0.6000,CENTRO ODONTOLOGICO ESPECIALIZADO,05.208.295/0001-00,ME,ASA SUL,"SGA/SUL QD. 910 CONJ. B BL. A SALA 103, S/N, ED.MIX PARK SUL, ASA SUL, CEP 70381535, Brasilia/DF",24,1,clinica_institucional,,,,,,,,
0.6000,WILTON ALVARENGA ENDONDONTIA ESPECIALIZADA,07.542.136/0001-72,ME,ASA NORTE,"SETOR DE DIVERSOES NORTE CONJUNTO A SALA, 4062, ASA NORTE, CEP 70077900, Brasilia/DF",21,1,clinica_institucional,,,,,,,,
0.5995,ODONTONORTE,11.699.581/0001-18,ME,CEILANDIA,"QUADRA QNM 17 CONJUNTO H LOTE 02 SALAS 104/105, S/N, CEILANDIA, CEP 72215178, Brasilia/DF",16,1,clinica_geral,(61) 3436-1597,fixo,+556134361597,,,,,netocapital@gmail.com
0.5995,CENTRO INTEGRADO DE SAUDE,26.480.137/0001-84,ME,TAGUATINGA,"QUADRA QNC AREA ESPECIAL 10 SALA, 801, TAGUATINGA, CEP 72115610, Brasilia/DF",36,1,clinica_institucional,(61) 3963-6639,fixo,+556139636639,,(61) 9 8183-4854,celular,+5561981834854,sascr34@yahoo.com.br
0.5995,REVITTA CLINICA ODONTOLOGICA,14.814.367/0001-53,ME,RIACHO FUNDO II,"QUADRA QN 8C CONJUNTO 03 CASA 27, S/N, LOJA  01, RIACHO FUNDO II, CEP 71880130, Brasilia/DF",14,1,clinica_geral,(61) 3392-1283,fixo,+556133921283,,,,,
0.5990,ODONTALCLINIC,01.364.656/0001-56,ME,ASA SUL,"SHLS Q 716 CONJ L BL 01 SALA, 215, CENTRO CLINICO SUL, ASA SUL, CEP 70390700, Brasilia/DF",30,1,clinica_geral,,,,,,,,
0.5985,ODONTO NEW LTDA,25.156.904/0001-31,ME,TAGUATINGA NORTE (TAGUATINGA),"QUADRA QNA 30 LOTE 10 SALA 101 PARTE, SN, TAGUATINGA NORTE (TAGUATINGA), CEP 72110300, Brasilia/DF",10,1,clinica_geral,(61) 3208-4928,fixo,+556132084928,,,,,contabilidade.ctc.consultoria@gmail.com
0.5985,LUIZ GUSTAVO DE MELO LTDA,24.270.012/0001-02,ME,SETOR OESTE (SOBRADINHO II),"AVENIDA CENTRAL CONJUNTO 3 LOTE, 04, SETOR OESTE (SOBRADINHO II), CEP 73062803, Brasilia/DF",10,1,marca_pessoal,(61) 3485-7743,fixo,+556134857743,,(61) 9 9595-5088,celular,+5561995955088,gustavo_3_2@hotmail.com
0.5985,SAUDE E BEM ESTAR ODONTOLOGICO LTDA,17.999.379/0001-98,ME,TAGUATINGA SUL (TAGUATINGA),"QUADRA CSB 7, LOTE, 01, LOJA  13 E 14, TAGUATINGA SUL (TAGUATINGA), CEP 72015575, Brasilia/DF",13,1,clinica_geral,(61) 9 8150-9998,celular,+5561981509998,sim,,,,revoodontologia@gmail.com
0.5985,ODONTO EXCELLENCE,24.365.408/0001-25,ME,TAGUATINGA NORTE (TAGUATINGA),"QUADRA QNA 17, SN, LOTE  16, TAGUATINGA NORTE (TAGUATINGA), CEP 72110170, Brasilia/DF",10,1,clinica_geral,(61) 9 8209-3900,celular,+5561982093900,sim,,,,societario@conscientedf.com.br
0.5985,ODONTO CM,19.721.825/0001-23,ME,SETOR LESTE (GAMA),"SETOR DE INDUSTRIAS QUADRA 01 LOTE 1700/1780 LOJA 09, SN, EDIF  GAMAGGIORE          TERREOCOMERCIAL, SETOR LESTE (GAMA), CEP 72445000, Brasilia/DF",12,1,clinica_geral,(61) 3608-4821,fixo,+556136084821,,,,,dr.felipecm@gmail.com
0.5985,BEM ESTAR ODONTOLOGIA,22.091.764/0001-72,ME,SETOR SUL (GAMA),"QUADRA QUADRA 2 CONJUNTO E, LT 14, SALA  01, SETOR SUL (GAMA), CEP 72415105, Brasilia/DF",11,1,clinica_geral,(61) 9 8414-0398,celular,+5561984140398,sim,,,,
0.5985,DRASMILE EIRELI,22.780.666/0001-42,ME,SETOR CENTRAL (GAMA),"QUADRA EQ 47-49 PROJECAO 4, SALA, 516, SETOR CENTRAL (GAMA), CEP 72405499, Brasilia/DF",11,1,clinica_geral,(61) 3022-9700,fixo,+556130229700,,,,,isisfabi_1@hotmail.com
0.5985,SORRIMANIA,20.884.218/0001-63,ME,SAMAMBAIA,"QUADRA QS 414 CONJUNTO F LOTE 01 SALAS 101, 103 E 105, S/N, SAMAMBAIA, CEP 72320586, Brasilia/DF",12,1,clinica_geral,(61) 3363-8972,fixo,+556133638972,,,,,
0.5985,PREMIUM ODONTOLOGIA,23.625.698/0001-36,ME,RIACHO FUNDO II,"QUADRA QN 14B CONJUNTO 5, SN, LOTE  21                  SALA  101, RIACHO FUNDO II, CEP 71881125, Brasilia/DF",10,1,clinica_geral,(61) 9 8415-4604,celular,+5561984154604,sim,,,,ericaremigio@gmail.com
0.5980,WE ODONTO,42.940.473/0001-19,EPP,CEILANDIA NORTE (CEILANDIA),"QUADRA EQNP 13/17 BLOCO B LOTE 06, S/N, CEILANDIA NORTE (CEILANDIA), CEP 72241542, Brasilia/DF",5,1,clinica_geral,(61) 9 8443-7573,celular,+5561984437573,sim,,,,waniadf@gmail.com
0.5980,LEONARDO SALES ODONTOLOGIA,05.749.033/0001-52,ME,ASA NORTE,"QUADRA SHN QDA 1 CJ A BLOCO F, SN, SALA  307, ASA NORTE, CEP 70701060, Brasilia/DF",23,1,marca_pessoal,(61) 9 9981-0648,celular,+5561999810648,sim,,,,leonardosimoessales@icloud.com
0.5980,CIRB CENTRO INTEGRADO DE REABILITACAO BUCOFACIAL,07.478.916/0001-09,ME,ASA NORTE,"SETOR MEDICO HOSPITALAR NORTE QUADRA 02 BLOCO C, 44, SALA  1303 E 1304, ASA NORTE, CEP 70710149, Brasilia/DF",21,1,clinica_institucional,(61) 4141-1224,fixo,+556141411224,,,,,cirbodontologia@hotmail.com
0.5980,USE ODONTOLOGIA,07.494.488/0001-08,ME,ASA SUL,"SETOR COMERCIAL SUL QUADRA 03 BLOCO A, 40, SALA 114, ASA SUL, CEP 70303000, Brasilia/DF",21,1,clinica_geral,(61) 3226-5817,fixo,+556132265817,,,,,
0.5975,UNOVITTA CLINICAS,10.869.134/0001-05,DEMAIS,VILA SAO JOSE (BRAZLANDIA),"QUADRA Q 37 CONJUNTO A LOTE 02 LOJA, 03, VILA SAO JOSE (BRAZLANDIA), CEP 72737001, Brasilia/DF",17,1,clinica_geral,(61) 3479-4514,fixo,+556134794514,,(61) 9 9654-8591,celular,+5561996548591,unovittaclinicas@gmail.com
0.5975,S&R ODONTOLOGIA,26.434.159/0001-08,DEMAIS,TAGUATINGA NORTE (TAGUATINGA),"QUADRA QNJ 26 LOTE, 05, SALA  101 102 E 103, TAGUATINGA NORTE (TAGUATINGA), CEP 72140260, Brasilia/DF",36,1,clinica_geral,(61) 3475-4106,fixo,+556134754106,,,,,roberto_sthetic@hotmail.com
0.5970,ANGEL ODONTOLOGIA,01.243.758/0001-13,ME,ASA SUL,"QUADRA SEPS 714/914 CONJUNTO E SALA 211, SN, ASA SUL, CEP 70390145, Brasilia/DF",30,1,clinica_geral,(61) 9 8244-5307,celular,+5561982445307,sim,,,,mariaangela.campos@gmail.com
0.5970,PRISCILLA FERREIRA ODONTOLOGIA,19.812.305/0001-26,ME,AREAL (AGUAS CLARAS),"QUADRA QS 1 RUA 210 LOTE 40,   S/N, : TORRE B; SALA: 725/726/727;, AREAL (AGUAS CLARAS), CEP 71950904, Brasilia/DF",12,1,clinica_geral,(61) 3965-1880,fixo,+556139651880,,,,,priscillaferreira01@gmail.com
0.5965,ORAL UNIC,45.052.822/0001-54,DEMAIS,ASA SUL,"QUADRA SCL/S QUADRA 102, 0, BLOCO D                   QUADRA102                       SHCS CL             LOJA  35 RUV, ASA SUL, CEP 70297400, Brasilia/DF",4,1,clinica_geral,(62) 9 8135-8989,celular,+5562981358989,sim,,,,drcaiosartorio@gmail.com
0.5965,DOUTOR SAUDE LTDA,51.844.794/0001-00,EPP,AREAL (AGUAS CLARAS),"QUADRA QS 3 LOTES, 3/9, ANDAR 14 TORRE SUL SL 1414, AREAL (AGUAS CLARAS), CEP 71953000, Brasilia/DF",3,1,clinica_geral,(61) 3047-6177,fixo,+556130476177,,(00) 0000000000,indefinido,,clinicasaluta3@gmail.com
0.5965,BOSS MEDICINA ODONTOLOGICA INTEGRATIVA LTDA,55.647.920/0001-98,EPP,ASA NORTE,"SETOR SDN (SETOR DE DIVERSOES NORTE), SN, CONJ  A                   SALA  4032, ASA NORTE, CEP 70077000, Brasilia/DF",2,1,clinica_geral,(61) 3550-6868,fixo,+556135506868,,(00) 0000000000,indefinido,,clinicaodontologicaboss@gmail.com
0.5965,STUDIO ORAL GOLD PLANO PILOTO LTDA,57.993.993/0001-67,EPP,ASA SUL,"SETOR SCS QUADRA 06, S/N, LOJA  124                 BLOCO A 130, ASA SUL, CEP 70306901, Brasilia/DF",1,1,clinica_geral,(11) 2256-4486,fixo,+551122564486,,(00) 0000000000,indefinido,,contabil@clinicasinteligentes.com.br
0.5965,RAFAELA PEIXOTO ODONTOPEDIATRIA,51.097.292/0001-63,EPP,ASA SUL,"SETOR SRTVS QUADRA 701 BLOCO O, 110, SALA  423                       PARTE C35, ASA SUL, CEP 70340000, Brasilia/DF",3,1,clinica_geral,(61) 3224-9074,fixo,+556132249074,,,,,societario@camargoscontadores.com.br
0.5965,ODONTO LED ODONTOLOGIA INTEGRADA,45.461.124/0001-02,EPP,AREAL (AGUAS CLARAS),"QUADRA QS 1 RUA 210 LT 34 E 36 TORRE 3, 34 36, SALA  612, AREAL (AGUAS CLARAS), CEP 71950770, Brasilia/DF",4,1,clinica_geral,(61) 9 9819-3341,celular,+5561998193341,sim,,,,odontocontabil@odontocontabildf.com.br
0.5965,SORRISO ABERTO,30.197.527/0001-19,ME,AGUAS CLARAS,"AVENIDA AVENIDA PAU BRASIL LT 10, S/N, SALA  634, AGUAS CLARAS, CEP 71926000, Brasilia/DF",8,1,clinica_geral,(61) 9 8575-7834,celular,+5561985757834,sim,,,,cleniltonconsultor@gmail.com
0.5965,OSTEODONTO,30.763.672/0001-10,ME,SUL (AGUAS CLARAS),"AVENIDA DAS ARAUCARIAS LOTES 1835, 1905, 1955 E, 2005, SALA  312, SUL (AGUAS CLARAS), CEP 71936250, Brasilia/DF",8,1,clinica_geral,(61) 9 9974-4353,celular,+5561999744353,sim,,,,
0.5965,CLINICA ODONTOFACE,27.208.209/0001-00,ME,SETOR HABITACIONAL VICENTE PIRES,"RUA 8 CHACARA 230 LOTE, 01A, SALA  05, SETOR HABITACIONAL VICENTE PIRES, CEP 72007090, Brasilia/DF",9,1,clinica_geral,(61) 9 8250-9240,celular,+5561982509240,sim,,,,layanne.odonto@hotmail.com
0.5965,D'CASTRO ODONTOLOGIA ESPECIALIZADA,36.722.610/0001-46,ME,AREAL (AGUAS CLARAS),"QUADRA QS 1 RUA 210 LOTE, 40, SALA  424, AREAL (AGUAS CLARAS), CEP 71950770, Brasilia/DF",6,1,clinica_institucional,(61) 9 9293-8593,celular,+5561992938593,sim,,,,dcastroodontologia@gmail.com
0.5965,ERGON FACE - ODONTOLOGIA ESPECIALIZADA,36.279.645/0001-52,ME,AREAL (AGUAS CLARAS),"QUADRA QS 3 EPCT LT 3, 5, 7 E 9, SN, SALA  602, AREAL (AGUAS CLARAS), CEP 71953000, Brasilia/DF",6,1,clinica_institucional,(21) 2051-4900,fixo,+552120514900,,,,,escritoriovirtual@mbconsulta.com
0.5965,APTUS- ODONTOLOGIA ESPECIALIZADA,07.388.015/0001-18,ME,TAGUATINGA,"QUADRA QSA 02 LOTES 02/03 SALA 308, S/N,       TERCEIRO PAVIMENTO, TAGUATINGA, CEP 72015020, Brasilia/DF",21,1,clinica_institucional,(61) 3964-0691,fixo,+556139640691,,(61) 3964-0692,fixo,+556139640692,
0.5965,CLINICA ODONTOLOGICA FE,08.893.666/0001-28,ME,TAGUATINGA CENTRO,"SETOR CSB 02 LOTES 01, 02, 03, 04, S/N, SALA 516, TAGUATINGA CENTRO, CEP 72015901, Brasilia/DF",19,1,clinica_geral,(61) 3351-1220,fixo,+556133511220,,,,,lanem@brturbo.com.br
0.5955,ODONTO NORTE,10.363.980/0001-40,ME,CEILANDA NORTE,"QUADRA QNM 24 CONJUNTO A LOTE, 45, CEILANDA NORTE, CEP 72215011, Brasilia/DF",17,1,clinica_geral,(61) 9 8144-6021,celular,+5561981446021,sim,,,,ruanrego@hotmail.com
0.5955,LUCIANO MIZIARA ODONTOLOGIA ESPECIALIZADA,33.765.818/0001-54,ME,NORTE (AGUAS CLARAS),"RUA COPAIBA LOTE, 01,       TORRE A                   SALAS 119 E 120, NORTE (AGUAS CLARAS), CEP 71919540, Brasilia/DF",7,1,clinica_institucional,(61) 9 9999-9999,celular,+5561999999999,sim,,,,
0.5950,ALLEGRA ODONTOLOGIA,41.495.752/0001-58,DEMAIS,GUARA I,"QUADRA QE 1 AREA ESPECIAL F, S/N, SALA  106, GUARA I, CEP 71020037, Brasilia/DF",5,1,clinica_geral,(61) 9 8200-7102,celular,+5561982007102,sim,,,,dramarianamelo@gmail.com
0.5950,TAGUACENTER ODONTOLOGIA,43.077.509/0001-45,EPP,TAGUATINGA NORTE (TAGUATINGA),"QUADRA CNG 1 LOTE, 12, SALA  101 E 102, TAGUATINGA NORTE (TAGUATINGA), CEP 72130015, Brasilia/DF",5,1,clinica_geral,(61) 3573-0945,fixo,+556135730945,,(61) 3345-1188,fixo,+556133451188,admtag@orthopride.com.br
0.5950,ICR - ODONTOLOGIA INTEGRADA,50.400.511/0001-79,DEMAIS,GUARA I,"AREA ESPECIAL QE 01 BLOCO F, S/N, SALA  05                  EDIF  CENTRO CLINICO GUARA, GUARA I, CEP 71020061, Brasilia/DF",3,1,clinica_institucional,(61) 9 8466-4212,celular,+5561984664212,sim,(00) 0000000000,indefinido,,kellycalegario@gmail.com
0.5950,CLINICA ODONTOLOGICA REALLYZA,46.066.121/0001-37,EPP,SOBRADINHO,"QUADRA CENTRAL SETOR COMERCIAL BLOCO 11, LT 07, SALA  14 SOBRELOJA, SOBRADINHO, CEP 73010521, Brasilia/DF",4,1,clinica_geral,(61) 9 9513-3000,celular,+5561995133000,sim,,,,clinicaodontosobradinho@gmail.com
0.5950,ODONTO VAS,51.615.586/0001-30,EPP,SETOR RESIDENCIAL LESTE (PLANALTINA),"QUADRA 03 CONJUNTO C LOTE, 39, SALA  101, SETOR RESIDENCIAL LESTE (PLANALTINA), CEP 73350303, Brasilia/DF",3,1,clinica_institucional,(61) 9 9890-2272,celular,+5561998902272,sim,(00) 0000000000,indefinido,,clinicaodontovas@gmail.com
0.5950,BRASIL IMPLANTES,49.601.715/0001-99,ME,TAGUATINGA,"QUADRA QS 1 RUA 212 LT 19/21/23, S/N, BLOCO D                   SALA  1520, TAGUATINGA, CEP 71950550, Brasilia/DF",3,1,especialista_alto_ticket,(61) 9 8157-4346,celular,+5561981574346,sim,,,,bimplantes@gmail.com
0.5950,PRIORIZE ODONTOLOGIA E ESTETICA,53.562.486/0001-18,ME,TAGUATINGA CENTRO (TAGUATINGA),"QUADRA C 1 LOTES, 1/12, SALA  310 E 311, TAGUATINGA CENTRO (TAGUATINGA), CEP 72010000, Brasilia/DF",2,1,especialista_alto_ticket,(61) 9 8619-0612,celular,+5561986190612,sim,(00) 0000000000,indefinido,,priorizeodontologia@gmail.com
0.5950,ARTE NA BOCA,59.185.300/0001-35,ME,SETOR CENTRAL GAMA,"AREA ESPECIAL 20/21 SALA, 161, SETOR CENTRAL GAMA, CEP 72405922, Brasilia/DF",1,1,especialista_alto_ticket,(61) 9 8194-2728,celular,+5561981942728,sim,(00) 0000000000,indefinido,,moniquelevita@gmail.com
0.5945,LUIZ CARLOS ODONTOLOGIA,08.419.960/0001-00,ME,TAGUATINGA SUL (TAGUATINGA),"QUADRA QSA 24 LOTE, 12, SALA  103, TAGUATINGA SUL (TAGUATINGA), CEP 72015240, Brasilia/DF",19,1,marca_pessoal,(61) 3202-2400,fixo,+556132022400,,,,,lauabmc@gmail.com
0.5945,RB RADIOLOGIA,13.563.991/0001-62,EPP,SETOR CENTRAL (GAMA),"QUADRA QUADRA 1, 09, SALA  408 410 412, SETOR CENTRAL (GAMA), CEP 72405010, Brasilia/DF",15,1,clinica_geral,(61) 3037-1787,fixo,+556130371787,,,,,radiologiabucal@hotmail.com
0.5945,RZ & R SCP,39.611.814/0001-06,DEMAIS,ASA NORTE,"SETOR SCN QUADRA 5 BLOCO A, S/N, TERREOTORRE SUL           SALA  1302                      BRASILIA SHOPPING, ASA NORTE, CEP 70715900, Brasilia/DF",5,1,clinica_geral,(61) 3321-0999,fixo,+556133210999,,,,,zambonato.rogerio@gmail.com
0.5945,CLINICA MULTIDISCIPLINAR + SAUDE,50.351.149/0001-93,ME,SETOR SUDOESTE,"QUADRA QMSW 4 LOTE 03 APARTAMENTO, 102, EDIF  CARIBE CENTER, SETOR SUDOESTE, CEP 70680400, Brasilia/DF",3,1,clinica_geral,(61) 9 9993-2508,celular,+5561999932508,sim,(00) 0000000000,indefinido,,charlisonrc@gmail.com
0.5945,MESTRYA ODONTOLOGIA ESPECIALIZADA,46.791.195/0001-36,ME,NORTE (AGUAS CLARAS),"AVENIDA PAU BRASIL LOTE, 10, SALA  526, NORTE (AGUAS CLARAS), CEP 71916500, Brasilia/DF",4,1,clinica_institucional,(61) 9 9554-3187,celular,+5561995543187,sim,,,,mestrya.odt@gmail.com
0.5945,INSTITUTO GAIA,43.624.482/0001-63,ME,ASA SUL,"QUADRA SCS QUADRA 08, SN, BLOCO B50                 SALA  407                 EDIF  VENANCIO SHOPPING, ASA SUL, CEP 70333900, Brasilia/DF",4,1,clinica_institucional,(61) 3226-0854,fixo,+556132260854,,,,,clinica@gmail.com
0.5940,DOM ODONTOLOGIA LTDA,24.344.585/0001-25,ME,ASA NORTE,"SETOR STN SETOR TERMINAL NORTE CONJUNTO O  CONSULTORIO 125, 30, ASA NORTE, CEP 70770911, Brasilia/DF",10,1,clinica_geral,(61) 9 8134-6131,celular,+5561981346131,sim,,,,mariakatu@hotmail.com
0.5930,IMPLANTUS CLINICA ODONTOLOGICA LTDA,27.363.150/0001-16,ME,GUARA I,"QUADRA QE 1 AREA ESPECIAL F SALA, 215, GUARA I, CEP 71020037, Brasilia/DF",9,1,especialista_alto_ticket,(61) 9 8135-1393,celular,+5561981351393,sim,,,,claytonwqs@hotmail.com
0.5930,CLINICA DE REABILITACAO E HARMONIZACAO OROFACIAL CRHOS,37.828.390/0001-00,ME,TAGUATINGA NORTE (TAGUATINGA),"QUADRA CNG 2 AREA ESPECIAL PARA CINEMA SALA, 118, EDIF  TAGUACENTER, TAGUATINGA NORTE (TAGUATINGA), CEP 72130025, Brasilia/DF",6,1,especialista_alto_ticket,(61) 9 9276-2222,celular,+5561992762222,sim,,,,contato.racont@gmail.com
0.5930,KAROLINE CARVALHO ODONTOLOGIA ESTETICA,40.899.600/0001-58,ME,TAGUATINGA NORTE (TAGUATINGA),"QUADRA CNC 2, LOTE 17, LOJA 01, SN, TAGUATINGA NORTE (TAGUATINGA), CEP 72115525, Brasilia/DF",5,1,especialista_alto_ticket,(61) 9 9296-8931,celular,+5561992968931,sim,,,,karollcarvalho00@gmail.com
0.5930,ODONTOCLINICA ESTETICA DO DENTE LTDA,41.640.626/0001-40,ME,SAMAMBAIA NORTE (SAMAMBAIA),"QUADRA QN 215 CONJUNTO 2, 21, LOJA  02, SAMAMBAIA NORTE (SAMAMBAIA), CEP 72343252, Brasilia/DF",5,1,especialista_alto_ticket,(61) 9 8601-1132,celular,+5561986011132,sim,(61) 3459-5404,fixo,+556134595404,odontoclinicaesteticadodente21@gmail.com
0.5930,CROE CLINICA DE REABILITACAO ORAL E ESTETICA,35.712.482/0001-97,ME,SOBRADINHO,"QUADRA 07 COMERCIO LOCAL, 14, LOJA  08, SOBRADINHO, CEP 73036135, Brasilia/DF",6,1,especialista_alto_ticket,(61) 9 8439-4742,celular,+5561984394742,sim,,,,deivide.llima@gmail.com
0.5930,LUMINE ODONTOLOGIA E ESTETICA,35.771.990/0001-46,ME,TAGUATINGA NORTE (TAGUATINGA),"QUADRA QNE 35, 25, LOJA  02, TAGUATINGA NORTE (TAGUATINGA), CEP 72125350, Brasilia/DF",6,1,especialista_alto_ticket,(61) 9 8201-2249,celular,+5561982012249,sim,,,,contato@pumega.com.br
0.5930,CLINICA UNITA ODONTOLOGIA E ESTETICA,30.878.459/0001-53,ME,GUARA II,"QUADRA QE 19 CONJUNTO G, S/N, LOTE  01                  SALA  01, GUARA II, CEP 71050073, Brasilia/DF",8,1,especialista_alto_ticket,(61) 3568-6845,fixo,+556135686845,,,,,clinicaunitaodontologia@gmail.com
0.5930,IMPLANTODENTE,38.123.861/0001-30,ME,SAMAMBAIA SUL (SAMAMBAIA),"QUADRA QS 316 CONJUNTO 7 LOTES, 1/9, SALA  102, SAMAMBAIA SUL (SAMAMBAIA), CEP 72308527, Brasilia/DF",6,1,especialista_alto_ticket,(61) 9 8583-6629,celular,+5561985836629,sim,(61) 9 8538-7070,celular,+5561985387070,glenio14011963@gmail.com
0.5930,DRA MARIANA PORFIRIO HARMONIZACAO FACIAL E ODONTOLOGIA,40.749.775/0001-89,ME,GUARA I,"QUADRA QE 11 AREA ESPECIAL L SALA, 124, GUARA I, CEP 71020721, Brasilia/DF",5,1,marca_pessoal,(61) 9 8622-5246,celular,+5561986225246,sim,,,,
0.5930,ORTHO TRAUMA,37.364.986/0001-99,ME,TAGUATINGA SUL (TAGUATINGA),"AREA QSE AREAS ESPECIAIS 1 3 14 E 17 BLOCO A CONSULTORIO 09, SN, TERREO, TAGUATINGA SUL (TAGUATINGA), CEP 72025001, Brasilia/DF",6,1,especialista_alto_ticket,(61) 9 8228-2082,celular,+5561982282082,sim,,,,bernardocolnaghi@hotmail.com
0.5925,AMD ODONTOLOGIA,48.970.223/0001-08,EPP,SUL (AGUAS CLARAS),"RUA 14 LOTE 5, SN, APT   1301, SUL (AGUAS CLARAS), CEP 71939720, Brasilia/DF",3,1,clinica_geral,(61) 9 9662-2928,celular,+5561996622928,sim,(00) 0000000000,indefinido,,amaanda.1402@gmail.com
0.5925,LIDIA SOUZA ODONTOLOGIA,44.176.241/0001-61,EPP,ASA SUL,"QUADRA SGAS 910 CONJUNTO B BLOCO A SALA 118 PARTE G, S/N, ASA SUL, CEP 70390100, Brasilia/DF",4,1,clinica_geral,(61) 3242-1250,fixo,+556132421250,,,,,xxxxxxxxxxx@xxxxxx.xxx.xx
0.5925,ODONTOCENTRO,37.163.249/0001-28,ME,ASA NORTE,"SETOR SCN QUADRA 05 BLOCO A, SN,       4 ANDAR             SALA  410, ASA NORTE, CEP 70715970, Brasilia/DF",6,1,clinica_institucional,(61) 9 8465-3263,celular,+5561984653263,sim,,,,odontocentrobsb@gmail.com
0.5925,"FABRICA DE SORRISOS, ODONTOLOGIA ESPECIALIZADA",41.538.023/0001-31,ME,ASA NORTE,"SETOR SETOR DE DIVERSOES NORTE, SN, CONJ  A                   SALA  6024, ASA NORTE, CEP 70077900, Brasilia/DF",5,1,clinica_institucional,(61) 2017-3133,fixo,+556120173133,,(61) 9 9376-7107,celular,+5561993767107,fabricadesorrisosdf@gmail.com
0.5925,ACOLHER INSTITUTO ODONTOLOGICO,37.156.463/0001-57,ME,AREAL (AGUAS CLARAS),"QUADRA QS 3 EPCT LT 3, 5, 7, 9, SN, SALA  1314                EDIF  PATIO CAPITAL, AREAL (AGUAS CLARAS), CEP 71953000, Brasilia/DF",6,1,clinica_institucional,(61) 9 9965-4722,celular,+5561999654722,sim,,,,andressa.nohana@gmail.com
0.5925,SINGOLARE ESPECIALIDADES ODONTOLOGICAS,22.905.076/0001-07,ME,SETOR HABITACIONAL CONTAGEM (SOBRADINHO),"RODOVIA DF-425, 201, EDIF: OCAPORA; SALA: 201; LOTE: 19 CH SAO JORGE;, SETOR HABITACIONAL CONTAGEM (SOBRADINHO), CEP 73092010, Brasilia/DF",11,1,clinica_institucional,(61) 3546-7986,fixo,+556135467986,,(61) 9 8272-0430,celular,+5561982720430,singolare.esp.odontologicas@gmail.com
0.5925,CLINICA ODONTOLOGICA DE PLANALTINA LTDA,05.043.113/0001-98,ME,PLANALTINA,"QUADRA 04 CONJUNTO A LOTE, 47,       SRL, PLANALTINA, CEP 73360401, Brasilia/DF",24,1,clinica_geral,(61) 3389-1880,fixo,+556133891880,,,,,
0.5920,LAGO DENTAL DESIGN,40.318.316/0001-40,EPP,SETOR DE HABITACOES INDIVIDUAIS NORTE,"SETOR SHIN CA 05 BLOCO J2 SALA 101, SN,       SOBRELOJA, SETOR DE HABITACOES INDIVIDUAIS NORTE, CEP 71503505, Brasilia/DF",5,1,clinica_geral,(61) 9 9948-3828,celular,+5561999483828,sim,,,,lagodentaldesign@gmail.com
0.5920,DIVINO CESAR ANDRAUS,00.942.179/0001-04,DEMAIS,ASA SUL,"QUADRA SHCS CLM 307 BLOCO B, 02, SLJ   UNIDADE IMOBILIARIA, ASA SUL, CEP 70354520, Brasilia/DF",30,1,clinica_geral,(61) 3443-9542,fixo,+556134439542,,(61) 9 9131-5303,celular,+5561991315303,contabilidadecontroll@gmail.com
0.5920,FA- IMPLANTE E ODONTOLOGIA,39.564.393/0001-00,ME,SETOR CENTRA,"AREA ESPECIAL AREA ESPECIAL, 20/21, EDIF  ALTERNATIVO CENTER  SALA  118, SETOR CENTRA, CEP 72405922, Brasilia/DF",5,1,especialista_alto_ticket,(61) 3021-9394,fixo,+556130219394,,,,,santoscontabil499@hotmail.com
0.5920,BELLA ODONTOLOGIA E ORTODONTIA AVANCADA,31.408.986/0001-67,ME,CEILANDIA,"SETOR SETOR M QNM 5 CJ B LT 47, S/N, SALA  103 - 104 - 105, CEILANDIA, CEP 72215052, Brasilia/DF",7,1,especialista_alto_ticket,(61) 3032-3402,fixo,+556130323402,,,,,bellaodontologia@gmail.com
0.5920,REABILITTA ODONTOLOGIA E HARMONIZACAO FACIAL,41.063.955/0001-75,ME,TAGUATINGA NORTE (TAGUATINGA),"AREA ESPECIAL SETOR C NORTE, 1/12,       TORRE A SLS 713/714, TAGUATINGA NORTE (TAGUATINGA), CEP 72115700, Brasilia/DF",5,1,especialista_alto_ticket,(61) 9 8191-0328,celular,+5561981910328,sim,,,,juliana.smellos@gmail.com
0.5915,IZO INSTITUTO ODONTOLOGICO,25.337.790/0001-26,ME,CEILANDIA SUL (CEILANDIA),"QUADRA QNM 3 CONJUNTO A LOTE, 06, SALA  01, CEILANDIA SUL (CEILANDIA), CEP 72215031, Brasilia/DF",10,1,clinica_institucional,(61) 3011-3647,fixo,+556130113647,,,,,paulorzjpop@hotmail.com
0.5915,PREMIER ODONTOLOGIA,15.757.889/0001-23,ME,CEILANDIA,"QUADRA EQNP 01/05, BLOCO G, LOTE, 01, LOJA  01, CEILANDIA, CEP 72240507, Brasilia/DF",14,1,clinica_institucional,(61) 3375-1045,fixo,+556133751045,,(61) 3965-4501,fixo,+556139654501,
0.5915,ODONTO DREAM,10.377.669/0001-50,ME,GUARA II,"QUADRA  QI 27 BLOCO A SALA, 114, GUARA II, CEP 71060280, Brasilia/DF",17,1,clinica_geral,(61) 9 8127-1920,celular,+5561981271920,sim,(61) 3567-4442,fixo,+556135674442,
0.5915,SMILYN CLINICA ODONTOLOGICA,22.503.306/0001-01,ME,TAGUATINGA NORTE (TAGUATINGA),"QUADRA QNM 40 CONJUNTO G LOTE, 39, TAGUATINGA NORTE (TAGUATINGA), CEP 72146007, Brasilia/DF",11,1,clinica_geral,(61) 9 8546-4759,celular,+5561985464759,sim,,,,drflaviosousa@hotmail.com
0.5910,VAMOS SORRIR,47.639.675/0001-49,DEMAIS,NUCLEO BANDEIRANTE,"AVENIDA CENTRAL CM, S/N, LOTE  390                 LOJA  1 E 2, NUCLEO BANDEIRANTE, CEP 71720510, Brasilia/DF",4,1,clinica_institucional,(11) 2256-4486,fixo,+551122564486,,(00) 0000000000,indefinido,,contabil@clinicasinteligentes.com.br
0.5910,YOUR INSTITUTO ODONTOLOGICO,46.697.599/0001-65,ME,GUARA II,"AREA ESPECIAL AREA ESPECIAL 04 MODULO G, S/N, BLOCO A                   APT   303, GUARA II, CEP 71070674, Brasilia/DF",4,1,especialista_alto_ticket,(61) 9 8269-9619,celular,+5561982699619,sim,(00) 0000000000,indefinido,,henpaulo@gmail.com
0.5910,FLEX ODONTOLOGIA,47.178.990/0001-16,ME,TAGUATINGA,"QUADRA QS 01 RUA 210 LOTE TORRE B, 40, SALA  715/716, TAGUATINGA, CEP 71950904, Brasilia/DF",4,1,especialista_alto_ticket,(61) 3562-1154,fixo,+556135621154,,(00) 0000000000,indefinido,,flexortodontia@gmail.com
0.5910,ORTOFACE IMPLANTES,44.664.270/0001-72,ME,ZONA INDUSTRIAL (GUARA),"TRECHO SIA TRECHO 2 LOTE 1510 A 1540 SALA 208 PARTE A, S/N, ZONA INDUSTRIAL (GUARA), CEP 71200023, Brasilia/DF",4,1,especialista_alto_ticket,(61) 3234-3638,fixo,+556132343638,,,,,ortofacebrasilia@gmail.com
0.5910,INSTITUTO DE ODONTOLOGIA INFANTIL LTDA,00.835.769/0001-20,ME,ASA NORTE,"SETOR SHLN BLOCO L, 43, SALA  205 E 206, ASA NORTE, CEP 70770576, Brasilia/DF",42,1,clinica_institucional,(61) 9 8237-1377,celular,+5561982371377,sim,(61) 9 8178-8762,celular,+5561981788762,jsalescontabil@gmail.com
0.5910,CENTRO ESPECIALIZADO DE ENDODONTIA,01.098.841/0001-46,ME,ASA NORTE,"SDN  CONJUNTO A, S/N, SALA 5014, ASA NORTE, CEP 70077900, Brasilia/DF",30,1,clinica_institucional,(61) 3326-4365,fixo,+556133264365,,(61) 9 8144-3920,celular,+5561981443920,centroespdeendodontia@hotmail.com
0.5910,BLANC ODONTOLOGIA PERSONALIZADA,03.223.006/0001-16,ME,LAGO SUL,"SHI/SUL CL QI 11 BLOCO S SALA, 108, ED. ESPACO 11, LAGO SUL, CEP 71625205, Brasilia/DF",27,1,clinica_geral,(61) 612487432,indefinido,,,,,,
0.5910,ESTHETIC DENTAL CLINIC,02.031.382/0001-46,ME,NORTE (AGUAS CLARAS),"RUA COPAIBA, LOTE, 01, BLOCO A SALA 1512, NORTE (AGUAS CLARAS), CEP 71919900, Brasilia/DF",29,1,clinica_geral,(61) 3352-8423,fixo,+556133528423,,(61) 9 9923-3190,celular,+5561999233190,estheticdentalclinic0@gmail.com
0.5910,UNIDENT,72.582.018/0001-50,ME,ASA NORTE,"SETOR SDN, CONJUNTO A, SN, SALA  6.114,                    CNB, ASA NORTE, CEP 70077900, Brasilia/DF",32,1,clinica_geral,(61) 3224-9700,fixo,+556132249700,,(61) 3223-6779,fixo,+556132236779,unident02@hotmail.com
0.5910,CLINICA LARIXHIA,37.161.130/0001-16,ME,LAGO SUL,"SMDB/SUL CONJUNTO 12 BLOCO E, S/N, SALA 209, LAGO SUL, CEP 71680120, Brasilia/DF",33,1,clinica_geral,(61) 619833705,indefinido,,,,,,
0.5910,COTAP,00.844.704/0001-40,ME,ASA NORTE,"SETOR SD/NORTE CONJUNTO A LOJA 3076 PARTE A, S/N, ASA NORTE, CEP 70077000, Brasilia/DF",42,1,clinica_institucional,(61) 3326-8085,fixo,+556133268085,,,,,
0.5910,L & R CLINICA ODONTOLOGICA,38.077.509/0001-05,ME,ASA SUL,"SETOR RTVS QUADRA 701 BLOCO I SALA 01, 02, 14, SLJ, ASA SUL, CEP 70340907, Brasilia/DF",32,1,clinica_institucional,(61) 3224-8754,fixo,+556132248754,,,,,
0.5910,INSTITUTO ODONTOLOGICO RONEI GUIDAO,04.001.439/0001-90,ME,ASA NORTE,"SC/NORTE QD 02 BLOCO D ENTRADA B, S/N, SALA 326, ASA NORTE, CEP 70310500, Brasilia/DF",26,1,clinica_institucional,(06) 1328-2924,fixo,+550613282924,,,,,
0.5905,CLINICA NOBREGA DE ODONTOLOGIA,08.263.781/0001-19,ME,TAGUATINGA NORTE,"OUTROS QNE 02 LOTE, 08, CONSULTORIOS 01 E 02, TAGUATINGA NORTE, CEP 72125020, Brasilia/DF",20,1,clinica_geral,(61) 3223-2763,fixo,+556132232763,,,,,
0.5905,ODONTO FIALHO,09.028.485/0001-04,ME,NUCLEO BANDEIRANTE,"AVENIDA NB AVENIDA CENTRAL LOTE 635 APT, A, NUCLEO BANDEIRANTE, CEP 71710012, Brasilia/DF",19,1,clinica_geral,(61) 3552-2276,fixo,+556135522276,,,,,
0.5905,ODONTOCLINICA PERSONA,09.541.024/0001-22,ME,TAGUATINGA NORTE (TAGUATINGA),"QUADRA QNJ 26, LOTE 05, SEGUNDO ANDAR, 05, SALA  201, TAGUATINGA NORTE (TAGUATINGA), CEP 72140260, Brasilia/DF",18,1,clinica_geral,(61) 3047-3838,fixo,+556130473838,,,,,odontoclinicapersona@gmail.com
0.5905,SUZANA NOGUCHI ODONTOLOGIA ESTETICA,55.163.822/0001-85,ME,ASA SUL,"SETOR SDS, 27, BLOCO F                   SALA  408                 EDIF  BARACAT, ASA SUL, CEP 70392900, Brasilia/DF",2,1,especialista_alto_ticket,(61) 9 8142-2413,celular,+5561981422413,sim,(00) 0000000000,indefinido,,suzana.noguchi@gmail.com
0.5905,CIRURGIA E ESTETICA FACIAL,53.945.585/0001-89,ME,ASA SUL,"QUADRA SHS QUADRA 6 CONJUNTO A, SALA, 606, BLOCO A, ASA SUL, CEP 70316100, Brasilia/DF",2,1,especialista_alto_ticket,(61) 9 9323-6686,celular,+5561993236686,sim,(00) 0000000000,indefinido,,melina.tiussi@gmail.com
0.5905,MARCELA PAZ ODONTOLOGIA E HARMONIZACAO FACIAL LTDA,49.973.861/0001-45,ME,ASA SUL,"SETOR SBS QUADRA 02 BLOCO S, 14, SALA  812 PARTE A2        EDIF  EMPIRE CENTER, ASA SUL, CEP 70070904, Brasilia/DF",3,1,especialista_alto_ticket,(61) 9 8119-2165,celular,+5561981192165,sim,(00) 0000000000,indefinido,,marcela.aapaz@gmail.com
0.5900,BARBOSA E SILVA ODONTOLOGIA LTDA,07.617.890/0001-24,ME,ASA NORTE,"QUADRA SCN QD 01 BLOCO E SALAS 609, 50, ASA NORTE, CEP 70711903, Brasilia/DF",20,1,clinica_geral,(61) 3445-1716,fixo,+556134451716,,,,,
0.5895,PS ODONTO- PRONTO SOCORRO ODONTOLOGICO,36.720.801/0001-79,ME,AREAL (AGUAS CLARAS),"QUADRA QS 03, 9, LOTE  3 5 7 E 9           SALA  412                 COND  PATIO CAPITAL, AREAL (AGUAS CLARAS), CEP 71953000, Brasilia/DF",6,1,clinica_geral,(61) 3021-9394,fixo,+556130219394,,,,,santoscontabil499@hotmail.com
0.5895,CLINICA ODONTOLOGICA DR LEOPOLDO,01.189.940/0001-33,ME,TAGUATINGA SUL (TAGUATINGA),"QUADRA QSA 11 LOTE, 13, SALA  304, TAGUATINGA SUL (TAGUATINGA), CEP 72015110, Brasilia/DF",30,2,multi_unidade,(61) 3351-5198,fixo,+556133515198,,,,,clinicodont@hotmail.com
0.5895,DR SERGIO GIANVECHIO ORTODONTIA DIGITAL,48.608.931/0001-01,ME,AGUAS CLARAS,"RUA RUA JACARANDA LT 20, S/N, APT   804, AGUAS CLARAS, CEP 71927540, Brasilia/DF",3,1,marca_pessoal,(61) 9 8173-7098,celular,+5561981737098,sim,(00) 0000000000,indefinido,,info@wayalinhadores.com.br
0.5890,ODONTOLOGIA PAIVA MEDEIROS,09.513.237/0001-40,ME,SETOR SUDOESTE,"QUADRA SHCSW CLSW 504 BLOCO A  SALA, 124, SETOR SUDOESTE, CEP 70673641, Brasilia/DF",18,1,clinica_geral,(61) 3344-7752,fixo,+556133447752,,,,,
0.5890,KAIROS ODONTOLOGIA E ESTETICA,41.318.966/0001-59,ME,TAGUATINGA,"SETOR SETOR A NORTE QNA 30 LT 8, S/N, SALA  101, TAGUATINGA, CEP 72110300, Brasilia/DF",5,1,especialista_alto_ticket,(61) 9 8369-4873,celular,+5561983694873,sim,,,,moniqueparros@hotmail.com
0.5885,EVIDENCE ODONTOLOGIA ESPECIALIZADA LTDA,28.319.791/0001-36,ME,ASA NORTE,"QUADRA SCN QUADRA 1 BLOCO G, S/N, SALA  402, ASA NORTE, CEP 70711070, Brasilia/DF",9,1,clinica_institucional,(61) 9 8129-0845,celular,+5561981290845,sim,(61) 9 8165-3604,celular,+5561981653604,evidence@gmail.com
0.5885,CLINICA ODONTOLOGICA DANIELA ANDRADE,17.479.322/0001-68,ME,SOBRADINHO,"QUADRA SB, QUADRA, 02, CONJ  A                   LOTE  03/05               LOJA  03, SOBRADINHO, CEP 73015120, Brasilia/DF",13,1,clinica_geral,(61) 9 8498-2879,celular,+5561984982879,sim,(61) 9 9663-2914,celular,+5561996632914,rasandrade2005@yahoo.com.br
0.5880,VAMOS SORRIR,40.085.277/0001-89,DEMAIS,PARANOA,"QUADRA QUADRA 17 CONJUNTO 11, LT13, PARANOA, CEP 71571711, Brasilia/DF",5,1,clinica_institucional,(11) 2256-4486,fixo,+551122564486,,,,,contabil@clinicasinteligentes.com.br
0.5880,INTEGRALLE ODONTOLOGIA E ESTETICA,42.447.046/0001-01,ME,SETOR RESIDENCIAL OESTE (SAO SEBASTIAO),"QUADRA QUADRA 102 CONJUNTO 4 LOTES 02 E 03 SALA, 105, SETOR RESIDENCIAL OESTE (SAO SEBASTIAO), CEP 71692110, Brasilia/DF",5,1,especialista_alto_ticket,(61) 9 9642-6218,celular,+5561996426218,sim,,,,allanszfernandes@gmail.com
0.5880,CEDR,06.127.964/0001-81,ME,ASA NORTE,"SC/NORTE QUADRA 02 SALA, 229, BLOCO D ENTRADA B, ASA NORTE, CEP 70712904, Brasilia/DF",22,1,clinica_institucional,,,,,,,,
0.5875,CLINORTO,05.140.119/0001-83,ME,BRASILIA,"SH/SUL QUADRA 06 CONJ A BLOCO E, S/N, SALA 326, BRASILIA, CEP 70316000, Brasilia/DF",24,1,clinica_geral,(61) 612245698,indefinido,,,,,,
0.5875,CLINICA ODONTOLOGICA JC,37.127.297/0001-60,ME,TAGUATINGA NORTE (TAGUATINGA),"QUADRA QNA 1 LOTE, 16, LOJA  01, TAGUATINGA NORTE (TAGUATINGA), CEP 72110010, Brasilia/DF",34,1,clinica_geral,(61) 9 8150-6525,celular,+5561981506525,sim,,,,jackelinecristina33@gmail.com
0.5875,INOSS INSTITUTO DE ODONTOLOGIA DE SAO SEBASTIAO,09.104.493/0001-84,ME,SETOR TRADICIONAL (SAO SEBASTIAO),"AVENIDA COMERCIAL, SN, LOTE  1401, SETOR TRADICIONAL (SAO SEBASTIAO), CEP 71691153, Brasilia/DF",18,1,clinica_institucional,(61) 9 9850-1395,celular,+5561998501395,sim,,,,thiago.orsi@gmail.com
0.5870,CLINICA ODONTOLOGICA LEME LTDA,01.330.496/0001-24,ME,ASA NORTE,"SETOR SDN CONJUNTO A SALA, 6104, ASA NORTE, CEP 70077900, Brasilia/DF",30,1,clinica_geral,(61) 3326-0314,fixo,+556133260314,,,,,dra.ana.lucia@hotmail.com
0.5865,HERO HOSPITAL DE ENDODONTIA E REABILITACAO ORAL LTDA,29.212.780/0001-15,ME,ASA SUL,"QUADRA SRTVS QUADRA 701 CONJUNTO D BLOCO A ENTRADA 100 SALA, 323, ASA SUL, CEP 70340907, Brasilia/DF",8,1,clinica_geral,(61) 9 9185-6146,celular,+5561991856146,sim,,,,francsone@ibest.com.br
0.5865,PERFECTION ODONTOLOGIA,33.146.107/0001-00,ME,ASA NORTE,"SETOR SGAN 607 CONJUNTO A BLOCO B CONSULTORIO, 208, EDIF  MEDICAL CENTER, ASA NORTE, CEP 70830301, Brasilia/DF",7,1,clinica_geral,(61) 3361-9192,fixo,+556133619192,,,,,
0.5865,KARLA EMERICK ODONTOLOGIA,30.861.176/0001-07,ME,ASA NORTE,"SETOR SMHN QD 2 BL B CONSULTORIO 414, CENTRO CLINICO CLEO OTAVIO, S/N, ASA NORTE, CEP 70710146, Brasilia/DF",8,1,clinica_geral,(61) 9 9199-8209,celular,+5561991998209,sim,,,,contato@karlaemerickodontologia.com.br
0.5865,ESPACOI9 ODONTOLOGIA INTEGRADA E DIAGNOSTICO,31.302.783/0001-91,ME,ASA SUL,"QUADRA SHS QUADRA 6, CONJUNTO A, BLOCO E, S/N, SALA  408/ 409, ASA SUL, CEP 70316000, Brasilia/DF",8,1,clinica_geral,(61) 3202-9820,fixo,+556132029820,,(61) 9 9649-8089,celular,+5561996498089,hernanidf@terra.com.br
0.5865,ODONTO VIDA E SAUDE,31.596.655/0001-06,ME,ASA NORTE,"SETOR SRTVN QUADRA 701 CONJUNTO C, 124, SALA  124 ALA A, ASA NORTE, CEP 70719030, Brasilia/DF",7,1,clinica_geral,(61) 3037-1914,fixo,+556130371914,,,,,contato@odontovidaesaude.com.br
0.5865,BRASILIA ORTOG,39.659.091/0001-07,ME,SETOR NOROESTE,"QUADRA SHCNW CRNW QD 510 BLOCO A, TERREO, LOJAS 02 E 03, ENTRADA 01, 01, SETOR NOROESTE, CEP 70688110, Brasilia/DF",5,1,clinica_geral,(61) 9 8160-1001,celular,+5561981601001,sim,,,,adinizb@gmail.com
0.5865,CLINIC FG,38.658.565/0001-33,ME,ASA SUL,"QUADRA SGAS QD 616, S/N, SALA  20/22               CONJ  A                   BLOCO C, ASA SUL, CEP 70200760, Brasilia/DF",5,1,clinica_geral,(61) 9 8314-8000,celular,+5561983148000,sim,,,,fernandaguimaraes.odo@gmail.com
0.5865,JL ODONTOLOGIA RECONSTRUTIVA,43.094.426/0001-64,ME,NORTE (AGUAS CLARAS),"AVENIDA PAU BRASIL LOTE, 06, SALA  1710, NORTE (AGUAS CLARAS), CEP 71916500, Brasilia/DF",5,1,clinica_geral,(11) 9 6596-0781,celular,+5511965960781,sim,,,,contato@accountbank.com.br
0.5865,ORAL SPA,30.578.580/0001-60,ME,ASA NORTE,"QUADRA SCN QUADRA 2 BLOCO D ENTRADA B, S/N, SALA  1031, ASA NORTE, CEP 70712040, Brasilia/DF",8,1,clinica_geral,(61) 3041-7323,fixo,+556130417323,,,,,oralspaliberty@gmail.com
0.5865,PLENA ODONTOLOGIA E SAUDE INTEGRADA,40.989.480/0001-80,ME,ASA SUL,"QUADRA SGAS 616, SN, CONJ  A                   BLOCO A                   SALA  26T, ASA SUL, CEP 70200760, Brasilia/DF",5,1,clinica_geral,(61) 9 9303-5919,celular,+5561993035919,sim,,,,administracao@plenasaudeintegrada.com.br
0.5865,STUDIO HOF SORRISO E FACE,42.896.014/0001-85,ME,ASA SUL,"SETOR SHL/SUL QUADRA 716 BLOCO E, SN, SALA  503 E 505           EDIF  CENTRO MEDICO DE BSB, ASA SUL, CEP 70390700, Brasilia/DF",5,1,clinica_geral,(61) 9 9644-4688,celular,+5561996444688,sim,,,,drakarlaricarte@gmail.com
0.5865,VANESSA NINIA ODONTOLOGIA,35.808.560/0001-51,ME,ASA SUL,"QUADRA SGAS 915 CENTRO CLINICO ADVANCE, SN, CONJ  N SALAS 345 E 347   ANDAR 3, ASA SUL, CEP 70390150, Brasilia/DF",6,1,marca_pessoal,(61) 9 8345-4344,celular,+5561983454344,sim,,,,luminyoralstudio@gmail.com
0.5865,VILELA & RIBEIRO ODONTOLOGIA LTDA,24.426.610/0001-10,ME,TAGUATINGA CENTRO (TAGUATINGA),"QUADRA C 2 LOTE 10 LOJA, 02, TAGUATINGA CENTRO (TAGUATINGA), CEP 72010020, Brasilia/DF",10,1,clinica_geral,(61) 9 8534-0060,celular,+5561985340060,sim,,,,contato@orgatecon.com.br
0.5860,TITANIUM ODONTOLOGIA INTEGRADA LTDA,10.423.892/0001-97,ME,SETOR SUDOESTE,"SETOR SHCSW CLSW 301 BLOCO A SALA, 115, SETOR SUDOESTE, CEP 70670100, Brasilia/DF",17,1,clinica_geral,(61) 3344-0273,fixo,+556133440273,,(61) 3233-3818,fixo,+556132333818,
0.5860,LK ODONTOLOGIA,22.463.473/0001-68,ME,ASA SUL,"SETOR SRTVS QUADRA 701, SN, BLOCO O                   SALA  680 E 681, ASA SUL, CEP 70340000, Brasilia/DF",11,1,clinica_geral,(61) 9 9902-9787,celular,+5561999029787,sim,,,,contato@lkodontologia.com.br
0.5860,DENT MIX CONSULTORIO ODONTOLOGICO LTDA,05.395.305/0001-63,ME,ASA SUL,"SGAS 910 CONJUNTO B BLOCO F SALA, 227, EDIFICIO MIX PARK SUL, ASA SUL, CEP 70390100, Brasilia/DF",23,1,clinica_geral,(61) 3244-4667,fixo,+556132444667,,(61) 9 8118-3603,celular,+5561981183603,karlaguima2@yahoo.com.br
0.5860,VITTA ODONTOLOGIA INTEGRADA,07.415.387/0001-96,ME,ASA NORTE,"SETOR SCN QUADRA 02 BLOCO D ENTRADA B, S/N, SALA  333 E 334, ASA NORTE, CEP 70712903, Brasilia/DF",21,1,clinica_geral,(61) 3031-9444,fixo,+556130319444,,,,,marina_bamaral@hotmail.com
0.5850,AVANCE ODONTOLOGIA INTEGRADA,48.795.592/0001-01,EPP,GUARA I,"QUADRA QE 11 AREA ESPECIAL L, SN, EDIF  GUARA OFFICE        SALA  121 E 122, GUARA I, CEP 71020721, Brasilia/DF",3,1,clinica_geral,(61) 9 9965-2474,celular,+5561999652474,sim,(00) 0000000000,indefinido,,avanceodontologia1554@gmail.com
0.5850,RAFAELA FERNANDES ODONTOLOGIA ESPECIALIZADA,42.762.747/0001-27,ME,RIACHO FUNDO I,"QUADRA QS 4 CONJUNTO 01 LOTE, 21, LOJA  01, RIACHO FUNDO I, CEP 71820401, Brasilia/DF",5,1,clinica_institucional,(61) 9 9377-9477,celular,+5561993779477,sim,,,,rafaelafernandesrf11@gmail.com
0.5850,FACE DESIGN,37.831.292/0001-14,ME,SETOR CENTRAL (GAMA),"QUADRA QUADRA 40 LOTE, 24, SETOR CENTRAL (GAMA), CEP 72405400, Brasilia/DF",6,1,clinica_institucional,(61) 3033-7969,fixo,+556130337969,,,,,
0.5850,CRIADENT,32.928.668/0001-90,ME,SAMAMBAIA,"QUADRA QN 310 CJ 1 LT 1, S/N, SALA  102/112, SAMAMBAIA, CEP 72306701, Brasilia/DF",7,1,clinica_institucional,(61) 9 9410-9689,celular,+5561994109689,sim,,,,criadent@gmail.com
0.5850,ORTODAMA,40.172.600/0001-51,ME,SETOR CENTRAL (GAMA),"AREA ESPECIAL LADO OESTE 20/21 SALA 107, SN, SETOR CENTRAL (GAMA), CEP 72405650, Brasilia/DF",5,1,clinica_institucional,(61) 3384-0450,fixo,+556133840450,,,,,contato@danilomarega.com
0.5850,THAYS BRITO ODONTOLOGIA ESPECIALIZADA,38.366.454/0001-53,ME,SETOR RESIDENCIAL LESTE (PLANALTINA),"QUADRA QUADRA 2 CONJUNTO A, 30, SALA  101, SETOR RESIDENCIAL LESTE (PLANALTINA), CEP 73350201, Brasilia/DF",5,1,clinica_institucional,(61) 9 9265-2894,celular,+5561992652894,sim,,,,
0.5850,GIGLIANE SANCHES ODONTOLOGIA,26.272.747/0001-92,ME,TAGUATINGA SUL (TAGUATINGA),"QUADRA CSB 2 LOTE, 01E 04,       TORRE B             SALA  223 232 E 829, TAGUATINGA SUL (TAGUATINGA), CEP 72015525, Brasilia/DF",9,1,clinica_geral,(61) 9 9963-9646,celular,+5561999639646,sim,,,,alexandre@giglianesanches.com.br
0.5850,ORALART CLINICA ODONTOLOGICA ESPECIALIZADA,41.148.509/0001-63,ME,SETOR LESTE (GAMA),"QUADRA 42 LOTE, 79, SETOR LESTE (GAMA), CEP 72465420, Brasilia/DF",5,1,clinica_institucional,(61) 9 9301-1293,celular,+5561993011293,sim,,,,
0.5850,HOSPITAL DO SORRISO,30.610.020/0001-45,ME,SETOR CENTRAL (GAMA),"ENTRE QUADRA 20 / 21, SN, SALA  102 E 104, SETOR CENTRAL (GAMA), CEP 72405922, Brasilia/DF",8,1,clinica_geral,(61) 3032-3432,fixo,+556130323432,,,,,
0.5850,MB ODONTOLOGIA,41.777.570/0001-70,ME,TAGUATINGA SUL (TAGUATINGA),"QUADRA CSB 2 LOTES 01/04 TORRE A, SN, SALA  212                 EDIF  ALAMEDA SHOPPING, TAGUATINGA SUL (TAGUATINGA), CEP 72015525, Brasilia/DF",5,1,clinica_institucional,(61) 9 8264-4000,celular,+5561982644000,sim,,,,mbodontodf@gmail.com
0.5850,CLINICA ODONTOLOGICA ODONTOEMERY,34.625.484/0001-86,ME,RIACHO FUNDO I,"QUADRA QN 7 CONJUNTO 2 LOTE, 22, SALA  101/104, RIACHO FUNDO I, CEP 71805702, Brasilia/DF",7,1,clinica_geral,(61) 3465-3032,fixo,+556134653032,,,,,joao@i9contabil.com
0.5850,CLINICA DE PERIODONTIA RACHEL BELLO LTDA,02.417.992/0001-82,ME,ASA NORTE,"SD/N CONJUNTO A SALA 4112, S/N, ASA NORTE, CEP 70077900, Brasilia/DF",28,1,clinica_geral,(06) 103217987,indefinido,,,,,,
0.5850,BIOFACE - CIRURGIA ORAL E MAXILOFACIAL LTDA,02.280.379/0001-66,ME,ASA NORTE,"SETOR SCN QUADRA 02BLOCO D ENTRADA B, S/N, SALA  701, 703, ASA NORTE, CEP 70712903, Brasilia/DF",28,1,clinica_geral,(61) 3033-7067,fixo,+556130337067,,,,,nbn.assessoria@gmail.com
0.5850,CLINIFACE.DF CIRURGIA BUCO-MAXILO-FACIAL,03.241.743/0001-41,ME,OCTOGONAL,"SETOR SHC/AO/S EA 02/08 LOTE 05 TORRE A, SN, SALA  214                 EDIF  TERRACO SHOPPING, OCTOGONAL, CEP 70660900, Brasilia/DF",27,1,clinica_geral,(61) 9 9818-7208,celular,+5561998187208,sim,,,,cliniface.bsb@hotmail.com
0.5850,CORDIALLE ODONTOLOGIA,02.422.892/0001-44,ME,ASA SUL,"QUADRA SGAS 613/614, CONJUNTO C, SN, SALA  221                 EDIF  CENT MEDICO VITRIUM, ASA SUL, CEP 70200730, Brasilia/DF",28,1,clinica_geral,(61) 3344-3535,fixo,+556133443535,,,,,cordialleodontologia@gmail.com
0.5850,FACE-OCTO,03.234.052/0001-10,ME,OCTOGONAL,"SETOR SHC AOS 02/08 LOTE 05 TORRE A, SN, SALA  211 E 212, OCTOGONAL, CEP 70660900, Brasilia/DF",27,1,clinica_geral,(61) 3340-6013,fixo,+556133406013,,,,,clinicadrmarcelobsb@gmail.com
0.5850,GHISI CENTRO CLINICO ODONTOLOGICO,00.664.441/0001-98,ME,ASA SUL,"SETOR COMERCIAL SUL QD 01 BL M N 30 SLS 1001/2 E 1017, 1018, ASA SUL, CEP 70305900, Brasilia/DF",40,1,clinica_institucional,(61) 9 9944-5880,celular,+5561999445880,sim,,,,
0.5850,VIA ODONTOLOGIA,37.173.655/0001-71,ME,ASA NORTE,"SCN QD 05 BLOCO A SALAS 910/911, 50, BRASILIA SHOPPING, ASA NORTE, CEP 70310500, Brasilia/DF",33,1,clinica_geral,(06) 1328-0796,fixo,+550613280796,,,,,
0.5845,SELETTA ODONTOLOGIA,57.268.665/0001-06,EPP,ASA SUL,"SETOR SCS QUADRA 3 BLOCO A, S/N,       ENTRADA N 40              SALAS 113 E 118, ASA SUL, CEP 70303901, Brasilia/DF",1,1,clinica_geral,(61) 3202-9443,fixo,+556132029443,,,,,selettaodontologia@gmail.com
0.5845,ODONTOCLINIC,29.826.002/0001-16,ME,NORTE (AGUAS CLARAS),"AVENIDA PAU BRASIL LOTE, 06, LOJA  02                  EDIF  E-BUSINESS, NORTE (AGUAS CLARAS), CEP 71916500, Brasilia/DF",8,1,clinica_geral,(61) 3548-3060,fixo,+556135483060,,,,,rubemborges@outlook.com
0.5845,VS ODONTO,10.449.525/0001-62,ME,GUARA II,"QUADRA ST SRIA II QE 40 CJ O LT 1, SN, LOJA  03 PARTE A, GUARA II, CEP 71070152, Brasilia/DF",17,1,clinica_geral,(61) 9 8110-2751,celular,+5561981102751,sim,,,,valetiapsouza11@gmail.com
0.5845,INNOVATI ODONTOLOGIA,08.707.991/0001-59,ME,TAGUATINGA,"QUADRA CNA 01 LOTE 14 SALA, 102, PRACA DO DI, TAGUATINGA, CEP 72110015, Brasilia/DF",19,1,clinica_geral,(61) 3532-0629,fixo,+556135320629,,(61) 9 8159-2953,celular,+5561981592953,innovatiodontologia@gmail.com
0.5845,CLIDENT ODONTOLOGIA ESPECIALIZADA,07.648.000/0001-41,ME,TAGUATINGA CENTRO,"QUADRA C-1 LOTES  01/12 SALA, 841, EDIF  TAG TRADE CENTER, TAGUATINGA CENTRO, CEP 71010010, Brasilia/DF",20,1,clinica_institucional,(61) 3048-0333,fixo,+556130480333,,,,,bmcmcontabil@hotmail.com
0.5845,ESPECIALLI ODONTOLOGIA ESPECIALIZADA,11.724.784/0001-17,ME,TAGUATINGA SUL (TAGUATINGA),"QUADRA CSB 2 LOTES, 1/4, SALA  SALA 801 / 803, TAGUATINGA SUL (TAGUATINGA), CEP 72015525, Brasilia/DF",16,1,clinica_institucional,(61) 3353-5253,fixo,+556133535253,,,,,especialliodontologia@gmail.com
0.5845,CLINICA SIMINO,08.234.509/0001-00,ME,TAGUATINGA,"QUADRA QS 01 RUA 210 LOTE 40 SALA, 228,       TORRE B, TAGUATINGA, CEP 71950904, Brasilia/DF",20,1,clinica_geral,(61) 3561-0800,fixo,+556135610800,,,,,
0.5845,ODONTOBRASILIA,13.815.939/0001-56,ME,TAGUATINGA NORTE,"QUADRA CNB 01 LOTE, 06/07, SALA  219, 220, TAGUATINGA NORTE, CEP 72115015, Brasilia/DF",15,1,clinica_geral,(61) 3562-9800,fixo,+556135629800,,,,,
0.5845,SEMBLANT ODONTOLOGIA INTEGRADA,08.086.174/0001-20,ME,TAGUATINGA NORTE (TAGUATINGA),"QUADRA CNG 1, S/N,       LOTE 03                   SALAS 101 102 E 103, TAGUATINGA NORTE (TAGUATINGA), CEP 72130015, Brasilia/DF",20,1,clinica_geral,(61) 3036-1221,fixo,+556130361221,,,,,semblantodontologia@gmail.com
0.5840,MACEDO ODONTOLOGIA E ESTETICA,37.750.917/0001-13,ME,FAZENDA MESTRE D'ARMAS (ETAPA II - PLANALTINA),"CONDOMINIO S H ARAPOANGA MESTRE DARMAS ESTAPA II, 2D, FAZENDA MESTRE D'ARMAS (ETAPA II - PLANALTINA), CEP 73367006, Brasilia/DF",6,1,especialista_alto_ticket,(61) 9 9101-7255,celular,+5561991017255,sim,,,,contato.jeanribeiro@gmail.com
0.5840,CLINICA ODONTOLOGICA ORTHOCLINIC,37.771.810/0001-51,ME,SETOR OESTE (GAMA),"QUADRA 10 LOTE 16/17 SALA, 204,       COMERCIAL, SETOR OESTE (GAMA), CEP 72425100, Brasilia/DF",6,1,especialista_alto_ticket,(61) 9 8673-9057,celular,+5561986739057,sim,,,,elohimcontabilidade@live.com
0.5840,ALFA X CLINICA ODONTOLOGICA LTDA,06.910.696/0001-70,ME,ASA NORTE,"S D NORTE  CONJ NACIONAL CONJ A  SALA, 5126, ASA NORTE, CEP 70077900, Brasilia/DF",22,1,clinica_geral,,,,,,,,
0.5835,ARTE CLINICA ODONTOLOGICA,19.584.775/0001-80,ME,SETOR OESTE (GAMA),"QUADRA 06 LOTE 07, SN, SALA  01 E 02             SETOR OESTE COMERCIAL, SETOR OESTE (GAMA), CEP 72425060, Brasilia/DF",12,1,clinica_geral,(61) 3967-2244,fixo,+556139672244,,(61) 9 8136-6836,celular,+5561981366836,artprotesedentaria@outlook.com
0.5830,ESTHETIC ODONTOLOGIA E HARMONIZACAO OROFACIL,46.603.278/0001-54,ME,SETOR SUL (GAMA),"QUADRA 01 CONJUNTO G LOTE, 28, SETOR SUL (GAMA), CEP 72410107, Brasilia/DF",4,1,especialista_alto_ticket,(61) 9 9294-0505,celular,+5561992940505,sim,(00) 0000000000,indefinido,,higor.dno@hotmail.com
0.5830,AVANCE ODONTOLOGIA E HARMONIZACAO FACIAL,43.928.949/0001-69,ME,TAGUATINGA NORTE (TAGUATINGA),"AREA ESPECIAL SETOR C NORTE LOTES, 1 A 12,       TORRE A             SALA  507 E 508, TAGUATINGA NORTE (TAGUATINGA), CEP 72115700, Brasilia/DF",4,1,especialista_alto_ticket,(61) 9 9213-3849,celular,+5561992133849,sim,,,,katyara.araujo@gmail.com
0.5830,ELLEVA ODONTOLOGIA E ESTETICA FACIAL,46.153.588/0001-14,ME,ARAPOANGA (PLANALTINA),"QUADRA 14 CONJUNTO L, 34A, ARAPOANGA (PLANALTINA), CEP 73369052, Brasilia/DF",4,1,especialista_alto_ticket,(61) 9 9640-1556,celular,+5561996401556,sim,(61) 9 9112-7360,celular,+5561991127360,ellevaodontologia@gmail.com
0.5830,ELYSIUM ODONTOLOGIA E ESTETICA,51.509.690/0001-40,ME,SETOR CENTRAL (GAMA),"QUADRA EQ 47-49 PROJECAO 4, S/N, SALA  620, SETOR CENTRAL (GAMA), CEP 72405499, Brasilia/DF",3,1,especialista_alto_ticket,(61) 9 8107-4003,celular,+5561981074003,sim,(00) 0000000000,indefinido,,lucaspbbm19@gmail.com
0.5830,LUZZI ODONTOLOGIA & ESTETICA,44.588.745/0001-99,ME,SOBRADINHO,"QUADRA 8 BLOCO 19 LOTE, 02, LOJA  01, SOBRADINHO, CEP 73005519, Brasilia/DF",4,1,especialista_alto_ticket,(61) 9 8596-5136,celular,+5561985965136,sim,,,,luisavalleeu@gmail.com
0.5830,REALCE IMPLANTES,50.624.919/0001-24,ME,RIACHO FUNDO I,"RUA RIACHO FUNDO I CLS 4 BL A LT 5, S/N, LOJA  03, RIACHO FUNDO I, CEP 71820511, Brasilia/DF",3,1,especialista_alto_ticket,(61) 9 8400-0449,celular,+5561984000449,sim,(00) 0000000000,indefinido,,andrermacedo@hotmail.com
0.5830,SORRIA IMPLANTES,50.448.259/0001-78,ME,SETOR RESIDENCIAL LESTE (PLANALTINA),"QUADRA QUADRA 4 CONJUNTO J LOTE, 57, LOJA  01, SETOR RESIDENCIAL LESTE (PLANALTINA), CEP 73360410, Brasilia/DF",3,1,especialista_alto_ticket,(61) 9 9555-7060,celular,+5561995557060,sim,(00) 0000000000,indefinido,,gustavoodonto2016@outlook.com
0.5825,INTERFACE ODONTOLOGIA,02.224.542/0001-73,DEMAIS,CEILANDIA,"QUADRA QNN, 05, CONJ  A                   LOTE  30, CEILANDIA, CEP 72225051, Brasilia/DF",28,1,clinica_institucional,(61) 3372-4114,fixo,+556133724114,,(61) 9 8119-6193,celular,+5561981196193,odontologiainterface@gmail.com
0.5825,MULTI ODONTO,07.020.215/0001-13,ME,TAGUATINGA,"CSB 02 LOTE 01/04 SALA, 414, TAGUATINGA, CEP 72015901, Brasilia/DF",21,1,clinica_geral,(61) 3033-8090,fixo,+556130338090,,,,,clinicapoliodonto@hotmail.com
0.5825,CARMO ROSA ODONTOLOGIA LTDA,24.356.238/0001-12,ME,ARAPOANGA (PLANALTINA),"QUADRA QUADRA 13 CONJUNTO M LOTE, 80, LOJA  01, ARAPOANGA (PLANALTINA), CEP 73369118, Brasilia/DF",10,1,clinica_geral,(61) 3326-4171,fixo,+556133264171,,,,,adiconcontabilidadedf@hotmail.com
0.5825,EVIDENT ODONTOLOGIA,22.258.337/0001-36,ME,TAGUATINGA,"QUADRA CSB 02 LTS, 01/04 TORRE A, SN, SALA  104 106 E 108, TAGUATINGA, CEP 72015901, Brasilia/DF",11,1,clinica_geral,(61) 3352-0226,fixo,+556133520226,,,,,laurendaguiar_@hotmail.com
0.5825,CLINICA ODONTOLOGICA HENDGES AC,50.658.989/0001-01,ME,NORTE (AGUAS CLARAS),"RUA COPAIBA LOTE, 1, BLOCO TORRE A             SALA  SALA 2610 E 2611, NORTE (AGUAS CLARAS), CEP 71919540, Brasilia/DF",3,1,clinica_geral,(61) 9 9905-0710,celular,+5561999050710,sim,(00) 0000000000,indefinido,,dr.raulhendges@gmail.com
0.5825,INSTITUTO ALBERT ANDRADE,49.924.528/0001-46,ME,SETOR HABITACIONAL VICENTE PIRES,"RUA RUA 10 CHACARA 154, 27C, SETOR HABITACIONAL VICENTE PIRES, CEP 72007565, Brasilia/DF",3,1,clinica_institucional,(61) 9 9543-8080,celular,+5561995438080,sim,,,,odontologia@institutoalbertandrade.com
0.5825,INTENSE ODONTOLOGIA INTEGRADA,50.336.792/0001-48,ME,NORTE (AGUAS CLARAS),"AVENIDA PAU BRASIL, 06, SALA  1306, NORTE (AGUAS CLARAS), CEP 71916500, Brasilia/DF",3,1,clinica_institucional,(61) 3544-3386,fixo,+556135443386,,(61) 3544-3386,fixo,+556135443386,intenseodonto23@gmail.com
0.5825,INSTITUTO AVANZO ODONTOLOGIA E MEDICINA ESPECIALIZADA,50.973.503/0001-11,ME,NORTE (AGUAS CLARAS),"RUA 14 NORTE, LOTE, 1, LOJA  09, NORTE (AGUAS CLARAS), CEP 71910000, Brasilia/DF",3,1,clinica_institucional,(61) 9 9952-4482,celular,+5561999524482,sim,(00) 0000000000,indefinido,,institutoavanzo@gmail.com
0.5825,CLINICA ORAL ESTHETIC,56.010.996/0001-70,ME,ASA SUL,"SETOR SCS QUADRA 01 BLOCO C ENTRADA 30 SALA, 312, EDIF  ANTONIO V. SILVA, ASA SUL, CEP 70395900, Brasilia/DF",2,1,clinica_geral,(61) 3060-1815,fixo,+556130601815,,(00) 0000000000,indefinido,,f1alexandre@yahoo.com.br
0.5825,DRA LARA GREGO,59.073.511/0001-86,ME,ASA NORTE,"QUADRA SHN QUADRA 2 BLOCO F, S/N, EDIF  EXE. OFFICE TOWER   SALA  625 E 626, ASA NORTE, CEP 70702060, Brasilia/DF",1,1,marca_pessoal,(61) 9 9500-4639,celular,+5561995004639,sim,(00) 0000000000,indefinido,,dralaragregohof@gmail.com
0.5820,CEILANDIA ODONTOLOGIA,35.540.950/0001-93,EPP,CEILANDIA NORTE (CEILANDIA),"QUADRA QNM 18 CONJUNTO A LOTE, 06, SALA  05 06 07 08         PAVMTO2, CEILANDIA NORTE (CEILANDIA), CEP 72210181, Brasilia/DF",6,1,clinica_geral,(61) 3375-8693,fixo,+556133758693,,,,,admcld@orthopride.com.br
0.5820,CEI ODONTOLOGIA S/C LTDA,05.546.041/0001-00,ME,ASA NORTE,"SCN QUADRA 01 BLOCO F, 79, SALAS 215, 216 E 217, ASA NORTE, CEP 70301970, Brasilia/DF",23,1,clinica_geral,(61) 613261691,indefinido,,,,,,
0.5820,ODONTOCLINICA LEANDRO GUIMARAES S/C LTDA,05.558.255/0001-98,ME,ASA NORTE,"SCN QD 02 BLOCO D ENTRADA A, SN, SALA 411, ASA NORTE, CEP 70712904, Brasilia/DF",23,1,clinica_geral,(06) 1340-9397,fixo,+550613409397,,,,,
0.5815,DENT MAIS DENTISTAS,06.039.780/0001-60,EPP,SIA,"TRECHO SIA TRECHO 05 LOTES 05/15/25/35, S/N,       LOJAS 227 E 228, SIA, CEP 71205050, Brasilia/DF",22,1,clinica_geral,(61) 3361-3152,fixo,+556133613152,,,,,
0.5810,ODONTO CLINICA MAUAD S/S LTDA,26.479.006/0001-87,ME,ASA NORTE,"SETOR SD/NORTE, SN, CONJ  A                   SALA  5082, ASA NORTE, CEP 70077900, Brasilia/DF",36,1,clinica_geral,(61) 9 8165-2908,celular,+5561981652908,sim,,,,
0.5810,CLIDENT,72.593.114/0001-01,ME,ASA NORTE,"SRTVN QD 701 CONJ C, 124, SLS 509 511 ALA A, ASA NORTE, CEP 70310500, Brasilia/DF",32,1,clinica_geral,(06) 1327-3044,fixo,+550613273044,,,,,
0.5810,ODONTOCLINICA CARNEIRO,00.680.962/0001-39,ME,ASA SUL,"SETOR RADIO TELEVISAO SUL QUADRA 701 BLOCO O N, 110,       SALAS 210, 211 E 212, ASA SUL, CEP 70340000, Brasilia/DF",31,1,clinica_geral,(61) 3224-9115,fixo,+556132249115,,,,,ernaniserpente@gmail.com
0.5810,PROFIL LINIE SERVICOS ODONTOLOGICOS,01.644.304/0001-54,ME,ASA SUL,"QUADRA SEPS EQ 705/905 BLOCO C, SN, EDIF  MONT BLANC          SALA  416 E 418, ASA SUL, CEP 70390055, Brasilia/DF",29,1,clinica_geral,(61) 3443-1005,fixo,+556134431005,,,,,mrnobre@gmail.com
0.5805,RITA TRINDADE SPA MEDICO ODONTOLOGICO,36.770.626/0001-24,EPP,SETOR DE HABITACOES INDIVIDUAIS SUL,"QUADRA SHIS CL QI 7 BLOCO D, SN, LOJA  12, SETOR DE HABITACOES INDIVIDUAIS SUL, CEP 71615740, Brasilia/DF",34,1,clinica_geral,(61) 3248-1140,fixo,+556132481140,,(61) 9 9986-9000,celular,+5561999869000,adm@ritatrindade.com
0.5805,MAJORIE ODONTOLOGIA LTDA,47.830.811/0001-83,EPP,AGUAS CLARAS,"RUA RUA 36 SUL LT 18, S/N, APT   1207, AGUAS CLARAS, CEP 71931360, Brasilia/DF",3,1,clinica_geral,(61) 9 8260-1932,celular,+5561982601932,sim,(00) 0000000000,indefinido,,contepe@uol.com.br
0.5805,RARE ODONTOLOGIA,51.146.610/0001-39,EPP,ASA SUL,"QUADRA SGAS 610 CONJUNTO C, S/N, ANEXO ENTRADA A, ASA SUL, CEP 70200700, Brasilia/DF",3,1,clinica_geral,(61) 9 8168-4775,celular,+5561981684775,sim,(00) 0000000000,indefinido,,rasousa22@gmail.com
0.5805,OLIVIO LEOPOLDO NAVA NETO ODONTOLOGIA,45.761.561/0001-41,EPP,ASA SUL,"QUADRA SGAS 910 CONJUNTO B BLOCO A SALA 114, S/N,       PARTE 06, ASA SUL, CEP 70390100, Brasilia/DF",4,1,clinica_geral,(61) 3242-1250,fixo,+556132421250,,,,,xxxxxxxxxxx@xxxxxx.xxx.xx
0.5805,SPECIAL - ODONTOLOGIA NOS CICLOS DA VIDA,27.614.578/0001-94,ME,ASA NORTE,"SETOR SCN QUADRA 05 BLOCO A, S/N, SALA  713, ASA NORTE, CEP 70715900, Brasilia/DF",9,2,multi_unidade,(61) 9 9973-1779,celular,+5561999731779,sim,,,,tatianemacielc@gmail.com
0.5805,JULIANA CANABRAVA - ODONTOLOGIA ESPECIALIZADA,27.353.985/0001-95,ME,NORTE (AGUAS CLARAS),"AVENIDA PAU BRASIL LOTE 06 SALA, 606, NORTE (AGUAS CLARAS), CEP 71916500, Brasilia/DF",9,1,marca_pessoal,(61) 3551-9005,fixo,+556135519005,,,,,francoeneri@francoeneri.com.br
0.5805,PADUA ODONTOLOGIA ESPECIALIZADA,30.270.951/0001-41,ME,ASA SUL,"QUADRA SGAS 610, SN, CONJ  F                   BLOCO 01                  SALA  T34, ASA SUL, CEP 70200700, Brasilia/DF",8,1,clinica_institucional,(61) 3384-2963,fixo,+556133842963,,,,,
0.5805,ENJOY ODONTOLOGIA ESPECIALIZADA,28.984.242/0001-86,ME,NORTE (AGUAS CLARAS),"AVENIDA PAU BRASIL LOTE, 6, SALA  1302, NORTE (AGUAS CLARAS), CEP 71916500, Brasilia/DF",8,1,clinica_institucional,(61) 3879-8130,fixo,+556138798130,,,,,contato@alvacontabilidade.com.br
0.5805,IMCORP CLINICA ODONTOLOGICA LTDA,34.252.384/0001-51,ME,ASA SUL,"QUADRA SGAS 910 CONJUNTO B BLOCO E, 910, SALA  46 E 48, ASA SUL, CEP 70390100, Brasilia/DF",7,1,clinica_geral,(61) 9 8523-2361,celular,+5561985232361,sim,,,,pedroprivillege@gmail.com
0.5805,CONSULTORIO ODONTOLOGICO DR. SAULO FERRAZ E DRA. BRUNA,42.107.432/0001-46,ME,ASA SUL,"QUADRA SEPS 714/914 BLOCO E, SN, EDIF  TALENTO             SALA  118, ASA SUL, CEP 70390145, Brasilia/DF",5,1,clinica_institucional,(61) 9 8330-1711,celular,+5561983301711,sim,,,,sauloferraz@yahoo.com.br
0.5805,IDEA INSTITUTO DENTAL DE EXCELENCIA APLICADA,38.494.898/0001-74,ME,ASA NORTE,"SETOR SHCN CL QD 303 BLOCO C SALA, 214, ASA NORTE, CEP 70735530, Brasilia/DF",5,1,clinica_institucional,(61) 9 9965-5767,celular,+5561999655767,sim,,,,andrea.odonto@yahoo.com.br
0.5805,CLINICA ODONTOLOGICA VILELA PEREIRA,29.684.127/0001-59,ME,ASA SUL,"SETOR SCS QUADRA 1 BLOCO C SALA 1001 E 1002, SN,       NUMERO 30, ASA SUL, CEP 70395900, Brasilia/DF",8,1,clinica_institucional,(61) 9 8366-8383,celular,+5561983668383,sim,,,,
0.5805,ETOS - EXCELENCIA EM TRATAMENTOS ODONTOLOGICOS,05.271.461/0001-12,ME,SAMAMBAIA SUL,"QUADRA QS 122 CONJUNTO 3, S/N, LOTE  14, SAMAMBAIA SUL, CEP 72304523, Brasilia/DF",24,1,clinica_institucional,(61) 3234-5995,fixo,+556132345995,,,,,executiva.claudiocampelo@gmail.com
0.5800,NOVA IMPLANTES,36.175.258/0001-76,ME,CEILANDIA NORTE (CEILANDIA),"QUADRA QNN 1 CONJUNTO C LOTE, 04, LOJA  02, CEILANDIA NORTE (CEILANDIA), CEP 72225013, Brasilia/DF",6,1,especialista_alto_ticket,(61) 3581-1750,fixo,+556135811750,,(61) 9 8459-6009,celular,+5561984596009,rafaelcamargo.cd@gmail.com
0.5800,IMS ODONTOLOGIA E ESTETICA,34.720.025/0001-81,ME,SETOR HABITACIONAL SOL NASCENTE (CEILANDIA),"QUADRA QUADRA 101 CONJUNTO G, S/N, LOTE  02 E 03             ANDAR PRIMEIRO, SETOR HABITACIONAL SOL NASCENTE (CEILANDIA), CEP 72243284, Brasilia/DF",7,1,especialista_alto_ticket,(61) 9 8364-5696,celular,+5561983645696,sim,,,,leonardoocezar@hormail.com
0.5800,ORTHODONTIC,29.846.351/0001-08,ME,SANTA MARIA,"QUADRA CL 216, S/N, LOTE  F                   SALA  200, SANTA MARIA, CEP 72546220, Brasilia/DF",8,1,especialista_alto_ticket,(61) 3333-2490,fixo,+556133332490,,,,,oc224@orthodonticbrasil.com.br
0.5795,COEX CLINICA ODONTOLOGICA ESPECIALIZADA,17.079.240/0001-26,ME,SETOR NORTE (BRAZLANDIA),"QUADRA 05 LOTE 23 SALA, 101, SETOR NORTE (BRAZLANDIA), CEP 72705050, Brasilia/DF",14,1,clinica_institucional,(61) 3479-4183,fixo,+556134794183,,,,,clinicacoex@gmail.com
0.5795,REDE ORTO CLINICAS ODONTOLOGICAS,03.929.423/0001-89,ME,SOBRADINHO,"QUADRA 08 BLOCO 17 LOTE, 04, APT   01, SOBRADINHO, CEP 73005080, Brasilia/DF",26,1,clinica_geral,(61) 9 8467-0932,celular,+5561984670932,sim,,,,cianolbs@hotmail.com
0.5795,PONTO DO SORRISO,10.846.216/0001-26,ME,SAO SEBASTIAO,"AVENIDA SAO SEBASTIAO, LOTE 231, LOJA, 01,       CENTRO, SAO SEBASTIAO, CEP 71691086, Brasilia/DF",17,1,clinica_geral,(61) 3335-2097,fixo,+556133352097,,,,,
0.5790,ODONTO DENTE,50.935.657/0001-19,DEMAIS,SAMAMBAIA SUL (SAMAMBAIA),"QUADRA QN 312 CONJUNTO 6, S/N, LOTE  02                  SALA  101 E 102, SAMAMBAIA SUL (SAMAMBAIA), CEP 72308006, Brasilia/DF",3,1,clinica_geral,(61) 9 9828-0796,celular,+5561998280796,sim,(61) 9 9858-6264,celular,+5561998586264,odontodentesamambaia@gmail.com
0.5790,HA ODONTOLOGIA ESPECIALIZADA,50.766.407/0001-00,EPP,SAMAMBAIA NORTE (SAMAMBAIA),"QUADRA QS 408 CONJUNTO C, 02, BLOCO A                   SALA  106, SAMAMBAIA NORTE (SAMAMBAIA), CEP 72318593, Brasilia/DF",3,1,clinica_institucional,(61) 9 9584-6411,celular,+5561995846411,sim,(00) 0000000000,indefinido,,haodontologia1@gmail.com
0.5790,LUCAS TELES ODONTOLOGIA ESTETICA,46.549.573/0001-70,ME,SETOR OESTE (SOBRADINHO II),"CONJUNTO AR 13 CONJUNTO 2, LOTE, 11, SETOR OESTE (SOBRADINHO II), CEP 73062302, Brasilia/DF",4,1,marca_pessoal,(61) 3453-5766,fixo,+556134535766,,(00) 0000000000,indefinido,,lucasteles.odontologia@gmail.com
0.5790,DRA KELLY GOMES ODONTOLOGIA ESTETICA AVANCADA,55.458.134/0001-42,ME,SETOR RESIDENCIAL LESTE (PLANALTINA),"QUADRA 3 CONJUNTO A LOTE, 42, SETOR RESIDENCIAL LESTE (PLANALTINA), CEP 73350301, Brasilia/DF",2,1,marca_pessoal,(41) 9 9788-0145,celular,+5541997880145,sim,(00) 0000000000,indefinido,,meucnpj@contabilizei.com.br
0.5785,SIMETRIC ODONTOLOGIA,07.841.518/0001-05,ME,GAMA,"SETOR SETOR CENTRAL Q 49 PROJECAO 3, S/N, LOJA  04, GAMA, CEP 72405493, Brasilia/DF",20,1,clinica_geral,(61) 3385-1776,fixo,+556133851776,,,,,shoppingdodentegama@gmail.com
0.5785,ODONTOCLINICA GAMA,11.463.292/0001-15,ME,SETOR CENTRAL GAMA,"SETOR HOTELEIRO, PROJECAO B, SN, SUBSL DEPOSITO 01, SETOR CENTRAL GAMA, CEP 72405600, Brasilia/DF",16,1,clinica_geral,(61) 9 8140-2777,celular,+5561981402777,sim,(61) 3622-0405,fixo,+556136220405,
0.5785,MS CLINICA ODONTOLOGICA,47.792.581/0001-05,ME,AGUAS CLARAS,"RUA RUA 5 NORTE LT 3, S/N, LOJA  01                  ANDAR 1, AGUAS CLARAS, CEP 71907720, Brasilia/DF",4,1,clinica_geral,(61) 3547-9538,fixo,+556135479538,,(00) 0000000000,indefinido,,contatomirandasantosodonto@gmail.com
0.5785,COF (CENTRO ODONTOLOGICO FAMILIAR),46.382.510/0001-71,ME,VICENTE PIRES,"SETOR SH VICENTE PIRES Q EPTG 3 CJ 2 LT 3, S/N, LOJA  1, VICENTE PIRES, CEP 72001039, Brasilia/DF",4,1,clinica_institucional,(61) 9 9190-9794,celular,+5561991909794,sim,,,,eaguiar961@gmail.com
0.5785,CLINICA ODONTOLOGICA INTEGRATIVA SS,55.414.608/0001-54,DEMAIS,AREA OCTOGONAL,"QUADRA SHC AOS AE 2/8 LOTE 5 TORRE A SALAS, 314,       PARTE B, AREA OCTOGONAL, CEP 70660090, Brasilia/DF",2,1,clinica_geral,(61) 3964-8265,fixo,+556139648265,,,,,drtiago@aodonto.com.br
0.5780,ODONTO FAMILLE,45.395.978/0001-38,EPP,SANTA MARIA,"QUADRA CL 202 LOTE D-01, S/N, SALA  111. 112. 113 E 114, SANTA MARIA, CEP 72502224, Brasilia/DF",4,1,clinica_geral,(61) 3038-1220,fixo,+556130381220,,,,,contato@odontofamille.com.br
0.5780,ORTHOVITAL ODONTOLOGIA,51.342.959/0001-46,ME,SANTA MARIA,"QUADRA CL 214, LOTE D, LOJA, 1C, SANTA MARIA, CEP 72544220, Brasilia/DF",3,1,especialista_alto_ticket,(61) 3394-2232,fixo,+556133942232,,(00) 0000000000,indefinido,,geisiane.brasil@gmail.com
0.5780,CLINICA ODONTOLOGICA PINHEIRO,72.588.619/0001-70,ME,ASA SUL,"SEP/SUL EQ 715/915 CJ A, SN, BL D CONSULTORIO 419, ASA SUL, CEP 70390155, Brasilia/DF",32,1,clinica_geral,(00) 613465850,indefinido,,,,,,
0.5775,CLINICA MOLARIS,13.478.806/0001-31,ME,PARANOA,"QUADRA QUADRA 22 CONJUNTO 16, 09, SALA  101/102 E 104, PARANOA, CEP 71572209, Brasilia/DF",15,1,clinica_geral,(61) 3369-2840,fixo,+556133692840,,(61) 9 8140-1051,celular,+5561981401051,hugorapo29@yahoo.com.br
0.5775,VITALIS ODONTOLOGIA,01.522.262/0001-89,ME,GUARA I,"QUADRA QE 11 AREA ESPECIAL L SALAS 225 E, 226,       ED. GUARA OFFICE, GUARA I, CEP 71020721, Brasilia/DF",29,1,clinica_institucional,(61) 3381-3391,fixo,+556133813391,,,,,vitalisodontologiaguara@gmail.com
0.5775,RADIOLIFE RADIOLOGIA,07.487.349/0004-91,DEMAIS,CEILANDIA SUL,"QUADRA QNM 17 CONJUNTO H LOTE 02 SALA, 106, CEILANDIA SUL, CEP 72215178, Brasilia/DF",16,1,clinica_geral,(61) 3561-2449,fixo,+556135612449,,(61) 3561-2449,fixo,+556135612449,osmagno@gomidecontabilidade.com.br
0.5775,CLINICA DENTARIA SAO LUIS,00.520.767/0001-41,DEMAIS,TAGUATINGA,"C 08 LOTES, 12/28, SALA 102, TAGUATINGA, CEP 72010080, Brasilia/DF",47,1,clinica_geral,(61) 613511536,indefinido,,,,,,
0.5775,REDE ODONTOLINE,01.963.291/0001-86,DEMAIS,TAGUATINGA,"QUADRA C-1 LOTE 1/12 SALAS 138, 139, 140, 141, 142, 143 E 144, S/N, TAGUATINGA, CEP 72010010, Brasilia/DF",29,1,clinica_geral,(61) 3353-5333,fixo,+556133535333,,(61) 3353-5333,fixo,+556133535333,
0.5775,CLINICA ODONTOLOGICA FABRONEI,09.324.560/0001-76,ME,CEILANDIA NORTE,"QUADRA QNM 02 CONJUNTO F LOTE, 11, SALA  104 A 106, CEILANDIA NORTE, CEP 72210026, Brasilia/DF",18,2,multi_unidade,(61) 9 8599-6686,celular,+5561985996686,sim,,,,
0.5770,ALEGRIA ODONTOLOGICA,08.973.567/0001-56,ME,LAGO SUL,"SETOR SMDB - CL CONJUNTO 12 BLOCO H SALA, 207, LAGO SUL, CEP 71680120, Brasilia/DF",19,1,clinica_geral,(61) 3382-2645,fixo,+556133822645,,(61) 9 7812-5966,celular,+5561978125966,contacto@brturbo.com.br
0.5770,DRA DJANE RODRIGUES ORTODONTIA,43.204.512/0001-82,ME,ZONA INDUSTRIAL (GUARA),"SETOR SMAS TRECHO 1 LOTE, C, BLOCO G                   APT   808, ZONA INDUSTRIAL (GUARA), CEP 71215300, Brasilia/DF",5,1,marca_pessoal,(61) 3326-3005,fixo,+556133263005,,,,,contastec@gmail.com
0.5765,ALFREDO MAGATTI CIRURGIA BUCOMAXILOFACIAL,44.500.549/0001-10,DEMAIS,ASA NORTE,"QUADRA SCN QUADRA 2 BLOCO D ENTRADA B, SN, SALA  1009                EDIF  CENTRO EMP ENCOL, ASA NORTE, CEP 70712904, Brasilia/DF",4,1,clinica_geral,(61) 9 8114-0050,celular,+5561981140050,sim,,,,jamagatti@hotmail.com
0.5765,DENTECLIN,08.140.310/0001-13,ME,SETOR TRADICIONAL (PLANALTINA),"AVENIDA INDEPENDENCIA QUADRA 33, LOTE 04, S/N, LOJA  A, SETOR TRADICIONAL (PLANALTINA), CEP 73330002, Brasilia/DF",20,2,multi_unidade,(61) 3224-5122,fixo,+556132245122,,,,,josuesantiago@uol.com.br
0.5765,CLINICA ODONTOLOGICA ELIZABETH YAMAMOTO,19.198.255/0001-39,ME,TAGUATINGA NORTE,"QUADRA QND 27 LOTE 07 SALA, 105, TAGUATINGA NORTE, CEP 72120270, Brasilia/DF",12,1,clinica_geral,(61) 3048-3235,fixo,+556130483235,,,,,
0.5765,INSTITUTO SOUKEF,15.506.407/0001-62,ME,TAGUATINGA NORTE (TAGUATINGA),"QUADRA QND 28, 20, LOJA  01, TAGUATINGA NORTE (TAGUATINGA), CEP 72120280, Brasilia/DF",14,1,clinica_institucional,(61) 3034-3311,fixo,+556130343311,,,,,unicont@conectanet.com.br
0.5765,BIOS ODONTOLOGIA ESPECIALIZADA,28.076.987/0001-47,ME,LAGO SUL,"QUADRA SHIS CL QI 11 LOTE O SALA, 136, LAGO SUL, CEP 71625645, Brasilia/DF",9,1,clinica_institucional,(61) 3033-4944,fixo,+556130334944,,,,,processos@agenciacontabil.com.br
0.5765,EXCELLENCE ODONTOLOGIA ESPECIALIZADA,15.195.170/0001-46,ME,GUARA II,"QUADRA QI 27, BLOCO A, SALA 219, S/N,       GUARA SHOPPING, GUARA II, CEP 71060280, Brasilia/DF",14,1,clinica_institucional,(61) 3346-0667,fixo,+556133460667,,,,,
0.5760,GM ODONTOLOGIA,36.144.576/0001-70,EPP,CEILANDIA NORTE (CEILANDIA),"QUADRA QNM 4 CONJUNTO A, LOTE, 27, CEILANDIA NORTE (CEILANDIA), CEP 72210041, Brasilia/DF",6,1,clinica_geral,(61) 9 9999-9999,celular,+5561999999999,sim,,,,administracao@facilitacontabil.com
0.5755,INSTITUTO ODONTOLGICO FABIO DIAS,08.990.944/0001-65,ME,SOBRADINHO,"QUADRA 08 COMERCIO LOCAL, CL 27, LOJA  03 E 06, SOBRADINHO, CEP 73006070, Brasilia/DF",19,1,clinica_institucional,(61) 3387-8217,fixo,+556133878217,,,,,fsdiasodontologia@gmail.com
0.5750,ALLIBY ODONTOLOGIA E ESTETICA,47.199.040/0001-78,ME,TAGUATINGA NORTE (TAGUATINGA),"QUADRA QNA 27 LOTE, 06,       SALA 102, TAGUATINGA NORTE (TAGUATINGA), CEP 72110270, Brasilia/DF",4,1,especialista_alto_ticket,(61) 3877-9409,fixo,+556138779409,,(00) 0000000000,indefinido,,allibyestetica@gmail.com
0.5750,CLINDONTO CLINICA ODONTOLOGICA SC LTDA,37.983.004/0001-47,ME,ASA NORTE,"SDN CONJUNTO A SALA 6056, SN, CNB, ASA NORTE, CEP 70077900, Brasilia/DF",33,1,clinica_geral,(00) 613222576,indefinido,,,,,,
0.5750,CLINICA ODONTOLOGICA MONTENEGRO LTDA,37.156.197/0001-62,ME,ASA NORTE,"SETOR SMHN QUADRA 02 BLOCO A, 10, SALA  908                 EDIF  DE CLINICAS, ASA NORTE, CEP 70710100, Brasilia/DF",33,1,clinica_geral,(61) 3327-8506,fixo,+556133278506,,(61) 9 8115-2205,celular,+5561981152205,monserrataguiar@gmail.com
0.5750,ITO-DF INSTITUTO DE TRATAMENTO ODONTOLGICO DO DISTRITO FEDERAL LTDA,01.085.201/0001-00,ME,ASA SUL,"SETOR RADIO E TV SUL QUADRA 701 BLOCO K, SN, SALA  305 PARTE A, ASA SUL, CEP 70340908, Brasilia/DF",30,1,clinica_institucional,(61) 9 8539-1160,celular,+5561985391160,sim,(61) 9 8595-7342,celular,+5561985957342,betania.almeida05@gmail.com
0.5745,LUEUR CLINIQUE,40.277.165/0001-20,ME,ASA NORTE,"QUADRA SCN QUADRA 01, BLOCO G, SALAS 112 E 113, S/N, EDIF  ESPLANADA BUSINESS, ASA NORTE, CEP 70711070, Brasilia/DF",5,1,clinica_geral,(61) 9 9188-2055,celular,+5561991882055,sim,,,,adm@lueurclinique.com
0.5745,MERAKI ODOTONLOGIA,43.288.713/0001-05,ME,NORTE (AGUAS CLARAS),"RUA COPAIBA LOTE, 01,       TORRE A SALA 2107, NORTE (AGUAS CLARAS), CEP 71919540, Brasilia/DF",5,1,clinica_geral,(61) 9 9917-5318,celular,+5561999175318,sim,(61) 3039-7156,fixo,+556130397156,rfcontabil10@gmail.com
0.5745,ODONTOMAGIC,42.656.154/0001-86,ME,ASA SUL,"SETOR SHLS QUADRA 716 CONJUNTO L SALA, 420, SALA  422, ASA SUL, CEP 70390700, Brasilia/DF",5,1,clinica_geral,(61) 9 8408-8408,celular,+5561984088408,sim,,,,contato@parametrocontabilidade.com.br
0.5745,ATR ODONTOLOGIA,32.890.652/0001-35,ME,SUL (AGUAS CLARAS),"AVENIDA PAU BRASIL, S/N, LOTE  10                  SALA  520, SUL (AGUAS CLARAS), CEP 71926000, Brasilia/DF",7,1,clinica_geral,(61) 9 8375-7555,celular,+5561983757555,sim,,,,thiagooliveirateixeira@gmail.com
0.5745,DRA. CAROLINE FONTENELE,16.789.038/0001-25,ME,GUARA II,"QUADRA QI 31, EDIFICIO FLORIDA CENTER, BLOCOA, SALA  210, GUARA II, CEP 71065310, Brasilia/DF",14,1,marca_pessoal,(61) 9 9428-2828,celular,+5561994282828,sim,,,,dracarolinafontenele@hotmail.com
0.5745,DAIA ODONTOLOGIA,15.339.618/0001-58,ME,GUARA II,"QUADRA QI 27 BLOCO A PARTE A, S/N, SALA  201, GUARA II, CEP 71060280, Brasilia/DF",14,1,clinica_geral,(61) 9 8489-5454,celular,+5561984895454,sim,,,,lucianomdaia@gmail.com
0.5745,ODONTO AQUI CLINICAS ODONTOLOGICAS,30.539.184/0001-23,ME,ASA NORTE,"QUADRA SDN CONJUNTO A, SN,       SHOPPING CONJUNTO         NACIONAL SALA 5002, ASA NORTE, CEP 70077900, Brasilia/DF",8,1,clinica_geral,(61) 3034-8999,fixo,+556130348999,,,,,lh@odontoaqui.com.br
0.5745,IMPRO CLINICA REABILITACAO ORAL,34.368.311/0001-20,ME,ASA SUL,"QUADRA SEPS 714/914 CONJUNTO C N., 30, SALA  312, ASA SUL, CEP 70390145, Brasilia/DF",7,1,clinica_geral,(91) 9 9416-6058,celular,+5591994166058,sim,,,,odontoartclinicaespecializada@gmail.com
0.5730,PATRICIA PEREIRA CLINICA ODONTOLOGICA LTDA,26.502.683/0001-79,DEMAIS,TAGUATINGA SUL (TAGUATINGA),"QUADRA CSB 2, S/N, LOTE  1/4 TORRE A         SALA  815, TAGUATINGA SUL (TAGUATINGA), CEP 72015525, Brasilia/DF",9,1,marca_pessoal,(61) 3562-0136,fixo,+556135620136,,,,,hfcontabilidade@uol.com
0.5730,COB CENTRO ORAL DE BRASILIA LTDA,01.763.417/0001-79,ME,ASA NORTE,"SETOR SRTVN QUADRA 701, CONJUNTO C, NUMERO 124, SALA, 316,       ALA A                     CENTRO EMPRESARIAL N, ASA NORTE, CEP 70719030, Brasilia/DF",29,1,clinica_institucional,(61) 3327-4941,fixo,+556133274941,,(61) 9 9185-7082,celular,+5561991857082,s.cob.clinica@gmail.com
0.5730,ORTOFACE CLINICA DE ODONTOLOGIA PREVENTIVA LTDA,37.119.005/0001-48,ME,AREA OCTOGONAL,"AREA SHC/AOS E A 1/4 BLOCO A, S/N, LOJA  05 E 85             TERREO., AREA OCTOGONAL, CEP 70660615, Brasilia/DF",34,1,clinica_geral,(61) 3234-3638,fixo,+556132343638,,,,,ortofacebrasilia@gmail.com
0.5730,CIPRO,03.668.667/0001-55,ME,ASA SUL,"SH/SUL QUADRA 06 CONJUNTO A   BLOCO E, S/N, S/421/422 ED.B.CENTER, ASA SUL, CEP 70301000, Brasilia/DF",26,1,clinica_institucional,(61) 612245698,indefinido,,,,,,ciproodontologia@yahoo.com.br
0.5730,WFR ODONTO CLINICA,02.871.769/0001-00,ME,ASA NORTE,"SC/NORTE QUADRA 05 BLOCO A, 50, SALA 929, ASA NORTE, CEP 70310500, Brasilia/DF",27,1,clinica_geral,(61) 613266834,indefinido,,,,,,
0.5730,CLINICA DE PREVENCAO ORAL E CONSULTORIA,37.138.690/0001-50,ME,ASA NORTE,"QUADRA SCN QUADRA 02 BLOCO D ENTRADA B SALA 434, SN,       CENTRO EMPRESARIAL        ENCOL, ASA NORTE, CEP 70712903, Brasilia/DF",34,1,clinica_geral,(61) 3328-8838,fixo,+556133288838,,,,,clinicadrarosa@gmail.com
0.5730,CLINICA OLIVEIRA DE ODONTOLOGIA,01.626.095/0001-16,ME,ASA NORTE,"SRTN   QD 701 CONJ C, 124, SL 510 ALA B, ASA NORTE, CEP 70310500, Brasilia/DF",29,1,clinica_geral,(06) 1224-1485,fixo,+550612241485,,,,,
0.5730,ODOUS CENTER LTDA,00.709.766/0001-40,ME,ASA NORTE,"SD/NORTE CONJUNTO A SALA 6002, A/N, ASA NORTE, CEP 70077000, Brasilia/DF",43,1,clinica_geral,(61) 613280083,indefinido,,,,,,
0.5725,ODONTO IMAGEM,48.089.208/0001-55,EPP,ASA NORTE,"QUADRA SCN QUADRA 5 BLOCO A, 50, SALA  909 PARTE                 BRASILIA SHOPPING, ASA NORTE, CEP 70715000, Brasilia/DF",3,1,clinica_geral,(61) 3225-1767,fixo,+556132251767,,(00) 0000000000,indefinido,,xxxxxxxxxxx@xxxxxx.xxx.xx
0.5720,CLINICA ODONTOLOGICA RICARDO SALZANO DE OLIVEIRA LTDA,05.555.100/0001-06,ME,LAGO SUL,"SHI/SUL CL QI 11 BLOCO S SALA, 103, LAGO SUL, CEP 71625205, Brasilia/DF",23,1,clinica_geral,,,,,,,,
0.5715,ODONTONORTE,12.620.752/0001-34,ME,BRAZLANDIA,"QUADRA QUADRA 04 NORTE LOTE 13, SN, SALA  201 A 204, BRAZLANDIA, CEP 72710561, Brasilia/DF",15,2,multi_unidade,(61) 3391-7043,fixo,+556133917043,,,,,
0.5715,RAME ODONTOLOGIA,07.322.367/0001-70,ME,CEILANDIA NORTE (CEILANDIA),"QUADRA QNM 18 CJ A LT 8, S/N, SALA  102 103 E 104, CEILANDIA NORTE (CEILANDIA), CEP 72210181, Brasilia/DF",21,1,clinica_geral,(61) 3373-1413,fixo,+556133731413,,,,,dr.rafaelbarbosa@hotmail.com
0.5715,ODONTO PRIME CENTRO ODONTOLOGICO,08.889.002/0001-95,ME,CEILANDIA SUL (CEILANDIA),"QUADRA QNM 17 CONJUNTO A LOTE, 39/40, SALA  303 E 306, CEILANDIA SUL (CEILANDIA), CEP 72215171, Brasilia/DF",19,1,clinica_institucional,(61) 3021-9150,fixo,+556130219150,,(61) 9 8156-0157,celular,+5561981560157,odontoprimecobsb@gmail.com
0.5715,CEOG,03.727.091/0001-50,ME,GUARA II,"QUADRA QI 25 BLOCO A, S/N, SALA  223 224 E 225, GUARA II, CEP 71060263, Brasilia/DF",26,1,clinica_institucional,(61) 3383-1224,fixo,+556133831224,,,,,arcuri@tba.com.br
0.5715,CLARO ODONTOLOGIA,10.461.629/0001-92,ME,CEILANDIA SUL (CEILANDIA),"QUADRA QNM 17 CONJUNTO E, 03, SALA  102 103 104, CEILANDIA SUL (CEILANDIA), CEP 72215175, Brasilia/DF",17,1,clinica_geral,(61) 3371-5936,fixo,+556133715936,,,,,clarodontologia@hotmail.com
0.5715,ODONTOCLINICA CANDANGA,15.483.780/0001-45,ME,CANDANGOLANDIA,"QUADRA QR 3 LOTES MI-01 E MI-02, S/N, APT   101, CANDANGOLANDIA, CEP 71725300, Brasilia/DF",14,1,clinica_geral,(61) 3301-8466,fixo,+556133018466,,,,,odontoclinicacandanga@gmail.com
0.5715,THAIS PINHEIRO ODONTOLOGIA ESPECIALIZADA,42.508.997/0001-35,ME,SUL (AGUAS CLARAS),"AVENIDA PAU BRASIL, LOTE, 10, SALA  829, SUL (AGUAS CLARAS), CEP 71926000, Brasilia/DF",5,1,marca_pessoal,(61) 9 9231-1288,celular,+5561992311288,sim,,,,thaispinheiro20@gmail.com
0.5710,PREMIUM ODONTOLOGIA,40.049.806/0001-99,EPP,SOBRADINHO,"QUADRA 02 CONJUNTO A LOTES PARES DE, 2 A 6, APT   219, SOBRADINHO, CEP 73015100, Brasilia/DF",5,1,clinica_geral,(61) 3042-0579,fixo,+556130420579,,,,,financeiro@odontochronos.com.br
0.5710,ODONTO PERSONNALITE,43.151.808/0001-82,EPP,GUARA I,"QUADRA QE 11 AREA ESPECIAL L SALA, 234, EDIF  GUARA OFFICE, GUARA I, CEP 71020611, Brasilia/DF",5,1,clinica_geral,(61) 3042-9595,fixo,+556130429595,,,,,financeiro605@consultabildf.com.br
0.5710,ODONTOCOMPANY RIACHO FUNDO,50.141.133/0001-56,EPP,RIACHO FUNDO I,"QUADRA CLN 3 BLOCO C LOTE, 2,       LOJA 02, RIACHO FUNDO I, CEP 71805513, Brasilia/DF",3,1,clinica_institucional,(61) 9 8170-1414,celular,+5561981701414,sim,(00) 0000000000,indefinido,,brasilia-riachofundo@odontocompany.com
0.5710,DRA SAMIRIAN NERIS ODONTO E ESTETICA,57.367.896/0001-69,ME,TAGUATINGA NORTE (TAGUATINGA),"QUADRA QNM 34 AREA ESPECIAL 1, S/N, SALA  1306                      JK SHOPPING, TAGUATINGA NORTE (TAGUATINGA), CEP 72145450, Brasilia/DF",1,1,marca_pessoal,(61) 9 9818-8018,celular,+5561998188018,sim,(00) 0000000000,indefinido,,drasamirianneris@gmail.com
0.5710,FERNANDA RIBEIRO ODONTOLOGIA E ESTETICA OROFACIAL,56.615.812/0001-04,ME,TAGUATINGA NORTE (TAGUATINGA),"AREA ESPECIAL SETOR C NORTE LOTES, 01/12, BLOCO A                   SALA  1003/1004           EDIF  PRIME EXCEL MEDICA, TAGUATINGA NORTE (TAGUATINGA), CEP 72115700, Brasilia/DF",2,1,marca_pessoal,(61) 9 8534-7167,celular,+5561985347167,sim,(00) 0000000000,indefinido,,fernanda.farmaceutica00@gmail.com
0.5710,DR IMPLANTECM,52.439.892/0001-25,ME,SETOR OESTE (GAMA),"QUADRA QUADRA 25 COMERCIO LOCAL, SN, LOTE  07                  SALA  01, SETOR OESTE (GAMA), CEP 72420252, Brasilia/DF",2,1,marca_pessoal,(61) 3526-3378,fixo,+556135263378,,(00) 0000000000,indefinido,,mssimplante@gmail.com
0.5710,ODONTOCLIN CLINICA ODONTOLOGICA,01.472.532/0001-94,ME,ASA SUL,"SHL/SUL QUADRA 716 CONJUNTO L BLOCO, 01, SALA 204 CCS, ASA SUL, CEP 70390700, Brasilia/DF",29,1,clinica_geral,,,,,,,,
0.5710,DOBRA DOCUMENTACAO ORTODONTICA DE BRASILIA S/C LTDA,03.658.861/0001-50,ME,ASA NORTE,"SDN CONJUNTO A, S/N, SALA 5051, ASA NORTE, CEP 70077900, Brasilia/DF",37,1,especialista_alto_ticket,,,,,,,,
0.5705,GRANDI SORRISO ODONTOLOGIA,17.888.148/0001-07,ME,TAGUATINGA CENTRO (TAGUATINGA),"QUADRA C 12, /, BLOCO B                   LOTE  1 E 2               SALA  211                       EDIFICIO VECON            CENTER II, TAGUATINGA CENTRO (TAGUATINGA), CEP 72010120, Brasilia/DF",13,1,clinica_geral,(61) 3351-1549,fixo,+556133511549,,(61) 9 8575-7834,celular,+5561985757834,contabsistema3@hotmail.com
0.5705,MEU DENTISTA EM CASA,22.822.326/0001-37,ME,NUCLEO BANDEIRANTE,"AVENIDA CENTRAL, SN, LOTE  635                 LOJA  A - PARTE A         ANDAR SUPERIOR, NUCLEO BANDEIRANTE, CEP 71710350, Brasilia/DF",11,1,clinica_geral,(61) 9 9209-8852,celular,+5561992098852,sim,,,,contato@meudentistaemcasa.com.br
0.5705,SORRISO CLIN,20.113.967/0001-97,ME,TAGUATINGA,"QUADRA QSD LOTE PARA COMERCIO 08 SALA, 204, TAGUATINGA, CEP 72020111, Brasilia/DF",12,1,clinica_geral,(61) 3355-2398,fixo,+556133552398,,,,,
0.5705,ODONTOVILLE LTDA,27.507.817/0001-07,ME,AREAL (AGUAS CLARAS),"QUADRA QS 3, 9, LOTE  3 5 7 E 9           SALA  414                 COND  PATIO CAPITAL, AREAL (AGUAS CLARAS), CEP 71953000, Brasilia/DF",9,1,clinica_geral,(61) 3021-9394,fixo,+556130219394,,,,,santoscontabil499@hotmail.com
0.5705,PERIOCLINIC ODONTOLOGIA LTDA,27.943.667/0001-84,ME,SUL (AGUAS CLARAS),"AVENIDA DAS ARAUCARIAS LOTES 1835, 1905, 1955 E, 2005, SALA  340, SUL (AGUAS CLARAS), CEP 71936250, Brasilia/DF",9,1,clinica_geral,(61) 3399-6736,fixo,+556133996736,,,,,samara_tomaz1@hotmail.com
0.5705,UNI DUNI DENTE 807DF LTDA,27.571.705/0001-15,ME,ASA NORTE,"SETOR COMERCIAL NORTE QUADRA 05 BLOCO A, 50, SALA  814, ASA NORTE, CEP 70715900, Brasilia/DF",9,1,clinica_geral,(61) 9 9207-2920,celular,+5561992072920,sim,,,,alexschaff@icloud.com
0.5705,COSTA OLIVEIRA ODONTOLOGIA,23.028.618/0001-65,ME,SETOR COMERCIAL CENTRAL (PLANALTINA),"SETOR QUADRA 2 BLOCO C, SL 101, ANDAR 1                   EDIF  AGENOR TEIXEIRA, SETOR COMERCIAL CENTRAL (PLANALTINA), CEP 73310313, Brasilia/DF",11,1,clinica_geral,(61) 3389-1214,fixo,+556133891214,,,,,jrcont@jrgrupo.com.br
0.5705,BRASILIA ODONTOLOGIA LTDA,27.670.748/0001-58,ME,ASA NORTE,"SETOR SDN CONJUNTO A, SN, SALA  4079                      CONJUNTO NACIONAL, ASA NORTE, CEP 70077900, Brasilia/DF",9,1,clinica_geral,(61) 3039-1003,fixo,+556130391003,,,,,novais727@gmail.com
0.5705,CLIOS ODONTOLOGIA INTEGRADA,41.992.796/0001-93,ME,ASA SUL,"SETOR SRTVS QUADRA 701 BLOCO I SALAS 3 E 4, SN, EDIF  PALACIO DA IMPRENSA, ASA SUL, CEP 70340000, Brasilia/DF",5,1,clinica_geral,(61) 3323-5193,fixo,+556133235193,,,,,clios10@hotmail.com
0.5705,ODONTOLOGIA MN,34.698.574/0001-05,ME,ASA NORTE,"QUADRA SC NORTE QD 01, 79, BLOCO F                   SALA  112, ASA NORTE, CEP 70711905, Brasilia/DF",7,1,clinica_geral,(61) 9 9689-9203,celular,+5561996899203,sim,,,,mnodonto112@gmail.com
0.5705,KALINE ODONTOLOGIA,41.500.900/0001-85,ME,NORTE (AGUAS CLARAS),"RUA 5 NORTE LOTE, 03, SALA  203, NORTE (AGUAS CLARAS), CEP 71907720, Brasilia/DF",5,1,clinica_geral,(61) 9 9220-9489,celular,+5561992209489,sim,,,,cdkaline@gmail.com
0.5705,ODONTO SPAZIO,35.433.858/0001-24,ME,NORTE (AGUAS CLARAS),"RUA DAS FIGUEIRAS LOTE, 7, LOJA  29, NORTE (AGUAS CLARAS), CEP 71906750, Brasilia/DF",6,1,clinica_geral,(61) 9 9952-1102,celular,+5561999521102,sim,,,,contato@exactcontabil.com.br
0.5705,VERTICE ODONTOLOGIA INTEGRADA,36.600.473/0001-77,ME,ASA SUL,"QUADRA SRTV/SUL QUADRA 701, SN, BLOCO K                   SALA  530 E 531           EDIF  EMBASSY TOWER, ASA SUL, CEP 70340908, Brasilia/DF",6,1,clinica_geral,(61) 9 9826-0657,celular,+5561998260657,sim,,,,verticeodontologiaintegrada@gmail.com
0.5705,ACCLAMER ODONTOLOGIA,30.337.784/0001-09,ME,ASA SUL,"QUADRA SGAS 614 CONUNTO C, SN, SALA  15                  EDIF  VITRIUM, ASA SUL, CEP 70200740, Brasilia/DF",8,1,clinica_geral,(61) 9 8459-1981,celular,+5561984591981,sim,,,,
0.5705,APICE ODONTOLOGIA,37.904.494/0001-49,ME,ASA SUL,"SETOR SRTV/S QUADRA 701, 38, CONJ  L                   BLOCO I                   SALA  623 E 625           EDIF  ASSIS CHATEAUBRIAND, ASA SUL, CEP 70340906, Brasilia/DF",6,1,clinica_geral,(61) 3032-4066,fixo,+556130324066,,,,,rodrigo@escricontal.com
0.5705,INSTITUTO ANNA,54.934.523/0001-34,ME,ASA SUL,"QUADRA SGAS QD 616, CONJUNTO A, SN, COND  LINEA VITTA         BLOCO C                   SALA  14, ASA SUL, CEP 70200760, Brasilia/DF",2,1,clinica_institucional,(61) 9 9672-3017,celular,+5561996723017,sim,,,,annavitoriadmarques@gmail.com
0.5705,CLINICA ODONTOLOGICA TARGINO,51.144.331/0001-36,ME,SETOR HABITACIONAL VICENTE PIRES,"RUA RUA 10 CHACARA 318, LOTE, 18B, LOJA  07, SETOR HABITACIONAL VICENTE PIRES, CEP 72007260, Brasilia/DF",3,1,clinica_institucional,(61) 9 9887-9340,celular,+5561998879340,sim,(00) 0000000000,indefinido,,contato@grupocentralsolucoes.com.br
0.5705,ESSENCIALY SORRISO E FACE,47.080.596/0001-40,ME,ASA SUL,"QUADRA SGAS 616 CONJUNTO A BLOCO B SALA, 19, COND  LINEA VITTA               CENTRO CLINICO, ASA SUL, CEP 70200760, Brasilia/DF",4,1,clinica_geral,(61) 9 8134-7611,celular,+5561981347611,sim,(00) 0000000000,indefinido,,drajuliaspindola@gmail.com
0.5705,DR. ANDERSON POVOA - ODONTOLOGIA ESPECIALIZADA,45.813.927/0001-89,ME,ASA SUL,"QUADRA SEP/S EQ 709/909 CENTRO MEDICO JULIO ADNET CONJUNTO A BL B, SN, SALA  213, ASA SUL, CEP 70330700, Brasilia/DF",4,1,marca_pessoal,(61) 9 9124-6484,celular,+5561991246484,sim,,,,povoa.odonto@gmail.com
0.5705,RENOVARE ODONTOLOGIA ESPECIALIZADA,43.366.311/0001-81,ME,ASA SUL,"SETOR SRTVS QUADRA 701 BLOCO K SALA, 410, EDIF  EMBASSY TOWER, ASA SUL, CEP 70340908, Brasilia/DF",4,1,clinica_institucional,(61) 3256-3000,fixo,+556132563000,,,,,pppaes62@gmail.com
0.5705,CLINICA ODONTOLOGICA SORRIA SEMPRE,48.849.346/0001-95,ME,ASA SUL,"QUADRA SEPS 714/914 CONJUNTO E SALA, 212, ASA SUL, CEP 70390145, Brasilia/DF",3,1,clinica_geral,(61) 3033-2409,fixo,+556130332409,,(00) 0000000000,indefinido,,aexpressocontabilidade@gmail.com
0.5705,VIVER SORRISO CLINICA ODONTOLOGICA,51.023.264/0001-00,ME,SETOR HABITACIONAL VICENTE PIRES,"RUA 4A BLOCOS 3 TRAVESSA 3, S/N,       MODULO 21           LOJA  02                        RESIDENCIAL SOPHIA, SETOR HABITACIONAL VICENTE PIRES, CEP 72006206, Brasilia/DF",3,1,clinica_geral,(61) 3263-0618,fixo,+556132630618,,(00) 0000000000,indefinido,,viversorrisoatendimento@gmail.com
0.5700,LUCAS VALENTIM ODONTOLOGIA,35.916.939/0001-85,EPP,PLANO PILOTO,"SETOR SHCS SQS 414 BL F, S/N, APT   209, PLANO PILOTO, CEP 70297060, Brasilia/DF",6,1,marca_pessoal,(61) 3242-1250,fixo,+556132421250,,,,,lucas.valentim15@hotmail.com
0.5695,SBCO CLINICA INTEGRADA,16.852.455/0001-75,ME,CEILANDIA SUL,"QUADRA QNM 01 CONJUNTO H LOTE 40 SALAS 201 E 203, S/N, CEILANDIA SUL, CEP 72215018, Brasilia/DF",13,1,clinica_geral,(61) 3358-8314,fixo,+556133588314,,(61) 3399-4679,fixo,+556133994679,giscardcr@hotmail.com
0.5695,ODONTOLOGIA COUTO,21.606.267/0001-05,ME,TAGUATIINGA SUL,"QUADRA CSB 02 LOTES, 1/4, SALA  213, TAGUATIINGA SUL, CEP 72015901, Brasilia/DF",11,1,clinica_geral,(61) 3324-5555,fixo,+556133245555,,,,,couto@gmail.com
0.5695,MAIS ODONTO ODONTOLOGIA,24.505.861/0001-90,ME,RECANTO DAS EMAS,"AVENIDA RECANTO QUADRA 203 LOTE, 19, SALA  101, RECANTO DAS EMAS, CEP 72610321, Brasilia/DF",10,1,clinica_geral,(61) 3333-8714,fixo,+556133338714,,,,,masodontologia@gmail.com
0.5695,ODONTO PRIME,18.702.554/0001-04,ME,RECANTO DAS EMAS,"QUADRA QUADRA 102, S/N, LOTE  07                  SALA  101 E 102, RECANTO DAS EMAS, CEP 72600200, Brasilia/DF",13,1,clinica_geral,(61) 3356-6885,fixo,+556133566885,,,,,
0.5690,INSTITUTO ODONTOLOGICO INOVASI,34.814.713/0001-00,ME,RIACHO FUNDO II,"QUADRA QS 16 CONJUNTO 3, SN, LOJA  17 PARTE, RIACHO FUNDO II, CEP 71884576, Brasilia/DF",6,1,clinica_institucional,(61) 9 8136-2234,celular,+5561981362234,sim,,,,inovasiodontologia@gmail.com
0.5690,ODONTOLINE CLINICA ODONTOLOGICA,31.616.729/0001-10,ME,SETOR CENTRAL (GAMA),"QUADRA EQ 52/54, SN, EDIF  PROJECAO 9          SALA  404                 ANDAR 4, SETOR CENTRAL (GAMA), CEP 72405525, Brasilia/DF",7,1,clinica_geral,(61) 9 8244-1752,celular,+5561982441752,sim,,,,
0.5690,AZEVEDO ODONTOLOGICA,33.042.545/0001-10,ME,SAMAMBAIA NORTE (SAMAMBAIA),"QUADRA QS 408 CONJUNTO G LOTE, 04, ANDAR SEGUNDO             SALA  03/04, SAMAMBAIA NORTE (SAMAMBAIA), CEP 72318590, Brasilia/DF",7,1,clinica_geral,(61) 9 8312-7952,celular,+5561983127952,sim,(61) 9 8419-9194,celular,+5561984199194,brunoodotologia@hotmail.com
0.5690,ODONTO PRIME,35.654.897/0001-51,ME,PORTAL DO AMANHECER (PLANALTINA),"CONJUNTO B LOTE, 1C, PORTAL DO AMANHECER (PLANALTINA), CEP 73366116, Brasilia/DF",6,1,clinica_geral,(61) 3388-8246,fixo,+556133888246,,,,,nanda.odontologia@gmail.com
0.5690,BRANDAO ODONTOLOGIA,36.625.411/0001-10,ME,GAMA,"AREA ESPECIAL LADO OESTE SETOR CENTRAL, 20/21, SALA  152, GAMA, CEP 72405922, Brasilia/DF",6,1,clinica_geral,(61) 3543-3028,fixo,+556135433028,,,,,oralesthetic18@hotmail.com
0.5690,LOPES CENTRO ODONTOLOGICO,35.844.460/0001-80,ME,SETOR CENTRAL GAMA,"SETOR ST SCC PROJECAO 9 EDIFICIO CENTRAL, SN, ANDAR 2                   SALA  204 E 206, SETOR CENTRAL GAMA, CEP 72404903, Brasilia/DF",6,1,clinica_institucional,(61) 9 9953-9620,celular,+5561999539620,sim,(61) 3081-3800,fixo,+556130813800,
0.5690,ODONTOCLINICA MENDES,01.237.413/0001-57,ME,ASA SUL,"SDS  BLOCO F, 27, SL 309 CONJ BARACAT, ASA SUL, CEP 70310500, Brasilia/DF",30,1,clinica_geral,,,,,,,,
0.5690,POLICLINICA DENTARIA MARISTELA,00.836.098/0001-11,ME,ASA SUL,"SCS QDA. 01 BLOCO D  N 28 SALA, 116, ASA SUL, CEP 70306900, Brasilia/DF",42,1,clinica_geral,,,,,,,,
0.5690,CVO - CENTRO AVANCADO EM ODONTOLOGIA,03.523.682/0001-05,ME,ASA NORTE,"SETOR SGA/NORTE QUADRA 607 CONJUNTO A BLOCO B, S/N,       CONSULTORIO 309, ASA NORTE, CEP 70710210, Brasilia/DF",26,1,clinica_institucional,(61) 3327-0425,fixo,+556133270425,,,,,
0.5690,US ODONTOLOGIA,72.580.780/0001-05,ME,ASA NORTE,"SETOR SCN QD 02 BL D  ENTRADA B SALAS 724 E 726, S/N, ASA NORTE, CEP 70712000, Brasilia/DF",32,1,clinica_geral,(61) 3327-6162,fixo,+556133276162,,(61) 3321-5910,fixo,+556133215910,
0.5690,L OR SORRISO E FACE.,04.637.016/0001-60,ME,ASA NORTE,"QUADRA SCN QD 05, 50, BLOCO A                   SALA  1.228 E 1.229       EDIF  BRASILIA SHOPPING, ASA NORTE, CEP 70715900, Brasilia/DF",25,1,clinica_geral,(61) 3328-7947,fixo,+556133287947,,,,,
0.5690,CECB ODONTOLOGIA,02.610.664/0001-06,ME,ASA NORTE,"SETOR DE DIVERSOES NORTE CONJUNTO A SALA, 5027,       PARTE B, ASA NORTE, CEP 70077900, Brasilia/DF",28,1,clinica_geral,(61) 3381-5800,fixo,+556133815800,,(61) 3301-8769,fixo,+556133018769,destakservicos.contabilidade7@gmail.com
0.5690,FLAVIA SCHERRER ODONTOLOGIA,01.317.388/0001-11,ME,ASA NORTE,"SETOR DE DIVERSOES NORTE CONJUNTO A, S/N, SALA 4073, ASA NORTE, CEP 70077900, Brasilia/DF",30,1,marca_pessoal,(61) 3326-3088,fixo,+556133263088,,(61) 9 9976-0890,celular,+5561999760890,
0.5690,CONSULTORIO MARIA EUGENIA,21.756.554/0001-93,ME,ASA NORTE,"SETOR SHCN CL QUADRA 307 BLOCO B, 49, SALA  112, ASA NORTE, CEP 70746520, Brasilia/DF",11,1,clinica_geral,(61) 9 8217-9445,celular,+5561982179445,sim,,,,mariaeugeniagt@hotmail.com
0.5690,TIA BIBI ODONTOLOGIA,42.596.259/0001-97,ME,SOBRADINHO,"QUADRA 06 COMERCIO LOCAL, CL 02, SALA  104, SOBRADINHO, CEP 73026605, Brasilia/DF",5,1,especialista_alto_ticket,(61) 9 9145-5977,celular,+5561991455977,sim,,,,biancadfrazao@gmail.com
0.5685,NUCLEO DE ODONTOLOGIA,01.274.154/0001-34,EPP,CEILANDIA SUL (CEILANDIA),"QUADRA QNM 17 CJ D LT 04 SALAS 102/106, 0, CEILANDIA SUL (CEILANDIA), CEP 72215170, Brasilia/DF",30,1,clinica_geral,(61) 3581-1128,fixo,+556135811128,,,,,nucleodeodontologiaeotorrino@gmail.com
0.5685,EUSTORGIO ODONTOLOGIA,58.970.999/0001-81,EPP,NORTE (AGUAS CLARAS),"AVENIDA DAS CASTANHEIRAS LOTE, 350, EDIF  RESID ATOL DAS ROCASAPT   508B PARTE 01, NORTE (AGUAS CLARAS), CEP 71900100, Brasilia/DF",1,1,clinica_geral,(61) 9 8646-8320,celular,+5561986468320,sim,(00) 0000000000,indefinido,,eustorgiodesiree@gmail.com
0.5685,MV ODONTOLOGIA,53.140.243/0001-91,EPP,NORTE (AGUAS CLARAS),"AVENIDA PAU BRASIL, 06, SALA  1306                EDIF  E-BUSINESS, NORTE (AGUAS CLARAS), CEP 71916500, Brasilia/DF",2,1,clinica_geral,(61) 9 9276-9382,celular,+5561992769382,sim,(00) 0000000000,indefinido,,dramariavitoriap@gmail.com
0.5685,PATRICIUSORALSURGERY,55.621.836/0001-03,EPP,JARDINS MANGUEIRAL (JARDIM BOTANICO),"QUADRA QC 9 RUA B, SN, CASA  36, JARDINS MANGUEIRAL (JARDIM BOTANICO), CEP 71687490, Brasilia/DF",2,1,clinica_geral,(61) 9 8118-7494,celular,+5561981187494,sim,(00) 0000000000,indefinido,,patriciusx@hotmail.com
0.5685,VOGAS ODONTOLOGIA,52.476.403/0001-05,EPP,ASA NORTE,"QUADRA SGAN 915 CONJUNTO G, 915, ANDAR 3                   SALA  312                 BLOCO E, ASA NORTE, CEP 70790157, Brasilia/DF",2,1,clinica_geral,(61) 9 7401-1558,celular,+5561974011558,sim,(00) 0000000000,indefinido,,contato@vogasodontologia.com.br
0.5685,ODONTOSANTOS GAMA,05.610.374/0001-42,ME,GAMA,"QUADRA 02 CONJUNTO A LOTE, 22, SOBRELOJA 01 ST SUL, GAMA, CEP 72415101, Brasilia/DF",23,1,clinica_geral,(61) 615562987,indefinido,,,,,,
0.5685,INSTITUTO ODONTOLOGICO CAMARGOS NEGRAO,07.207.337/0001-13,ME,TAGUATINGA SUL,"CSB 02 LOTES 01 A 04 TORRE A SALA 715, S/N, ALAMEDA SHOPING, TAGUATINGA SUL, CEP 72015525, Brasilia/DF",21,1,clinica_institucional,(61) 9 8127-3807,celular,+5561981273807,sim,,,,
0.5680,RIZZO IMPLANTES E ORTODONTIA,34.333.217/0001-35,ME,SETOR RESIDENCIAL LESTE (PLANALTINA),"QUADRA QUADRA 2 CONJUNTO C LOTE, 40, LOJA  A, SETOR RESIDENCIAL LESTE (PLANALTINA), CEP 73350203, Brasilia/DF",7,1,especialista_alto_ticket,(61) 9 9316-7227,celular,+5561993167227,sim,,,,rricdias@gmail.com
0.5675,CLINICA ODONTOLOGICA MARAJO,04.214.135/0001-00,ME,TAGUATINGA,"QUADRA QNA 30 LOTE 10 SALA, 303, TAGUATINGA, CEP 72120190, Brasilia/DF",25,1,clinica_geral,(61) 3563-6487,fixo,+556135636487,,,,,clinicamarajo@hotmail.com
0.5675,CLINICA NOVO SORRISO,02.098.834/0001-07,ME,GUARA II,"QUADRA QI 27 BLOCO A SALAS 106/107, S/N, GUARA II, CEP 71060280, Brasilia/DF",28,1,clinica_geral,(61) 3381-1464,fixo,+556133811464,,,,,
0.5675,CLINICA S.O.S. DENTE,09.185.743/0001-58,ME,CEILANDIA,"ENTRE QUADRA EQNM 07/09, BLOCO A, LOTE, 4, LOJA, CEILANDIA, CEP 72215551, Brasilia/DF",18,1,clinica_geral,(61) 3371-3008,fixo,+556133713008,,,,,clinicasosdente@gmail.com
0.5675,SPECIALITA CLINICA ODONTOLOGICA,10.987.102/0001-04,ME,SANTA MARIA,"QUADRA QC 01 CONJUNTO D LOTE, 13, SANTA MARIA, CEP 72535040, Brasilia/DF",17,1,clinica_geral,(61) 3562-7916,fixo,+556135627916,,(61) 3033-1736,fixo,+556130331736,
0.5675,CLINICA ODONTOLOGICA ODONTO MARTINS,20.193.739/0001-74,ME,RIACHO FUNDO II,"QUADRA QN 15A CONJUNTO 1, 1, LOTE 27, RIACHO FUNDO II, CEP 71881311, Brasilia/DF",12,1,clinica_geral,(61) 9 8472-8100,celular,+5561984728100,sim,,,,odontomartinsbsb@gmail.com
0.5670,VALENZZE ODONTOLOGIA,52.782.705/0001-01,EPP,TAGUATINGA SUL,"QUADRA SETOR B SUL CSB 02 LOTES, 1/4, ANDAR TORRE B             SALA  922                 EDIF  ALAMEDA SHOPPING, TAGUATINGA SUL, CEP 72015901, Brasilia/DF",2,1,clinica_institucional,(61) 9 8160-1514,celular,+5561981601514,sim,(00) 0000000000,indefinido,,valenzzeodonto@gmail.com
0.5670,CLINICA SAUDE ORAL,54.122.466/0001-99,EPP,SETOR TRADICIONAL (PLANALTINA),"AVENIDA INDEPENDENCIA QUADRA 18 LOTE, 03,       SOBRELOJA J, SETOR TRADICIONAL (PLANALTINA), CEP 73330001, Brasilia/DF",2,1,clinica_institucional,(61) 3028-2500,fixo,+556130282500,,(00) 0000000000,indefinido,,hespanhol@com4.com.br
0.5670,ESTETIC,48.101.220/0001-38,ME,TAGUATINGA NORTE (TAGUATINGA),"QUADRA QNA 4 LOTE 33, SN, SALA  105, TAGUATINGA NORTE (TAGUATINGA), CEP 72110040, Brasilia/DF",3,1,especialista_alto_ticket,(61) 9 8317-0750,celular,+5561983170750,sim,(00) 0000000000,indefinido,,cleidemariaalvestorres@gmail.com
0.5670,TRANFORMARE ODONTOLOGICA E ESTETICA,46.776.697/0001-98,ME,SAMAMBAIA SUL (SAMAMBAIA),"QUADRA QR 321 CONJUNTO 03 LOTE, 04, CASA  02, SAMAMBAIA SUL (SAMAMBAIA), CEP 72309303, Brasilia/DF",4,1,especialista_alto_ticket,(61) 3359-6719,fixo,+556133596719,,(00) 0000000000,indefinido,,wilkerzuete1@gmail.com
0.5670,CLIO CLINICA INTEGRADA ODONTOLOGICA,45.076.795/0001-50,ME,SETOR TRADICIONAL (PLANALTINA),"AVENIDA GOMES RABELO QUADRA 25 LOTE, 14, SALA  107/108, SETOR TRADICIONAL (PLANALTINA), CEP 73330016, Brasilia/DF",4,1,especialista_alto_ticket,(61) 3389-4288,fixo,+556133894288,,,,,clio.odontologiaek@gmail.com
0.5670,FACE DESIGN ODONTOLOGIA ESTETICA,44.136.648/0001-65,ME,TAGUATINGA NORTE,"QUADRA QNG AREA ESPECIAL 01 LOTE, 02, SALA  212                 EDIF  TAGUACENTER, TAGUATINGA NORTE, CEP 72139900, Brasilia/DF",4,1,especialista_alto_ticket,(61) 9 9141-5026,celular,+5561991415026,sim,,,,odontofacetaguatinga@gmail.com
0.5670,LOTUS ODONTOLOGIA E ESTETICA,51.391.172/0001-74,ME,GRANDE COLORADO - SOBRADINHO,"CONDOMINIO JARDIM EUROPA 1, QD 1, CJ A, BL A, LT 25, LJ, 2, GRANDE COLORADO - SOBRADINHO, CEP 73105900, Brasilia/DF",3,1,especialista_alto_ticket,(61) 9 9949-9192,celular,+5561999499192,sim,(00) 0000000000,indefinido,,odonto.lotusgc@gmail.com
0.5665,CLINICA VICTORIA,05.880.720/0001-02,ME,TAGUATINGA NORTE,"SIG LOTE 02, S/N, CONJ H LOJA 03, TAGUATINGA NORTE, CEP 72153500, Brasilia/DF",22,1,clinica_geral,(61) 613361760,indefinido,,,,,,
0.5665,CISOS CENTRO INTEGRADO DE SAUDE ORAL DE SOBRADINHO,04.779.890/0001-32,ME,SOBRADINHO,"QUADRA 6 AR 4, 204, SOBRADINHO, CEP 73026664, Brasilia/DF",24,1,clinica_institucional,(61) 3034-3777,fixo,+556130343777,,(61) 3389-9292,fixo,+556133899292,albertcontabil@hotmail.com
0.5665,CEROS,09.318.184/0001-07,ME,GUARA II,"QUADRA QI 25 BLOCO A SALA, 222, EDIF  REAL MIX, GUARA II, CEP 71060250, Brasilia/DF",18,1,clinica_institucional,(61) 3568-2041,fixo,+556135682041,,,,,cerosdf.odontologia@gmail.com
0.5665,ODONTOCLINICA SAMAMBAIA,09.525.142/0001-47,ME,SAMAMBAIA NORTE (SAMAMBAIA),"QUADRA QS 406 CONJUNTO E LOTE, 03,       LOJA 08, SAMAMBAIA NORTE (SAMAMBAIA), CEP 72318575, Brasilia/DF",18,1,clinica_geral,(61) 9 9831-7288,celular,+5561998317288,sim,,,,romulocontadoradvogado@gmail.com
0.5665,ESTACAO SAUDE ODONTOLOGIA,09.204.571/0001-12,ME,GAMA,"QUADRA 39 LOTE, 75, SETOR LESTE RESIDENCIAL, GAMA, CEP 72465390, Brasilia/DF",18,1,clinica_geral,(61) 3967-2292,fixo,+556139672292,,,,,
0.5665,COLINNE ODONTOLOGIA LTDA,24.765.945/0001-62,ME,SOBRADINHO,"CONDOMINIO NOVO SETOR DE MANSOES ETAPA 5 CONJUNTO B LOTE, 01, APT   102, SOBRADINHO, CEP 73017012, Brasilia/DF",10,1,clinica_geral,(61) 9 8525-1833,celular,+5561985251833,sim,,,,asteccontabilidade@uol.com.br
0.5665,LL ODONTO LTDA,22.198.656/0001-01,ME,TAGUATINGA NORTE (TAGUATINGA),"QUADRA CNB 11 LOTE, 09, SALA  604, TAGUATINGA NORTE (TAGUATINGA), CEP 72115115, Brasilia/DF",11,1,clinica_geral,(61) 9 9398-0833,celular,+5561993980833,sim,,,,leocir1@yahoo.com.br
0.5665,EXPERTEN CLINICA ODONTOLOGICA LTDA,54.890.688/0001-51,ME,ASA SUL,"QUADRA SGAS 607, CONJUNTO B, CONSULTORIO 132/133, S/N, EDIF  METROPOLIS, ASA SUL, CEP 70200670, Brasilia/DF",2,1,clinica_geral,(61) 9 9248-5941,celular,+5561992485941,sim,(61) 9 9642-4352,celular,+5561996424352,yuri.voges@gmail.com
0.5660,PARANOA ODONTOLOGIA,43.091.474/0001-07,DEMAIS,PARANOA,"AVENIDA PARANOA QUADRA 17 CONJUNTO 11 LOTE, 05,       APARTAMENTO, PARANOA, CEP 71571711, Brasilia/DF",5,1,clinica_geral,(61) 9 9155-7590,celular,+5561991557590,sim,,,,admprn@orthopride.com.br
0.5660,ORTHO VITTA IMPLANTES,53.043.060/0001-58,ME,CEILANDIA,"SETOR SETOR M SUL QNM 17 CJ G LT 1, S/N, SALA  101                 SALA  201                 SALA  301, CEILANDIA, CEP 72215177, Brasilia/DF",2,1,especialista_alto_ticket,(61) 9 9583-0359,celular,+5561995830359,sim,,,,fascontador@gmail.com
0.5660,ODONTO SAUDE ASSISTENCIA ODONTOLOGICA,09.574.977/0001-97,ME,LAGO SUL,"SETOR SHIS CL QI 03 BLOCO C/D, S/N, SALA  110, 111, LAGO SUL, CEP 71605420, Brasilia/DF",18,1,clinica_geral,(61) 3364-4941,fixo,+556133644941,,,,,
0.5655,CETEC CENTRO DE ENSINO DE PROTESE DENTARIA,37.075.900/0001-08,DEMAIS,TAGUATINGA,"QND 28 LOTE 05 SALA 201, S/N, TAGUATINGA, CEP 72120280, Brasilia/DF",34,1,clinica_institucional,(06) 1562-8140,fixo,+550615628140,,,,,
0.5650,CENTRO DE REABILITACAO ORAL BRASILIA SS LTDA,04.465.610/0001-11,ME,ASA NORTE,"SHCN CL QD 314 BLOCO A, 59, SALA 108, ASA NORTE, CEP 70301970, Brasilia/DF",25,1,clinica_institucional,(61) 612732767,indefinido,,,,,,v.ramos@uol.com.br.
0.5650,CONSULTORIO ODONTOLOGICO DRA. CASSIA LTDA,01.699.734/0001-73,ME,ASA SUL,"SETOR SRTVS 701 CONJUNTO D BLOCO A SALA 217, 219, 100, ASA SUL, CEP 70340907, Brasilia/DF",29,1,clinica_geral,(61) 3221-6869,fixo,+556132216869,,,,,clinicaunic@gmail.com
0.5645,CONSULTORIO ODONTOLOGICO DRA. CAMILA,54.531.531/0001-30,DEMAIS,ASA SUL,"SETOR SRTVS QUADRA 701 BLOCO O SALA 657, 110, ASA SUL, CEP 70340000, Brasilia/DF",2,1,clinica_geral,(61) 3963-3333,fixo,+556139633333,,(00) 0000000000,indefinido,,doutoracamila@hotmail.com
0.5645,INSTITUTO BRITO ODONTOLOGIA ESPECIALIZADA LTDA,28.839.402/0001-01,ME,ASA NORTE,"SETOR SRTVN QUADRA 701 CONJUNTO C, ALA B, 124, SALA  219 221 223 E 229, ASA NORTE, CEP 70719030, Brasilia/DF",8,1,clinica_institucional,(61) 3264-0007,fixo,+556132640007,,,,,institutobrito@gmail.com
0.5645,CLINICA ODONTOLOGICA SMILE DESIGN,30.009.693/0001-44,ME,NORTE (AGUAS CLARAS),"RUA DAS PAINEIRAS LOTE, 6,       TORRE B             SALA  609, NORTE (AGUAS CLARAS), CEP 71918000, Brasilia/DF",8,1,clinica_geral,(61) 3435-6229,fixo,+556134356229,,,,,processos@grupocentrocon.com.br
0.5645,YNGRED THAYS ODONTOLOGIA ESPECIALIZADA,37.371.727/0001-95,ME,SETOR HABITACIONAL VICENTE PIRES,"RUA 03 CHACARA 46A LOTE, 80A, SETOR HABITACIONAL VICENTE PIRES, CEP 72005670, Brasilia/DF",6,1,clinica_institucional,(61) 9 8235-2212,celular,+5561982352212,sim,,,,yngredthays@gmail.com
0.5645,VIVART ODONTOLOGIA,41.877.428/0001-02,ME,SETOR SUDOESTE,"QUADRA CLSW 105 BLOCO B SALA, 137, EDIF  PLATINUM MALL, SETOR SUDOESTE, CEP 70670432, Brasilia/DF",5,1,clinica_geral,(61) 9 9933-1531,celular,+5561999331531,sim,,,,marcelapcruvinel@hotmail.com
0.5645,IMPERIUM ODONTOLOGIA ESPECIALIZADA,37.645.921/0001-11,ME,ASA NORTE,"SETOR SRTVN QUADRA 701 CONJUNTO C, 124, SALA  220 ALA B, ASA NORTE, CEP 70719903, Brasilia/DF",6,1,clinica_institucional,(61) 9 9698-0262,celular,+5561996980262,sim,,,,odontologia.imperium@gmail.com
0.5640,SARAH MACHADO ODONTOLOGIA E ESTETICA,27.230.397/0001-64,ME,CEILANDIA SUL (CEILANDIA),"SETOR HABITACIONAL SOL NASCENTE, S/N,       CH 111/5            LOTE  05                  SALA  101                       TRECHO 2, CEILANDIA SUL (CEILANDIA), CEP 72236800, Brasilia/DF",9,1,especialista_alto_ticket,(61) 3272-8428,fixo,+556132728428,,,,,sarinha2041@hotmail.com
0.5635,ODONTOLUMA CLINICA ODONTOLOGICA LTDA,24.467.866/0001-75,ME,PARANOA,"QUADRA QUADRA 12 CONJUNTO 8 LOTE, 18, SALA  101, PARANOA, CEP 71571219, Brasilia/DF",10,1,clinica_geral,(61) 9 8161-6196,celular,+5561981616196,sim,,,,humbertopsilva68@gmail.com
0.5635,ODONTUS CLIN,20.229.240/0001-70,ME,RECANTO DAS EMAS,"QUADRA 101 CONJUNTO 01 LOTE, 05, SALA  101 E 102, RECANTO DAS EMAS, CEP 72600101, Brasilia/DF",12,1,clinica_geral,(61) 3382-0393,fixo,+556133820393,,,,,
0.5635,INSTITUTO ODONTOLOGICO CAMARGO JUNIOR,23.408.831/0001-00,ME,CEILANDIA NORTE (CEILANDIA),"QUADRA QNP 19 CONJUNTO F, 01, LOJA  02, CEILANDIA NORTE (CEILANDIA), CEP 72241806, Brasilia/DF",10,1,clinica_institucional,(61) 3374-5344,fixo,+556133745344,,,,,
0.5635,IESB - ODONTOLOGIA,18.482.683/0001-26,ME,CEILANDIA CENTRO,"QUADRA QNM 18 CONJUNTO A LOTE 34 SALA, 101, CEILANDIA CENTRO, CEP 72210181, Brasilia/DF",13,1,clinica_institucional,(61) 9 8165-2082,celular,+5561981652082,sim,(61) 3964-7096,fixo,+556139647096,niltonbiangulo7@yahoo.com.br
0.5635,COIN,06.123.070/0001-13,ME,BAIRRO RESIDENCIAL DO BOSQUE SAO SEBASTIAO,"RUA  18 CONJUNTO A LOTE, 23, LOJA     A  E  B, BAIRRO RESIDENCIAL DO BOSQUE SAO SEBASTIAO, CEP 71694025, Brasilia/DF",22,1,clinica_institucional,(61) 3032-2669,fixo,+556130322669,,,,,
0.5630,ODONTOLOGIA ODONTO NEW,50.317.170/0001-72,ME,SETOR TRADICIONAL (PLANALTINA),"AVENIDA GOIAS QUADRA 51 LOTE, 31, LOJA  02 B, SETOR TRADICIONAL (PLANALTINA), CEP 73330077, Brasilia/DF",3,1,clinica_geral,(61) 9 9409-8700,celular,+5561994098700,sim,(00) 0000000000,indefinido,,odontonewdfdf@gmail.com
0.5630,IOR INSTITUTO DE ODONTOLOGIA RODRIGUES,53.359.524/0001-30,EPP,GAMA,"SETOR SETOR LESTE Q 15 LT 6, S/N, ANDAR 1 ANDAR             SETOR LESTE COMERCIAL, GAMA, CEP 72450150, Brasilia/DF",2,1,clinica_institucional,(61) 9 9975-7400,celular,+5561999757400,sim,(00) 0000000000,indefinido,,dra.rosemaryrodrigues@gmail.com
0.5630,CLINICA ODONTOLOGICA ERGANG,53.984.995/0001-39,EPP,VALE DO AMANHECER (PLANALTINA),"CONJUNTO RESIDENCIAL 07, 01, LOJA  04, VALE DO AMANHECER (PLANALTINA), CEP 73370070, Brasilia/DF",2,1,clinica_geral,(61) 9 9553-4615,celular,+5561995534615,sim,(00) 0000000000,indefinido,,brunoergang@hotmail.com
0.5630,ODONTOMOURA,01.375.301/0001-62,ME,ASA SUL,"QUADRA SRTVS QUADRA 701 CONJUNTO D BLOCO A, 100, SALA 620, ASA SUL, CEP 70340907, Brasilia/DF",30,2,multi_unidade,(61) 3226-4565,fixo,+556132264565,,,,,
0.5630,ORTHOLIFE JK,52.128.300/0001-54,ME,TAGUATINGA NORTE (TAGUATINGA),"QUADRA QNM 34 AREA ESPECIAL, 01, SALA  1307 E 1308               JK SHOPPING, TAGUATINGA NORTE (TAGUATINGA), CEP 72145450, Brasilia/DF",2,1,especialista_alto_ticket,(61) 3491-7114,fixo,+556134917114,,(00) 0000000000,indefinido,,grupoortholifejk@gmail.com
0.5625,ESPACO JAEGER,37.222.475/0001-32,ME,SETOR SUDOESTE,"QUADRA SHCSW CHSW BLOCOS 3/4/5, SN, PAVMTOSUPERIOR            SALA  267, SETOR SUDOESTE, CEP 70673416, Brasilia/DF",6,1,clinica_geral,(61) 9 9401-1660,celular,+5561994011660,sim,,,,contato@espacojaeger.com.br
0.5625,ODONTOCROF,41.513.372/0001-07,ME,NORTE (AGUAS CLARAS),"AVENIDA PAU BRASIL LOTE, 06, SALA  1712, NORTE (AGUAS CLARAS), CEP 71916500, Brasilia/DF",5,1,clinica_institucional,(61) 9 9125-7243,celular,+5561991257243,sim,,,,hpj.andrade@gmail.com
0.5625,ODONTO TAKESHI,42.063.454/0001-51,ME,SUL (AGUAS CLARAS),"RUA 31, 09, SUL (AGUAS CLARAS), CEP 71929720, Brasilia/DF",5,1,clinica_geral,(61) 9 9929-8088,celular,+5561999298088,sim,,,,contato@contabilidadeaccess.com.br
0.5625,ORIS ODONTOLOGIA,40.579.061/0001-70,ME,NORTE (AGUAS CLARAS),"AVENIDA DAS CASTANHEIRAS LOTE, 820, SALA  305, NORTE (AGUAS CLARAS), CEP 71900100, Brasilia/DF",5,1,clinica_geral,(61) 3435-0500,fixo,+556134350500,,,,,simoneto.mara@gmail.com
0.5625,QUALIS ODONTOLOGIA,37.331.411/0001-70,ME,AGUAS CLARAS,"AVENIDA DAS ARAUCARIAS LOTE 1835, 1905, 1955, 2005, SALA  412, AGUAS CLARAS, CEP 71936970, Brasilia/DF",6,1,clinica_geral,(61) 9 8419-5187,celular,+5561984195187,sim,,,,
0.5625,INTEGRA MAIS EXCELENCIA DE SERVICOS ODONTOLOGICOS,36.008.974/0001-69,ME,SUL (AGUAS CLARAS),"AVENIDA JACARANDA, 47, SALA  406, SUL (AGUAS CLARAS), CEP 71927540, Brasilia/DF",6,1,clinica_geral,(61) 9 8517-2125,celular,+5561985172125,sim,,,,macedo.70.carmem@gmail.com
0.5625,LUCAS MIZIARA ODONTOLOGIA AVANCADA,37.027.966/0001-22,ME,SETOR HABITACIONAL JARDIM BOTANICO,"QUADRA EQ 03/05 BLOCO B (AV. DAS PAINEIRAS), SL 117, EDIF  JARDIM IMPERIAL     BLOCO B, SETOR HABITACIONAL JARDIM BOTANICO, CEP 71681125, Brasilia/DF",6,1,marca_pessoal,(61) 9 8145-3963,celular,+5561981453963,sim,,,,
0.5625,CLAUDIA SATHLER ODONTOLOGIA,36.019.097/0001-21,ME,ASA SUL,"QUADRA SQS 313 BLOCO I APARTAMENTO, 301, ASA SUL, CEP 70382090, Brasilia/DF",6,1,marca_pessoal,(61) 9 9167-5180,celular,+5561991675180,sim,,,,claudiaslcesar@gmail.com
0.5625,ODONTOLOGIA ONCO-HEMATOLOGICA,36.047.753/0001-08,ME,ASA NORTE,"SETOR SMHN QUADRA 2 BLOCO A CONSULTORIO 902, SN, ASA NORTE, CEP 70710143, Brasilia/DF",6,1,clinica_geral,(61) 9 8206-6612,celular,+5561982066612,sim,,,,odontologicaonco@gmail.com
0.5625,DUE ODONTOLOGIA INTEGRADA,31.938.621/0001-44,ME,ASA NORTE,"SETOR SCN QUADRA 2 BLOCO D ENTRADA B SALA, 830, ASA NORTE, CEP 70712904, Brasilia/DF",7,1,clinica_geral,(61) 3326-7958,fixo,+556133267958,,,,,dueodontologiaintegrada@gmail.com
0.5625,PRO SORRISO,29.645.440/0001-88,ME,SETOR HABITACIONAL VICENTE PIRES,"RUA RUA 5 CHACARA 101/1 LOTE, 34, SETOR HABITACIONAL VICENTE PIRES, CEP 72006075, Brasilia/DF",8,1,clinica_geral,(61) 9 9541-1111,celular,+5561995411111,sim,,,,hc-contabilidade@uol.com.br
0.5625,EVIDENCE ODONTOLOGIA FACE SAUDE,30.123.652/0001-84,ME,NORTE (AGUAS CLARAS),"RUA COPAIBA LOTE, 01,       TORRE B             SALA  2008 E 2009         EDIF  DF PLAZA, NORTE (AGUAS CLARAS), CEP 71919540, Brasilia/DF",8,1,clinica_geral,(61) 3877-0061,fixo,+556138770061,,,,,elisangelamalta@gmail.com
0.5625,IES ODONTOLOGIA,32.984.003/0001-01,ME,ASA NORTE,"SETOR SCN QUADRA 2 BLOCO D ENTRADA B SALA, 208, ASA NORTE, CEP 70712903, Brasilia/DF",7,1,clinica_geral,(61) 3326-1691,fixo,+556133261691,,,,,ies.iesodontologia@gmail.com
0.5625,SVS ODONTOCLINICA,29.592.455/0001-25,ME,SETOR HABITACIONAL JARDIM BOTANICO,"AVENIDA DO SOL RUA, 02, QUADRA01                  LOTE  289/305             ANDAR 1                   SALA  107, SETOR HABITACIONAL JARDIM BOTANICO, CEP 71686202, Brasilia/DF",8,1,clinica_geral,(61) 3427-1015,fixo,+556134271015,,,,,svsodonto@gmail.com
0.5625,ORTOVIP,09.350.829/0001-99,ME,SAMAMBAIA,"QUADRA QS 414 CONJUNTO F LOTE 01 SALAS 101 E 103, S/N,       SALAS 101 E 103, SAMAMBAIA, CEP 72308001, Brasilia/DF",18,1,clinica_geral,(61) 3352-1011,fixo,+556133521011,,(61) 3563-6231,fixo,+556135636231,toninhocontabilidade@terra.com.br
0.5620,INSTITUTO WD ODONTOLOGIA E ESTETICA FACIAL,44.876.149/0001-04,ME,SANTA MARIA,"QUADRA CL 118 LOTE I - 20, SN, SANTA MARIA, CEP 72548209, Brasilia/DF",4,1,especialista_alto_ticket,(61) 9 9999-9999,celular,+5561999999999,sim,,,,welingtonmarreta516@gmail.com
0.5620,THAMAR ODONTOLOGIA E ESTETICA,49.317.059/0001-05,ME,ARNIQUEIRA,"AVENIDA AREAL RUA 800 QS 7 LT 5/7 BL A/B, S/N, APT   303, ARNIQUEIRA, CEP 71971540, Brasilia/DF",3,1,especialista_alto_ticket,(61) 9 9259-0309,celular,+5561992590309,sim,,,,thamarodontologia@gmail.com
0.5615,ODONTOCLINICA NOSSA SENHORA D'ABADIA,37.069.226/0001-59,ME,TAGUATINGA,"EQNL 10/12 BLOCO A SALA, 109, TAGUATINGA, CEP 72155521, Brasilia/DF",34,1,clinica_geral,(61) 613360103,indefinido,,,,,,
0.5615,PREVINI ODONTOLOGIA,01.872.946/0001-00,DEMAIS,GUARA,"QE 07 BLOCO B, S/N, SALAS 201/207, GUARA, CEP 71001970, Brasilia/DF",29,1,clinica_geral,,,,,,,,
0.5610,FACIALL ODONTOLOGIA E HARMONIZACAO FACIAL LTDA,27.425.725/0001-88,ME,SETOR INDUSTRIAL (GAMA),"QUADRA QUADRA 7, S/N, LOTE  990/995             SALA  204/205, SETOR INDUSTRIAL (GAMA), CEP 72445070, Brasilia/DF",9,1,especialista_alto_ticket,(61) 9 8295-0004,celular,+5561982950004,sim,,,,liviamauricio@me.com
0.5605,LEILA MARIA DUARTE AGUIAR DUTRA CLINICA DE ODONTOLOGIA LTDA,01.225.848/0001-81,DEMAIS,CEILANDIA,"CNM 02 LOTE B SALA, 117, ED COSTA AZUL, CEILANDIA, CEP 72210502, Brasilia/DF",30,1,clinica_geral,(61) 613725050,indefinido,,,,,,
0.5605,ODONTOLOGIA AVANCADA ALEX CHALABI,54.440.682/0001-82,ME,NORTE (AGUAS CLARAS),"RUA DAS CARNAUBAS LOTE, 04, SALA  205, NORTE (AGUAS CLARAS), CEP 71904540, Brasilia/DF",2,1,clinica_geral,(61) 9 8174-1482,celular,+5561981741482,sim,(00) 0000000000,indefinido,,alex.odonto@hotmail.com
0.5605,A. ODONTO,48.682.834/0001-50,ME,ASA NORTE,"SETOR SDN CONJUNTO A, SN, SALA  6002 PARTE C, ASA NORTE, CEP 70077900, Brasilia/DF",3,1,clinica_geral,(61) 9 8146-2008,celular,+5561981462008,sim,(00) 0000000000,indefinido,,adm.aodonto@gmail.com
0.5605,SALUTE,50.945.727/0001-10,ME,AREAL (AGUAS CLARAS),"QUADRA QS 11 CONJUNTO B, S/N, LOTE  05                  SALA  101, AREAL (AGUAS CLARAS), CEP 71979000, Brasilia/DF",3,1,clinica_geral,(61) 9 8185-9149,celular,+5561981859149,sim,(00) 0000000000,indefinido,,mandi.lauro@gmail.com
0.5605,LINEA ODONTOLOGIA LTDA,55.766.456/0001-59,EPP,ASA NORTE,"QUADRA SMHN QUADRA 2 BLOCO B, S/N,       CONSULTORIO 404, ASA NORTE, CEP 70710146, Brasilia/DF",2,1,clinica_geral,(61) 9 9916-9586,celular,+5561999169586,sim,(00) 0000000000,indefinido,,ludmillavazdemelo@gmail.com
0.5600,ISOS INSTITUTO DE SAUDE ORAL DO SIA,26.457.272/0001-09,DEMAIS,SIA,"QUADRA SIA SUL QUADRA 05-C AREA ESPECIAL 06 SALAS 212/, 213, SIA, CEP 71200055, Brasilia/DF",9,1,clinica_institucional,(61) 3351-4971,fixo,+556133514971,,,,,ecricontal@terra.com.br
0.5600,DNTBRAS,32.385.404/0001-37,EPP,CEILANDIA SUL (CEILANDIA),"QUADRA QNM 1 CONJUNTO H LOTE, 44,       LOJA 01, CEILANDIA SUL (CEILANDIA), CEP 72215018, Brasilia/DF",7,1,clinica_geral,(61) 9 8238-9326,celular,+5561982389326,sim,,,,contabil@dentistasdorasil.com.br
0.5600,LOPES RIBEIRO ODONTOLOGIA ESPECIALIZADA,42.786.218/0001-63,EPP,PLANO PILOTO,"SETOR SHCS SQS 212 BL C, S/N, APT   409, PLANO PILOTO, CEP 70275030, Brasilia/DF",5,1,clinica_institucional,(61) 9 9949-6070,celular,+5561999496070,sim,,,,leonardocontador21@gmail.com
0.5595,LAGO MEDEIROS ODONTOLOGIA,55.722.059/0001-85,EPP,ASA NORTE,"SETOR SCN QUADRA 1 BLOCO E, SN, SALA  1814 E 1815, ASA NORTE, CEP 70711050, Brasilia/DF",2,1,clinica_geral,(61) 9 8493-6153,celular,+5561984936153,sim,(00) 0000000000,indefinido,,lagomedeirosodontologia@gmail.com
0.5595,CLINICA ODONTOLOGICA META,15.314.935/0001-10,ME,SANTA MARIA,"QUADRA QR 202 CONJUNTO H, SN, LOTE  22                  SALA  101, SANTA MARIA, CEP 72502408, Brasilia/DF",14,1,clinica_geral,(61) 9 8559-4700,celular,+5561985594700,sim,,,,
0.5595,RIOS CLINICA ODONTOLOGIA,19.562.896/0001-20,ME,AGUAS CLARA,"RUA COPAIBA LOTE 01 TORRE A SALA, 2414, AGUAS CLARA, CEP 71931720, Brasilia/DF",12,1,clinica_geral,(61) 3963-0181,fixo,+556139630181,,,,,wendelloliveiracontabilidade@hotmail.com
0.5595,ISI INSTITUTO DE SAUDE INTEGRADA,12.476.769/0001-60,ME,GUARA I,"QUADRA QE 01 AREA ESPECIAL F SALA 114, S/N, GUARA I, CEP 71020001, Brasilia/DF",15,1,clinica_institucional,(61) 3047-4087,fixo,+556130474087,,,,,
0.5590,A.Z- CLINICA ODONTOLOGICA LTDA,32.911.711/0001-04,ME,ASA SUL,"SCS QD 01 BL G, 30, SALA 906, ASA SUL, CEP 70310500, Brasilia/DF",37,1,clinica_geral,,,,,,,,
0.5590,CLINICA ODONT. ANDRE MENDES,01.527.689/0001-70,ME,ASA NORTE,"SHC/ NORTE CL QDA 310 BL E, 52, SALA 204, ASA NORTE, CEP 70756550, Brasilia/DF",29,1,clinica_geral,,,,,,,,
0.5590,CLINICA ODONTOLOGICA TOSTES,33.513.227/0001-90,ME, ASA NORTE,"SC/N QD 02 BL D ENTR B SLAS  1221,1223,, 1225, E  1227 C.E.ENCOL,  ASA NORTE, CEP 70077900, Brasilia/DF",36,1,clinica_institucional,,,,,,,,
0.5585,ODONTOLOGIA MARTINS LTDA,24.042.955/0001-70,ME,TAGUATINGA SUL (TAGUATINGA),"QUADRA QSD 10,  LOTE, 12, TAGUATINGA SUL (TAGUATINGA), CEP 72020100, Brasilia/DF",10,1,clinica_geral,(61) 9 8301-9236,celular,+5561983019236,sim,,,,elisangelapeixoto25@yahoo.com.br
0.5585,IZABELLA BENTES,33.779.411/0001-86,ME,SETOR SUDOESTE,"QUADRA SHCSW CHSW BLOCOS 3/4/5, S/N, PAVMTO02                  SALA  114, SETOR SUDOESTE, CEP 70673416, Brasilia/DF",7,1,clinica_geral,(61) 3025-1015,fixo,+556130251015,,,,,
0.5585,LIVERA ODONTOLOGIA,20.167.699/0001-96,ME,TAGUATINGA NORTE (TAGUATINGA),"QUADRA CNA 4 LOTE 10 LOJA, 01, TAGUATINGA NORTE (TAGUATINGA), CEP 72110045, Brasilia/DF",12,1,clinica_geral,(61) 9 9219-3575,celular,+5561992193575,sim,,,,fabiana.qc@hotmail.com
0.5585,DRA THAY OLIVEIRA,27.241.657/0001-05,ME,ASA SUL,"SETOR SGAS 610, SN, CONJ  F                   BLOCO 01                  SALA  T17                 EDIF  CT. MED. LUCIO COSTA, ASA SUL, CEP 70200700, Brasilia/DF",9,1,marca_pessoal,(61) 9 9999-9999,celular,+5561999999999,sim,,,,happinessodontologia@gmail.com
0.5585,F2J ODONTOLOGIA INTEGRADA,30.282.807/0001-25,ME,ASA SUL,"QUADRA SGAS 607 CONJUNTO B, S/N, TERREOCONSULTORIO 09      ANDAR 2 CONSULTORIO 222, ASA SUL, CEP 70200670, Brasilia/DF",8,1,clinica_geral,(61) 3244-5566,fixo,+556132445566,,(61) 9 8249-1736,celular,+5561982491736,contecontabilidadeonline@gmail.com
0.5585,ODONTOLOGIA CARNEIRO TAVARES,29.668.098/0001-31,ME,SETOR HABITACIONAL VICENTE PIRES,"RUA RUA 4A CHACARA 111 CONJUNTO, 02, LOTE  01                  LOJA  01, SETOR HABITACIONAL VICENTE PIRES, CEP 72006220, Brasilia/DF",8,1,clinica_geral,(61) 3381-3802,fixo,+556133813802,,,,,marcel.alan@gmail.com
0.5585,CEOF ODONTOLOGIA,23.277.196/0001-61,ME,SETOR HABITACIONAL FERCAL (SOBRADINHO),"SETOR ENGENHO VELHO Quadra 10, 03, LOTE  27                  LOJA, SETOR HABITACIONAL FERCAL (SOBRADINHO), CEP 73150030, Brasilia/DF",10,1,clinica_geral,(61) 3387-4194,fixo,+556133874194,,(61) 3487-1776,fixo,+556134871776,asteccontabilidade@uol.com.br
0.5585,MONTREAL ODONTOLOGIA,18.419.321/0001-90,ME,TAGUATINGA NORTE (TAGUATINGA),"QUADRA CNA 1 LOTE, 11, SALA  101/102/103, TAGUATINGA NORTE (TAGUATINGA), CEP 72110015, Brasilia/DF",13,1,clinica_geral,(61) 3562-4863,fixo,+556135624863,,,,,montrealodontologia@gmail.com
0.5585,ORALIS,15.415.372/0001-56,ME,SETOR CENTRAL (GAMA),"SETOR SCC PROJECAO 9, SN, EDIF  CENTRAL                   TERCEIRO ANDAR      SALA  312, SETOR CENTRAL (GAMA), CEP 72404090, Brasilia/DF",14,1,clinica_geral,(61) 9 9290-0613,celular,+5561992900613,sim,(61) 3274-0827,fixo,+556132740827,gestaooralis@gmail.com
0.5585,RANHTS MATOS ODONTOLOGIA,24.007.572/0001-60,ME,SETOR CENTRAL (GAMA),"AREA ESPECIAL 20/21, S/N, EDIF EDIFICIO ALTERNATIVO CENTER LOJA 52 TERREO, SETOR CENTRAL (GAMA), CEP 72405650, Brasilia/DF",10,1,clinica_geral,(61) 9 9241-0662,celular,+5561992410662,sim,,,,ranhts@gmail.com
0.5585,SORRIMAIS ODONTOLOGIA,22.203.225/0001-88,ME,SETOR SUL (GAMA),"QUADRA QUADRA 2, LT 20, CONJ: A; SALA: 302;, SETOR SUL (GAMA), CEP 72415100, Brasilia/DF",11,1,clinica_geral,(61) 3351-0932,fixo,+556133510932,,,,,
0.5585,VIVACE ODONTOLOGIA,23.062.247/0001-38,ME,GUARA II,"QUADRA QI 27 BLOCO A, S/N,       SALAS 213/214 E 215, GUARA II, CEP 71060280, Brasilia/DF",11,1,clinica_geral,(61) 3568-4636,fixo,+556135684636,,,,,michelecristina.neves@bol.com.br
0.5585,ODONTOGRIFFE - ODONTOLOGIA LTDA.,04.800.391/0001-80,ME,TAGUATINGA NORTE,"QUADRA QNA 30 LOTE 10 SALA 201, S/N, TAGUATINGA NORTE, CEP 72110300, Brasilia/DF",24,1,clinica_geral,(61) 3421-0024,fixo,+556134210024,,,,,
0.5585,SANTE ODONTOLOGIA,05.202.444/0001-23,ME,SOBRADINHO,"QUADRA 08 COMERCIO LOCAL, 03, SALA  101 E 103, SOBRADINHO, CEP 73006010, Brasilia/DF",24,1,clinica_geral,(61) 3387-7946,fixo,+556133877946,,,,,
0.5585,INSTITUTO DR. JEREMIAS FEREIRA,53.297.874/0001-19,ME,AREAL (AGUAS CLARAS),"QUADRA QS 11 CONJUNTO U, 27, AREAL (AGUAS CLARAS), CEP 71981720, Brasilia/DF",2,1,clinica_institucional,(61) 9 8489-2373,celular,+5561984892373,sim,,,,novo.encontro@hotmail.com
0.5580,FOCO ODONTOLOGIA,36.045.985/0001-19,EPP,CEILANDIA SUL (CEILANDIA),"QUADRA QNM 17 CJ H LT 4/6, S/N, SALA  310, CEILANDIA SUL (CEILANDIA), CEP 72215178, Brasilia/DF",6,1,clinica_geral,(61) 9 9166-6961,celular,+5561991666961,sim,,,,foco.odontocenter@gmail.com
0.5580,TURMA DA RITINHA,28.318.169/0001-03,EPP,SETOR DE HABITACOES INDIVIDUAIS SUL,"QUADRA SHIS CL QI 7 BLOCO D, SN, LOJA  12                        PARTE A, SETOR DE HABITACOES INDIVIDUAIS SUL, CEP 71615740, Brasilia/DF",9,1,clinica_geral,(61) 2108-7070,fixo,+556121087070,,,,,financeiro@ritatrindade.com
0.5575,PROSORRISO,12.550.718/0001-30,ME,TAGUATINGA NORTE (TAGUATINGA),"QUADRA QNA 6, 23, SALA  205, TAGUATINGA NORTE (TAGUATINGA), CEP 72110060, Brasilia/DF",15,1,clinica_geral,(61) 9 8416-9277,celular,+5561984169277,sim,,,,odontoprosorriso@gmail.com
0.5575,SMILE ODONTOLOGIA,19.013.514/0001-00,ME,SOBRADINHO II,"QUADRA AR 9 CONJUNTO 1-A LOTE 06 LOJA, 01, SOBRADINHO II, CEP 73062000, Brasilia/DF",12,1,clinica_geral,(61) 3328-7717,fixo,+556133287717,,(61) 3328-0726,fixo,+556133280726,bsbconsultoria@gmail.com
0.5570,PRO INOVE ODONTOLOGIA,55.872.347/0001-16,EPP,SETOR RESIDENCIAL LESTE (PLANALTINA),"QUADRA QUADRA 3 CONJUNTO B LOTE, 41, LOJA  102, SETOR RESIDENCIAL LESTE (PLANALTINA), CEP 73350302, Brasilia/DF",2,1,clinica_geral,(61) 9 9355-8553,celular,+5561993558553,sim,(00) 0000000000,indefinido,,ideia@ideiacontabilidadedf.com.br
0.5570,RAISSA FORNAZIER - ODONTOLOGIA ESPECIALIZADA,39.654.336/0001-03,ME,TAGUATINGA SUL,"QUADRA CSB 02 LOTE, 1/4, SALA  107 TORRE A, TAGUATINGA SUL, CEP 72015901, Brasilia/DF",5,1,clinica_institucional,(61) 9 9118-4120,celular,+5561991184120,sim,(61) 3573-7796,fixo,+556135737796,raissa.fornazier@gmail.com
0.5570,CLINICA NOVO SORRISO,36.209.410/0001-94,ME,GUARA II,"QUADRA QI 27, SN, BLOCO A                   SALA  107, GUARA II, CEP 71060270, Brasilia/DF",6,1,clinica_institucional,(61) 3381-1464,fixo,+556133811464,,,,,ingridferreira@yahoo.com.br
0.5570,INSTITUTO MAXILOFACIAL,32.538.893/0001-10,ME,SETOR TRADICIONAL (PLANALTINA),"AVENIDA INDEPENDENCIA QUADRA 51 LOTE, 15A, SALA  07, SETOR TRADICIONAL (PLANALTINA), CEP 73330003, Brasilia/DF",7,1,clinica_institucional,(61) 3263-0493,fixo,+556132630493,,,,,contato@renovacontabil.com.br
0.5570,NEOCLINIC ODONTOLOGIA,30.701.723/0001-89,ME,NUCLEO BANDEIRANTE,"AVENIDA CENTRAL BLOCOS 379/505 (LADO IMPAR) LOTE, 385,       LOJA E SOBRELOJA, NUCLEO BANDEIRANTE, CEP 71710510, Brasilia/DF",8,1,clinica_geral,(61) 9 8169-2146,celular,+5561981692146,sim,,,,
0.5570,CIRO CENTRO INTEGRADO DE REABILITACAO ORAL LTDA,37.170.578/0001-04,ME,ASA SUL,"SETOR SHLS QUADRA 716 CONJUNTO B BLOCO 06, 63, SALA  504 E 505 - PARTE A, ASA SUL, CEP 70390904, Brasilia/DF",33,1,clinica_institucional,(61) 3245-1661,fixo,+556132451661,,,,,cirobrasilia@gmail.com
0.5570,MEDCOMPLEX ODONTOLOGIA,37.988.532/0001-99,ME,ASA SUL,"QUADRA SGAS 616 CONJUNTO A BLOCO B SALA, 220, ASA SUL, CEP 70200760, Brasilia/DF",33,1,clinica_geral,(61) 3377-5053,fixo,+556133775053,,,,,marcelopetti@gmail.com
0.5570,ACT - CENTRO DE ODONTOLOGIA INTEGRADO,01.959.085/0001-00,ME,ASA NORTE,"SD/NORTE CONJUNTO A, S/N, SALA 6130, ASA NORTE, CEP 70077900, Brasilia/DF",29,1,clinica_institucional,(61) 613265210,indefinido,,,,,,
0.5570,C.I.O.D,03.414.165/0001-06,ME,ASA SUL,"QUADRA SCS QUADRA 06 BLOCO A, 81, SALA  315 E 316, ASA SUL, CEP 70326900, Brasilia/DF",26,1,clinica_institucional,(61) 3226-0745,fixo,+556132260745,,,,,logos.contabilidade@yahoo.com.br
0.5570,SORRISO CLINICA,01.452.040/0001-37,ME,ASA NORTE,"CONJUNTO SDN LOTE, 5078, CONJ: A; SALA: 5078;, ASA NORTE, CEP 70077900, Brasilia/DF",29,1,clinica_geral,(61) 3326-2116,fixo,+556133262116,,,,,
0.5565,MASTER ODONTOLOGIA,27.468.367/0001-90,ME,SETOR HABITACIONAL VICENTE PIRES,"RUA 8 CHACARA 206 LOTE 1 LOJA B, 3, SETOR HABITACIONAL VICENTE PIRES, CEP 72006865, Brasilia/DF",9,2,multi_unidade,(61) 9 8113-5004,celular,+5561981135004,sim,,,,carollaleixo@hotmail.com
0.5560,VITAL ODONTOLOGIA,26.971.598/0002-30,EPP,AREA DE DESENVOLVIMENTO ECONOMICO (CEILA,"AREA ADE QUADRA 1 CONJUNTO C, LT 22, SALA  107 A 110, AREA DE DESENVOLVIMENTO ECONOMICO (CEILA, CEP 72237130, Brasilia/DF",8,1,clinica_geral,(61) 3352-1097,fixo,+556133521097,,,,,
0.5560,NAJADIR CRISTINA DE FARIA GONCALVES COSTA,37.980.141/0001-28,DEMAIS,ASA NORTE,"SCN  QUADRA 02 BLOCO D ENT B, S/N, SALA 917, ASA NORTE, CEP 70310500, Brasilia/DF",33,1,clinica_geral,,,,,,,,
0.5560,AESTHESIS ESTETICA E HARMONIZACAO FACIAL LTDA,43.037.666/0001-27,ME,SETOR DE HABITACOES INDIVIDUAIS NORTE,"SETOR SHIN CA 01 LOTE A BLOCO A LOJA 07, S/N, EDIF  DECK NORTE                SEMI ENTERRADO, SETOR DE HABITACOES INDIVIDUAIS NORTE, CEP 71503501, Brasilia/DF",5,1,especialista_alto_ticket,(14) 9 9779-0679,celular,+5514997790679,sim,,,,karlavmassari1@gmail.com
0.5555,CENTRO TECNICO ODONTOLOGICO,04.908.314/0001-48,ME,SANTA MARIA,"QUADRA 218 CONJUNTO E LOTE, 29, SOBRELOJA, SANTA MARIA, CEP 72548501, Brasilia/DF",24,1,clinica_institucional,(61) 3395-2234,fixo,+556133952234,,(61) 3394-9798,fixo,+556133949798,clinica1cto@gmail.com
0.5555,COSB CENTRO ODONTOLOGICO DE SAUDE BUCAL,08.895.199/0001-75,ME,SETOR RESIDENCIAL OESTE (SAO SEBASTIAO),"QUADRA QUADRA 201 CONJUNTO 01 LOTE, 12, SALA  201 A 204, SETOR RESIDENCIAL OESTE (SAO SEBASTIAO), CEP 71692401, Brasilia/DF",19,1,clinica_institucional,(61) 3339-3075,fixo,+556133393075,,,,,cosb_odontologia@hotmail.com
0.5555,CLINICA ODONTOLOGICA MARILIA,72.624.794/0001-75,ME,SETOR LESTE (GAMA),"QUADRA QUADRA 5, S/N, LOTE  114                 SALA  01 04 E 05, SETOR LESTE (GAMA), CEP 72450050, Brasilia/DF",31,1,clinica_geral,(61) 3384-7722,fixo,+556133847722,,,,,
0.5555,DJR ODONTOLOGIA,13.417.387/0001-28,ME,CEILANDIA,"QUADRA QNN 05 CONJUNTO B LOTE 03 SALA, 201, CEILANDIA, CEP 72225052, Brasilia/DF",15,1,clinica_geral,(61) 3371-8448,fixo,+556133718448,,,,,
0.5555,RC ODONTOLOGIA ESPECIALIZADA,34.762.804/0001-40,ME,ASA SUL,"QUADRA EQS 414/415, BL A, SALA  103, ASA SUL, CEP 70297400, Brasilia/DF",6,1,clinica_institucional,(61) 9 9979-0469,celular,+5561999790469,sim,,,,
0.5555,CLINICA ODONTOLOGICA LIMA,31.072.013/0001-08,ME,AGUAS CLARAS,"RUA COPAIBA LOTE 01 TORRE A, 315, SALA, AGUAS CLARAS, CEP 71919900, Brasilia/DF",8,1,clinica_geral,(61) 9 9970-8929,celular,+5561999708929,sim,,,,vanessaporto@uol.com.br
0.5555,INSTITUTO RADIANCE,30.546.452/0001-34,ME,ASA SUL,"QUADRA SEPS EQ 710/910 CJ D, S/N, SALA  517 E 519           EDIF  VIA BRASIL, ASA SUL, CEP 70390108, Brasilia/DF",8,1,clinica_institucional,(61) 3256-7353,fixo,+556132567353,,,,,quirino.marcele@gmail.com
0.5555,COSTA IMPLANTAE,32.916.884/0001-15,ME,GUARA,"QE 07 BLOCO B, S/N, SALA 208, GUARA, CEP 71020627, Brasilia/DF",34,1,especialista_alto_ticket,,,,,,,,
0.5550,ODONTO NEW ODONTOLOGIA,34.050.975/0001-46,ME,SETOR TRADICIONAL (PLANALTINA),"AVENIDA GOIAS (QUADRAS 49,50,51 E 52), LT 03, QUADRA51                  LOJA  03, SETOR TRADICIONAL (PLANALTINA), CEP 73330077, Brasilia/DF",7,1,clinica_geral,(61) 3388-4605,fixo,+556133884605,,,,,
0.5550,RAME,30.636.046/0001-62,ME,TAGUATINGA NORTE (TAGUATINGA),"QUADRA CNA 2, LOTE 11 SALA, 203, TAGUATINGA NORTE (TAGUATINGA), CEP 72110025, Brasilia/DF",8,1,clinica_geral,(61) 9 8284-6428,celular,+5561982846428,sim,,,,mettacont@gmail.com
0.5550,MARINGOLO ODONTOLOGIA INTEGRADA,32.177.672/0001-63,DEMAIS,GUARA II,"QUADRA QI 27 BLOCO A SALA, 108, EDIF  GUARA SHOPPING, GUARA II, CEP 71060270, Brasilia/DF",7,1,clinica_geral,(61) 9 9126-1170,celular,+5561991261170,sim,,,,ale_maringolo@hotmail.com
0.5550,ORAL KER ODONTOLOGIA,26.727.085/0001-06,DEMAIS,SAMAMBAIA NORTE (SAMAMBAIA),"QUADRA QS 408 CONJUNTO G LOTE, 06,       SALA 201 E 202, SAMAMBAIA NORTE (SAMAMBAIA), CEP 72318597, Brasilia/DF",9,1,clinica_geral,(61) 9 8255-1212,celular,+5561982551212,sim,,,,emilihanum@hotmail.com
0.5550,ALLIANCE ODONTOLOGIA E ESTETICA,56.146.011/0001-39,ME,SETOR RESIDENCIAL LESTE (PLANALTINA),"QUADRA QUADRA 4 CONJUNTO J LOTE, 58, SALA  01, SETOR RESIDENCIAL LESTE (PLANALTINA), CEP 73360410, Brasilia/DF",2,1,especialista_alto_ticket,(61) 3055-3535,fixo,+556130553535,,(00) 0000000000,indefinido,,clinica.alliance.df@gmail.com
0.5550,ILLUMINAR ODONTOLOGIA INTEGRADA E ESTETICA,55.154.682/0001-89,ME,SETOR INDUSTRIAL (SOBRADINHO),"QUADRA 03, IGREJA, SALA  134, SETOR INDUSTRIAL (SOBRADINHO), CEP 73020030, Brasilia/DF",2,1,especialista_alto_ticket,(61) 9 8138-9232,celular,+5561981389232,sim,(00) 0000000000,indefinido,,clinicailluminar@gmail.com
0.5550,VL ODONTOLOGIA ESTETICA,53.106.443/0001-28,ME,SAMAMBAIA,"QUADRA QR 405 CJ 10 LT 27, S/N, SAMAMBAIA, CEP 72319210, Brasilia/DF",2,1,especialista_alto_ticket,(61) 9 8227-2552,celular,+5561982272552,sim,,,,vlodontologiaestetica@gmail.com
0.5550,A&M ODONTOLOGIA ESTETICA,56.387.246/0001-12,ME,CRUZEIRO NOVO,"QUADRA SHCES QUADRA 501 BLOCO C, SN, APT   201, CRUZEIRO NOVO, CEP 70650513, Brasilia/DF",2,1,especialista_alto_ticket,(61) 3543-4378,fixo,+556135434378,,(00) 0000000000,indefinido,,containfinity@gmail.com
0.5550,ODONTOCOMPANY,56.702.176/0001-40,ME,TAGUATINGA NORTE (TAGUATINGA),"QUADRA QNM 34 CONJUNTO A LOTE, 33, TAGUATINGA NORTE (TAGUATINGA), CEP 72145401, Brasilia/DF",2,1,especialista_alto_ticket,(61) 9 9316-9810,celular,+5561993169810,sim,,,,suzanni2021@gmail.com
0.5550,ORTO MAIS IMPLANTES,54.007.334/0001-16,ME,SETOR CENTRAL (GAMA),"SETOR SCC PROJECAO 9, SN, QUADRACENTRAL             SALA  705 707 709 E 711, SETOR CENTRAL (GAMA), CEP 72404090, Brasilia/DF",2,1,especialista_alto_ticket,(61) 9 8342-5333,celular,+5561983425333,sim,,,,ortomaisimplantes2016@outlook.com
0.5550,LONDE ODONTOLOGIA E HARMONIZACAO,54.616.328/0001-66,ME,GUARA I,"QUADRA QE 11 AREA ESPECIAL L SALA, 117, GUARA I, CEP 71020115, Brasilia/DF",2,1,especialista_alto_ticket,(61) 9 8404-1816,celular,+5561984041816,sim,,,,weslainy@gmail.com
0.5550,ELOS ESTETICA E REABILITACAO ORAL,55.739.474/0001-41,ME,TAGUATINGA SUL (TAGUATINGA),"AREA ESPECIAL 04 (QSD) SETOR D LOTE, 04, LOJA  17 TERREO           EDIF  VIA LIBERTE, TAGUATINGA SUL (TAGUATINGA), CEP 72020022, Brasilia/DF",2,1,especialista_alto_ticket,(61) 9 9194-5421,celular,+5561991945421,sim,,,,pracianoodontologia@gmail.com
0.5550,REFINNA HARMONIZACAO FACIAL E ODONTOLOGIA,56.085.679/0001-13,ME,SETOR CENTRAL (GAMA),"QUADRA 27 CONJUNTO A LOTE, 12, SETOR CENTRAL (GAMA), CEP 72405271, Brasilia/DF",2,1,especialista_alto_ticket,(61) 9 8628-6750,celular,+5561986286750,sim,,,,flaviaaraujoo0312@gmail.com
0.5550,CLINICA ODONTOLOGICA DR HAMILTON FRANCA LTDA,01.381.536/0001-67,ME,ASA SUL,"SHLS QD 716 CONJ B BL 06, S/N, SL 510 CENT MEDICO, ASA SUL, CEP 70390700, Brasilia/DF",30,1,clinica_geral,,,,,,,,
0.5550,COISA CENTRO ODONTOLOGICO INTEGRADO SANTO APOLONIO LTDA,38.059.242/0001-23,ME,ASA NORTE,"SHC/NORTE CL QUADRA 108 BLOCO A, 68, SALA 214, ASA NORTE, CEP 70744510, Brasilia/DF",32,1,clinica_institucional,,,,,,,,
0.5550,CLINICA ODONTOLOGICA BRILHANTE DO COUTO,03.739.007/0001-18,ME,ASA NORTE,"SCN QD 02 BLOCO D ENTRADA B, S/N, SALA 413, ASA NORTE, CEP 70310500, Brasilia/DF",26,1,clinica_geral,,,,,,,,
0.5550,COP,03.634.359/0001-09,ME,ASA NORTE,"LOC  SRTN QD 701 CONJ C, 124, SALA 416 ALA B, ASA NORTE, CEP 70310500, Brasilia/DF",38,1,clinica_geral,,,,,,,,
0.5545,LUNIC SERVICOS EM ODONTOLOGIA,39.274.003/0001-59,ME,AGUAS CLARAS,"AVENIDA DAS ARAUCARIAS LOTES 1835, 1905, 1955 E, 2005, SALA  512                       PARTE A, AGUAS CLARAS, CEP 71936970, Brasilia/DF",5,1,clinica_geral,(61) 9 8411-5754,celular,+5561984115754,sim,,,,jgamadelvaux@gmail.com
0.5545,ESPECIALLI ODONTO DENTE LTDA,24.344.511/0001-99,ME,SETOR TRADICIONAL (PLANALTINA),"AVENIDA INDEPENDENCIA (QUADRAS 24,33 E 34), LT 11, PAVMTO02 SUPERIOR         SALA  05, SETOR TRADICIONAL (PLANALTINA), CEP 73330002, Brasilia/DF",10,1,clinica_geral,(61) 3489-0063,fixo,+556134890063,,,,,especiallifinanceiro@gmail.com
0.5545,DENTRISO SERVICOS ODONTOLOGICOS LTDA,27.425.653/0001-79,ME,AGUAS CLARAS,"AVENIDA DAS ARAUCARIAS, LOTES 1835, 1905, 1955 E 2005, SALA, 508, AGUAS CLARAS, CEP 71936970, Brasilia/DF",9,1,clinica_geral,(61) 9 9951-4131,celular,+5561999514131,sim,,,,drruicesaroliveira@gmail.com
0.5545,PRISMA ODONTOLOGIA,17.267.321/0001-50,ME,SETOR RESIDENCIAL LESTE (PLANALTINA),"QUADRA QUADRA 4 CONJUNTO G, LT 60, SALA  01                        SRL, SETOR RESIDENCIAL LESTE (PLANALTINA), CEP 73360407, Brasilia/DF",13,1,clinica_geral,(61) 3049-6900,fixo,+556130496900,,,,,jrcont@brturbo.com.br
0.5545,CLINICA MEDICA E ODONTOLOGICA DOUTORES DA FACE 104DF LTDA,27.568.857/0001-69,ME,NORTE (AGUAS CLARAS),"RUA DAS FIGUEIRAS LOTE, 07, SALA  206, NORTE (AGUAS CLARAS), CEP 71906750, Brasilia/DF",9,1,clinica_geral,(61) 3522-2160,fixo,+556135222160,,,,,bussola@bussolagestao.com.br
0.5545,DOUTORA CAPRICHO,40.351.267/0001-48,ME,SETOR SUDOESTE,"QUADRA SQSW 504 BLOCO C APT, 205, SETOR SUDOESTE, CEP 70673503, Brasilia/DF",5,1,clinica_geral,(61) 9 8213-5323,celular,+5561982135323,sim,,,,
0.5545,BELLA CINTRA ODONTOLOGIA,40.448.970/0001-79,ME,NORTE (AGUAS CLARAS),"RUA 25 NORTE LOTE 05 EDIFICIO VITALI ARQUITETURA DE LAZER, S/N,       TORRE D             APT   912, NORTE (AGUAS CLARAS), CEP 71917180, Brasilia/DF",5,1,clinica_geral,(61) 9 9137-0549,celular,+5561991370549,sim,,,,bellacintraodontologia@gmail.com
0.5545,DISTAL ODONTOLOGIA,47.378.324/0001-21,ME,AREAL (AGUAS CLARAS),"QUADRA QS 3 LOTE, 03, SALA  416, AREAL (AGUAS CLARAS), CEP 71953000, Brasilia/DF",4,1,clinica_institucional,(61) 9 9448-6720,celular,+5561994486720,sim,(00) 0000000000,indefinido,,distalodontologia@gmail.com
0.5545,ORTOFACCIA ODONTOLOGIA ESPECIALIZADA,47.718.939/0001-50,ME,NORTE (AGUAS CLARAS),"RUA COPAIBA LOTE, 01, SALA  402 E 404                 TORRE A, NORTE (AGUAS CLARAS), CEP 71919540, Brasilia/DF",4,1,clinica_institucional,(61) 9 8308-2721,celular,+5561983082721,sim,,,,ketellybrenda@gmail.com
0.5545,CLINICA ODONTOLOGICA XII PIO,51.195.904/0001-50,ME,ASA SUL,"SETOR SRTVS QUADRA 701 CONJUNTO D BLOCO A SALA, 503, SALA  501                       CENTRO EMPRESARIAL, ASA SUL, CEP 70340907, Brasilia/DF",3,1,clinica_geral,(61) 3224-2970,fixo,+556132242970,,,,,clinicaodontologicapioxii@gmail.com
0.5545,PRECISA ODONTOLOGIA ESPECIALIZADA,47.585.077/0001-34,ME,ASA SUL,"SETOR SHLS QD 716 CONJUNTO L BLOCO, 2, SALA  411, ASA SUL, CEP 70390908, Brasilia/DF",4,1,clinica_institucional,(61) 9 9912-0990,celular,+5561999120990,sim,(61) 9 8130-5671,celular,+5561981305671,cslodontologiaespecializada@gmail.com
0.5545,INSTITUTO DE ODONTOLOGIA TAUGE DAMACENO,48.484.244/0001-13,ME,ASA SUL,"QUADRA QUADRA SGA/S QD 915 CJ B BL A CONSULTORIO 209, 11, ASA SUL, CEP 70390150, Brasilia/DF",3,1,clinica_institucional,(61) 9 8468-8338,celular,+5561984688338,sim,(00) 0000000000,indefinido,,taugedamaceno@gmail.com
0.5545,INSTITUTO JORDANA HERVAL ODONTOLOGIA,53.557.506/0001-62,ME,SETOR HABITACIONAL VICENTE PIRES,"RUA 3 CHACARA 37, S/N, LOTE  11                  LOJA  01, SETOR HABITACIONAL VICENTE PIRES, CEP 72005635, Brasilia/DF",2,1,clinica_institucional,(61) 9 9866-2229,celular,+5561998662229,sim,(00) 0000000000,indefinido,,jordanaherval@gmail.com
0.5545,IVY INSTITUTO DE ODONTOLOGIA,47.680.516/0001-98,ME,ASA SUL,"SETOR SEPS QUADRA 705/905 CONJUNTO A SALAS 202/204, SN, ASA SUL, CEP 70390055, Brasilia/DF",4,1,clinica_institucional,(61) 9 9831-3321,celular,+5561998313321,sim,,,,lara.lorena92@gmail.com
0.5545,BRIO ODONTOLOGIA,43.493.213/0001-05,ME,JARDINS MANGUEIRAL (JARDIM BOTANICO),"AREA COMERCIO LOCAL 1 LOTE 01 LOJA, 13, JARDINS MANGUEIRAL (JARDIM BOTANICO), CEP 71687402, Brasilia/DF",4,1,clinica_geral,(61) 9 9906-9913,celular,+5561999069913,sim,(61) 9 8575-5581,celular,+5561985755581,yanaffonso@hotmail.com
0.5545,PLENA CLINICA ODONTOLOGICA,49.907.248/0001-20,ME,NORTE (AGUAS CLARAS),"RUA 09 NORTE LOTE, 01, SALA  205, NORTE (AGUAS CLARAS), CEP 71908540, Brasilia/DF",3,1,clinica_geral,(61) 9 8178-2041,celular,+5561981782041,sim,(00) 0000000000,indefinido,,pollyanax@yahoo.com.br
0.5540,CLINICA ODONTOLOGICA ILUMINARE,59.022.986/0001-43,EPP,CEILANDIA NORTE (CEILANDIA),"QUADRA QNM 18 CONJUNTO C, S/N, LOTE  02                  ANDAR 01, CEILANDIA NORTE (CEILANDIA), CEP 72210183, Brasilia/DF",1,1,clinica_geral,(61) 9 8607-9639,celular,+5561986079639,sim,(00) 0000000000,indefinido,,aexpressocontabilidade@gmail.com
0.5535,ART LOUNGE ODONTOLOGIA,25.246.192/0001-41,ME,SETOR DE HABITACOES INDIVIDUAIS SUL,"QUADRA SHIS QI 9 BLOCO E1, S/N, SALA  203, SETOR DE HABITACOES INDIVIDUAIS SUL, CEP 71625175, Brasilia/DF",10,1,clinica_geral,(61) 3248-4113,fixo,+556132484113,,,,,artloungeodontologia.financeiro@gmail.com
0.5530,CLINICA ODONTOLOGICA ANNESHIRLEY LTDA,26.620.103/0001-48,ME,TAGUATINGA NORTE (TAGUATINGA),"QUADRA QNJ 27 LOTE 02 LOJA 03, 03, TAGUATINGA NORTE (TAGUATINGA), CEP 72140270, Brasilia/DF",9,1,clinica_geral,(61) 3381-3989,fixo,+556133813989,,,,,contabilidade.613@terra.com.br
0.5530,UP ODONTOLOGIA,33.704.104/0001-36,ME,RIACHO FUNDO I,"QUADRA QS 06 CONJUNTO 03 LOTE, 25, SALA  103/104, RIACHO FUNDO I, CEP 71820603, Brasilia/DF",7,1,clinica_institucional,(61) 3046-1472,fixo,+556130461472,,(61) 9 8250-1472,celular,+5561982501472,diegoalexandre1932@hotmail.com
0.5530,ODONTO MARTINS,31.301.279/0001-77,ME,GUARA I,"QUADRA SRIA QE 11 AREA ESPECIAL J, SN, SALA  302 E 303, GUARA I, CEP 71020701, Brasilia/DF",8,1,clinica_geral,(61) 3624-8006,fixo,+556136248006,,,,,jessicaaline2064@gmail.com
0.5530,CLINICA VITTRA,38.438.295/0001-55,ME,SOBRADINHO,"CONDOMINIO JARDIM EUROPA II CL 02 LOTE 13 LOJA 01 ED. MARAJO, 12, SOBRADINHO, CEP 73105904, Brasilia/DF",5,1,clinica_institucional,(61) 3263-6879,fixo,+556132636879,,,,,clinica.vittra@gmail.com
0.5530,ODONTO DL ODONTOLOGIA ESPECIALIZADA,32.614.154/0001-60,ME,RIACHO FUNDO II,"QUADRA QN 7E CONJUNTO 1 LOTE, 24, LOJA  01, RIACHO FUNDO II, CEP 71880051, Brasilia/DF",7,1,clinica_institucional,(61) 3021-5050,fixo,+556130215050,,(61) 9 9939-0550,celular,+5561999390550,odontodl.22@gmail.com
0.5530,ORO OCLUSAO E REABILITACAO ORAL S/S,37.145.844/0001-30,ME,ASA NORTE,"SETOR SC/NORTE QD 01 BLOCO F, 79, SALA 1908, ASA NORTE, CEP 70711905, Brasilia/DF",33,1,clinica_geral,(61) 3322-1552,fixo,+556133221552,,,,,
0.5530,CLINICA DE PERIODONTIA DR VALTER FREITAS LTDA,03.598.232/0001-81,ME,LAGO SUL,"SETOR SHIS HPP QI 09 BLOCO E, S/N, SALA  202, LAGO SUL, CEP 71625055, Brasilia/DF",39,1,clinica_geral,(61) 3340-9397,fixo,+556133409397,,,,,visaocontabilidade@terra.com.br
0.5530,NIPRO ODONTOLOGIA LTDA,02.343.558/0001-03,ME,ASA NORTE,"QUADRA CLN 116 BLOCO H SALA, 106, ASA NORTE, CEP 70773580, Brasilia/DF",28,1,clinica_geral,(61) 3272-3950,fixo,+556132723950,,,,,cristinanipro@gmail.com
0.5530,RIO REABILITACAO INTEGRADA ODONTOLOGICA LTDA,02.925.226/0001-29,ME,ASA SUL,"SETOR SHS QUADRA 06, CONJ. A, BLOCO E, S/N, SALA  1.406, ASA SUL, CEP 70322915, Brasilia/DF",27,1,clinica_geral,(61) 3323-5176,fixo,+556133235176,,,,,rioodontologica@gmail.com
0.5530,CLINCIA ODONTOLOGICA COSTA ROCHA,01.194.017/0001-90,ME,ASA SUL,"SETOR HOSPITALAR LOCAL SUL QUADRA 716 CONJUNTO L BLOCO 02, S/N, SALA  302 PARTE A, ASA SUL, CEP 70390700, Brasilia/DF",30,1,clinica_geral,(61) 3245-1069,fixo,+556132451069,,,,,
0.5530,CONSULTORIO ODONTOLOGICO NESTOR MARTINS,03.979.501/0001-50,ME,ASA NORTE,"SHC/NORTE CL QUADRA 110 BLOCO B, 48, SALA 102, ASA NORTE, CEP 70753520, Brasilia/DF",26,1,clinica_geral,(06) 1347-4637,fixo,+550613474637,,,,,
0.5530,GRIFE ODONTO,38.073.177/0001-90,ME,ASA SUL,"SRTVS QD 701 CONJ D BLOCO A, 100, SALA 321, ASA SUL, CEP 70340904, Brasilia/DF",32,1,clinica_geral,(00) 6102267946,indefinido,,,,,,
0.5530,ODONTAL,04.090.138/0001-80,ME,ASA NORTE,"SHC/NORTE CL QUADRA 314 BLOCO B, 71, SALA 111, ASA NORTE, CEP 70301970, Brasilia/DF",25,1,clinica_geral,(61) 612734219,indefinido,,,,,,
0.5530,ORAL CLASS,04.010.588/0001-15,ME,ASA NORTE,"QUADRA QUADRA, 02,       SC/NORTE BL D ENT B       SALAS 206 E 630           CENTRO EMP ENCOL, ASA NORTE, CEP 70711000, Brasilia/DF",26,1,clinica_geral,(61) 3327-8782,fixo,+556133278782,,(61) 3327-8782,fixo,+556133278782,oralclass@hotmail.com
0.5530,REVIVERI ODONTOLOGIA,37.159.639/0001-24,ME,ASA NORTE,"QUADRA SDN CNB CONJUNTO A SALA 4055, SN, ASA NORTE, CEP 70077900, Brasilia/DF",33,1,clinica_geral,(61) 9 8117-7249,celular,+5561981177249,sim,,,,camassadf@hotmail.com
0.5515,GOMIDE ODONTOMEDICA,07.681.199/0001-00,ME,CEILANDIA CENTRO,"OUTROS CNM 01 BLOCO A, SN, SALAS 205,207,209, CEILANDIA CENTRO, CEP 72215501, Brasilia/DF",20,1,clinica_geral,(61) 3032-3780,fixo,+556130323780,,(61) 3032-3779,fixo,+556130323779,laerciag3@gmail.com
0.5515,ESTACAO SORRISO,08.223.147/0001-52,ME,SANTA MARIA NORTE,"QUADRA CL 214 LOTE D LOJA 3 B, S/N, SANTA MARIA NORTE, CEP 72544220, Brasilia/DF",20,1,clinica_geral,(61) 9 8125-8569,celular,+5561981258569,sim,,,,
0.5515,QUALITE ODONTOLOGIA ESPECIALIZADA,10.639.350/0001-56,ME,VILA SAO JOSE (SAO SEBASTIAO),"AVENIDA CENTRAL, LOTE 21 SALAS 101 E 102, SN, VILA SAO JOSE (SAO SEBASTIAO), CEP 71693050, Brasilia/DF",17,1,clinica_institucional,(61) 9 9915-8940,celular,+5561999158940,sim,,,,camilaarnaud@gmail.com
0.5515,CLINICA ODONTOLOGICA KOUZAK LTDA,72.618.390/0001-79,DEMAIS,TAGUATINGA,"QND 28 LOTE 05, S/N, SALA 101, TAGUATINGA, CEP 72120280, Brasilia/DF",31,1,clinica_geral,,,,,,,,
0.5515,C   L   DE ALMEIDA ODONTOLOGIA ESPECIALIZADA,24.618.056/0001-72,ME,TAGUATINGA NORTE (TAGUATINGA),"QUADRA CNB 1, S/N, LOTE  06 E 07             SALA  221, TAGUATINGA NORTE (TAGUATINGA), CEP 72115015, Brasilia/DF",10,1,clinica_institucional,(61) 3374-6632,fixo,+556133746632,,,,,lealchristiano@hotmail.com
0.5510,CLINICA VASCONCELOS,50.511.400/0001-30,ME,ARAPOANGA (PLANALTINA),"QUADRA 13 CONJUNTO M LOTE, 03, SALA  101, ARAPOANGA (PLANALTINA), CEP 73369118, Brasilia/DF",3,1,especialista_alto_ticket,(61) 9 8412-7661,celular,+5561984127661,sim,(00) 0000000000,indefinido,,clinicavasconcelosondonto10@gmail.com
0.5510,INSTITUTO HARMONIQUE,46.457.133/0001-92,ME,SETOR LESTE (GAMA),"QUADRA QUADRA 44, S/N, LOTE  08, SETOR LESTE (GAMA), CEP 72440440, Brasilia/DF",4,1,especialista_alto_ticket,(61) 9 8190-2228,celular,+5561981902228,sim,,,,dafinesaraivaodontologia@gmail.com
0.5510,ORTHO PRYMER IMPLANTE,49.014.082/0001-12,ME,GAMA,"SETOR SETOR NORTE Q 1 CJ I LT 415, S/N, GAMA, CEP 72430109, Brasilia/DF",3,1,especialista_alto_ticket,(61) 9 9266-3223,celular,+5561992663223,sim,,,,orthoprymer.implante@gmail.com
0.5510,SAUDE E ESTETICA ODONTOLOGIA,48.355.263/0001-40,ME,TAGUATINGA NORTE (TAGUATINGA),"QUADRA CND 6, SN, LOTE  2                   APT   501, TAGUATINGA NORTE (TAGUATINGA), CEP 72120065, Brasilia/DF",3,1,especialista_alto_ticket,(61) 9 9936-9289,celular,+5561999369289,sim,(00) 0000000000,indefinido,,xxxxxxxxxxxxxxx@gmail.com
0.5510,CIOG,55.852.884/0001-02,ME,SETOR LESTE (GAMA),"QUADRA QUADRA 15, LOTE 06, S/N, ANDAR 2, SETOR LESTE (GAMA), CEP 72450150, Brasilia/DF",2,1,especialista_alto_ticket,(61) 3484-2697,fixo,+556134842697,,(00) 0000000000,indefinido,,dr.walterrodrigues@ciog.com.br
0.5510,TIA JUH ODONTOPEDIATRIA E ORTODONTIA,47.316.819/0001-26,ME,PLANALTINA,"SETOR SETOR COMERCIAL CENTRAL Q 2 BL C, S/N, EDIF  AGENOR TEIXEIRA     ANDAR 01 - SALA 101, PLANALTINA, CEP 73310313, Brasilia/DF",4,1,especialista_alto_ticket,(61) 9 9387-6232,celular,+5561993876232,sim,(61) 9 9172-9828,celular,+5561991729828,alvesrochaodonto@gmail.com
0.5510,ORTHO INOVA - IMPLANTES E ORTODONTIA,49.433.570/0001-64,ME,SAMAMBAIA SUL (SAMAMBAIA),"QUADRA QN 314 CONJUNTO 2 LOTE, 4, LOJA  2, SAMAMBAIA SUL (SAMAMBAIA), CEP 72308202, Brasilia/DF",3,1,especialista_alto_ticket,(61) 3028-0444,fixo,+556130280444,,(00) 0000000000,indefinido,,belladentalodontologia@gmail.com
0.5510,SAUAVI ODONTOLOGIA E ESTETICA,43.576.969/0001-18,ME,ARAPOANGA (PLANALTINA),"QUADRA 7 CONJUNTO H LOTE, 10, SALA  03, ARAPOANGA (PLANALTINA), CEP 73368576, Brasilia/DF",4,1,especialista_alto_ticket,(61) 9 9566-0674,celular,+5561995660674,sim,,,,dentaliodontologiaintegrada@gmail.com
0.5510,IMPLANT TRINDADE,50.157.899/0001-29,ME,RIACHO FUNDO I,"QUADRA QN 5 CONJUNTO 3, 15, SALA  203, RIACHO FUNDO I, CEP 71805403, Brasilia/DF",3,1,especialista_alto_ticket,(61) 9 8422-9025,celular,+5561984229025,sim,(00) 0000000000,indefinido,,gcgestaoempresarialltda@gmail.com
0.5505,SMILE DENTAL CENTER LTDA,23.163.036/0002-72,ME,ASA NORTE/BRASILIA,"SETOR SCN QD 05 BL A, S/N, SALA  1207                      BRASILIA SHOPPING, ASA NORTE/BRASILIA, CEP 70715900, Brasilia/DF",5,1,clinica_geral,(61) 3631-1968,fixo,+556136311968,,(61) 9 9817-4864,celular,+5561998174864,smiledentalfsa@hotmail.com
0.5505,SIQUEIRA COLLI ODONTOLOGIA,07.819.431/0001-23,ME,SETOR TRADICIONAL (PLANALTINA),"AVENIDA GOMES RABELO QUADRA 89 LOTE, 01, SALA  01 A 07             EDIF  SIQUEIRA COLLI            2 ANDAR, SETOR TRADICIONAL (PLANALTINA), CEP 73330019, Brasilia/DF",20,1,clinica_geral,(61) 3389-3769,fixo,+556133893769,,(61) 9 9154-9179,celular,+5561991549179,colliodonto@gmail.com
0.5505,VIVA SORRINDO,07.722.167/0001-05,ME,TAGUATINGA SUL (TAGUATINGA),"QUADRA QSA 03 LOTE 41 SALAS 102, 103, 104, 105, 106 E, 107, TAGUATINGA SUL (TAGUATINGA), CEP 72015030, Brasilia/DF",20,1,clinica_geral,(61) 3033-6773,fixo,+556130336773,,,,,flavioresendesilva@hotmail.com
0.5505,C.JEBRINE ODONTOLOGIA,12.460.238/0001-89,ME,TAGUATINGA SUL (TAGUATINGA),"QUADRA QSA 12, S/N, LOTE  07                  SALA  104, TAGUATINGA SUL (TAGUATINGA), CEP 72015120, Brasilia/DF",16,1,clinica_geral,(61) 3036-3111,fixo,+556130363111,,,,,cjebrine@gmail.com
0.5505,SANTOS & FATURETO ODONTOLOGIA,05.008.802/0001-61,ME,TAGUATINGA,"C 01 LOTES 01/12 SALA, 109, TAGUATINGA, CEP 72010010, Brasilia/DF",24,1,clinica_geral,(61) 615610038,indefinido,,,,,,
0.5505,JMS ODONTOLOGIA,07.443.230/0001-74,ME,SOBRADINHO,"QUADRA SB QUADRA CENTRAL BLOCO 12 LOTE 09 SALA, 01, SOBRADINHO, CEP 73010522, Brasilia/DF",21,1,clinica_geral,(61) 3387-3724,fixo,+556133873724,,,,,
0.5505,CROI ODOTOLOGIA,13.618.839/0001-30,ME,PLANALTINA,"QUADRA 04 CONJUNTO G LOTE, 41, SALA  03 04 SRL, PLANALTINA, CEP 73360407, Brasilia/DF",15,1,clinica_geral,(61) 3389-6050,fixo,+556133896050,,,,,
0.5500,CLIMOR ODONTOLOGIA,06.172.395/0001-96,ME,ASA NORTE,"SMHN QUADRA 02 BLOCO A, 10, SALA 509 - PARTE A, ASA NORTE, CEP 70710906, Brasilia/DF",22,1,clinica_geral,,,,,,,,
0.5495,ODONTOPOSSE,10.823.769/0001-63,ME,SETOR TRADICIONAL (PLANALTINA),"RUA QUINTINO BOCAIUVA QUADRA 24 LOTE, 02, LOJA  01, SETOR TRADICIONAL (PLANALTINA), CEP 73330068, Brasilia/DF",17,1,clinica_geral,(61) 3388-0180,fixo,+556133880180,,,,,flavio.matinssilveira@gmail.com
0.5490,A C ODONTOLOGIA,54.833.423/0001-11,EPP,SOBRADINHO II,"RUA AV. SAO FRANCISCO COND JARDIM EUROPA II CL 4 LT 8, LT 08, SALA  01                  SETOR HAB GRANDE COLORADO, SOBRADINHO II, CEP 73105904, Brasilia/DF",2,1,clinica_geral,(61) 3000-0000,fixo,+556130000000,,(00) 0000000000,indefinido,,aldafrancdo@gmail.com
0.5490,FERNANDA PORTELA ODONTOLOGIA,57.467.206/0001-43,EPP,GUARA I,"QUADRA QE 7 BLOCO B, S/N, SALA  202                 EDIF  ITAIPU, GUARA I, CEP 71020627, Brasilia/DF",1,1,marca_pessoal,(61) 9 9155-3150,celular,+5561991553150,sim,(00) 0000000000,indefinido,,portellasf@gmail.com
0.5490,ISSY ODONTOLOGIA,56.704.829/0001-20,EPP,TAGUATINGA NORTE (TAGUATINGA),"QUADRA QNM 34 AREA ESPECIAL 1 SALA, 814, TAGUATINGA NORTE (TAGUATINGA), CEP 72145450, Brasilia/DF",2,1,clinica_geral,(61) 9 9629-4331,celular,+5561996294331,sim,(00) 0000000000,indefinido,,issyjr@yahoo.com.br
0.5490,CLIDON,02.852.505/0001-00,ME,ASA SUL,"SCL/SUL QDA 106 BLOCO D, 03, SALA 104  1 PAVIMENTO, ASA SUL, CEP 70310500, Brasilia/DF",27,1,clinica_geral,,,,,,,,
0.5490,CLINICASTRO ODONTOLOGIA,01.353.062/0001-40,ME,ASA NORTE,"SDN  CONJ A, S/N, SALA 4075, ASA NORTE, CEP 70077900, Brasilia/DF",30,1,clinica_geral,,,,,,,,
0.5480,ODONTOBRAZ,36.457.243/0001-09,ME,SETOR NORTE (BRAZLANDIA),"QUADRA 4 NORTE, S/N, LOTE  13                  SALA  201, SETOR NORTE (BRAZLANDIA), CEP 72710040, Brasilia/DF",6,1,especialista_alto_ticket,(61) 9 9882-9652,celular,+5561998829652,sim,,,,odontoobraz@gmail.com
0.5480,CEIMPLANTES,28.278.010/0001-02,ME,CEILANDIA SUL (CEILANDIA),"QUADRA CEILANDIA CENTRO QNM 1 CJ H LT 34, S/N, CEILANDIA SUL (CEILANDIA), CEP 72215018, Brasilia/DF",9,1,especialista_alto_ticket,(61) 3055-1515,fixo,+556130551515,,,,,ceimplantesadm@gmail.com
0.5480,ORTHOELASTIC DENTISTA,35.239.629/0001-73,ME,RECANTO DAS EMAS,"QUADRA QUADRA 205 CONJUNTO 4 LOTE, 08, RECANTO DAS EMAS, CEP 72610504, Brasilia/DF",6,1,especialista_alto_ticket,(61) 9 8192-2720,celular,+5561981922720,sim,,,,
0.5480,ACAO ODONTOLOGIA,07.315.984/0001-49,ME,ASA NORTE,"SRTVN QUADRA 701 CONJUNTO C N 124 SALA, 426, ALA A, ASA NORTE, CEP 70719000, Brasilia/DF",21,2,multi_unidade,,,,,,,,
0.5475,CLINICA ODONTOLOGICA AMANDA DE FARIA MONTEIRO 446DF LTDA,24.505.863/0001-89,ME,CEILANDIA NORTE (CEILANDIA),"QUADRA QNP 25 CONJUNTO A LOTE, 14, CEILANDIA NORTE (CEILANDIA), CEP 72242101, Brasilia/DF",10,1,clinica_geral,(61) 9 8161-1532,celular,+5561981611532,sim,,,,arcondp@gmail.com
0.5475,CLINICA ODONTOLOGICA CUNHA & MOREIRA LTDA,24.639.029/0001-86,ME,CEILANDIA SUL (CEILANDIA),"QUADRA QNP 16 CONJUNTO X LOTE 8A LOJA 01, PARTE, CEILANDIA SUL (CEILANDIA), CEP 72231623, Brasilia/DF",10,1,clinica_geral,(61) 9 9817-7070,celular,+5561998177070,sim,,,,kleyttonn@hotmail.com
0.5475,ROZ ODONTOLOGIA ESPECIALIZADA,24.689.576/0001-76,ME,SANTA MARIA,"QUADRA QC 1 CONJUNTO K, SN, LOTE  20, SANTA MARIA, CEP 72535110, Brasilia/DF",10,1,clinica_institucional,(61) 3012-2629,fixo,+556130122629,,,,,rosemar.msilva@gmail.com
0.5475,CLINICA ODONTOLOGICA BELO DENTE,23.161.554/0001-76,ME,PARANOA,"AVENIDA PARANOA BLOCO 26, S/N, CONJ  18                  LOTE  03                  LOJA  01, PARANOA, CEP 71573406, Brasilia/DF",11,1,clinica_geral,(61) 9 8140-0320,celular,+5561981400320,sim,,,,
0.5470,VITAL IMPLANTES E TRATAMENTOS DENTARIOS,50.071.889/0001-76,ME,SETOR TRADICIONAL (PLANALTINA),"AVENIDA INDEPENDENCIA QUADRAS 24, S/N, LOTE  09                  SLJ   S/N, SETOR TRADICIONAL (PLANALTINA), CEP 73330002, Brasilia/DF",3,1,especialista_alto_ticket,(61) 3030-5757,fixo,+556130305757,,,,,gestoroperacional@vitalclinica.com.br
0.5465,JDK ODONTOLOGIA LTDA,39.401.738/0001-04,ME,ASA SUL,"SETOR SDS 26 ED. VENANCIO 2 BLOCO H SALAS 106, 107 E 108, S/N, ASA SUL, CEP 70300000, Brasilia/DF",5,1,clinica_geral,(61) 9 8589-1938,celular,+5561985891938,sim,,,,contato@evolucaoauditoria.com.br
0.5465,FERRARE ODONTOLOGIA LTDA,26.991.572/0001-73,ME,ASA NORTE,"SETOR SCN QUADRA, 05, BLOCO A                   EDIF  BRASILIA SHOPPING   SALA  712, ASA NORTE, CEP 70715900, Brasilia/DF",9,1,clinica_geral,(61) 9 8175-6215,celular,+5561981756215,sim,,,,laneferrare@hotmail.com
0.5465,STUDIO UNO ODONTOLOGIA LTDA,27.449.452/0001-01,ME,ASA SUL,"QUADRA SGAS 614 CONJUNTO C SALAS 116 E, 118, EDIF  CENTR CLINIC VITRIUM, ASA SUL, CEP 70200740, Brasilia/DF",9,1,clinica_geral,(61) 3245-8526,fixo,+556132458526,,,,,studiouno.odontologia@gmail.com
0.5465,ADVANCED ODONTOLOGIA,33.880.164/0001-00,ME,SETOR SUDOESTE,"QUADRA SHCSW CHSW BLOCOS 3/4/5, SL 239, SETOR SUDOESTE, CEP 70673416, Brasilia/DF",7,1,clinica_geral,(61) 3536-3600,fixo,+556135363600,,(61) 9 9917-6512,celular,+5561999176512,fabioalmeida01@gmail.com
0.5465,VERTICE ODONTOLOGIA AVANCADA,32.995.955/0001-12,ME,ASA SUL,"QUADRA SEPS 710/910 CONJUNTO D, SN, SALA  412                 EDIF  VIA BRASIL, ASA SUL, CEP 70330700, Brasilia/DF",7,1,clinica_geral,(61) 9 9333-1400,celular,+5561993331400,sim,,,,dianaqcs@yahoo.com.br
0.5465,CARING ODONTOLOGIA,31.624.175/0001-01,ME,SETOR HABITACIONAL VICENTE PIRES,"RUA RUA 4 CHACARA 191-1B CASA, 63, SETOR HABITACIONAL VICENTE PIRES, CEP 72006290, Brasilia/DF",7,1,clinica_geral,(61) 9 8241-7107,celular,+5561982417107,sim,,,,alvesbucomaxilofacial@gmail.com
0.5465,DANIEL OLIVEIRA ODONTOLOGIA,31.708.422/0001-40,ME,ASA NORTE,"QUADRA SMHN QUADRA 2 BLOCO B CONSULTORIO 414, SN,       PARTE A                   CENTRO CLINICO            CLEO OTAVIO, ASA NORTE, CEP 70710146, Brasilia/DF",7,1,marca_pessoal,(61) 9 9656-8516,celular,+5561996568516,sim,,,,danield.oliveira@hotmail.com
0.5465,DR ADRIANO FIALHO SERVICOS ODONTOLOGICOS,31.885.326/0001-77,ME,ASA NORTE,"SETOR TERMINAL NORTE, SN, EDIF  JAIME LEAL          SALA  130, ASA NORTE, CEP 70770913, Brasilia/DF",7,1,marca_pessoal,(71) 9 9188-9819,celular,+5571991889819,sim,,,,suporte@calculuscontabilidade.com.br
0.5465,SORRISO E FACE EM HARMONIA,30.817.313/0001-06,ME,SUL (AGUAS CLARAS),"QUADRA 206, S/N, LOTE  10                  APT   1701, SUL (AGUAS CLARAS), CEP 71925180, Brasilia/DF",8,1,clinica_geral,(61) 9 8174-5853,celular,+5561981745853,sim,,,,anandaaquino87@gmail.com
0.5465,DR. FABIO FIUZA DE MORAES,30.721.392/0001-49,ME,ASA NORTE,"SETOR SMHN QUADRA 02 BL A N 10 SALA, 1008, EDIF  DAS CLINICAS, ASA NORTE, CEP 70710904, Brasilia/DF",8,1,marca_pessoal,(61) 3327-7225,fixo,+556133277225,,,,,clinicafabiofiuza@gmail.com
0.5465,RIDENS ODONTOLOGIA INTEGRADA,31.931.185/0001-81,ME,ASA NORTE,"QUADRA SRTN QD 701 CJ C 124 SL 713 ALA B, S/N, ASA NORTE, CEP 70719903, Brasilia/DF",7,1,clinica_geral,(61) 9 9377-2406,celular,+5561993772406,sim,,,,contato@eekcontabilidade.com.br
0.5465,REABILLIZE ODONTOLOGIA E SAUDE,42.793.549/0001-20,ME,NORTE (AGUAS CLARAS),"RUA COPAIBA LOTE, 01,       TORRE A             SALA  815 E 817, NORTE (AGUAS CLARAS), CEP 71919540, Brasilia/DF",5,1,clinica_geral,(61) 3877-1427,fixo,+556138771427,,,,,contato@reabillize.com.br
0.5465,EDUARDO GRANJA CLINICA,41.897.799/0001-48,ME,NORTE (AGUAS CLARAS),"RUA DAS CARNAUBAS LOTE 02 SALA, 404, EDIF  CARNAUBAS, NORTE (AGUAS CLARAS), CEP 71904540, Brasilia/DF",5,1,marca_pessoal,(61) 9 9687-9297,celular,+5561996879297,sim,,,,clinicaepg@gmail.com
0.5465,ODONTEC,41.652.525/0001-99,ME,NORTE (AGUAS CLARAS),"RUA RUA 37 NORTE LOTE, 02, LOJA  09, NORTE (AGUAS CLARAS), CEP 71919360, Brasilia/DF",5,1,clinica_geral,(61) 9 9903-8942,celular,+5561999038942,sim,,,,rafamarques92@gmail.com
0.5465,DENTE IN FOCO ODONTOLOGIA,30.680.459/0001-44,ME,NORTE (AGUAS CLARAS),"AVENIDA PAU BRASIL, LOTE 06, SALA, 305, NORTE (AGUAS CLARAS), CEP 71916500, Brasilia/DF",8,1,clinica_geral,(61) 9 8366-4141,celular,+5561983664141,sim,,,,guerra_617@hotmail.com
0.5465,HAPPY DAY ODONTOLOGIA,29.885.079/0001-67,ME,SETOR HABITACIONAL VICENTE PIRES,"RUA RUA 6 CHACARA 272 LOTE, 3/5, LOJA  02 E 03, SETOR HABITACIONAL VICENTE PIRES, CEP 72006590, Brasilia/DF",8,1,clinica_geral,(61) 9 9677-5678,celular,+5561996775678,sim,(61) 3344-7960,fixo,+556133447960,mgelivaldo@gmail.com
0.5465,IPPO ODONTOLOGIA,36.909.185/0001-07,ME,SETOR HABITACIONAL VICENTE PIRES,"RUA RUA 4A CHACARA, 1A, LOTE  05                  LOJA  02, SETOR HABITACIONAL VICENTE PIRES, CEP 72006200, Brasilia/DF",6,1,clinica_geral,(61) 9 9211-8030,celular,+5561992118030,sim,,,,italodf@gmail.com
0.5465,COA CONSULTORIO ODONTOLOGICO AMARAL,33.388.645/0001-00,ME,SETOR HABITACIONAL VICENTE PIRES,"RUA RUA 8 CHACARA 193 LOTE 221 LOJA, 01,       VILA SAO JOSE, SETOR HABITACIONAL VICENTE PIRES, CEP 72006800, Brasilia/DF",7,1,clinica_geral,(61) 3046-3188,fixo,+556130463188,,,,,
0.5465,ODONTOLOGIA TRANSDISCIPLINAR,41.245.050/0001-16,ME,ASA SUL,"QUADRA SGAS 610, S/N, CONJ  F                   BLOCO 01                  SALA  155                 EDIF  CT MED LUCIO COSTA, ASA SUL, CEP 70200700, Brasilia/DF",5,1,clinica_geral,(61) 9 8420-3284,celular,+5561984203284,sim,,,,annecarolinaleite@gmail.com
0.5465,APTA SAUDE INTEGRAL,32.316.122/0001-88,ME,ASA SUL,"SETOR SHLS QUADRA 716 BLOCO F CONJUNTO 410, S/N,       CENTRO CLIN. O. CRUZ, ASA SUL, CEP 70390700, Brasilia/DF",7,1,clinica_geral,(61) 9 9982-0463,celular,+5561999820463,sim,,,,aptasaudeintegral@gmail.com
0.5465,ATTENTO ODONTOLOGIA INTEGRADA,39.259.654/0001-70,ME,ASA SUL,"SETOR SRTVS QUADRA 701 CONJUNTO L BLOCO 01, 38, SALA  0307 0309 E 0311, ASA SUL, CEP 70340000, Brasilia/DF",5,1,clinica_geral,(61) 9 8556-0658,celular,+5561985560658,sim,,,,gasodonto@gmail.com
0.5465,EVIDENTE ODONTOLOGIA,31.309.267/0001-99,ME,AGUAS CLARAS,"QUADRA QS 01 RUA, 212, LOTE  23                  BLOCO D                         ALA NORTE           SALA  712                 EDIF  CONNECT TOWERS, AGUAS CLARAS, CEP 71950550, Brasilia/DF",8,1,clinica_geral,(61) 3525-9322,fixo,+556135259322,,,,,evidenteodontologiadf@gmail.com
0.5465,INTTEGRA ODONTOLOGIA HUMANIZADA,40.025.341/0001-36,ME,ASA NORTE,"SETOR STN CONJUNTO O, SN,       CONSULTORIO 129     EDIF  LIFE CENTER, ASA NORTE, CEP 70770911, Brasilia/DF",5,1,clinica_geral,(61) 9 9259-3808,celular,+5561992593808,sim,,,,inttegraodonto@gmail.com
0.5465,LINEA ODONTOLOGIA,11.201.577/0001-88,ME,SAMAMBAIA,"QUADRA QN 210 CONJUNTO C LOTE, 01, SALA   103, SAMAMBAIA, CEP 72316523, Brasilia/DF",16,1,clinica_geral,(61) 3045-9160,fixo,+556130459160,,,,,
0.5465,FOCO BUCAL ODONTOLOGIA INTEGRADA,11.232.320/0001-93,ME,TAGUATINGA,"QUADRA QSE 05 LOTE 01 LOJAS, 01/02, TAGUATINGA, CEP 72025050, Brasilia/DF",16,1,clinica_geral,(61) 3352-1097,fixo,+556133521097,,,,,
0.5465,ASSORRIR - CLINICA DE ODONTOLOGIA,08.862.171/0001-31,ME,TAGUATINGA,"QUADRA QNE 16 LOTE 12 SALAS 101 E 102, S/N, TAGUATINGA, CEP 72125160, Brasilia/DF",19,1,clinica_geral,(61) 3562-3278,fixo,+556135623278,,,,,
0.5465,ISODONTO,07.427.399/0001-30,ME,TAGUATINGA CENTRO (TAGUATINGA),"QUADRA C 01 LOTES 1/12 SALA, 419, EDIF  TAG. TRADE CENTER, TAGUATINGA CENTRO (TAGUATINGA), CEP 72010010, Brasilia/DF",21,1,clinica_geral,(61) 3352-5008,fixo,+556133525008,,,,,agostinhoncn@yahoo.com.br
0.5465,GRUPO NEW CLINIC,08.302.063/0001-04,ME,TAGUATINGA SUL,"QUADRA CSA 03 LOTE 07 LOJA, 01, LOJA, TAGUATINGA SUL, CEP 72015035, Brasilia/DF",19,1,clinica_geral,(61) 3962-8064,fixo,+556139628064,,(61) 3962-8065,fixo,+556139628065,
0.5465,CLINICA PERFIL ODONTOLOGICO,10.575.059/0001-61,ME,TAGUATINGA SUL (TAGUATINGA),"QUADRA QSD SETOR D SUL (COMERCIO) LOTE, 08, SALA  208 PARTE E 210, TAGUATINGA SUL (TAGUATINGA), CEP 72020111, Brasilia/DF",17,1,clinica_geral,(61) 3561-0103,fixo,+556135610103,,(61) 3036-4100,fixo,+556130364100,atendimentoperfilodontologico@gmail.com
0.5465,NERIS ODONTOLOGIA INTEGRADA,43.131.279/0001-55,ME,NORTE (AGUAS CLARAS),"AVENIDA PAU BRASIL LOTE, 06, SALA  1612, NORTE (AGUAS CLARAS), CEP 71916500, Brasilia/DF",5,1,clinica_geral,(61) 9 9133-7434,celular,+5561991337434,sim,,,,eudesneris@gmail.com
0.5460,A&B ODONTOLOGIA,44.321.265/0001-67,EPP,SETOR DE HABITACOES INDIVIDUAIS SUL,"QUADRA SHIS QI 3 BLOCO D COMERCIO LOCAL, S/N, SALA  110                 SALA  111, SETOR DE HABITACOES INDIVIDUAIS SUL, CEP 71605420, Brasilia/DF",4,1,clinica_geral,(61) 3242-1250,fixo,+556132421250,,,,,xxxxxxxxxxx@xxxxxx.xxx.xx
0.5460,ORTHOLY ODONTOLOGIA ESPECIALIZADA,45.207.626/0001-01,ME,CEILANDIA NORTE (CEILANDIA),"QUADRA QNN 1 CJ B LT 4, S/N, SALA  103, CEILANDIA NORTE (CEILANDIA), CEP 72225012, Brasilia/DF",4,1,especialista_alto_ticket,(61) 9 9290-7628,celular,+5561992907628,sim,,,,clinicaortholy@gmail.com
0.5455,CLIPO CLINICA DE PREVENCAO E REABILITACAO ODONTOL LTDA,26.465.500/0001-92,EPP,GUARA I,"QI 04 CONJUNTO I, S/N, CASA 05, GUARA I, CEP 71010092, Brasilia/DF",35,1,clinica_geral,,,,,,,,
0.5450,CREIO ODONTOLOGIA INTEGRADA,47.233.289/0001-52,EPP,ARAPOANGA (PLANALTINA),"QUADRA 14 CONJUNTO D LOTE, 24, LOJA  04, ARAPOANGA (PLANALTINA), CEP 73368388, Brasilia/DF",4,1,clinica_geral,(61) 3055-3333,fixo,+556130553333,,(00) 0000000000,indefinido,,creiodontologia@gmail.com
0.5450,CENTRO CLINICO PIAU,49.225.994/0001-33,EPP,TAGUATINGA NORTE (TAGUATINGA),"QUADRA QNA 42, 02, TAGUATINGA NORTE (TAGUATINGA), CEP 72110420, Brasilia/DF",3,1,clinica_institucional,(61) 9 8554-1714,celular,+5561985541714,sim,(00) 0000000000,indefinido,,santanasolucoescontabeis@gmail.com
0.5450,VALERIUM CLINICA ODONTOLOGICA,34.699.341/0001-19,ME,SETOR CENTRAL (GAMA),"SETOR SCC BLOCO 6 LOTES 42/44/46/48/50/52/54/56/58/60, SN, SALA  113, SETOR CENTRAL (GAMA), CEP 72404060, Brasilia/DF",7,1,clinica_geral,(61) 9 8596-4545,celular,+5561985964545,sim,,,,jvswalerio@hotmail.com
0.5450,DR DENTE,41.518.558/0001-40,ME,SAMAMBAIA SUL (SAMAMBAIA),"QUADRA QS 116 CONJUNTO 7 LOTES, 8 A 10, LOJA  02, SAMAMBAIA SUL (SAMAMBAIA), CEP 72302567, Brasilia/DF",5,1,marca_pessoal,(61) 9 9569-2112,celular,+5561995692112,sim,,,,charlesddcr@gmail.com
0.5450,LM DRA LUANA MAGALHAES,36.025.985/0001-57,ME,GUARA II,"QUADRA EQ 31/33 SALA 510 LOTE, 05, EDIF  CONSEI, GUARA II, CEP 71065315, Brasilia/DF",6,1,clinica_geral,(61) 3381-3989,fixo,+556133813989,,,,,
0.5450,INSTITUTO XAVIER ODONTOLOGIA,32.754.918/0001-12,ME,NUCLEO BANDEIRANTE,"AVENIDA CENTRAL LOTE, 372, SALA  02, NUCLEO BANDEIRANTE, CEP 71720500, Brasilia/DF",7,1,clinica_institucional,(61) 3552-5841,fixo,+556135525841,,,,,
0.5450,CLINICA ODONTOLOGICA MOLARES,28.607.676/0001-67,ME,ARAPOANGA (PLANALTINA),"QUADRA 1 CONJUNTO M, 51, LETRA A                   LOJA  01, ARAPOANGA (PLANALTINA), CEP 73369060, Brasilia/DF",8,1,clinica_geral,(61) 3488-2726,fixo,+556134882726,,,,,contabilidadecardoso.pereira@gmail.com
0.5450,CLINICA ODONTOLOGICA DTO,34.187.036/0001-48,ME,SAMAMBAIA SUL (SAMAMBAIA),"QUADRA QS 110 CONJUNTO 06 LOTE, 4, LOTE  5                   SALA  103, SAMAMBAIA SUL (SAMAMBAIA), CEP 72302530, Brasilia/DF",7,1,clinica_geral,(61) 9 8125-7161,celular,+5561981257161,sim,,,,douglas0502@hotmail.com
0.5450,ODONTO AVILA,34.389.863/0001-14,ME,ARAPOANGA (PLANALTINA),"QUADRA 4 CONJUNTO F LORE, 10, LOJA  01, ARAPOANGA (PLANALTINA), CEP 73368512, Brasilia/DF",7,1,clinica_geral,(61) 3388-1669,fixo,+556133881669,,,,,
0.5450,SORRIR BRASIL ODONTOLOGIA,37.502.092/0001-18,ME,RIACHO FUNDO II,"QUADRA QN 7D CONJUNTO 4 LOTE, 13, LOJA  02, RIACHO FUNDO II, CEP 71880044, Brasilia/DF",6,1,clinica_geral,(61) 3358-7070,fixo,+556133587070,,(61) 9 7401-1099,celular,+5561974011099,sorrirbrasilodontologia@gmail.com
0.5450,INSTITUTO ODONTOLOGICO ADRIANO FONTES,34.086.028/0001-05,ME,TAGUATINGA,"SETOR SETOR D NORTE QND 47 LT 4, S/N, SETOR B, TAGUATINGA, CEP 72120470, Brasilia/DF",7,1,clinica_institucional,(61) 9 8131-2019,celular,+5561981312019,sim,,,,adrianorolindo@yahoo.com.br
0.5450,IOSA - INSTITUTO ODONTOLOGICO STEPHANIE ANDRADE,33.206.336/0001-64,ME,TAGUATINGA CENTRO (TAGUATINGA),"QUADRA CENTRAL 1 LOTE 1/12, SN, SALA  237, TAGUATINGA CENTRO (TAGUATINGA), CEP 72010010, Brasilia/DF",7,1,clinica_institucional,(61) 9 8624-4982,celular,+5561986244982,sim,,,,dra.stephanieandrade.odonto@gmail.com
0.5450,CLINICA ODONTOLOGICA SURPREENDENTE,30.032.458/0001-93,ME,TAGUATINGA NORTE (TAGUATINGA),"QUADRA QNE 31 LOTE, 49, TAGUATINGA NORTE (TAGUATINGA), CEP 72125310, Brasilia/DF",8,1,clinica_geral,(61) 3046-1434,fixo,+556130461434,,,,,drhebert.odonto@gmail.com
0.5450,SOUTO ODONTOLOGIA ESPECIALIZADA,35.133.543/0001-61,ME,TAGUATINGA,"SETOR SETOR B SUL CSB 7 LT 1 S/N, S/N, SALA  103, TAGUATINGA, CEP 72015575, Brasilia/DF",6,1,clinica_institucional,(61) 9 9198-5050,celular,+5561991985050,sim,(61) 4101-5189,fixo,+556141015189,souto.odontologiabsb@gmail.com
0.5445,ODONTO MAISS,49.912.463/0001-19,ME,ASA SUL,"SETOR SDS BLOCO A NUMERO 44 LOJA, 13, LOJA  13                  EDIF  CENTRO COM BOULEVARD, ASA SUL, CEP 70391900, Brasilia/DF",3,1,clinica_geral,(61) 9 8268-4877,celular,+5561982684877,sim,(00) 0000000000,indefinido,,odontomais.conic@gmail.com
0.5445,AV ODONTOLOGIA,48.000.225/0001-74,ME,NORTE (AGUAS CLARAS),"RUA COPAIBA LOTE, 01, SALA  1304 TORRE A, NORTE (AGUAS CLARAS), CEP 71919540, Brasilia/DF",3,1,clinica_geral,(61) 9 9671-9916,celular,+5561996719916,sim,,,,dra.alessandravidal@gmail.com
0.5445,ODONTO CLINICA SALGUEIRO,10.636.022/0001-04,ME,SAMAMBAIA,"QUADRA QN 314 CONJ 03 LOTE 03 SALA, 201, SAMAMBAIA, CEP 72308203, Brasilia/DF",17,2,multi_unidade,(61) 3037-1353,fixo,+556130371353,,(61) 3037-1393,fixo,+556130371393,
0.5445,PREMIER INSTITUTO,21.891.996/0001-42,ME,TAGUATINGA SUL (TAGUATINGA),"QUADRA CSG 9, S/N, LOTE: 01 SALA 101;, TAGUATINGA SUL (TAGUATINGA), CEP 72035509, Brasilia/DF",11,1,clinica_institucional,(61) 3351-5071,fixo,+556133515071,,(61) 3351-7187,fixo,+556133517187,sacicontabilidade@hotmail.com
0.5435,VIVA ODONTOLOGIA ESPECIALIZADA,20.336.651/0001-64,ME,CEILANDIA SUL (CEILANDIA),"QUADRA QNN 02 CONJUNTO C LOTE, 01, SALA  201, CEILANDIA SUL (CEILANDIA), CEP 72220023, Brasilia/DF",12,1,clinica_institucional,(61) 3048-2020,fixo,+556130482020,,,,,toniarcuri.odonto@gmail.com
0.5430,STUDIO MAIS ODONTO,55.362.739/0001-35,ME,SOBRADINHO,"QUADRA CENTRAL, LOTE I, BLOCO A                   LOJA  13 A 17, SOBRADINHO, CEP 73010510, Brasilia/DF",2,1,clinica_geral,(38) 3223-2998,fixo,+553832232998,,(00) 0000000000,indefinido,,contato@dmgestaocontabil.com.br
0.5430,CLINICA ESTIMA,51.680.358/0001-43,ME,TAGUATINGA NORTE (TAGUATINGA),"QUADRA QNE 2 LOTE, 01,       TERCEIRO ANDAR, TAGUATINGA NORTE (TAGUATINGA), CEP 72125020, Brasilia/DF",3,1,clinica_geral,(61) 9 9939-1629,celular,+5561999391629,sim,(00) 0000000000,indefinido,,lorenaraizamadf@gmail.com
0.5430,ODONTOMAXTER,49.894.159/0001-96,ME,SAMAMBAIA NORTE (SAMAMBAIA),"QUADRA QN 204 CONJUNTO 1 LOTE, 05, SALA  101, SAMAMBAIA NORTE (SAMAMBAIA), CEP 72316073, Brasilia/DF",3,1,clinica_geral,(61) 9 8408-2812,celular,+5561984082812,sim,,,,odontomaxter@gmail.com
0.5430,ISC INSTITUTO ODONTOLOGICO,47.781.159/0001-54,ME,TAGUATINGA,"SETOR SETOR CENTRAL COND NOVITA C 6 LT 3, S/N, SLJ   07, TAGUATINGA, CEP 72010060, Brasilia/DF",4,1,clinica_institucional,(61) 9 9915-8940,celular,+5561999158940,sim,,,,iscinstitutoodontologico@gmail.com
0.5430,ODONTO LIFE,01.963.293/0001-75,ME,ASA NORTE,"SCN B QD 05 BL A SALA 1032, S/N, ASA NORTE, CEP 70310500, Brasilia/DF",29,1,clinica_geral,,,,,,,,
0.5425,ODONCLINICA PASTEUR,26.451.948/0001-57,DEMAIS,SETOR DE INDUSTRIA,"ÁREA DE SERVIOS PUBLICOS LOTE F, S/N, LOJA 04, SETOR DE INDUSTRIA, CEP 71200010, Brasilia/DF",35,2,multi_unidade,(61) 3363-4112,fixo,+556133634112,,,,,
0.5425,FRIACA ODONTOLOGIA LTDA,27.926.365/0001-06,ME,ASA NORTE,"SETOR SHLN BLOCO L SALA 215 ED. CENTRO CLINICO II, S/N, ASA NORTE, CEP 70770576, Brasilia/DF",9,1,clinica_geral,(61) 9 8142-7750,celular,+5561981427750,sim,,,,raquelfriaca@hotmail.com
0.5425,FIBONACCI ODONTOLOGIA,27.685.118/0001-57,ME,ASA SUL,"QUADRA SAUS QUADRA 01 BLOCO N, S/N, SALA  905, ASA SUL, CEP 70070010, Brasilia/DF",9,1,clinica_geral,(61) 9 9618-5183,celular,+5561996185183,sim,,,,tjlguedes@gmail.com
0.5425,ODONTOMASTER BRASILIA,43.077.084/0001-74,ME,ASA SUL,"QUADRA SGAS 607, S/N, CONJ  B CONSULTORIO 121   PAVMTO1, ASA SUL, CEP 70200670, Brasilia/DF",5,1,clinica_geral,(61) 3442-1070,fixo,+556134421070,,,,,denisalmeida@hotmail.com
0.5425,ODONTO SOL,21.524.625/0001-22,ME,RIACHO FUNDO II,"COMPLEXO VIARIO CAUB I, SN, CASA  76, RIACHO FUNDO II, CEP 71884690, Brasilia/DF",11,1,clinica_geral,(61) 3338-5710,fixo,+556133385710,,(61) 9 9259-4590,celular,+5561992594590,soucorrea@bol.com.br
0.5425,IANARA PINHO ODONTOLOGIA KIDS,35.852.190/0001-50,ME,NORTE (AGUAS CLARAS),"RUA 7 NORTE LOTES 03, 05 E, 07, LOJA  21, NORTE (AGUAS CLARAS), CEP 71908180, Brasilia/DF",6,1,clinica_geral,(61) 3043-0043,fixo,+556130430043,,,,,financeiroianara.ac1@gmail.com
0.5425,CONSULTORIO DENTAL CARD,16.649.488/0001-12,ME,TAGUATINGA,"QUADRA C 01 LOTES, 01/12, SALA  336, TAGUATINGA, CEP 72010010, Brasilia/DF",14,1,clinica_geral,(61) 3563-2490,fixo,+556135632490,,,,,clinicadentalcardtag@gmail.com
0.5425,DANIELE DINIZ ODONTOLOGIA,31.774.660/0001-53,ME,ASA SUL,"SETOR N110 SRTVS QUADRA 701 BLOCO O SALA, 857,       PARTE 82            EDIF  MULTIEMPRESARIAL, ASA SUL, CEP 70340000, Brasilia/DF",7,1,clinica_geral,(61) 3711-0017,fixo,+556137110017,,,,,conceitocontabil@conceitocontabil.net
0.5425,LPA ODONTOLOGIA,40.782.506/0001-14,ME,ASA NORTE,"SETOR SETOR TERMINAL NORTE CONJUNTO O, SN,       CONSULTORIO 13, ASA NORTE, CEP 70770911, Brasilia/DF",5,1,clinica_geral,(61) 9 9298-6902,celular,+5561992986902,sim,(61) 3274-7227,fixo,+556132747227,leoparruda65@gmail.com
0.5425,BARRETO ODONTOLOGIA,15.641.446/0001-72,ME,SOBRADINHO,"QUADRA QUADRA 4 CL, 11, LOJA  02, SOBRADINHO, CEP 73025040, Brasilia/DF",14,1,clinica_geral,(61) 3263-2302,fixo,+556132632302,,,,,contabilidade2100@gmail.com
0.5425,ARKADO CLINICA ODONTOLOGICA,59.418.342/0001-79,ME,SUL (AGUAS CLARAS),"AVENIDA PAU BRASIL LOTE, 10, SALA  1305                EDIF  LE QUARTIER, SUL (AGUAS CLARAS), CEP 71926000, Brasilia/DF",1,1,clinica_geral,(61) 9 8592-7220,celular,+5561985927220,sim,(00) 0000000000,indefinido,,exatacontabilidadeconsultiva@gmail.com
0.5425,ALTIS ODONTOLOGIA ESPECIALIZADA,55.040.358/0001-30,ME,SETOR SUDOESTE,"QUADRA QMSW 6 LOTE 5, 64/66, BLOCO G                   LOJA  64                  LOJA  66, SETOR SUDOESTE, CEP 70680619, Brasilia/DF",2,1,clinica_institucional,(62) 9 9388-8914,celular,+5562993888914,sim,(00) 0000000000,indefinido,,contato@xcomsolucoescontabeis.com.br
0.5425,R V S ODONTOLOGIA,53.534.953/0001-04,ME,ASA NORTE,"SETOR COMERCIAL NORTE QUADRA 05 BLOCO A, S/N, SALA  1108, ASA NORTE, CEP 70715900, Brasilia/DF",2,1,clinica_institucional,(61) 9 9224-4153,celular,+5561992244153,sim,,,,rvsodontologia@gmail.com
0.5425,NICOLATO ODONTOLOGIA DA FACE,57.525.514/0001-88,ME,ASA SUL,"QUADRA SEPS 710/910, SN, CONJ  D                   EDIF  CENTRO CLINICO VIA BSALA  529, ASA SUL, CEP 70390108, Brasilia/DF",1,1,clinica_geral,(61) 9 8156-2493,celular,+5561981562493,sim,,,,vininicolato@hotmail.com
0.5425,MAGALHAES CLINICA ODONTOLOGICA,52.834.342/0001-00,ME,SETOR HABITACIONAL ARNIQUEIRA (AGUAS CLARAS),"SETOR SHA CONJUNTO 4 CHACARA 57A LOTE, 31, LOJA  3, SETOR HABITACIONAL ARNIQUEIRA (AGUAS CLARAS), CEP 71994295, Brasilia/DF",2,1,clinica_geral,(61) 9 8225-0250,celular,+5561982250250,sim,(00) 0000000000,indefinido,,duda.magalhaes@gmail.com
0.5420,ESPACO SORRISO,36.210.426/0001-17,EPP,CEILANDIA SUL (CEILANDIA),"QUADRA EQNN 20/22 BLOCO A LOJA, 06, CEILANDIA SUL (CEILANDIA), CEP 72220561, Brasilia/DF",6,1,clinica_geral,(61) 9 8103-2548,celular,+5561981032548,sim,,,,lisanglard@gmail.com
0.5420,IMPLANTO FACE,48.975.702/0001-17,ME,SAMAMBAIA SUL (SAMAMBAIA),"QUADRA QS 110 CONJUNTO 6 LOTE, 04, LOTE  5                   SALA  212 E 213, SAMAMBAIA SUL (SAMAMBAIA), CEP 72302536, Brasilia/DF",3,1,especialista_alto_ticket,(61) 9 8535-7613,celular,+5561985357613,sim,,,,wanessa.dentista89@gmail.com
0.5420,ARTE ODONTOLOGIA ENSINO E PRATICA ODONTOLOGICA LTDA,18.792.126/0001-01,ME,ASA NORTE,"SETOR SRTVN QUADRA 701 CONJUNTO C, 124, SALA  413 E 415 ALA B, ASA NORTE, CEP 70719903, Brasilia/DF",13,1,clinica_geral,(61) 9 9268-5114,celular,+5561992685114,sim,,,,ritasaviotti@hotmail.com
0.5415,ARTDENT ODONTOLOGIA,17.317.908/0001-26,ME,CEILANDIA,"QUADRA EQNN 18/20 BLOCO B LOTE, 01, CEILANDIA, CEP 72220552, Brasilia/DF",13,1,clinica_geral,(61) 9 9112-5352,celular,+5561991125352,sim,,,,raniericrosara1@gmail.com
0.5415,DENTELINE,23.049.262/0001-46,ME,TAGUATINGA CENTRO (TAGUATINGA),"QUADRA C 12 BLOCO E LOTE 01/02 SALA, 302, TAGUATINGA CENTRO (TAGUATINGA), CEP 72010120, Brasilia/DF",11,1,clinica_geral,(61) 3562-6937,fixo,+556135626937,,,,,denteline1@gmail.com
0.5410,ORAL AB ODONTOLOGIA,30.013.842/0001-49,ME,GUARA I,"QUADRA QE 11 AREA ESPECIAL L, SN, SALA  120, GUARA I, CEP 71020721, Brasilia/DF",8,1,clinica_geral,(61) 3567-5918,fixo,+556135675918,,,,,contato@melgacocontabil.com.br
0.5410,CLINICA RADIOLOGICA SAFE CARNEIRO,00.709.014/0001-89,ME,ASA NORTE,"SETOR SDN  CONJUNTO A, S/N, SALA  6019 E 6021, ASA NORTE, CEP 70077900, Brasilia/DF",43,1,clinica_geral,(61) 3039-3145,fixo,+556130393145,,,,,
0.5410,ALCANCE ODONTOLOGIA E TERAPIAS INTEGRADAS LTDA,04.154.064/0001-06,ME,ASA SUL,"SETOR SRTV/SUL QUADRA 701 CONJUNTO L  BLOCO 01, 38, SALA  413, ASA SUL, CEP 70332900, Brasilia/DF",25,1,clinica_geral,(61) 3202-9950,fixo,+556132029950,,(61) 3202-9950,fixo,+556132029950,ana.c.apolinario@gmail.com
0.5410,CLINICA DE PERIODONTIA MONICA AFONSO S/S LTDA,03.714.707/0001-58,ME,ASA NORTE,"SC/NORTE QD. 02 BL. D ENT. B SALA 1214, S/N, CT.EMPRESARIAL NORTE, ASA NORTE, CEP 70077900, Brasilia/DF",26,1,clinica_geral,(61) 3328-2581,fixo,+556133282581,,(61) 9 9572-4418,celular,+5561995724418,clinicamonicaafonso@gmail.com
0.5410,DENISE DE PAULA PIRES & CIA LTDA,01.163.873/0001-88,ME,ASA SUL,"SETOR SCS QUADRA 8 BLOCO B LOTES 50/60, 50, SALA  412, ASA SUL, CEP 70333900, Brasilia/DF",30,1,marca_pessoal,(61) 3224-4666,fixo,+556132244666,,,,,
0.5410,CHAUD ODONTOLOGIA INTEGRADA,38.033.171/0001-90,ME,AGUAS CLARAS,"RUA COPAIBA LOTE, 01, SALA  1613 E 1615 TORRE A, AGUAS CLARAS, CEP 71919900, Brasilia/DF",32,1,clinica_geral,(61) 9 9261-8497,celular,+5561992618497,sim,,,,chaudodonto@gmail.com
0.5410,CLINICA DE ENDODONTIA DRA LAUANDA SALUM,01.335.216/0001-70,ME,ASA SUL,"SRTV/SUL QUADRA 701BLOCO K SALA 720, S/N, ED. EMBASSY TOWER, ASA SUL, CEP 70332900, Brasilia/DF",30,1,clinica_geral,(61) 3322-6202,fixo,+556133226202,,,,,
0.5400,CLINICA BRUNA NATALI,58.386.507/0001-05,EPP,SETOR DE HABITACOES INDIVIDUAIS SUL,"QUADRA SHIS QI 11 BLOCO S, 109, SETOR DE HABITACOES INDIVIDUAIS SUL, CEP 71625680, Brasilia/DF",1,1,clinica_geral,(61) 9 8300-2233,celular,+5561983002233,sim,(00) 0000000000,indefinido,,a2nassessoriaempresarial@gmail.com
0.5400,VIRTUS ODONTOLOGIA ESPECIALIZADA REABILITACAO ORAL,34.389.698/0001-09,ME,SETORES COMPLEMENTARES,"SETOR SMAS TRECHO 3 LOTE 3, S/N, BLOCO A                   SALA  404, SETORES COMPLEMENTARES, CEP 70610053, Brasilia/DF",7,1,clinica_institucional,(61) 9 9997-1812,celular,+5561999971812,sim,,,,gc_lima@hotmail.com.br
0.5400,INSTITUTO LUCIANA MACHADO,32.013.212/0001-08,ME,SAO BARTOLOMEU (SAO SEBASTIAO),"QUADRA QUADRA 2 CONJUNTO 4 LOTE, 26, SAO BARTOLOMEU (SAO SEBASTIAO), CEP 71697047, Brasilia/DF",7,1,clinica_institucional,(61) 9 9149-2011,celular,+5561991492011,sim,,,,neoclinicadente@gmail.com
0.5400,CLINICA ODONTOLOGICA ORTOIMPLAN,27.055.575/0001-68,ME,CEILANDIA SUL (CEILANDIA),"QUADRA QNM 17 CONJUNTO A LOTE 09 SALA, 103, CEILANDIA SUL (CEILANDIA), CEP 72215171, Brasilia/DF",9,1,clinica_geral,(61) 3371-8377,fixo,+556133718377,,,,,dreduardoorthoimplante@gmail.com
0.5400,ODONTORIBAS,35.491.548/0001-66,ME,SETOR HABITACIONAL POR DO SOL (CEILANDIA),"SETOR HABITACIONAL POR DO SOL CH 2 LOTE, 1, SETOR HABITACIONAL POR DO SOL (CEILANDIA), CEP 72238000, Brasilia/DF",6,1,clinica_geral,(61) 9 8122-4666,celular,+5561981224666,sim,,,,odontoribashc@gmail.com
0.5400,LEVITA ODONTOLOGIA ESPECIALIZADA,31.856.072/0001-69,ME,RECANTO DAS EMAS,"AVENIDA AVENIDA RECANTO DAS EMAS QUADRA 102 LOTES, 12/13, SALA  101                 SALA  102                 SALA  103                 SALA  104, RECANTO DAS EMAS, CEP 72600200, Brasilia/DF",7,1,clinica_institucional,(61) 3434-4415,fixo,+556134344415,,(61) 9 9144-9089,celular,+5561991449089,levitaodontologia@gmail.com
0.5395,CLINICA ODONTOLOGICA OTIM LTDA,37.155.132/0001-00,ME,TAGUATINGA,"CSB 02 LOTES DE 01 A 04, S/N, SALA 416 TORRE A, TAGUATINGA, CEP 72015525, Brasilia/DF",33,1,clinica_geral,(06) 199773101,indefinido,,,,,,
0.5395,FACE ORAL ODONTOLOGIA INTEGRADA,08.295.526/0001-58,ME,CEILANDIA SUL (CEILANDIA),"QUADRA EQNN 4/6, S/N, BLOCO A                   LOTE  02, CEILANDIA SUL (CEILANDIA), CEP 72220520, Brasilia/DF",20,1,clinica_geral,(61) 3471-5555,fixo,+556134715555,,,,,clinicaortovida@gmail.com
0.5395,CLINICA ODONTOLOGICA DENTAL CARD,07.179.833/0001-00,ME,CEILANDIA,"SETOR SETOR M QNM 17 CJ H LT 58, S/N, SALA  201                 SALA  202                 SALA  203                 SALA  204, CEILANDIA, CEP 72215178, Brasilia/DF",21,1,clinica_geral,(61) 3372-6296,fixo,+556133726296,,,,,clinicadentalcard@gmail.com
0.5395,ORAL SAFETY,07.888.284/0001-43,ME,SANTA  MARIA,"SETOR SUL CL 304 LOTE, B-04, LOJA  01, SANTA  MARIA, CEP 72504232, Brasilia/DF",21,1,clinica_geral,(61) 3393-8878,fixo,+556133938878,,,,,
0.5395,CENODENTER,00.570.752/0001-98,ME,GUARA,"QE  07  LOTE   G, S/N, SALS  204 E 205, GUARA, CEP 71020677, Brasilia/DF",31,1,clinica_institucional,(06) 1568-1065,fixo,+550615681065,,,,,
0.5395,CORE,07.917.641/0001-54,ME,ASA  NORTE,"SETOR SRTVN QUADRA 701 CONJUNTO C NUMERO 124 SALA, 225, ALA B, ASA  NORTE, CEP 70719000, Brasilia/DF",20,1,clinica_institucional,(61) 3361-8505,fixo,+556133618505,,,,,
0.5395,CLINICA ODONTOART LTDA,03.582.086/0001-04,ME,GUARA I,"QUADRA QE 11 AREA ESPECIAL L, S/N, SALA  235 E 236, GUARA I, CEP 71020721, Brasilia/DF",26,1,clinica_geral,(61) 3567-6644,fixo,+556135676644,,(61) 3567-6644,fixo,+556135676644,
0.5395,EXITUS ODONTOLOGIA,30.150.246/0001-00,ME,ASA SUL,"SETOR SRTVS, CONJUNTO E, BLOCO, 2/4, SALA  111 E 112           EDIF  PALACIO DO RADIO II, ASA SUL, CEP 70340902, Brasilia/DF",8,1,clinica_institucional,(61) 9 9239-2744,celular,+5561992392744,sim,,,,drpaulofrederico@gmail.com
0.5395,ALLURE ODONTOLOGIA ESPECIALIZADA,32.795.834/0001-27,ME,SETOR HABITACIONAL VICENTE PIRES,"SETOR SHVP TRECHO 03, QUADRA 09, CONJUNTO 01, LOTE, 01,       PARTE A, SETOR HABITACIONAL VICENTE PIRES, CEP 72001793, Brasilia/DF",7,1,clinica_institucional,(61) 9 9630-1112,celular,+5561996301112,sim,,,,doutor.felipemoura@hotmail.com
0.5390,ORTHODONTIC,51.676.935/0001-23,ME,GUARA,"SETOR SRIA I QI 7 CJ U LT 134, S/N, ANDAR 1, GUARA, CEP 71020216, Brasilia/DF",3,1,especialista_alto_ticket,(61) 9 9137-7370,celular,+5561991377370,sim,(00) 0000000000,indefinido,,oc456@orthodonticbrasil.com.br
0.5390,PERSONALLE ODONTOLOGIA E ESTETICA,55.611.266/0001-62,ME,SETOR RESIDENCIAL OESTE (PLANALTINA),"QUADRA QUADRA I CONJUNTO I-9 LOTE, 01, SALA  01, SETOR RESIDENCIAL OESTE (PLANALTINA), CEP 73343037, Brasilia/DF",2,1,especialista_alto_ticket,(61) 3202-8200,fixo,+556132028200,,(00) 0000000000,indefinido,,centroclinicopersonalle@gmail.com
0.5390,DR IMPLANTE,55.867.663/0001-08,ME,SETOR LESTE (GAMA),"SETOR DE INDUSTRIAS QUADRA 01 LOTE 1700/1780 LOJA 09, SN, EDIF  GAMAGGIORE, SETOR LESTE (GAMA), CEP 72445000, Brasilia/DF",2,1,marca_pessoal,(61) 9 9999-9999,celular,+5561999999999,sim,(00) 0000000000,indefinido,,felipgoll@hotmail.com
0.5390,IMPLA VITTA IMPLANTES & ODONTOLOGIA,54.301.862/0001-83,ME,PONTE ALTA NORTE (GAMA),"RUA RODOBELO I (ST HAB PTE TERRA) CHACARA, 53, LOJA  104, PONTE ALTA NORTE (GAMA), CEP 72426035, Brasilia/DF",2,1,especialista_alto_ticket,(61) 9 9994-0505,celular,+5561999940505,sim,,,,implavitta.implantes@gmail.com
0.5390,CLINICA ODONTOLOGICA GILMAR FERNANDES LTDA,01.636.992/0001-00,ME,ASA NORTE,"SCNORTE QUADRA 02 BLOCO D ENTRADA A SALA,  1.013, CENTRO EMPR. ENCOL, ASA NORTE, CEP 70310500, Brasilia/DF",40,1,clinica_geral,,,,,,,,
0.5390,CLINICA ODONTOLOGICA MARIA CRISTINA GUIRADO S/S,01.306.157/0001-02,ME,ASA NORTE,"SDN  CONJUNTO A, S/N, SALA 6058, ASA NORTE, CEP 70077900, Brasilia/DF",30,1,clinica_geral,,,,,,,,
0.5385,CENTRO ODONTOLOGICO JORQUEIRA,21.875.256/0001-12,ME,CEILANDIA NORTE (CEILANDIA),"QUADRA EQNO 13/15 BL A LT 3, SN, LOJA  3 SOBRELOJA 3, CEILANDIA NORTE (CEILANDIA), CEP 72255521, Brasilia/DF",11,1,clinica_institucional,(61) 3374-6468,fixo,+556133746468,,,,,luishjorqueira@yahoo.com.br
0.5385,INSTITUTO SEIDLER DE ODONTOLOGIA LTDA,55.335.302/0001-02,ME,ASA NORTE,"SETOR SCN QD 02 BLOCO D ENTRADA B, S/N, SALA  233 E 234                 SHOPP. LIBERTY MALL, ASA NORTE, CEP 70712904, Brasilia/DF",2,1,clinica_institucional,(61) 9 9987-8534,celular,+5561999878534,sim,(00) 0000000000,indefinido,,odontoseidler@gmail.com
0.5385,CENTRO ODONTOLOGICO SANTA CLARA,49.857.885/0001-39,ME,AREAL (AGUAS CLARAS),"QUADRA QS 7 AVENIDA AGUAS CLARAS LOTE, 22, LOJA  02, AREAL (AGUAS CLARAS), CEP 71966700, Brasilia/DF",3,1,clinica_institucional,(61) 3356-7469,fixo,+556133567469,,(00) 0000000000,indefinido,,chrismaoliveira@gmail.com
0.5385,CLINICA RABELO,47.791.790/0001-34,ME,AGUAS CLARAS,"RUA COPAIBA LOTE, 01, SALA  402/404/406 TORRE B, AGUAS CLARAS, CEP 71919900, Brasilia/DF",4,1,clinica_geral,(61) 9 9977-3305,celular,+5561999773305,sim,(00) 0000000000,indefinido,,clinicarabelodf@gmail.com
0.5385,ODONTARES,50.071.835/0001-00,ME,ASA SUL,"SETOR SAUS QUADRA 04 BLOCO A, S/N, SALA  210, ASA SUL, CEP 70070938, Brasilia/DF",3,1,clinica_geral,(61) 9 9622-6699,celular,+5561996226699,sim,(00) 0000000000,indefinido,,brendaas.alves@gmail.com
0.5385,SCODONTO,49.890.911/0001-20,ME,ASA SUL,"QUADRA SGAS QD 902 CONJUNTO B ENTRADA B, S/N, SALA  114 E 115                 CONSULTORIO, ASA SUL, CEP 70390020, Brasilia/DF",3,1,clinica_institucional,(61) 3225-6844,fixo,+556132256844,,(00) 0000000000,indefinido,,saulocruciolodontologia@gmail.com
0.5385,INSTITUTO SANRIRE ODONTOLOGIA E HEALTH CENTER LTDA,45.663.497/0001-66,ME,ASA NORTE,"SETOR SGAN 601 CONJUNTO H, SN, SALA  3 4 5 E 6 SUBSOLO 1 SALA  02 E 03 SE          EDIF  ION ESCRITORIOS           INTELIGENTES, ASA NORTE, CEP 70830018, Brasilia/DF",4,1,clinica_institucional,(61) 3242-9496,fixo,+556132429496,,,,,processo@datasoftcontabilidade.com.br
0.5380,ODONTO SANTA MARIA,38.227.283/0001-81,EPP,SANTA MARIA,"QUADRA QR 216, SN, CONJ  M                   LOTE  25                  SALA  103, SANTA MARIA, CEP 72546500, Brasilia/DF",6,1,clinica_geral,(61) 9 8175-7075,celular,+5561981757075,sim,,,,
0.5380,CINTRA ODONTOLOGIA E ESTETICA,53.880.868/0001-90,ME,SETOR DE HABITACOES INDIVIDUAIS SUL,"QUADRA SHIS QI 23 BLOCO B, SN, SALA  105                 EDIF  TOP 23, SETOR DE HABITACOES INDIVIDUAIS SUL, CEP 71660805, Brasilia/DF",2,1,especialista_alto_ticket,(61) 9 8571-7887,celular,+5561985717887,sim,(00) 0000000000,indefinido,,fadonto@gmail.com
0.5380,VARGAS CLINICA ODONTOLOGICA,49.231.935/0001-78,ME,PARANOA,"QUADRA QUADRA 9 CONJUNTO 1, LOTE 1, LOJA  6 E 7, PARANOA, CEP 71571012, Brasilia/DF",3,1,especialista_alto_ticket,(61) 9 8205-8700,celular,+5561982058700,sim,(00) 0000000000,indefinido,,edu.o.torres@gmail.com
0.5380,ORALFACE ODONTOLOGIA E ESTETICA FACIAL,44.961.314/0001-26,ME,CEILANDIA NORTE (CEILANDIA),"QUADRA QNM 8 CJ O LT 34, SN, CEILANDIA NORTE (CEILANDIA), CEP 72210095, Brasilia/DF",4,1,especialista_alto_ticket,(61) 9 9877-8506,celular,+5561998778506,sim,(61) 9 8536-4336,celular,+5561985364336,lucasdaniel91@hotmail.com
0.5375,FREITAS & ARAUJO ODONTOLOGIA,11.082.041/0001-90,ME,SANTA MARIA,"SETOR SUL QUADRA RESIDENCIAL 201 CONJUNTO J LOTE, 19, SANTA MARIA, CEP 72501410, Brasilia/DF",17,1,clinica_geral,(61) 3352-2001,fixo,+556133522001,,,,,wilson@bktcontabil.com.br
0.5375,MUNDO SORRISO,11.359.587/0001-46,ME,ITAPOA II,"QUADRA QL 3 CONJUNTO H, LT15, ITAPOA II, CEP 71590588, Brasilia/DF",16,1,clinica_geral,(61) 3525-8061,fixo,+556135258061,,(61) 9 9656-8800,celular,+5561996568800,clinica@mundosorriso.com
0.5375,ORAL ESSENCE,23.176.637/0001-39,ME,VILA NOVA (SAO SEBASTIAO),"AVENIDA CENTRAL, 581, SALA  102, VILA NOVA (SAO SEBASTIAO), CEP 71693165, Brasilia/DF",11,1,clinica_geral,(61) 3339-4549,fixo,+556133394549,,,,,
0.5375,HD ODONTOLOGIA,15.612.723/0001-19,ME,CEILANDIA,"QUADRA CNM 01 BL H SALA, 302, CEILANDIA, CEP 72215508, Brasilia/DF",14,1,clinica_geral,(61) 3372-7690,fixo,+556133727690,,,,,
0.5375,SORRIMANIA,23.670.504/0001-14,ME,CEILANDIA SUL (CEILANDIA),"QUADRA QNM 1 CONJUNTO A, 1, LOTE, CEILANDIA SUL (CEILANDIA), CEP 72215011, Brasilia/DF",10,1,clinica_geral,(61) 3710-8228,fixo,+556137108228,,,,,sorrimaniaceilandia@gmail.com
0.5375,BELUNE ODONTOLOGIA,31.249.670/0001-70,ME,ASA NORTE,"SETOR SDN CONJUNTO NACIONAL SALA, 4069, CONJ  A, ASA NORTE, CEP 70077900, Brasilia/DF",8,1,clinica_geral,(61) 9 8146-1978,celular,+5561981461978,sim,,,,bosco141414@gmail.com
0.5375,BRUM ODONTOCLINICA,10.392.378/0001-31,ME,SOBRADINHO,"QUADRA CENTRAL BLOCO 11, 02, SALA  101, SOBRADINHO, CEP 73010521, Brasilia/DF",17,1,clinica_geral,(61) 3591-5719,fixo,+556135915719,,,,,brumodontoclinica@gmail.com
0.5375,MICHELLE,12.395.457/0001-21,ME,GUARA-II,"QUADRA QI 25 BLOCO A SALA, 119, GUARA-II, CEP 71060911, Brasilia/DF",16,1,clinica_geral,(61) 3382-5883,fixo,+556133825883,,(61) 3382-5883,fixo,+556133825883,contactto@brturbo.com.br
0.5370,CLINICA ODONTOFLESH,36.031.447/0001-75,ME,SAMAMBAIA NORTE (SAMAMBAIA),"QUADRA QN 209 CONJUNTO 01 LOTE, 36, SAMAMBAIA NORTE (SAMAMBAIA), CEP 72341451, Brasilia/DF",6,1,clinica_geral,(61) 9 9500-7570,celular,+5561995007570,sim,,,,ana-lima@live.com
0.5370,GRUPO ODONTOLOGICO ARRUDA SIMPLES LTDA,02.628.331/0001-04,ME,ASA NORTE,"SHC/NORTE CL QUADRA 405 BLOCO D, 49, SALAS 101 E 114, ASA NORTE, CEP 70846540, Brasilia/DF",28,1,clinica_geral,,,,,,,,
0.5365,PERSONAL DENT,13.569.796/0001-40,ME,CEILANDIA SUL (CEILANDIA),"QUADRA QNM 03 CONJUNTO O LOTE 23 LOJA, 02, CEILANDIA SUL (CEILANDIA), CEP 72215045, Brasilia/DF",15,1,clinica_geral,(61) 3561-4238,fixo,+556135614238,,,,,personaldentclinlab@hotmail.com
0.5355,CENTRO ODONTOLOGICO ALVES LTDA,24.888.513/0001-49,ME,TAGUATINGA,"CNB 11 LOTE, 09, SALA 104, TAGUATINGA, CEP 72001970, Brasilia/DF",38,1,clinica_institucional,,,,,,,,
0.5355,CLINICA ODONTO-PREVENTIVA DE TAGUATINGA SS LTDA,01.203.086/0001-12,ME,TAGUATINGA,"QUADRA CSB 02 LOTES 01/04 TORRE B, S/N, SALA 235, TAGUATINGA, CEP 72015525, Brasilia/DF",30,1,clinica_geral,(61) 3351-2446,fixo,+556133512446,,,,,
0.5355,CLINICA ODONTOLOGICA MARCIO TORRECILLAS,05.355.701/0001-67,ME,ASA AUL,"SEP/SUL EQ 705/905 CONJ. A, S/N, SALA 243, ASA AUL, CEP 70390055, Brasilia/DF",23,1,clinica_geral,(06) 1443-4747,fixo,+550614434747,,,,,marcioleopoldo@hotmail.com
0.5355,CLINICA PERSONAL,06.188.330/0001-39,ME,BRASILIA,"QUADRA SHC/SW CLSW  103 BLOCO B KIT STUDIO 116 E, 117, 1 PAVIMENTO, BRASILIA, CEP 70670522, Brasilia/DF",22,1,clinica_geral,(61) 3344-8103,fixo,+556133448103,,,,,
0.5350,DARAS ODONTOLOGIA,35.558.489/0001-04,ME,SETOR INDUSTRIAL (GAMA),"QUADRA QUADRA 3 LOTE 380, SN,       SALA 205, SETOR INDUSTRIAL (GAMA), CEP 72445030, Brasilia/DF",6,1,clinica_geral,(61) 3526-3378,fixo,+556135263378,,,,,multiplancontabil10@gmail.com
0.5350,ESPACO ODONTOLOGICO BRUNO BARRETO,34.789.532/0001-71,ME,SETOR RESIDENCIAL LESTE (PLANALTINA),"QUADRA 3 CONJUNTO A, 55, PAVMTO01                  SALA  01, SETOR RESIDENCIAL LESTE (PLANALTINA), CEP 73350301, Brasilia/DF",6,1,clinica_geral,(61) 3389-1521,fixo,+556133891521,,,,,brunobarreto84@gmail.com
0.5350,EXODO ODONTOLOGIA,41.646.221/0001-19,ME,SOBRADINHO,"QUADRA 2 CONJUNTO C/D, LTA, LOJA  55                  EDIF  AZIZ CHATER, SOBRADINHO, CEP 73015380, Brasilia/DF",5,1,clinica_geral,(61) 9 9266-0302,celular,+5561992660302,sim,,,,exodoodonto@gmail.com
0.5350,ALL PRIME ODONTOLOGIA,30.835.606/0001-08,ME,GUARA II,"RUA 12 (POLO DE MODAS) QE 40, SN, LOTE  26                  LOJA  01, GUARA II, CEP 71070512, Brasilia/DF",8,1,clinica_geral,(61) 9 8454-4044,celular,+5561984544044,sim,,,,allprimeodonto@gmail.com
0.5350,J VIEIRA ODONTOLOGIA,41.236.201/0001-70,ME,SOBRADINHO,"QUADRA CENTRAL BLOCO 10, LT 12, LOJA  02, SOBRADINHO, CEP 73010650, Brasilia/DF",5,1,clinica_geral,(61) 3051-0569,fixo,+556130510569,,(61) 9 8626-9686,celular,+5561986269686,odontojvieira@gmail.com
0.5350,DENTISTA DE TODOS,36.722.599/0001-14,ME,SETOR OESTE (SOBRADINHO II),"QUADRA AR 7 CONJUNTO 1 LOJA 1 LOTE, 15, SETOR OESTE (SOBRADINHO II), CEP 73060701, Brasilia/DF",6,1,clinica_geral,(61) 9 9165-1601,celular,+5561991651601,sim,,,,ldmmelo4@gmail.com
0.5350,DENTISTA DA FAMILIA,37.697.340/0001-23,ME,SETOR OESTE (GAMA),"QUADRA 28 LOTE 17 LOJA, 1,       COMERCIAL, SETOR OESTE (GAMA), CEP 72420280, Brasilia/DF",6,1,clinica_geral,(61) 9 9222-8015,celular,+5561992228015,sim,,,,otaviohenriquegama@hotmail.com
0.5350,RENOVAR ODONTOLOGIA,39.409.869/0001-20,ME,JARDIM RORIZ (PLANALTINA),"QUADRA EQ 3 LOTE, 14, JARDIM RORIZ (PLANALTINA), CEP 73340340, Brasilia/DF",5,1,clinica_geral,(61) 9 9314-7700,celular,+5561993147700,sim,,,,fernanda.af@hotmail.com
0.5350,THOMAS ITOOTH,34.051.362/0001-23,ME,SAMAMBAIA SUL (SAMAMBAIA),"QUADRA QR 319 CONJUNTO 1 CASA, 05, SAMAMBAIA SUL (SAMAMBAIA), CEP 72309101, Brasilia/DF",7,1,clinica_geral,(61) 3389-8359,fixo,+556133898359,,,,,maruzan.cruz@gmail.com
0.5350,CONSULTORIO ODONTOLOGICO DR. JACSON,30.530.178/0001-05,ME,PLANALTINA,"QUADRA 04 CONJUNTO A LOTE, 22, SETOR RESIDENCIAL LESTE, PLANALTINA, CEP 73360401, Brasilia/DF",8,1,clinica_geral,(61) 3308-3778,fixo,+556133083778,,,,,
0.5350,HOSPITAL ODONTOLOGICO DE SOBRADINHO,38.006.727/0001-59,ME,SOBRADINHO,"QUADRA 8, COMERCIO LOCAL, CL 03, SALA  402, SOBRADINHO, CEP 73006010, Brasilia/DF",6,1,clinica_geral,(61) 9 8331-8075,celular,+5561983318075,sim,(61) 9 8100-8138,celular,+5561981008138,hosobradinho1@gmail.com
0.5350,CKLASS REABILITACAO ORAL,35.073.262/0001-60,ME,TAGUATINGA NORTE (TAGUATINGA),"QUADRA CNB 11 LOTE, 9, SALA  103, TAGUATINGA NORTE (TAGUATINGA), CEP 72115938, Brasilia/DF",6,1,clinica_geral,(61) 9 9806-9111,celular,+5561998069111,sim,,,,karinaodonto26@gmail.com
0.5350,ODONTOLAGOS ODONTOLOGIA,35.434.055/0001-94,ME,REGIAO DOS LAGOS (SOBRADINHO),"RODOVIA DF 250 COND MANSOES ENTRE LAGOS COMERCIO LOCAL 03 LOTE, 28, LOJA  02, REGIAO DOS LAGOS (SOBRADINHO), CEP 73255901, Brasilia/DF",6,1,clinica_geral,(61) 9 9965-5541,celular,+5561999655541,sim,,,,
0.5350,ODONTOJUNIOR,29.806.947/0001-76,ME,PLANALTINA,"AVENIDA INDEPENDENCIA QDA. 51 LOTE 01 SALA, 106, SETOR TRADICIONAL, PLANALTINA, CEP 73330003, Brasilia/DF",8,1,clinica_geral,(61) 3388-2200,fixo,+556133882200,,,,,
0.5350,LE VISAGE ODONTOLOGIA E HARMONIZACAO OROFACIAL LTDA,50.640.801/0001-90,ME,TAGUATINGA NORTE (TAGUATINGA),"QUADRA QNM 34 AREA ESPECIAL 1 SALA, 2117,       JK SHOPPING, TAGUATINGA NORTE (TAGUATINGA), CEP 72145450, Brasilia/DF",3,1,especialista_alto_ticket,(61) 3965-0000,fixo,+556139650000,,(00) 0000000000,indefinido,,dominiocontabilidade@gmail.com
0.5350,VS ODONTO ODONTOLOGIA & ESTETICA,46.219.544/0001-40,ME,GUARA,"SETOR SRIA II QE 40 CJ O LT 1, S/N, LOJA  03, GUARA, CEP 71070152, Brasilia/DF",4,1,especialista_alto_ticket,(61) 9 8110-2751,celular,+5561981102751,sim,(00) 0000000000,indefinido,,valeriapsousa11@gmail.com
0.5350,PORFIRIO ODONTOLOGIA ESTETICA,49.939.365/0001-75,ME,TAGUATINGA NORTE (TAGUATINGA),"QUADRA QNE 6, 13, SALA  101, TAGUATINGA NORTE (TAGUATINGA), CEP 72125060, Brasilia/DF",3,1,especialista_alto_ticket,(61) 9 9950-0488,celular,+5561999500488,sim,(00) 0000000000,indefinido,,porfirioodontologia@gmail.com
0.5350,ORTHOLIFE,46.970.222/0001-38,ME,SETOR CENTRAL (GAMA),"AREA ESPECIAL AREA ESPECIAL, 20/21, SALA  166 168 170 171 172       173 E 174 LADO OESTE, SETOR CENTRAL (GAMA), CEP 72405922, Brasilia/DF",4,1,especialista_alto_ticket,(61) 3484-1708,fixo,+556134841708,,(00) 0000000000,indefinido,,iraneide@grupoortholife.com.br
0.5350,ORTHOLIFE,46.959.207/0001-99,ME,SETOR TRADICIONAL (PLANALTINA),"AVENIDA GOIAS QUADRA 50 LOTE, 11, SETOR TRADICIONAL (PLANALTINA), CEP 73330077, Brasilia/DF",4,1,especialista_alto_ticket,(61) 3388-2024,fixo,+556133882024,,(00) 0000000000,indefinido,,admplanaltina@grupoortholife.com.br
0.5350,AG ODONTOLOGIA ESTETICA,50.133.714/0001-46,ME,TAGUATINGA CENTRO (TAGUATINGA),"QUADRA C 1, S/N, LOTE  1/12                SALA  513                 EDIF  TAGUAT. TRADE CENTER, TAGUATINGA CENTRO (TAGUATINGA), CEP 72010010, Brasilia/DF",3,1,especialista_alto_ticket,(61) 9 9673-4425,celular,+5561996734425,sim,,,,dra.andressagomess@gmail.com
0.5345,QUALITY ODONTOLOGIA,09.419.028/0001-32,ME,TAGUATINGA SUL (TAGUATINGA),"QUADRA CSB 2 LOTE 01,02,03 E 04 TORRE A SALA, 612, TAGUATINGA SUL (TAGUATINGA), CEP 72015525, Brasilia/DF",18,1,clinica_geral,(61) 3561-0556,fixo,+556135610556,,,,,dr.leandrofreitas@gmail.com
0.5345,REVITALLE,13.543.628/0001-85,ME,TAGUATINGA NORTE (TAGUATINGA),"QUADRA QNF 3 LOTE 40 SALA, 201, TAGUATINGA NORTE (TAGUATINGA), CEP 72125530, Brasilia/DF",15,1,clinica_geral,(61) 9 9650-4844,celular,+5561996504844,sim,,,,contato@assessoriaecontabilidade.com
0.5345,ODONTO&ARTE,09.250.316/0001-06,ME,NUCLEO BANDEIRANTE,"AVENIDA CENTRAL BLOCO 518/680 LOTE, 656, SALA  04, NUCLEO BANDEIRANTE, CEP 71720520, Brasilia/DF",18,1,clinica_geral,(61) 3386-2981,fixo,+556133862981,,(61) 9 8169-0580,celular,+5561981690580,odontoearte13@gmail.com
0.5345,INSTITUTO ODONTOLOGICO CARLOS FROTA,48.188.950/0001-18,ME,ASA SUL,"QUADRA SGAS 910 BLOCO F MIX PARK SUL, 230, ASA SUL, CEP 70390100, Brasilia/DF",3,1,clinica_institucional,(61) 9 8260-5087,celular,+5561982605087,sim,(00) 0000000000,indefinido,,lucas@lfcontadoria.com.br
0.5340,ALLEGRA ODONTOLOGIA,37.889.519/0001-82,DEMAIS,SETOR NORTE (BRAZLANDIA),"QUADRA QUADRA QN 1, LOTE, 36, SALA  101, SETOR NORTE (BRAZLANDIA), CEP 72705010, Brasilia/DF",6,1,clinica_geral,(61) 9 8548-0659,celular,+5561985480659,sim,,,,luizfernandu.bsb@gmail.com
0.5340,HB INSTITUTO ODONTOLOGICO,49.522.798/0001-20,DEMAIS,SETOR DE HABITACOES INDIVIDUAIS NORTE,"SETOR SHIN CA 01 LOTE A BLOCO A SALA 241, SN, PAVMTO2, SETOR DE HABITACOES INDIVIDUAIS NORTE, CEP 71503501, Brasilia/DF",3,1,clinica_institucional,(61) 3968-1020,fixo,+556139681020,,,,,hbinstitutoodontologico@gmail.com
0.5340,UZZI ODONTOLOGIA,51.803.828/0001-19,ME,SANTA MARIA,"QUADRA QC 1 CONJUNTO D, SN, LOTE  5, SANTA MARIA, CEP 72535040, Brasilia/DF",3,1,especialista_alto_ticket,(61) 9 9830-9030,celular,+5561998309030,sim,,,,uzziodontologia@gmail.com
0.5335,CASA DO DENTE,09.051.473/0001-92,ME,SAO SEBASTIAO,"RUA 48 LOTE, 240,       BAIRRO: CENTRO, SAO SEBASTIAO, CEP 71691010, Brasilia/DF",19,1,clinica_geral,(61) 3561-0025,fixo,+556135610025,,,,,
0.5335,ODONTOCLINICA HOMEOPATICA,00.893.366/0001-37,ME,SOBRADINHO,"CONDOMINIO JARDIM EUROPA 01 QD 02 CONJUNTO A, 07, SOBRADINHO, CEP 73105900, Brasilia/DF",30,1,clinica_geral,(61) 3475-3775,fixo,+556134753775,,,,,
0.5335,OSVALDO JUNIOR,23.395.355/0001-22,ME,SETOR LESTE (VILA ESTRUTURAL - GUARA),"QUADRA QUADRA 1 CONJUNTO 4, S/N, LOTE  27, SETOR LESTE (VILA ESTRUTURAL - GUARA), CEP 71261030, Brasilia/DF",10,1,clinica_geral,(61) 9 9410-9213,celular,+5561994109213,sim,,,,
0.5330,ODONTOSTAR TAGUATINGA,52.605.038/0001-91,EPP,TAGUATINGA NORTE (TAGUATINGA),"QUADRA CNA 1 LOTE, 17, LOJA  06, TAGUATINGA NORTE (TAGUATINGA), CEP 72110015, Brasilia/DF",2,1,clinica_geral,(61) 9 9687-4720,celular,+5561996874720,sim,(00) 0000000000,indefinido,,sophia.ald@hotmail.com
0.5325,BM LOCACOES E CONSTRUCOES,52.453.144/0001-05,ME,SETOR HABITACIONAL VICENTE PIRES,"RUA RUA 8 CHACARA 230C, 13,       ENTRADA C, SETOR HABITACIONAL VICENTE PIRES, CEP 72007100, Brasilia/DF",2,1,clinica_geral,(61) 9 8295-9837,celular,+5561982959837,sim,(00) 0000000000,indefinido,,bmlocacoeseconstrucoes@gmail.com
0.5325,CLINICA VILELA ODONTOLOGIA,48.884.524/0001-19,ME,SETOR HABITACIONAL VICENTE PIRES,"RUA 12 CHACARA 137 ACESSO RUA 10 LOTE, 02, SLJ   01, SETOR HABITACIONAL VICENTE PIRES, CEP 72007485, Brasilia/DF",3,1,clinica_geral,(61) 9 8156-8744,celular,+5561981568744,sim,(00) 0000000000,indefinido,,gleidiane.psousa@gmail.com
0.5325,UNIVERSAL ODONTOLOGIA E CONSULTORIA,53.290.181/0001-02,ME,ASA SUL,"QUADRA SC/S QD 4 BL A, 49, SALA  506, ASA SUL, CEP 70300907, Brasilia/DF",2,1,clinica_geral,(61) 9 9611-3001,celular,+5561996113001,sim,,,,lima3001@gmail.com
0.5320,ABI ODONTOCLINICA,39.877.321/0001-04,ME,PARANOA,"QUADRA QUADRA 30 CONJUNTO 22 LOTE, 10, SALA  102, PARANOA, CEP 71573030, Brasilia/DF",5,1,especialista_alto_ticket,(61) 9 8664-1126,celular,+5561986641126,sim,,,,pammela@gmail.com
0.5320,ORTHO CHIQUI,35.350.959/0001-31,ME,PARANOA,"QUADRA QUADRA 31, SN, CONJ  23 LOTE 09                SOBRELOJA, PARANOA, CEP 71573100, Brasilia/DF",6,1,especialista_alto_ticket,(61) 3548-4200,fixo,+556135484200,,,,,essencialodonto@gmail.com
0.5320,ORTHOIMPLANTES,39.870.265/0001-86,ME,CEILANDIA SUL (CEILANDIA),"QUADRA QNM 17 CJ H LT 46, SN, SALA  203, CEILANDIA SUL (CEILANDIA), CEP 72215178, Brasilia/DF",5,1,especialista_alto_ticket,(61) 3471-6693,fixo,+556134716693,,,,,orthoimplantes@gmail.com
0.5315,ODONTOCLINICA CEILANDIA,08.107.750/0001-79,ME,CEILANDIA,"OUTROS QNM 17 CONJUNTO A LOTE, 13, SALAS 101/102, CEILANDIA, CEP 72215171, Brasilia/DF",20,2,multi_unidade,(61) 3581-7074,fixo,+556135817074,,,,,
0.5315,H N CLINICA ODONTOLOGICA LTDA,24.313.773/0001-96,ME,CEILANDIA NORTE (CEILANDIA),"QUADRA QNP 25 CONJUNTO A, 10, LOTE, CEILANDIA NORTE (CEILANDIA), CEP 72242101, Brasilia/DF",10,1,clinica_geral,(61) 9 8159-1215,celular,+5561981591215,sim,,,,navaneto2@gmail.com
0.5315,ODONTUS,17.343.156/0001-78,ME,CENTRO (SAO SEBASTIAO),"RUA DA GAMELEIRA, 181, CENTRO (SAO SEBASTIAO), CEP 71691085, Brasilia/DF",13,1,clinica_institucional,(61) 9 8171-6620,celular,+5561981716620,sim,,,,odontuss@outlook.com
0.5315,COB - CLINICA ODONTOLOGICA BRASILIA,10.373.585/0001-49,ME,QUADRAS ECONOMICAS LUCIO COSTA,"VILA TECNOLOGICA QE 03 CJ C LOTE, 01, LOJA  04, QUADRAS ECONOMICAS LUCIO COSTA, CEP 71100133, Brasilia/DF",17,1,clinica_geral,(61) 3037-5778,fixo,+556130375778,,,,,
0.5310,ODONTOCOMPANY NUCLEO BANDEIRANTE,41.894.446/0001-94,DEMAIS,NUCLEO BANDEIRANTE,"AVENIDA TERCEIRA AVENIDA BLOCOS 990A/1120B (COMERCIO) CM3 LOTE, 1120A, LOJA  01, NUCLEO BANDEIRANTE, CEP 71720555, Brasilia/DF",5,1,clinica_geral,(61) 9 9697-1888,celular,+5561996971888,sim,,,,brasilia-nucleobandeirante@odontocompany.com
0.5305,PRIORY ODONTOLOGIA LTDA,28.064.404/0001-68,ME,NORTE (AGUAS CLARAS),"AVENIDA DAS CASTANHEIRAS LOTES 1310 E 1370 LOJA, 26, NORTE (AGUAS CLARAS), CEP 71900100, Brasilia/DF",9,1,clinica_geral,(61) 9 9962-0033,celular,+5561999620033,sim,,,,renan@birarepresentacoes.com.br
0.5305,JL BERNARDES ODONTOLOGIA LTDA,26.821.323/0001-30,ME,ASA SUL,"QUADRA SEPS 710/910 CONJUNTO D, SALA, 410, EDIF  C CLINICO VIA BRASIL, ASA SUL, CEP 70390108, Brasilia/DF",9,1,clinica_geral,(61) 3244-5099,fixo,+556132445099,,,,,j.lsbernardes@hotmail.com
0.5305,PREMIER ATELIE ORAL 115DF LTDA,28.039.256/0001-21,ME,NORTE (AGUAS CLARAS),"RUA COPAIBA, S/N, EDIF  DF CENTURY PLAZA    LOTE  1                   SALA  1011                SETOR TORRE A, NORTE (AGUAS CLARAS), CEP 71919540, Brasilia/DF",9,1,clinica_geral,(61) 9 9314-3538,celular,+5561993143538,sim,,,,premier.atelieoral@gmail.com
0.5305,FCT ODONTO LTDA,41.828.834/0001-77,ME,ASA NORTE,"SETOR SCN QUADRA 1 BLOCO F SALA, 905, EDIF  AMERICA OFFICE TOWER, ASA NORTE, CEP 70711905, Brasilia/DF",5,1,clinica_geral,(61) 9 8625-9907,celular,+5561986259907,sim,,,,ftodontologiaeestetica@gmail.com
0.5305,MATHIAS ODONTOLOGIA,34.551.255/0001-64,ME,ASA SUL,"SETOR RADIO TV SUL QUADRA 701 CONJUNTO D BLOCO A SALA, 220, ASA SUL, CEP 70340904, Brasilia/DF",7,1,clinica_geral,(61) 3037-3396,fixo,+556130373396,,,,,mathias.odontologia@gmail.com
0.5305,SCHILD ODONTOLOGIA FAMILIAR,41.951.315/0001-00,ME,SUL (AGUAS CLARAS),"AVENIDA DAS ARAUCARIAS LOTE 1835, 1905, 1955 E, 2005, SALA  511, SUL (AGUAS CLARAS), CEP 71936250, Brasilia/DF",5,1,clinica_geral,(61) 9 9112-6451,celular,+5561991126451,sim,,,,drapaulaparis@yahoo.com.br
0.5305,DOM ODONTOLOGIA,38.479.430/0001-00,ME,ASA NORTE,"QUADRA SCN QUADRA 02, PREDIO LIBERTY MALL, SHOPPING, ENTRADA A, S/N, BLOCO D                   SALA  1026, ASA NORTE, CEP 70077900, Brasilia/DF",5,1,clinica_geral,(61) 3703-0505,fixo,+556137030505,,(61) 9 9984-6954,celular,+5561999846954,domodonto@gmail.com
0.5305,ODONTO ABREU,28.950.342/0001-91,ME,SUL (AGUAS CLARAS),"RUA COPAIBA LOTE 01, TORRE A SALAS 614 E, 616, EDIF  DF CENTURY PLAZA, SUL (AGUAS CLARAS), CEP 71931720, Brasilia/DF",8,1,clinica_geral,(61) 3373-1408,fixo,+556133731408,,(61) 9 8515-3844,celular,+5561985153844,odontoabreu@hotmail.com
0.5305,ORYA STUDIO ODONTOLOGICO,41.301.211/0001-41,ME,ASA NORTE,"SETOR SCN QUADRA 02, BLOCO D, ENTRADA B, SALA, 902,       CENTRO EMPRESARIAL        ENCOL, ASA NORTE, CEP 70712000, Brasilia/DF",5,1,clinica_geral,(61) 9 8154-2911,celular,+5561981542911,sim,,,,eurielber@gmail.com
0.5305,SMILE ODONTOLOGIA,42.039.317/0001-81,ME,SETOR HABITACIONAL VICENTE PIRES - TRECHO 3,"RUA RUA 4 CHACARA 19 LOTE, 61A, SETOR HABITACIONAL VICENTE PIRES - TRECHO 3, CEP 72001275, Brasilia/DF",5,1,clinica_geral,(61) 9 9394-8322,celular,+5561993948322,sim,(61) 9 9662-4396,celular,+5561996624396,khalilnasser2112@gmail.com
0.5305,ESFERA ODONTOLOGIA INTEGRADA,35.250.897/0001-96,ME,ASA NORTE,"SETOR SDN CNB CONJUNTO A SALA, 6078, ASA NORTE, CEP 70077900, Brasilia/DF",6,1,clinica_geral,(61) 9 8131-9930,celular,+5561981319930,sim,,,,tavico2001@yahoo.com.br
0.5305,LENITA AMORIM ODONTOLOGIA,34.524.941/0001-46,ME,AGUAS CLARAS,"AVENIDA AVENIDA DAS CASTANHEIRAS LT 820, S/N, SALA  1103 E 1105, AGUAS CLARAS, CEP 71900100, Brasilia/DF",7,1,clinica_geral,(61) 9 8484-2675,celular,+5561984842675,sim,,,,lenitaodonto@gmail.com
0.5305,RESAB,39.652.377/0001-60,ME,SETOR HABITACIONAL VICENTE PIRES,"RUA RUA 10 CHACARA 179 LOTE, 06, LOJA  01, SETOR HABITACIONAL VICENTE PIRES, CEP 72007395, Brasilia/DF",5,1,clinica_geral,(61) 9 8525-0054,celular,+5561985250054,sim,,,,cristieziaaf@gmail.com
0.5305,DELLORTO ODONTO,41.193.941/0001-76,ME,NORTE (AGUAS CLARAS),"RUA COPAIBA LOTE, 01, BLOCO B                   SALA  310, NORTE (AGUAS CLARAS), CEP 71919540, Brasilia/DF",5,1,clinica_geral,(61) 9 8122-0957,celular,+5561981220957,sim,,,,dellortorscila@gmail.com
0.5305,BAP ATIVIDADE ODONTOLOGICA LTDA,38.308.341/0001-00,ME,NORTE (AGUAS CLARAS),"RUA RUA 37, SN, LOTE  04                  EDIF  CINCINATTI          APT   1706, NORTE (AGUAS CLARAS), CEP 71919360, Brasilia/DF",5,1,clinica_geral,(61) 9 8219-1722,celular,+5561982191722,sim,,,,beatriz_pim@outlook.com
0.5300,ODONTO SIMOES,35.896.016/0001-09,EPP,TAGUATINGA,"QUADRA QNG AREA ESPECIAL 01 LOTE, 02, SALA  213 E 215, TAGUATINGA, CEP 72139900, Brasilia/DF",6,1,clinica_geral,(61) 3354-3965,fixo,+556133543965,,,,,simoes_luciano@hotmail.com
0.5295,OFICINA DO DENTE,14.437.924/0001-64,ME,SAO SEBASTIAO,"QUADRA RUA DA GAMELEIRA, 50, LOJA  01                        PARTE A                   CENTRO, SAO SEBASTIAO, CEP 71691084, Brasilia/DF",14,1,clinica_geral,(61) 3335-7999,fixo,+556133357999,,,,,
0.5295,MAIS SORRISO,22.404.734/0001-79,ME,PARANOA,"AVENIDA QUADRA 17 CONJUNTO 11, S/N,       AV PARANOA          QUADRA17                  CONJ  11                  LOTE  09                  SALA  101, PARANOA, CEP 71571711, Brasilia/DF",11,1,clinica_geral,(61) 3394-0111,fixo,+556133940111,,(61) 9 9326-3272,celular,+5561993263272,wisam_alfokaha@hotmail.com
0.5295,DENTHIIS,24.552.509/0001-05,ME,SETOR NORTE (BRAZLANDIA),"QUADRA 02 LOTE, 06, SETOR NORTE (BRAZLANDIA), CEP 72715020, Brasilia/DF",10,1,clinica_geral,(61) 9 8481-9902,celular,+5561984819902,sim,(61) 9 8148-1519,celular,+5561981481519,samuel.ludovico@hotmail.com
0.5295,DISCOUNT CARD,02.104.436/0001-56,DEMAIS,SOBRADINHO,"QDA  CENTRAL  BLOCO  12, S/N, LOTE  14  SALA  02, SOBRADINHO, CEP 73020000, Brasilia/DF",28,1,clinica_geral,,,,,,,,
0.5295,TOMAZ ODONTOLOGIA,22.351.905/0001-49,ME,GUARA I,"QUADRA QE 7 BLOCO B, SN, SALA: 102 COMERCIAL LOCAL;, GUARA I, CEP 71020627, Brasilia/DF",11,1,clinica_geral,(61) 9 8417-3544,celular,+5561984173544,sim,,,,
0.5295,AMPLA SAUDE,41.011.150/0001-88,ME,AREA OCTOGONAL,"SETOR SHC AOS EA 2/8 LOTE 05 SALA, 122,       TERRACO SHOPPING, AREA OCTOGONAL, CEP 70660083, Brasilia/DF",5,1,clinica_geral,(61) 9 9249-7975,celular,+5561992497975,sim,,,,
0.5295,ORAL PARK ODONTOLOGIA,28.340.324/0001-98,ME,SETOR HABITACIONAL VICENTE PIRES,"RUA RUA 6 CHACARA 265 LOTE 11A, SN, LOJA  02, SETOR HABITACIONAL VICENTE PIRES, CEP 72006555, Brasilia/DF",9,1,clinica_geral,(61) 3254-0108,fixo,+556132540108,,(61) 9 9955-5323,celular,+5561999555323,oralparkodontologia@gmail.com
0.5295,FT - ODONTOLOGIA,36.596.494/0001-66,ME,SETOR HABITACIONAL ARNIQUEIRA (AGUAS CLARAS),"CONJUNTO SHA CONJUNTO 6 CHACARA 463 CONJUNTO L, SN, LOTE  06, SETOR HABITACIONAL ARNIQUEIRA (AGUAS CLARAS), CEP 71996350, Brasilia/DF",6,1,clinica_geral,(61) 3326-3005,fixo,+556133263005,,,,,contastec@gmail.com
0.5290,MAIS DR DENTE,50.811.271/0001-03,EPP,SAMAMBAIA NORTE (SAMAMBAIA),"QUADRA QS 402 CONJUNTO B LOTE, 04, LOJA  03, SAMAMBAIA NORTE (SAMAMBAIA), CEP 72318522, Brasilia/DF",3,1,clinica_geral,(61) 3354-8067,fixo,+556133548067,,(00) 0000000000,indefinido,,contato.racont@gmail.com
0.5290,CONSULTORIO ODONTOLOGICO SUCUPIRA,43.946.043/0001-77,EPP,TAGUATINGA NORTE (TAGUATINGA),"QUADRA CNA 1 LOTE, 15, SALA  103 E 104, TAGUATINGA NORTE (TAGUATINGA), CEP 72110015, Brasilia/DF",4,1,clinica_geral,(61) 3562-2188,fixo,+556135622188,,,,,nanda_sucupira@hotmail.com
0.5290,PATRICIA COLODETTI HOF,58.058.319/0001-58,EPP,ZONA INDUSTRIAL (GUARA),"SETOR SGCV ST GARAGENS E CONCES DE VEICULOS, 1201, LOTE  15                  BLOCO B, ZONA INDUSTRIAL (GUARA), CEP 71215100, Brasilia/DF",1,1,marca_pessoal,(61) 9 9891-5054,celular,+5561998915054,sim,(00) 0000000000,indefinido,,patriciacolodetti@hotmail.com
0.5290,SUBLIME ODONTOLOGIA BRASILIA,51.681.258/0001-31,EPP,TAGUATINGA NORTE,"QUADRA QNA 48 LOTE, 02, SALA  103, TAGUATINGA NORTE, CEP 72115932, Brasilia/DF",3,1,clinica_geral,(61) 9 8176-0623,celular,+5561981760623,sim,(00) 0000000000,indefinido,,rogeriosandu@gmail.com
0.5290,NEOO NUCLEO DE EXCELENCIA EM OFTALMOLOGIA E ODONTOLOGIA,23.026.484/0002-24,DEMAIS,GUARA II,"QUADRA QI 27 BLOCO A, SN, SALA  126, GUARA II, CEP 71060280, Brasilia/DF",4,1,clinica_geral,(61) 9 8134-9001,celular,+5561981349001,sim,,,,taiambr@gmail.com
0.5290,ODONTO FERNANDES,29.904.114/0001-48,ME,RESIDENCIAL NOVA PLANALTINA (PLANALTINA),"QUADRA 1 RUA A LOTE, 05C, APT   102, RESIDENCIAL NOVA PLANALTINA (PLANALTINA), CEP 73401003, Brasilia/DF",8,1,clinica_institucional,(61) 9 8665-1713,celular,+5561986651713,sim,,,,
0.5290,UNIVERSO BUCAL ODONTOLOGIA ESPECIALIZADA,28.228.684/0001-00,ME,TAGUATINGA NORTE (TAGUATINGA),"QUADRA QND 1 LOTE, 01, LOJA  04, TAGUATINGA NORTE (TAGUATINGA), CEP 72120010, Brasilia/DF",9,1,clinica_institucional,(61) 3028-4747,fixo,+556130284747,,(61) 9 8275-9600,celular,+5561982759600,universobucal@gmail.com
0.5290,UNIC - ODONTOLOGIA ESPECIALIZADA,35.595.129/0001-74,ME,SETOR TRADICIONAL (PLANALTINA),"AVENIDA INDEPENDENCIA QUADRA 51 LOTE, 16A, ANDAR 2, SETOR TRADICIONAL (PLANALTINA), CEP 73330003, Brasilia/DF",6,1,clinica_institucional,(61) 9 9310-9352,celular,+5561993109352,sim,,,,ludimilabbraga@hotmail.com
0.5290,ODONTONAVES,36.767.463/0001-20,ME,TAGUATINGA SUL (TAGUATINGA),"QUADRA QSA 11 LOTE, 04,       PARTE B, TAGUATINGA SUL (TAGUATINGA), CEP 72015110, Brasilia/DF",6,1,clinica_geral,(61) 3351-2270,fixo,+556133512270,,(61) 9 9903-3453,celular,+5561999033453,mauricioodontonaves@gmail.com
0.5290,IMCORP CLINICA ODONTOLOGICA,41.705.214/0001-40,ME,GUARA II,"RUA 15 (POLO DE MODAS) LOTE, 50, GUARA II, CEP 71070515, Brasilia/DF",5,1,clinica_geral,(61) 9 9852-3236,celular,+5561998523236,sim,,,,pedroprivillege@gmail.com
0.5290,ODONTO EXCELLENCE,34.892.550/0001-84,ME,SAMAMBAIA SUL (SAMAMBAIA),"QUADRA QN 122 CONJUNTO 13 LOTE, 05, LOJA  01 E 02, SAMAMBAIA SUL (SAMAMBAIA), CEP 72304113, Brasilia/DF",6,1,clinica_geral,(61) 9 8263-4175,celular,+5561982634175,sim,,,,mdgontijo@gmail.com
0.5290,HR ODONTOLOGIA ESPECIALIZADA,34.995.297/0001-94,ME,VILA VICENTINA (PLANALTINA),"AVENIDA INDEPENDENCIA (Q 02,05,10,12,14,16,18,129, 130 E 1) LOTE, 05, QUADRA02                  LOJA  02                  SETOR TRADICIONAL, VILA VICENTINA (PLANALTINA), CEP 73320000, Brasilia/DF",6,1,clinica_institucional,(61) 3389-5641,fixo,+556133895641,,(61) 9 9550-6521,celular,+5561995506521,hugoraposoimplantes@gmail.com
0.5290,TRINITA ODONTOLOGIA ESPECIALIZADA,38.052.037/0001-36,ME,SETOR TRADICIONAL (PLANALTINA),"AVENIDA MARECHAL DEODORO QUADRA 90, 02, SETOR TRADICIONAL (PLANALTINA), CEP 73330026, Brasilia/DF",6,1,clinica_institucional,(61) 9 9403-8978,celular,+5561994038978,sim,,,,trinitaodontologia@gmail.com
0.5285,AMANDA PONCIO ODONTOLOGIA,44.026.222/0001-59,ME,ASA SUL,"QUADRA SEPS 705/905, S/N, CONJ  A                   SALA  526, ASA SUL, CEP 70390055, Brasilia/DF",4,1,marca_pessoal,(61) 3546-7273,fixo,+556135467273,,(61) 9 9612-3789,celular,+5561996123789,poncioodontologia@hotmail.com
0.5285,DRA. TATIANA BANDEIRA ODONTOLOGIA,48.813.035/0001-76,ME,ASA NORTE,"SETOR SMHN QUADRA, 02, BLOCO A                   SALA  401, ASA NORTE, CEP 70710100, Brasilia/DF",3,1,marca_pessoal,(61) 9 9905-0535,celular,+5561999050535,sim,(00) 0000000000,indefinido,,bandeira0206@hotmail.com
0.5285,DRA LAIZA RAKEL ODONTOLOGIA LTDA,47.698.050/0001-58,ME,SETOR HABITACIONAL ARNIQUEIRA (AGUAS CLARAS),"CONJUNTO SHA CONJUNTO 4 CHACARA 78 CASA, 10, SETOR HABITACIONAL ARNIQUEIRA (AGUAS CLARAS), CEP 71994440, Brasilia/DF",4,1,marca_pessoal,(61) 9 9985-5248,celular,+5561999855248,sim,(00) 0000000000,indefinido,,laizarakelsa@gmail.com
0.5285,CARAS CENTRO CLINICO DE ODONTOLOGIA,45.146.055/0001-42,ME,ASA NORTE,"SETOR SRTVN QUADRA 701 CONJUNTO C, SN, TERREO                    LOJA  218, ASA NORTE, CEP 70719903, Brasilia/DF",4,1,clinica_institucional,(99) 9 9999-9999,celular,+5599999999999,sim,,,,xxxxxxxxx@xxxxxx.xxx.xx
0.5285,CTEO CENTRO DE TRATAMENTO ODONTOLOGICO,49.275.579/0001-94,ME,ASA SUL,"SETOR SRTVS QUADRA 701 CONJUNTO D, 280, BLOCO B                   SALA  702/704, ASA SUL, CEP 70340000, Brasilia/DF",3,1,clinica_institucional,(61) 9 8399-2131,celular,+5561983992131,sim,,,,cteoodontlogia@gmail.com
0.5285,SAGA ODONTO,47.837.963/0001-08,ME,ASA NORTE,"SETOR STN CONJUNTO O CONSULTORIO, 19, PAVMTOTERREO              EDIF  LIFE CENTER, ASA NORTE, CEP 70770100, Brasilia/DF",3,1,clinica_geral,(61) 9 9613-1815,celular,+5561996131815,sim,,,,drasamanthasousa@gmail.com
0.5280,ATENDIMENTO 24 HORAS,47.770.872/0001-00,EPP,CEILANDIA SUL (CEILANDIA),"QUADRA QNM 17 CONJUNTO B LOTE, 04, SALA  203, CEILANDIA SUL (CEILANDIA), CEP 72215172, Brasilia/DF",4,1,clinica_institucional,(61) 9 8545-0764,celular,+5561985450764,sim,,,,odontocentro2022@gmail.com
0.5280,DANELUCCI ODONTOLOGIA,59.295.560/0001-63,EPP,CEILANDIA,"SETOR SETOR EXPANSAO DO O NORTE QNO 17 CJ 1 LT 33, S/N, CEILANDIA, CEP 72260701, Brasilia/DF",1,1,clinica_geral,(61) 9 8179-5456,celular,+5561981795456,sim,(00) 0000000000,indefinido,,ddanellucci@hotmail.com
0.5270,INSTITUTO ODONTOLOGICO GAMA SUL,29.845.414/0001-01,ME,SETOR SUL COMERCIAL,"QUADRA QUADRA 06 LOTE, 11, SLJ   SOBRELOJA, SETOR SUL COMERCIAL, CEP 72415300, Brasilia/DF",8,1,clinica_institucional,(61) 9 9296-7102,celular,+5561992967102,sim,,,,hjanaina.df@gmail.com
0.5270,LUMIERE ODONTOLOGIA ESPECIALIZADA LTDA,49.769.528/0001-19,ME,SAMAMBAIA SUL (SAMAMBAIA),"QUADRA QN 310 CONJUNTO 1 LOTE, 1, SALA  103 104 107 108, SAMAMBAIA SUL (SAMAMBAIA), CEP 72306701, Brasilia/DF",3,1,clinica_institucional,(61) 9 9813-2757,celular,+5561998132757,sim,,,,lumiereodonto.adm@gmail.com
0.5270,DOMANNO ODONTOLOGIA ESPECIALIZADA,47.455.130/0001-82,ME,TAGUATINGA SUL (TAGUATINGA),"QUADRA CSB 2, 1, LOTE  1 2 3 E 4           SALA  530, TAGUATINGA SUL (TAGUATINGA), CEP 72015525, Brasilia/DF",4,1,clinica_institucional,(61) 9 8111-7634,celular,+5561981117634,sim,,,,domanno.odontologia@outlook.com
0.5270,DRA FABIANA SOUZA CLINICA ODONTOLOGICA,46.671.743/0001-94,ME,SETOR INDUSTRIAL (GAMA),"QUADRA QUADRA 7, S/N, LOTE  760                 LOJA  02                  EDIF  GILBERT, SETOR INDUSTRIAL (GAMA), CEP 72445070, Brasilia/DF",4,1,marca_pessoal,(61) 9 9939-0847,celular,+5561999390847,sim,(00) 0000000000,indefinido,,lufa93330@gmail.com
0.5270,CAMILA GONTIJO ODONTOLOGIA E ESTETICA,48.763.219/0001-79,ME,ZONA INDUSTRIAL (GUARA),"TRECHO SIA TRECHO 1, S/N, SALA  114 E 115           LOTE  230, ZONA INDUSTRIAL (GUARA), CEP 71200012, Brasilia/DF",3,1,marca_pessoal,(61) 9 9880-9989,celular,+5561998809989,sim,,,,dra.camilagontijocardoso@gmail.com
0.5270,LARISSA ALMEIDA PERIODONTIA E ESTETICA,46.584.609/0001-56,ME,CRUZEIRO NOVO,"QUADRA SHCES QUADRA 601 BLOCO C, S/N, APT   101, CRUZEIRO NOVO, CEP 70655613, Brasilia/DF",4,1,marca_pessoal,(61) 9 8325-0086,celular,+5561983250086,sim,(00) 0000000000,indefinido,,ceconsolucoes@gmail.com
0.5265,ODONTOCLIN - ADULTOS E CRIANCAS,04.212.488/0001-71,ME,CEILANDIA NORTE (CEILANDIA),"QUADRA QNM 18 CONJUNTO D LOTE, 02, SALA  101, CEILANDIA NORTE (CEILANDIA), CEP 72210180, Brasilia/DF",25,1,clinica_geral,(61) 9 9649-4790,celular,+5561996494790,sim,,,,dinizbernardino@hotmail.com
0.5265,LSW ODONTOLOGIA 733DF LTDA,27.582.271/0001-59,ME,NORTE (AGUAS CLARAS),"RUA DAS FIGUEIRAS LOTE 07 SALAS 1107 E 1108, 07, NORTE (AGUAS CLARAS), CEP 71906750, Brasilia/DF",9,1,clinica_geral,(61) 9 8170-9639,celular,+5561981709639,sim,,,,gerassessoriacontabil@gmail.com
0.5265,ODONTOCLIN,18.104.615/0001-23,ME,SAMAMBAIA NORTE (SAMAMBAIA),"QUADRA QS 406 CONJUNTO A LOTE, 07, SALA  02, SAMAMBAIA NORTE (SAMAMBAIA), CEP 72318571, Brasilia/DF",13,1,clinica_geral,(61) 3563-7757,fixo,+556135637757,,,,,scorpius45@gmail.com
0.5265,ODONTOLINEA,23.273.833/0001-21,ME,TAGUATINGA CENTRO (TAGUATINGA),"QUADRA C 1, SN, LOTE  01/12               SALA  339340 E 341, TAGUATINGA CENTRO (TAGUATINGA), CEP 72010010, Brasilia/DF",10,1,clinica_geral,(61) 9 9633-6175,celular,+5561996336175,sim,,,,
0.5265,REDE CASAL20 SERVICOS,18.732.288/0001-54,ME,SOBRADINHO,"QUADRA QUADRA 05 CONJUNTO E, SN, CASA  04, SOBRADINHO, CEP 73030055, Brasilia/DF",13,1,clinica_geral,(61) 9 8401-4011,celular,+5561984014011,sim,,,,juliolento@hotmail.com
0.5265,ALFA BAGNATO ODONTOLOGIA,41.008.594/0001-64,ME,ASA NORTE,"SETOR SRTVN QUADRA 701 CONJUNTO C ALA A SALA, 418, ASA NORTE, CEP 70719903, Brasilia/DF",5,1,clinica_geral,(61) 3327-3205,fixo,+556133273205,,,,,carlabagnato@hotmail.com
0.5265,IB ODONTOLOGIA - UNIDADE GAMA,16.548.744/0001-85,ME,SETOR SUL GAMA,"QUADRA 01, SN, LOTE  03                  LOJA  01 E 02, SETOR SUL GAMA, CEP 72410100, Brasilia/DF",14,1,clinica_geral,(61) 3622-4525,fixo,+556136224525,,,,,
0.5265,CLINICA INOVAR ODONTOLOGIA HUMANIZADA,58.801.575/0001-93,ME,NORTE (AGUAS CLARAS),"AVENIDA PAU BRASIL LOTE, 06, EDIF  EBUSINESS           SALA  1507, NORTE (AGUAS CLARAS), CEP 71916500, Brasilia/DF",1,1,clinica_geral,(61) 9 9685-1690,celular,+5561996851690,sim,(00) 0000000000,indefinido,,inovarodontologiabsb@gmail.com
0.5265,ODONTOMED,57.912.543/0001-00,ME,SUL (AGUAS CLARAS),"AVENIDA DAS ARAUCARIAS, S/N, LOTE  1665                LOJA  17, SUL (AGUAS CLARAS), CEP 71936250, Brasilia/DF",1,1,clinica_geral,(61) 9 9665-1980,celular,+5561996651980,sim,(00) 0000000000,indefinido,,bcpt@live.com
0.5265,TONCHEFF DENTAL CLINIC,54.267.677/0001-10,ME,SETOR HABITACIONAL VICENTE PIRES,"RUA 4A AREA FEIRA DO PRODUTOR, 17A, SALA  401                 EDIF  SOUZA VICENTE, SETOR HABITACIONAL VICENTE PIRES, CEP 72006253, Brasilia/DF",2,1,clinica_institucional,(61) 9 8383-0755,celular,+5561983830755,sim,(00) 0000000000,indefinido,,cltoncheff@gmail.com
0.5265,BARONI,57.670.389/0001-08,ME,ASA NORTE,"SETOR COMERCIAL NORTE QUADRA 01 BLOCO F SALA 1005, S/N,       PARTE 2, ASA NORTE, CEP 70711905, Brasilia/DF",1,1,clinica_institucional,(61) 3554-5626,fixo,+556135545626,,(00) 0000000000,indefinido,,atendimento@favarocontabilidade.cnt.br
0.5265,ECCO FACE,52.295.119/0001-32,ME,ASA SUL,"QUADRA SEPS 710/910 CONJUNTO D, SN, SALA  202/204             EDIF  VIA BRASIL, ASA SUL, CEP 70390108, Brasilia/DF",2,1,clinica_institucional,(61) 9 8402-1366,celular,+5561984021366,sim,,,,amandapasso@gmail.com
0.5265,DRA. JAMINE ORRICO ODONTOLOGIA ESPECIALIZADA,54.562.708/0001-65,ME,SUL (AGUAS CLARAS),"AVENIDA PAU BRASIL, LOTE, 10, SALA  1110, SUL (AGUAS CLARAS), CEP 71926000, Brasilia/DF",2,1,marca_pessoal,(61) 9 8342-0006,celular,+5561983420006,sim,(00) 0000000000,indefinido,,mineorrico@hotmail.com
0.5265,RAZAK ODONTOLOGIA ESPECIALIZADA,53.941.635/0001-50,ME,AREA DE DESENVOLVIMENTO ECONOMICO (AGUAS CLARAS),"AREA ADE CONJUNTO 11 LOTE 13 LOJA, 02, AREA DE DESENVOLVIMENTO ECONOMICO (AGUAS CLARAS), CEP 71987360, Brasilia/DF",2,1,clinica_institucional,(61) 9 9970-2434,celular,+5561999702434,sim,(00) 0000000000,indefinido,,razakodonto@gmail.com
0.5260,CLINICA NATUS,28.803.240/0001-43,EPP,CEILANDIA NORTE (CEILANDIA),"QUADRA QNN 17 CONJUNTO E, SN, LOTE  04                  SALA  101, CEILANDIA NORTE (CEILANDIA), CEP 72225175, Brasilia/DF",8,1,clinica_geral,(61) 3471-4861,fixo,+556134714861,,,,,natus.adm2019@gmail.com
0.5260,VITAL ODONTOLOGIA E PSICOLOGIA,27.868.115/0001-59,EPP,AREA DE DESENVOLVIMENTO ECONOMICO (CEILANDIA),"AREA ADE QUADRA 1 CONJUNTO C, S/N, LOTE  22                  SALA  101 A 106           SLJ, AREA DE DESENVOLVIMENTO ECONOMICO (CEILANDIA), CEP 72237130, Brasilia/DF",9,1,clinica_geral,(61) 9 9606-0315,celular,+5561996060315,sim,,,,fabricio.belongtojesus@gmail.com
0.5260,SEED ODONTO ESTETICA,59.309.535/0001-91,ME,RECANTO DAS EMAS,"QUADRA 303 AVENIDA RECANTO DAS EMAS, S/N, LOTE  03 LOJA 02, RECANTO DAS EMAS, CEP 72620400, Brasilia/DF",1,1,especialista_alto_ticket,(61) 9 9936-2984,celular,+5561999362984,sim,,,,seedoodontoestetica@gmail.com
0.5255,DAYANA DANELUCCI ODONTOLOGIA,20.095.149/0001-09,ME,CEILANDIA NORTE,"QUADRA QNO 17 CONJUNTO, 01, LOTE  33                  SETOR O, CEILANDIA NORTE, CEP 72260701, Brasilia/DF",12,1,clinica_geral,(61) 3374-8699,fixo,+556133748699,,,,,
0.5255,HOSPITAL DOS DENTES ODONTOLOGIA INTEGRADA,20.947.117/0001-94,ME,CENTRO (SAO SEBASTIAO),"AVENIDA COMERCIAL LOTE 1351 BAIRRO CENTRO, SN, CENTRO (SAO SEBASTIAO), CEP 71691082, Brasilia/DF",12,1,clinica_geral,(61) 3321-0999,fixo,+556133210999,,,,,
0.5250,DRA. ANGELICA CARVALHO,05.628.997/0002-23,EPP,TAGUATINGA CENTRO (TAGUATINGA),"QUADRA C 2, S/N, LOTE  4/14 E 15           SALA  913                 EDIF  ACIOLLY OFFICE TOWER, TAGUATINGA CENTRO (TAGUATINGA), CEP 72010020, Brasilia/DF",3,1,marca_pessoal,(61) 9 8178-9530,celular,+5561981789530,sim,,,,angelicavcarvalho@gmail.com
0.5250,CLINICA ODONTOLOGICA PRADO,27.007.009/0001-80,ME,SETOR TRADICIONAL (PLANALTINA),"AVENIDA MARECHAL DEODORO, QUADRA 83, LOTE, 04, SETOR TRADICIONAL (PLANALTINA), CEP 73330026, Brasilia/DF",9,1,clinica_geral,(61) 3389-5590,fixo,+556133895590,,,,,anapaulap60@hotmail.com
0.5250,ARTE ODONTOLOGIA INTEGRAL LTDA,02.777.988/0001-25,ME,OCTOGONAL,"SETOR SHC/AOS 2/8 LOTE, 05, TORRE A SALA 318, OCTOGONAL, CEP 70660020, Brasilia/DF",27,1,clinica_geral,(61) 3233-1861,fixo,+556132331861,,(61) 3339-3444,fixo,+556133393444,
0.5245,SECONCI,03.656.261/0007-48,DEMAIS,ASA NORTE,"QUADRA SHCGN CR 706/707 BLOCO B, SN,       ENTRADA 12          APT   301 E 302, ASA NORTE, CEP 70740620, Brasilia/DF",6,1,clinica_geral,(61) 3399-1888,fixo,+556133991888,,,,,seconci@seconci-df.org.br
0.5240,CROOL BY RIOS ODONTOLOGIA E MEDICINA INTEGRADA,55.506.983/0001-24,DEMAIS,SETOR DE HABITACOES INDIVIDUAIS SUL,"SETOR SHIS QI 3 LOTE A BLOCO C, S/N, EDIF  TERRACOTA, SETOR DE HABITACOES INDIVIDUAIS SUL, CEP 71605200, Brasilia/DF",2,1,clinica_geral,(61) 9 8175-1833,celular,+5561981751833,sim,(00) 0000000000,indefinido,,financeiro@clinicarios.com.br
0.5240,CLINICA ODONTOLOGICA ODONTOLY,27.904.693/0001-01,ME,CEILANDIA SUL (CEILANDIA),"QUADRA QNM 17 CONJUNTO E LOTE 03, SN, SALA  504, CEILANDIA SUL (CEILANDIA), CEP 72215175, Brasilia/DF",9,1,clinica_geral,(61) 9 8461-7099,celular,+5561984617099,sim,,,,ligiagabriela@bol.com.br
0.5240,TOPRISO ODONTOLOGIA,33.201.532/0001-46,ME,RECANTO DAS EMAS,"QUADRA QUADRA 203, SN, LOTE  26                  SALA  101, RECANTO DAS EMAS, CEP 72610300, Brasilia/DF",7,1,clinica_institucional,(61) 3434-5544,fixo,+556134345544,,(61) 9 8267-2106,celular,+5561982672106,atendimento@topriso.com.br
0.5240,ODONTO+SORRISO,40.651.091/0001-40,ME,RECANTO DAS EMAS,"AVENIDA QUADRA 303 AVENIDA RECANTO DAS EMAS, SN, LOTE  03                  LOJA  02, RECANTO DAS EMAS, CEP 72620400, Brasilia/DF",5,1,clinica_geral,(61) 3332-1689,fixo,+556133321689,,(61) 9 9691-6442,celular,+5561996916442,mais.sorriso@hotmail.com
0.5235,CLINICA LC,01.029.452/0001-69,ME,SOBRADINHO,"LOC  QUADRA 07 AREA ESPECIAL, 04, SALA 202, SOBRADINHO, CEP 73035070, Brasilia/DF",30,1,clinica_geral,,,,,,,,
0.5235,ODONTOLOGIA ESPECIALIZADA UNIVERSAL LTDA,03.187.445/0001-10,ME,TAGUATINGA,"QUADRA QNA, 30, LOTE  10                  SALA  103, TAGUATINGA, CEP 72110300, Brasilia/DF",27,1,clinica_institucional,(61) 3352-7463,fixo,+556133527463,,,,,
0.5235,CLINICA ODONTOLOGICA ORAL 5 LTDA,02.417.108/0001-00,ME,GUARA I,"QUADRA QI 4 BLOCO B LOTE 05 PRIMEIRO ANDAR, S/N, GUARA I, CEP 71010622, Brasilia/DF",28,1,clinica_geral,(61) 9 8153-7451,celular,+5561981537451,sim,,,,shsinicio@hotmail.com
0.5235,CENTRO ODONTOLOGICO MILLENNIUM,03.826.828/0001-91,ME,GAMA,"QUADRA 43 LOTE, 94, ST. LESTE RESIDENCIAL, GAMA, CEP 72465430, Brasilia/DF",26,1,clinica_institucional,(06) 1556-4554,fixo,+550615564554,,,,,
0.5235,VIVA SORRINDO,06.968.295/0001-70,ME,CEILANDIA,"QNM 17 CONJUNTO B LOTE, 03, SALA 203/204, CEILANDIA, CEP 72215175, Brasilia/DF",22,1,clinica_geral,(61) 3372-4124,fixo,+556133724124,,,,,flavioresendesilva@hotmail.com
0.5235,ODONTO-CENTER,02.826.726/0001-03,ME,TAGUATINGA NORTE (TAGUATINGA),"QUADRA CNG 5 LT 7, SN, SALA  103, TAGUATINGA NORTE (TAGUATINGA), CEP 72130055, Brasilia/DF",27,1,clinica_geral,(61) 3354-2463,fixo,+556133542463,,,,,matos.ricardo@uol.com.br
0.5235,CLINICA ODONTOLOGICA RIBEIRO,03.705.699/0001-83,ME,SOBRADINHO,"QUADRA 01 AREA RESERVADA, AR 01,       SOBRELOJA 03, SOBRADINHO, CEP 73020010, Brasilia/DF",26,1,clinica_geral,(61) 9 8185-6815,celular,+5561981856815,sim,,,,patricadeangelis@gmail.com
0.5235,CLINICA ODONTOLOGICA LOUBACH,02.356.105/0001-03,ME,GUARA II,"QE 15 CONJUNTO A CASA, 05, GUARA II, CEP 71050010, Brasilia/DF",28,1,clinica_geral,(06) 1567-2892,fixo,+550615672892,,,,,
0.5235,CORE - CLINICA ODONTOLOGICA,04.571.636/0001-44,ME,SAMAMBAIA NORTE,"QUADRA QN 431 CONJUNTO E LOTE 02, S/N, LOJA  2, SAMAMBAIA NORTE, CEP 72329545, Brasilia/DF",25,1,clinica_geral,(61) 3459-9346,fixo,+556134599346,,,,,core.odonto@yahoo.com
0.5235,INSTITUTO ODONT.DR.HENRIQUE SILVA SILVEIRA,01.181.737/0001-10,ME,TAGUATINGA,"QUADRA CNB 01 LOTES 06/07 SALA, 316, TAGUATINGA, CEP 72115015, Brasilia/DF",30,1,clinica_institucional,(61) 3563-3789,fixo,+556135633789,,(61) 3354-5686,fixo,+556133545686,ecominascontabilidade@uol.com.br
0.5235,SORRIA +,02.055.993/0001-24,ME,GUARA II,"QUADRA QE 34 BLOCO A, 110, SALA;, GUARA II, CEP 71065612, Brasilia/DF",29,1,clinica_geral,(61) 3226-8244,fixo,+556132268244,,,,,
0.5230,BS ODONTOLOGIA E ESTETICA LTDA,58.500.499/0001-86,ME,TAGUATINGA,"SETOR SETOR D NORTE QND 13 LT 7, S/N, TAGUATINGA, CEP 72120130, Brasilia/DF",1,1,especialista_alto_ticket,(61) 9 8193-4483,celular,+5561981934483,sim,(00) 0000000000,indefinido,,bsodontologiaeestetica@gmail.com
0.5230,ALLT DENTAL HARMONIZACAO,55.245.919/0001-37,ME,TAGUATINGA SUL,"QUADRA CSB 02 LOTE 01, 02, 03 E, 04,       TORRE B             SALA  523, TAGUATINGA SUL, CEP 72015901, Brasilia/DF",2,1,especialista_alto_ticket,(61) 9 8255-4763,celular,+5561982554763,sim,,,,alltdentalharmonizacao@gmail.com
0.5230,RIVERE ODONTOLOGIA & ESTETICA,58.512.839/0001-99,ME,SETOR INDUSTRIAL (GAMA),"QUADRA ST LESTE IND QD 2 LT 1420 A 1520 BL A, SN, APT   606                 EDIF  IDEALLE, SETOR INDUSTRIAL (GAMA), CEP 72445020, Brasilia/DF",1,1,especialista_alto_ticket,(61) 9 8186-5311,celular,+5561981865311,sim,(00) 0000000000,indefinido,,dra.anajessicasm@gmail.com
0.5230,INSTITUTO HORUS PRIME DE ODONTOLOGIA & ESTETICA,54.333.146/0001-88,ME,TAGUATINGA SUL,"QUADRA CSB 02 LOTE, 1/4, SALA  906                 SALA  904, TAGUATINGA SUL, CEP 72015901, Brasilia/DF",2,1,especialista_alto_ticket,(61) 9 8474-8474,celular,+5561984748474,sim,(00) 0000000000,indefinido,,odontodfstar@gmail.com
0.5230,LUMINA ODONTOLOGIA E ESTETICA AVANCADA,55.747.201/0001-49,ME,SETOR CENTRAL (GAMA),"QUADRA 47/49 PROJECAO 04 SALA, 516, SETOR CENTRAL (GAMA), CEP 72405474, Brasilia/DF",2,1,especialista_alto_ticket,(61) 9 9369-2694,celular,+5561993692694,sim,(00) 0000000000,indefinido,,dra.thaismesquitaa@gmail.com
0.5225,CLINICA DANIELA SILVEIRA,04.071.316/0001-25,ME,ST COML NORTE,"QUADRA QD 02 BL D ENTRADA B SL 1105, SN,       ASA NORTE, ST COML NORTE, CEP 70712904, Brasilia/DF",25,1,clinica_geral,(61) 9 8235-8585,celular,+5561982358585,sim,,,,vitor.q.s.h.r@gmail.com
0.5225,ODONTO SUPREMO,15.638.450/0001-81,ME,ESTRUTURAL,"QUADRA 02 CONJUNTO 02 LOTE, 15, SETOR LESTE INDUSTRIAL, ESTRUTURAL, CEP 71261110, Brasilia/DF",14,1,clinica_geral,(61) 3964-5656,fixo,+556139645656,,,,,
0.5225,CLINICA ODONTOVITA,49.860.327/0001-22,ME,AREAL (AGUAS CLARAS),"QUADRA QS 6 LOTE, 28, LOJA  01, AREAL (AGUAS CLARAS), CEP 71965000, Brasilia/DF",3,1,clinica_geral,(61) 9 9922-5550,celular,+5561999225550,sim,,,,m3marcella@yahoo.com.br
0.5225,DR. LUIZ FELIPE - ODONTOLOGIA ESPECIALIZADA,48.846.060/0001-56,ME,AREAL (AGUAS CLARAS),"QUADRA QS 1 RUA 210, 3, SALA  909 E 910           EDIF  LED OFFICE, AREAL (AGUAS CLARAS), CEP 71950770, Brasilia/DF",3,1,marca_pessoal,(61) 9 9629-0725,celular,+5561996290725,sim,,,,luiz.lfp95@gmail.com
0.5225,ODONTO HARMONY,49.411.310/0001-98,ME,SETOR HABITACIONAL VICENTE PIRES,"RUA RUA 12 CHACARA 321 LOTE, 02, LOJA  06, SETOR HABITACIONAL VICENTE PIRES, CEP 72007820, Brasilia/DF",3,1,clinica_geral,(61) 9 9211-1643,celular,+5561992111643,sim,(00) 0000000000,indefinido,,econtabildf@gmail.com
0.5225,SMILE SENSE,49.400.143/0001-80,ME,SETOR SUDOESTE,"QUADRA SHCSW CHSW BLOCOS 3/4/5, 246, SETOR SUDOESTE, CEP 70673416, Brasilia/DF",3,1,clinica_institucional,(61) 9 9669-2283,celular,+5561996692283,sim,,,,smilesenseodontologia@gmail.com
0.5225,CARNEIRO ODONTOLOGIA,45.767.713/0001-13,ME,SETOR HABITACIONAL VICENTE PIRES,"RUA RUA 4A CHACARA 112, 05, CASA  01                  LOJA  01 E 02, SETOR HABITACIONAL VICENTE PIRES, CEP 72006223, Brasilia/DF",4,1,clinica_geral,(61) 3397-6996,fixo,+556133976996,,,,,priscilatcarneiro@hotmail.com
0.5220,FAZ SORRISOS CEILANDIA LTDA,33.416.624/0001-43,DEMAIS,CEILANDIA NORTE (CEILANDIA),"QUADRA QNM 18 CONJUNTO E LOTE, 04, CEILANDIA NORTE (CEILANDIA), CEP 72210185, Brasilia/DF",7,1,clinica_geral,(11) 2950-6761,fixo,+551129506761,,,,,juridico@dentistamais.com
0.5220,ORAL PERSONA ODONTOLOGIA LTDA.,34.728.505/0001-99,DEMAIS,SETOR DE HABITACOES INDIVIDUAIS SUL,"SETOR SHIS QI 15 BLOCO O, SN, SALA  T2B TERREO          EDIF  VICTORIA MEDICAL          CENTER, SETOR DE HABITACOES INDIVIDUAIS SUL, CEP 71635600, Brasilia/DF",7,1,clinica_geral,(61) 3321-0999,fixo,+556133210999,,,,,juridicon@juridicon.com.br
0.5220,SAINT CLARA ODONTOLOGIA LTDA,33.206.091/0001-75,EPP,GRANJA DO TORTO,"QUADRA A (VILA WESLIAN RORIZ) RES. LUCIO BICALHO LOTE, 21, LOJA  02, GRANJA DO TORTO, CEP 70636005, Brasilia/DF",7,1,clinica_geral,(61) 9 8635-9892,celular,+5561986359892,sim,,,,
0.5220,IMPLANTAR ODONTOLOGIA ESPECIALIZADA,46.500.092/0001-70,ME,VEREDAS (BRAZLANDIA),"QUADRA QUADRA 2, SN, LOTE  14                  LOJA  02, VEREDAS (BRAZLANDIA), CEP 72725200, Brasilia/DF",4,1,especialista_alto_ticket,(61) 9 8346-0785,celular,+5561983460785,sim,(00) 0000000000,indefinido,,soniinhajack@hotmail.com
0.5220,VIANA ODONTOLOGIA ESTETICA,43.890.451/0001-54,ME,DEL LAGO I (ITAPOA),"QUADRA 5 LOTE, 01, LOJA  01, DEL LAGO I (ITAPOA), CEP 71591175, Brasilia/DF",4,1,especialista_alto_ticket,(61) 9 9130-4268,celular,+5561991304268,sim,,,,clinicaodontologicaviana8@gmail.com
0.5220,MORAES ODONTOLOGIA,45.084.537/0001-15,ME,CANDANGOLANDIA,"QUADRA QR 3 CONJUNTO C LOTE, 59, LOJA  02, CANDANGOLANDIA, CEP 71725303, Brasilia/DF",4,1,especialista_alto_ticket,(61) 9 8378-2107,celular,+5561983782107,sim,,,,moraesodontodf@gmail.com
0.5220,OKAMOTO ODONTOLOGIA E ESTETICA,50.296.782/0001-26,ME,SETOR DE HABITACOES INDIVIDUAIS SUL,"QUADRA SHIS QI 9 BLOCO E2 SALA, 107, SETOR DE HABITACOES INDIVIDUAIS SUL, CEP 71625176, Brasilia/DF",3,1,especialista_alto_ticket,(61) 9 9886-5415,celular,+5561998865415,sim,(00) 0000000000,indefinido,,okamotoodonto1@gmail.com
0.5215,REABILITAR ODONTOLOGIA,02.578.607/0001-89,ME,TAGUATINGA NORTE (TAGUATINGA),"QUADRA QNM 34 AREA ESPECIAL 1 SALA, 201, TAGUATINGA NORTE (TAGUATINGA), CEP 72145450, Brasilia/DF",31,1,clinica_geral,(61) 5585-5203,fixo,+556155855203,,,,,dilermando.verly@gmail.com
0.5215,ODONTOCLINICA SORRISO PERFEITO,08.718.604/0001-80,ME,CEILANDIA CENTRO (CEILANDIA),"QUADRA CNM 1 BLOCO H LOTE 1, S/N, SALA  206, CEILANDIA CENTRO (CEILANDIA), CEP 72215508, Brasilia/DF",19,1,clinica_geral,(61) 9 9805-3725,celular,+5561998053725,sim,,,,clinicaperfeitosorriso@gmail.com
0.5215,ODONTO PAIVA,10.379.174/0001-60,ME,CEILANDIA NORTE (CEILANDIA),"QUADRA QNN 5 CONJUNTO D, SN, LOTE: 48 LOJA 02;, CEILANDIA NORTE (CEILANDIA), CEP 72225054, Brasilia/DF",17,1,clinica_geral,(61) 3372-5919,fixo,+556133725919,,,,,odontopaiva@gmail.com
0.5215,KASSOIN ASSISTENCIA ODONTOLOGICA INTEGRADA,00.674.029/0001-59,ME,SETOR CENTRAL GAMA,"PROJECAO 09, S/N, SALA  601 603 605 E 607, SETOR CENTRAL GAMA, CEP 72404903, Brasilia/DF",31,1,clinica_geral,(61) 9 9227-2006,celular,+5561992272006,sim,,,,clinicakassoin@hotmail.com
0.5215,ABRITTA ODONTOLOGIA LTDA,25.300.135/0001-01,ME,PARANOA,"QUADRA QUADRA 29 CONJUNTO 21 LOTES, 4 E 5, PARANOA, CEP 71573017, Brasilia/DF",10,1,clinica_geral,(61) 9 8105-6000,celular,+5561981056000,sim,,,,analuiza.abritta@hotmail.com
0.5215,ODONTOCLINICA RECANTO DAS EMAS,22.473.712/0001-60,ME,RECANTO DAS EMAS,"QUADRA QUADRA 103, SN,       AVENIDA RECANTO     LOTE  09 SOBRELOJA, RECANTO DAS EMAS, CEP 72600300, Brasilia/DF",11,1,clinica_geral,(61) 3622-4525,fixo,+556136224525,,,,,
0.5215,ODONTO CLEAIN,08.574.839/0001-45,ME,GAMA,"QUADRA 22 LOTE, 99, SETOR LESTE, GAMA, CEP 72420210, Brasilia/DF",19,1,clinica_geral,(61) 3384-1405,fixo,+556133841405,,(61) 3384-9804,fixo,+556133849804,
0.5205,CONSULTORIO ODONTOLOGICO LUMINOS,52.865.168/0001-63,ME,NORTE (AGUAS CLARAS),"RUA COPAIBA LOTE, 01,       SALA 1712                 TORRE B, NORTE (AGUAS CLARAS), CEP 71919540, Brasilia/DF",2,1,clinica_geral,(61) 3526-2785,fixo,+556135262785,,(00) 0000000000,indefinido,,luminosodontologia@gmail.com
0.5205,N P ODONTOLOGIA AVANCADA,46.965.506/0001-36,ME,ASA NORTE,"SETOR SRTVN QUADRA 701 CONJUNTO C, SN, SALA  723/725 ALA B       EDIF  CENTRO EMPRES. NORTE, ASA NORTE, CEP 70719030, Brasilia/DF",4,1,clinica_geral,(77) 9 9956-8785,celular,+5577999568785,sim,,,,nelson_pinheiro85@hotmail.com
0.5205,JARDIM ODONTO,51.332.713/0001-93,ME,SETOR HABITACIONAL JARDIM BOTANICO,"SETOR POLO DE ARTESANATO DF 001 KM 27, LOJA, 19,       PARTE B, SETOR HABITACIONAL JARDIM BOTANICO, CEP 71686100, Brasilia/DF",3,1,clinica_geral,(61) 3043-0043,fixo,+556130430043,,(00) 0000000000,indefinido,,ivana@guimaraeskozlowski.com.br
0.5205,PRIME+ ODONTOLOGIA,51.470.048/0001-02,ME,SETOR HABITACIONAL VICENTE PIRES,"RUA 12 CHACARA 308 LOTE, 04, LOJA  01, SETOR HABITACIONAL VICENTE PIRES, CEP 72007705, Brasilia/DF",3,1,clinica_geral,(61) 9 9333-9065,celular,+5561993339065,sim,,,,clinicaprimemais@gmail.com
0.5205,QUALITY ODONTOLOGIA,49.255.332/0001-06,ME,ASA SUL,"QUADRA SEPS 709/909 CONJUNTO F CONSULTORIO 12, SN, ASA SUL, CEP 70390095, Brasilia/DF",3,1,clinica_geral,(61) 9 8469-7984,celular,+5561984697984,sim,(00) 0000000000,indefinido,,carolbertazzi@yahoo.com.br
0.5205,COB,46.973.316/0001-60,ME,AREAL (AGUAS CLARAS),"QUADRA QS 1 RUA 210, 34 35, LOTE  1110 E 1111 TORRE 03, AREAL (AGUAS CLARAS), CEP 71950770, Brasilia/DF",4,1,clinica_geral,(61) 3977-0880,fixo,+556139770880,,(00) 0000000000,indefinido,,odontologiacob@gmail.com
0.5205,CLINICA MBASTOS,44.580.559/0001-03,ME,ASA SUL,"EDIFICIO CENTRO CLINICO VIA BRASIL SEPS 710/910 CONJUNTO D, S/N,       SALA 301 A 305, ASA SUL, CEP 70390108, Brasilia/DF",4,1,clinica_geral,(61) 3442-8303,fixo,+556134428303,,,,,clinicambastos568@gmail.com
0.5205,PINHEIRO SAMPAIO ODONTOLOGIA,44.269.175/0001-74,ME,ASA SUL,"QUADRA SGAS 915 CONJUNTO N, 0, SALA  146                 EDIF  ADVANCE, ASA SUL, CEP 70390150, Brasilia/DF",4,1,clinica_geral,(61) 3342-1639,fixo,+556133421639,,,,,sampaio.odontologia@gmail.com
0.5205,SERENOS ODONTOLOGIA,51.761.826/0001-04,ME,AREAL (AGUAS CLARAS),"QUADRA QS 03 EPCT LOTES 3 - 5, 7/9, SALA  1315                      PATIO CAPITAL, AREAL (AGUAS CLARAS), CEP 71953000, Brasilia/DF",3,1,clinica_geral,(61) 9 9220-1212,celular,+5561992201212,sim,(00) 0000000000,indefinido,,duda.moresere@gmail.com
0.5195,CLINICA ODONTOLOGICA ELABORATORIO GARCIA LTDA,02.880.759/0001-31,ME,PLANALTINA,"Q 05 CONJUNTO G LOTE 20 LOJA, 02, SRL, PLANALTINA, CEP 73360507, Brasilia/DF",27,1,clinica_geral,(61) 613894420,indefinido,,,,,,cirando@terra.com.br
0.5190,JS MANZI ODONTOLOGIA,41.252.581/0001-36,ME,TAGUATINGA SUL (TAGUATINGA),"QUADRA QSA 1, LOTE, 05, TAGUATINGA SUL (TAGUATINGA), CEP 72015010, Brasilia/DF",5,1,clinica_geral,(61) 3563-2368,fixo,+556135632368,,,,,despachante@brascont.com.br
0.5190,KINDERLLY ANA DA SILVA LTDA,41.713.060/0001-39,ME,SETOR RESIDENCIAL LESTE (PLANALTINA),"QUADRA QUADRA 25 CONJUNTO A, 09, SETOR RESIDENCIAL LESTE (PLANALTINA), CEP 73358205, Brasilia/DF",5,1,clinica_geral,(61) 9 9371-3602,celular,+5561993713602,sim,,,,ydnik@hotmail.com
0.5190,A. C. A. FREIRE LTDA,29.212.870/0001-06,ME,RIACHO FUNDO II,"QUADRA QN 14B CONJUNTO 5 LOTE 21 LOJA, 04, RIACHO FUNDO II, CEP 71881125, Brasilia/DF",8,1,clinica_geral,(61) 9 9830-2877,celular,+5561998302877,sim,(61) 9 9841-8405,celular,+5561998418405,contato@conquistacontabilidade.com
0.5190,TIO LU ODONTOLOGIA DA FAMILIA,34.186.978/0001-01,ME,TAGUATINGA NORTE (TAGUATINGA),"QUADRA QNE 2 LOTE, 01, ANDAR 2                   SALA  204 E 205, TAGUATINGA NORTE (TAGUATINGA), CEP 72125020, Brasilia/DF",7,1,clinica_geral,(61) 3355-2024,fixo,+556133552024,,,,,lfrolindo@yahoo.com.br
0.5190,ORALFIX TAGUATINGA,26.512.714/0001-72,ME,TAGUATINGA SUL (TAGUATINGA),"QUADRA QSB 3 LOTE, 19, TERREOE SEGUNDO ANDAR, TAGUATINGA SUL (TAGUATINGA), CEP 72015530, Brasilia/DF",9,1,clinica_geral,(61) 9 8202-4196,celular,+5561982024196,sim,,,,francielesilva84@hotmail.com
0.5190,VISIA ODONTOLOGIA,34.322.718/0001-16,ME,RIACHO FUNDO I,"QUADRA QN 7 AREA ESPECIAL 1, SN, SALA  301 E 309, RIACHO FUNDO I, CEP 71805731, Brasilia/DF",7,1,clinica_geral,(61) 3399-6246,fixo,+556133996246,,,,,odontovisia@gmail.com
0.5190,BARSOU ODONTOLOGIA AVANCADA,42.239.333/0001-18,ME,TAGUATINGA,"QUADRA QS NUMERO, 03, LOTE  3 / 5 / 7 E 9       LOJA  203, TAGUATINGA, CEP 71953900, Brasilia/DF",5,1,clinica_geral,(61) 9 9908-1881,celular,+5561999081881,sim,,,,dr.heron@barsouodontologia.com
0.5190,DIORI ODONTOLOGIA,41.569.452/0001-76,ME,TAGUATINGA NORTE (TAGUATINGA),"QUADRA QNM 34 AREA ESPECIAL 1, S/N, SALA  605                 EDIF  JK SHOPPING, TAGUATINGA NORTE (TAGUATINGA), CEP 72145450, Brasilia/DF",5,1,clinica_geral,(61) 9 9634-6096,celular,+5561996346096,sim,,,,dioriodontologia@gmail.com
0.5190,LEONCIO ODONTOLOGIA,37.945.616/0001-45,ME,TAGUATINGA,"QUADRA SETOR CSB 02 LOTES 1,2,3,4 TORRE A, S/N, SALA  101                 EDIF  ALAMEDA SHOPPING, TAGUATINGA, CEP 72015901, Brasilia/DF",6,1,clinica_geral,(61) 9 9844-3428,celular,+5561998443428,sim,,,,
0.5190,LIFE CENTRO MEDICO ODONTOLOGICO,37.374.236/0001-06,ME,SETOR CENTRAL (GAMA),"QUADRA EQ 47-49 PROJECAO 4 SALAS 701, 702 E, 708, SETOR CENTRAL (GAMA), CEP 72405498, Brasilia/DF",6,1,clinica_institucional,(61) 9 9126-3866,celular,+5561991263866,sim,,,,contato@lifecentrocardiologico.com.br
0.5190,DUO ODONTOLOGIA INTEGRADA,34.561.813/0001-72,ME,SAMAMBAIA SUL (SAMAMBAIA),"QUADRA QS 110 CONJUNTO 6 LOTE, 05, SALA  410, SAMAMBAIA SUL (SAMAMBAIA), CEP 72302536, Brasilia/DF",7,1,clinica_geral,(61) 9 8349-0449,celular,+5561983490449,sim,,,,ravel_lucas@live.com
0.5185,CHECK UP ORAL,13.530.598/0001-72,ME,RIACHO FUNDO I,"QUADRA QN 5 CONJUNTO 2, SN, LOTE: 04;, RIACHO FUNDO I, CEP 71805402, Brasilia/DF",15,1,clinica_geral,(61) 3967-6137,fixo,+556139676137,,,,,
0.5180,ODONTOLOGIA CANAL CLEAN,51.182.697/0001-08,EPP,BRASILIA,"SETOR SETOR COMERCIAL NORTE Q 5 BL A, S/N, SALA  127, BRASILIA, CEP 70715010, Brasilia/DF",3,1,clinica_geral,(61) 3328-7934,fixo,+556133287934,,(00) 0000000000,indefinido,,euripedes.js@hotmail.com
0.5180,ORAL VITALLE,48.045.671/0001-03,EPP,CEILANDIA NORTE (CEILANDIA),"QUADRA QNM 4 CONJUNTO O LOTE 44, SN, SALA  302, CEILANDIA NORTE (CEILANDIA), CEP 72210055, Brasilia/DF",3,1,clinica_geral,(61) 9 9501-2264,celular,+5561995012264,sim,,,,oralvitalle@gmail.com
0.5175,ODONTOCLINICA PRO-SAUDE,02.221.359/0001-14,ME,SOBRADINHO,"QUADRA 08 COMERCIO LOCAL, CL 03, SALA  501, SOBRADINHO, CEP 73006010, Brasilia/DF",28,1,clinica_geral,(61) 3686-0708,fixo,+556136860708,,,,,odontoclinicaprosaude@hotmail.com
0.5170,ALESSANDRA GERALDA ODONTOLOGIA,59.328.437/0001-00,EPP,SAMAMBAIA SUL (SAMAMBAIA),"QUADRA QN 502 CONJUNTO 9, LOTE 1/3, APT, 606, EDIF  VILA REAL, SAMAMBAIA SUL (SAMAMBAIA), CEP 72310309, Brasilia/DF",1,1,clinica_geral,(61) 9 9687-0628,celular,+5561996870628,sim,(00) 0000000000,indefinido,,geraldaodontologia@gmail.com
0.5170,TESSIA NEVES ODONTOLOGIA,59.302.056/0001-43,EPP,TAGUATINGA NORTE (TAGUATINGA),"QUADRA QNJ 26, CASA, 17, TAGUATINGA NORTE (TAGUATINGA), CEP 72140260, Brasilia/DF",1,1,clinica_geral,(61) 9 9605-0394,celular,+5561996050394,sim,(00) 0000000000,indefinido,,tessiaodontologia@gmail.com
0.5165,DRA THAYCE ARAUJO ODONTOLOGIA,44.034.131/0001-65,ME,ASA SUL,"SETOR SDS ED VENANCIO II BLOCO H SALA 106, S/N, ASA SUL, CEP 70393900, Brasilia/DF",4,1,marca_pessoal,(61) 9 9336-8504,celular,+5561993368504,sim,,,,araujothayce@gmail.com
0.5165,LUMINA VITA ENDODONTIA,53.591.734/0001-59,ME,SETOR NOROESTE,"QUADRA SHCNW CRNW QD 510 BLOCO A, TERREO, LOJAS 02 E 03, ENTRADA 01, 01, SETOR NOROESTE, CEP 70688110, Brasilia/DF",2,1,clinica_geral,(61) 3536-7492,fixo,+556135367492,,,,,miriansimoni85@gmail.com
0.5165,LUMINA POLLY,53.480.592/0001-52,ME,SETOR NOROESTE,"QUADRA SHCNW CRNW QD 510 BLOCO A, TERREO, LOJAS 02 E 03, ENTRADA 01, 01, SETOR NOROESTE, CEP 70688110, Brasilia/DF",2,1,clinica_geral,(61) 9 8191-3271,celular,+5561981913271,sim,(00) 0000000000,indefinido,,dra.pollyanna@gmail.com
0.5155,CLINICA ODONTOLOGICA MARIA DA LUZ LTDA,37.172.053/0001-08,ME,GUARA,"SRIA EQ 42/44, BLOCO A LOTE, 16, GUARA, CEP 70431900, Brasilia/DF",33,1,clinica_geral,,,,,,,,
0.5150,HB INSTITUTO ODONTOLOGICO,47.631.617/0001-79,ME,SETOR TRADICIONAL (PLANALTINA),"AVENIDA INDEPENDENCIA (QUADRAS 50,51 E 64) LOTE, 01, QUADRA64                  LOJA  02, SETOR TRADICIONAL (PLANALTINA), CEP 73330003, Brasilia/DF",4,1,clinica_institucional,(61) 3968-1020,fixo,+556139681020,,,,,hbinstitutoodontologico@gmail.com
0.5145,CLINICA ODONTOLOGICA DEL LAGO,12.395.906/0001-31,ME,ITAPOA II,"QUADRA QL 08 CONJUNTO I LOTE, 06, ITAPOA II, CEP 71590000, Brasilia/DF",16,1,clinica_geral,(61) 3369-6846,fixo,+556133696846,,,,,mdantascontabil@uol.com.br
0.5145,EZLAB CAD SOLUTIONS,32.926.327/0001-85,ME,ASA SUL,"SETOR COMERCIAL SUL QD 07 BL A, S/N, SALA  1304                EDIF  SHOPPING PATIO BRASI, ASA SUL, CEP 70307902, Brasilia/DF",7,1,clinica_geral,(61) 9 9372-4230,celular,+5561993724230,sim,,,,ezlab.cad@gmail.com
0.5145,CONSOLARI ODONTOLOGIA LTDA,28.385.804/0001-75,ME,SUL (AGUAS CLARAS),"QUADRA 205 PRACA JANDAIA LOTE, 01, SALA  801 - 802 E 803     EDIF  QUARTIER CENTER, SUL (AGUAS CLARAS), CEP 71925000, Brasilia/DF",9,1,clinica_geral,(61) 9 8102-6127,celular,+5561981026127,sim,,,,consolariodontologia01@gmail.com
0.5145,LIVIA KALIL ODONTOLOGIA LTDA,32.617.783/0001-43,ME,ASA NORTE,"QUADRA SHCN CL QD 110 BLOCO C, 70, SALA  103, ASA NORTE, CEP 70753530, Brasilia/DF",7,1,marca_pessoal,(61) 9 9247-0872,celular,+5561992470872,sim,,,,atendimento@consensoconsultoria.com
0.5145,A&E ODONTOLOGIA INTEGRATIVA,34.930.935/0001-99,ME,ASA NORTE,"BLOCO SHLN BLOCO L, SN, SALA  401, ASA NORTE, CEP 70770905, Brasilia/DF",6,1,clinica_geral,(61) 9 9877-7612,celular,+5561998777612,sim,,,,odontologiadra.algemira@gmail.com
0.5145,IDEALE SORRISO E FACE,41.831.469/0001-50,ME,SUL (AGUAS CLARAS),"AVENIDA PAU BRASIL LOTE, 10, SALA  712, SUL (AGUAS CLARAS), CEP 71926000, Brasilia/DF",5,1,clinica_geral,(61) 9 8196-9099,celular,+5561981969099,sim,,,,idealesorrisoface@gmail.com
0.5145,PRIMAR ODONTOLOGIA,40.652.955/0001-48,ME,AREAL (AGUAS CLARAS),"QUADRA QS 3 LOTES 3,5, 7 E, 9, EDIF  PATIO CAPITAL       SALA  1410, AREAL (AGUAS CLARAS), CEP 71953000, Brasilia/DF",5,1,clinica_geral,(61) 9 8171-9833,celular,+5561981719833,sim,,,,maisagpaz@gmail.com
0.5145,RM ODONTOLOGIA,34.923.944/0001-52,ME,ASA NORTE,"SETOR SRTVN QUADRA, 702, CONJ  P SALA 3019         EDIF  BRASILIA RADIO            CENTER, ASA NORTE, CEP 70719900, Brasilia/DF",6,1,clinica_geral,(61) 3328-3744,fixo,+556133283744,,,,,
0.5145,ODONTOCLINIC ASA NORTE,40.279.395/0001-28,ME,ASA NORTE,"QUADRA SHCGN CR QD 708/709 BLOCO B, S/N, LOJA  18 PARTE B, ASA NORTE, CEP 70741620, Brasilia/DF",5,1,clinica_geral,(61) 9 9119-4299,celular,+5561991194299,sim,,,,tretry@gmail.com
0.5145,MARCOS GASPARETO ODONTOLOGIA E REABILITACAO,39.793.663/0001-46,ME,SETOR HABITACIONAL VICENTE PIRES,"RUA RUA 3 CHACARA 82 LOTE 10 LOJA, 04, SETOR HABITACIONAL VICENTE PIRES, CEP 72005755, Brasilia/DF",5,1,marca_pessoal,(61) 9 8331-3544,celular,+5561983313544,sim,,,,marcos.gaspareto97@gmail.com
0.5145,PONSSIANO CIRURGIA BUCOMAXILOFACIAL,42.961.561/0001-05,ME,ASA NORTE,"QUADRA SCLN 309 BLOCO C SALA, 112, ASA NORTE, CEP 70755530, Brasilia/DF",5,1,clinica_geral,(61) 9 9293-9036,celular,+5561992939036,sim,,,,cristina.lb1@gmail.com
0.5145,SYSTEMICA ODONTOLOGIA,38.166.383/0001-45,ME,ASA NORTE,"SETOR SCN QUADRA 1 BLOCO F, SN, SALA  1701 1720, ASA NORTE, CEP 70711905, Brasilia/DF",6,1,clinica_geral,(61) 9 9696-0759,celular,+5561996960759,sim,,,,systemicaodontologia@gmail.com
0.5145,VENTURY ODONTOLOGIA,32.639.606/0001-68,ME,SUL (AGUAS CLARAS),"AVENIDA PAU BRASIL, LOTE 10, SN, SALA  734                 EDIF  LE QUARTIER, SUL (AGUAS CLARAS), CEP 71926000, Brasilia/DF",7,1,clinica_geral,(61) 9 9292-5136,celular,+5561992925136,sim,,,,bianca.boaventura95@gmail.com
0.5145,VIDAL CLINICA ODONTOLOGICA,52.994.005/0001-80,ME,ASA NORTE,"QUADRA SGAN 915 CONJUNTO G BLOCO B, S/N, SALA  201                 EDIF  GOLDEN OFFICE, ASA NORTE, CEP 70790157, Brasilia/DF",2,1,clinica_geral,(61) 3224-9074,fixo,+556132249074,,(00) 0000000000,indefinido,,societario@camargoscontadores.com.br
0.5140,ORAL FACE ODONTOLOGIA E ESTETICA FACIAL,58.390.676/0001-19,ME,SETOR LESTE (GAMA),"QUADRA 22 LOTE 02/04 LOJA, 01, EDIF  WIDE, SETOR LESTE (GAMA), CEP 72460220, Brasilia/DF",1,1,especialista_alto_ticket,(61) 9 9172-5842,celular,+5561991725842,sim,,,,gabiitelles1@gmail.com
0.5135,SAITO ODONTOLOGIA LTDA,24.169.846/0001-18,ME,RESIDENCIAL SANTOS DUMONT (SANTA MARIA),"QUADRA QC 3 LOTES 08/12, SL 103, RESIDENCIAL SANTOS DUMONT (SANTA MARIA), CEP 72592303, Brasilia/DF",10,1,clinica_geral,(61) 9 8111-1400,celular,+5561981111400,sim,,,,saitoodontologia@yahoo.com.br
0.5135,DENTE SAO,22.762.296/0001-10,ME,CEILANDIA SUL (CEILANDIA),"QUADRA EQNN 2/4 BLOCO A, SN, LOTE: 06; SALA: 101/102;, CEILANDIA SUL (CEILANDIA), CEP 72220511, Brasilia/DF",11,1,clinica_geral,(61) 3373-1502,fixo,+556133731502,,,,,vgcampos@gmail.com
0.5135,RUFINO ODONTOLOGIA,24.683.631/0001-10,ME,CEILANDIA SUL (CEILANDIA),"QUADRA EQNP 16/20 AREA ESPECIAL B, SNUM, BLOCO B                   SALA  SALA 1, CEILANDIA SUL (CEILANDIA), CEP 72231572, Brasilia/DF",10,1,clinica_institucional,(61) 9 9923-2241,celular,+5561999232241,sim,,,,fazer@hotmail.com
0.5135,KIDENTE ODONTOLOGIA,22.566.192/0001-30,ME,CEILANDIA NORTE (CEILANDIA),"QUADRA QNM 18 CONJUNTO D, 02, SALA  204, CEILANDIA NORTE (CEILANDIA), CEP 72210184, Brasilia/DF",11,1,clinica_geral,(61) 3373-1657,fixo,+556133731657,,,,,kidenteodonto@gmail.com
0.5135,FABIANO ALMADA SILVA FARIA,27.821.357/0001-97,ME,ASA NORTE,"SETOR STN CONJUNTO O CONSULTORIO, 43, ASA NORTE, CEP 70770100, Brasilia/DF",9,1,clinica_geral,(61) 3272-6191,fixo,+556132726191,,,,,clinicafabianoalmada@gmail.com
0.5130,VENANCIO REABILITACAO ORAL,52.386.582/0001-90,EPP,TAGUATINGA SUL (TAGUATINGA),"QUADRA QSC 19 CHACARA 25 LOTE, 11, TAGUATINGA SUL (TAGUATINGA), CEP 72017287, Brasilia/DF",2,1,clinica_geral,(61) 9 9607-6653,celular,+5561996076653,sim,(00) 0000000000,indefinido,,lyonvenancio@gmail.com
0.5130,GCS SERVICOS ODONTOLOGICOS LTDA,50.282.127/0001-19,EPP,SETOR LESTE (GAMA),"QUADRA QUADRA 5, 73, CASA  CASA, SETOR LESTE (GAMA), CEP 72450050, Brasilia/DF",3,1,clinica_geral,(61) 9 9891-1999,celular,+5561998911999,sim,(00) 0000000000,indefinido,,tkxcontabilidade@gmail.com
0.5130,JESSICA GUEDES CLINICA ODONTOLOGICA LTDA,27.560.560/0001-57,ME,GUARA II,"QUADRA QI 31 BLOCO A, S/N, SALA  120, GUARA II, CEP 71065311, Brasilia/DF",9,1,marca_pessoal,(61) 3567-4042,fixo,+556135674042,,,,,jee.guedes@hotmail.com
0.5130,COLLI,31.995.466/0001-06,ME,SETOR TRADICIONAL (PLANALTINA),"AVENIDA MARECHAL DEODORO QUADRA 36 LOTE, 18, SETOR TRADICIONAL (PLANALTINA), CEP 73330023, Brasilia/DF",7,1,clinica_institucional,(61) 3389-3769,fixo,+556133893769,,,,,
0.5130,INOL-INSTITUTO ODONTOLOGICO LIMA,29.823.355/0001-62,ME,TAGUATINGA NORTE (TAGUATINGA),"QUADRA QNE 7, LT 06,       SALA 103, TAGUATINGA NORTE (TAGUATINGA), CEP 72125070, Brasilia/DF",8,1,clinica_institucional,(61) 9 9974-4492,celular,+5561999744492,sim,,,,damiaoi@hotmail.com
0.5130,CLINICA ODONTOLOGICA TRADICIONAL,29.859.459/0001-27,ME,SETOR TRADICIONAL (PLANALTINA),"AVENIDA MARECHAL DEODORO (QUADRAS 67,68A,74,75,78,79 E 134), 01A, LOJA  01, SETOR TRADICIONAL (PLANALTINA), CEP 73330025, Brasilia/DF",8,1,clinica_geral,(61) 3389-5726,fixo,+556133895726,,(61) 3388-0859,fixo,+556133880859,dedcontabilidade@gmail.com
0.5130,CEOP,29.079.214/0001-87,ME,SETOR LESTE (GAMA),"QUADRA 15 COMERCIO LOCAL, S/N, LOTE  13                  SALA  101, SETOR LESTE (GAMA), CEP 72450155, Brasilia/DF",8,1,clinica_institucional,(61) 3046-4761,fixo,+556130464761,,,,,ceopdentista@gmail.com
0.5130,VMC ODONTOLOGIA,37.976.658/0001-43,ME,TAGUATINGA NORTE (TAGUATINGA),"QUADRA CNB 13 LOTE 09 / 10, SN, APT   502, TAGUATINGA NORTE (TAGUATINGA), CEP 72115135, Brasilia/DF",6,1,clinica_institucional,(61) 9 8145-4866,celular,+5561981454866,sim,,,,vivianemcampos@yahoo.com.br
0.5130,COEHL,27.928.527/0001-37,ME,TAGUATINGA,"RUA QS 01 RUA 210 LOTE 40 TORRE B  SALA 1206/A, SN, TAGUATINGA, CEP 71950904, Brasilia/DF",9,1,clinica_institucional,(61) 9 8495-5394,celular,+5561984955394,sim,,,,luisfabianocysne@gmail.com
0.5130,INSTITUTO ODONTOLOGICO ESPECIALIZART,37.377.131/0001-00,ME,RIACHO FUNDO I,"QUADRA QN 7 AREA ESPECIAL 01, S/N, EDIF  RIACHO MALL, RIACHO FUNDO I, CEP 71805737, Brasilia/DF",6,1,clinica_institucional,(61) 3574-6860,fixo,+556135746860,,(61) 9 8662-2776,celular,+5561986622776,institutoodontoespecializart@gmail.com
0.5125,ASTERI GESTAO,43.824.039/0001-36,ME,ASA NORTE,"SETOR SETOR COMERCIAL NORTE QUADRA 1 BLOCO F, AMERICA OFFICE TOWER, SN, SALA  1101 1102 1103, ASA NORTE, CEP 70711905, Brasilia/DF",4,1,clinica_geral,(61) 9 9304-5188,celular,+5561993045188,sim,,,,adharasnobrega@gmail.com
0.5125,CONECTA ODONTOLOGIA,47.281.198/0001-92,ME,ASA SUL,"QUADRA SDS (SETOR DE DIVERSOES SUL), SN, BLOCO M                   LOJA  01                  SUBSL 01                  EDIF  VENANCIO JUNIOR, ASA SUL, CEP 70394900, Brasilia/DF",4,1,clinica_geral,(61) 3223-1235,fixo,+556132231235,,,,,contato@conectaodontologiabsb.com.br
0.5125,RISPETTARE ODONTOLOGIA,49.687.875/0001-00,ME,ASA SUL,"SETOR SDS BLOCO H, SN, SALA  403                 EDIF  VENANCIO II, ASA SUL, CEP 70393900, Brasilia/DF",3,1,clinica_geral,(61) 9 8190-9674,celular,+5561981909674,sim,,,,rispettareodontologia@gmail.com
0.5125,STIL ODONTO,45.514.655/0001-16,ME,ASA SUL,"SETOR SHLS QUADRA 716 CONJUNTO L, S/N, BLOCO 01                  SALA  108 E 110, ASA SUL, CEP 70390907, Brasilia/DF",4,1,clinica_geral,(61) 9 9829-6400,celular,+5561998296400,sim,,,,stilodontologia@gmail.com
0.5125,LV ODONTOLOGIA,50.481.973/0001-68,ME,ASA NORTE,"QUADRA SCN QUADRA 1 BLOCO G, S/N, SALA  315 E 316, ASA NORTE, CEP 70711070, Brasilia/DF",3,1,clinica_geral,(61) 9 9827-6077,celular,+5561998276077,sim,,,,liavolpato@hotmail.com
0.5120,AG ODONTOLOGIA,49.082.815/0001-56,DEMAIS,CEILANDIA SUL (CEILANDIA),"QUADRA QNM 21 CONJUNTO B, S/N, LOTE  24, CEILANDIA SUL (CEILANDIA), CEP 72215212, Brasilia/DF",3,1,clinica_geral,(61) 9 8295-5353,celular,+5561982955353,sim,(00) 0000000000,indefinido,,economistarodrigues@gmail.com
0.5120,ODONTOLOGIA CH PARANOA,48.618.158/0001-56,DEMAIS,PARANOA,"QUADRA QUADRA 18 CONJUNTO 12, SN, LOTE  09                  SALA  5 E 6, PARANOA, CEP 71571816, Brasilia/DF",3,1,clinica_geral,(61) 9 9223-5387,celular,+5561992235387,sim,,,,odontologiachparanoa@gmail.com
0.5120,ORTOGNATICA BRASILIA,55.082.088/0001-20,EPP,GRANJA DO TORTO,"QUADRA A (VILA WESLIAN RORIZ) RES. LUCIO BICALHO LOTE, 21, LOJA  02 PARTE, GRANJA DO TORTO, CEP 70636005, Brasilia/DF",2,1,clinica_geral,(61) 3552-2020,fixo,+556135522020,,(00) 0000000000,indefinido,,contato@contabilidadequeiroz.com
0.5120,JOSE ERNESTO JUNQUEIRA DE BARROS JUNIOR,01.171.029/0001-07,ME,ASA NORTE,"SETOR DE DIVERSOES NORTE CONJUNTO NACIONAL DE BRASILIA, SN,       PRIMEIRA ETAPA      SALA  5005, ASA NORTE, CEP 70077900, Brasilia/DF",30,1,marca_pessoal,(61) 3327-9288,fixo,+556133279288,,,,,
0.5110,STETIC CENTER,43.441.535/0001-00,ME,SETOR INDUSTRIAL (TAGUATINGA),"QUADRA QI 15 LOTES, 1 E 3, SALA  120 E 122, SETOR INDUSTRIAL (TAGUATINGA), CEP 72135150, Brasilia/DF",4,1,clinica_geral,(61) 9 8264-1294,celular,+5561982641294,sim,,,,sgpenha@yahoo.com.br
0.5105,CLINICA ODONTOLOGICA DENTE BELO,02.024.789/0001-46,ME,CEILANDIA CENTRO (CEILANDIA),"QUADRA CNM 2 LT B, SN, SALA  202, CEILANDIA CENTRO (CEILANDIA), CEP 72210502, Brasilia/DF",29,1,clinica_geral,(61) 3373-2648,fixo,+556133732648,,,,,clemilson@a3con.com.br
0.5105,CENTRO ESPECIALIZADO EM ODONTOLOGIA,03.600.067/0001-55,ME,SANTA MARIA,"QUADRA QR 217 LOTE, 01, CONJ  A                   SLJ, SANTA MARIA, CEP 72547501, Brasilia/DF",26,1,clinica_institucional,(61) 3393-1555,fixo,+556133931555,,,,,
0.5105,CONSULTORIO DRA FERNANDA DE CASTRO SILVA LTDA,27.695.822/0001-90,ME,ASA NORTE,"QUADRA SCN QUADRA 5, SN, BLOCO A-50                SALA  215, ASA NORTE, CEP 70715000, Brasilia/DF",9,1,clinica_geral,(61) 3225-1013,fixo,+556132251013,,,,,plucsousa@hotmail.com
0.5105,ODONTO ART'S,04.779.919/0001-86,ME,PLANALTINA,"QUADRA 02 CONJ A LOTE, 16, SRL, PLANALTINA, CEP 73350201, Brasilia/DF",24,1,clinica_geral,(61) 3389-1893,fixo,+556133891893,,,,,
0.5105,ODONTOCLINICA,58.438.618/0001-18,ME,ASA NORTE,"QUADRA SEPN, 506, CONJ  D                   SALA  221                 EDIF  SAGITARIUS, ASA NORTE, CEP 70740504, Brasilia/DF",1,1,clinica_institucional,(61) 3202-8125,fixo,+556132028125,,(00) 0000000000,indefinido,,alvanir2007@hotmail.com
0.5105,AB INSTITUTO-ODONTOLOGIA E SAUDE,57.874.096/0001-34,ME,ASA SUL,"SETOR SAUS QUADRA 03, BLOCO C, SALA 414, 22, EDIF  BUSINESS POINT, ASA SUL, CEP 70070934, Brasilia/DF",1,1,clinica_institucional,(91) 9 9112-0336,celular,+5591991120336,sim,,,,dra.alanabraun@gmail.com
0.5105,CLINICA ODONTOLOG,56.794.293/0001-80,ME,SUL (AGUAS CLARAS),"AVENIDA DAS ARAUCARIAS LOTE 785, S/N, SALA  305, SUL (AGUAS CLARAS), CEP 71936250, Brasilia/DF",2,1,clinica_geral,(61) 9 8556-2000,celular,+5561985562000,sim,(00) 0000000000,indefinido,,odontolog118@gmail.com
0.5105,CLINICA ODONTOLOGICA KENKO,54.644.991/0001-74,ME,ASA NORTE,"SETOR SCN QUADRA 02 BLOCO D ENTRADA A,, SN, SALA  522                       SHOPPING LIBERTY MAL, ASA NORTE, CEP 70712904, Brasilia/DF",2,1,clinica_geral,(61) 9 8122-2691,celular,+5561981222691,sim,(00) 0000000000,indefinido,,msmochida@gmail.com
0.5105,CLINICA ODONTOSAT,52.125.092/0001-30,ME,SETOR SUDOESTE,"QUADRA SQSW 504 BLOCO I, S/N, APT   104, SETOR SUDOESTE, CEP 70673509, Brasilia/DF",2,1,clinica_geral,(61) 9 9999-8610,celular,+5561999998610,sim,(00) 0000000000,indefinido,,ericacor@gmail.com
0.5105,INSTITUTO DENTAL CHROMA,56.945.174/0001-81,ME,SUL (AGUAS CLARAS),"QUADRA 205, SN, LOTE  05, SUL (AGUAS CLARAS), CEP 71925000, Brasilia/DF",2,1,clinica_institucional,(61) 9 9607-0811,celular,+5561996070811,sim,(00) 0000000000,indefinido,,leonardocontador21@gmail.com
0.5105,IMCB - INSTITUTO MORAIS DE CIRURGIA BUCOMAXILOFACIAL,52.787.745/0001-46,ME,ASA NORTE,"SETOR TERMINAL NORTE CONJUNTO O, CONSULTORIO, 210, EDIF  EDIFICIO LIFE CENTER, ASA NORTE, CEP 70770911, Brasilia/DF",2,1,clinica_institucional,(61) 9 8105-9405,celular,+5561981059405,sim,(00) 0000000000,indefinido,,institutomoraisbmf@gmail.com
0.5105,DR XAVIER ODONTOLOGIA ESPECIALIZADA,59.062.842/0001-10,ME,SETOR HABITACIONAL VICENTE PIRES,"RUA 12 CHACARA 154/1 LOTE, 28, LOJA  3, SETOR HABITACIONAL VICENTE PIRES, CEP 72007270, Brasilia/DF",1,1,marca_pessoal,(61) 9 9622-7893,celular,+5561996227893,sim,(00) 0000000000,indefinido,,baenaebaena@gmail.com
0.5100,J & T ORTHO LIDER CONSULTORIO ODONTOLOGICO LTDA,52.779.492/0001-69,ME,CEILANDIA SUL (CEILANDIA),"QUADRA QNM 1 CJ G LT 1/3, SN, SALA  102, CEILANDIA SUL (CEILANDIA), CEP 72215017, Brasilia/DF",2,1,especialista_alto_ticket,(61) 3471-1093,fixo,+556134711093,,,,,jorgeluiz_odonto@yahoo.com.br
0.5100,IMPLANTALYS,43.602.247/0001-90,ME,ARAPOANGA (PLANALTINA),"QUADRA 10 CONJUNTO H LOTE, 21, ARAPOANGA (PLANALTINA), CEP 73368596, Brasilia/DF",4,1,especialista_alto_ticket,(61) 9 9507-2542,celular,+5561995072542,sim,,,,alysneres25@gmail.com
0.5095,ODONTOCENTER,08.251.488/0001-31,ME,TAGUATINGA,"OUTROS SETOR CENTRAL QD C 01 LOTES 01 E 12 SALA, 122, TAGUATINGA, CEP 72010010, Brasilia/DF",20,1,clinica_geral,(61) 3352-6579,fixo,+556133526579,,,,,
0.5090,DOCTORS,03.231.326/0001-18,ME,ASA SUL,"SETOR SRTVS QD 701 CONJ D BL A SALA, 824, ASA SUL, CEP 70340000, Brasilia/DF",27,1,clinica_geral,(61) 3321-1594,fixo,+556133211594,,,,,jslop_72@hotmail.com
0.5085,BENE CLINICA,54.476.875/0001-93,ME,ASA NORTE,"QUADRA SGAN 608, SN, CONJ  F                   BLOCO 2                   SALA  232                 EDIF  LIFE CENTRO CLINICO, ASA NORTE, CEP 70830350, Brasilia/DF",2,1,clinica_geral,(61) 3550-6170,fixo,+556135506170,,(00) 0000000000,indefinido,,administracao@beneclinica.com.br
0.5085,IN FIX ODONTOLOGIA PREMIUM,54.105.417/0001-48,ME,NORTE (AGUAS CLARAS),"QUADRA 301 RUA A CONJUNTO 2 LOTE 01, S/N, SALA  102 E 103, NORTE (AGUAS CLARAS), CEP 71901020, Brasilia/DF",2,1,clinica_geral,(61) 9 9417-0664,celular,+5561994170664,sim,,,,dralivialinhares@gmail.com
0.5085,FACIE ODONTO,57.042.630/0001-46,ME,SETOR HABITACIONAL VICENTE PIRES,"RUA RUA 10 CHACARA 327 LOTE, 02, LOJA  02, SETOR HABITACIONAL VICENTE PIRES, CEP 72007415, Brasilia/DF",2,1,clinica_geral,(61) 9 7403-6307,celular,+5561974036307,sim,(00) 0000000000,indefinido,,contato@facieodonto.com.br
0.5085,NEXUS ODONTOLOGIA INTEGRADA,59.269.409/0001-50,ME,ASA SUL,"SETOR SHLS QD 716 CJ L, SN, BLOCO 01                  SALA  108 E 110           EDIF  CENTRO CLINICO SUL, ASA SUL, CEP 70390907, Brasilia/DF",1,1,clinica_geral,(62) 9 8637-6717,celular,+5562986376717,sim,(00) 0000000000,indefinido,,contabil.digitus@gmail.com
0.5085,TERRA ODONTOLOGIA,54.021.587/0001-44,ME,NORTE (AGUAS CLARAS),"RUA COPAIBA, 01, SALA  602, NORTE (AGUAS CLARAS), CEP 71919540, Brasilia/DF",2,1,clinica_geral,(61) 9 9136-4058,celular,+5561991364058,sim,(00) 0000000000,indefinido,,juliofterra@hotmail.com
0.5085,C-STAR,56.962.740/0001-63,ME,ASA NORTE,"SETOR SCN QUADRA 5 BLOCO A, 50, SALA  1117, ASA NORTE, CEP 70715900, Brasilia/DF",2,1,clinica_geral,(61) 9 8462-4226,celular,+5561984624226,sim,(00) 0000000000,indefinido,,suporte.dracarol@gmail.com
0.5085,FABRINNE DE CARVALHO ODONTOLOGIA,52.074.847/0001-14,ME,ASA NORTE,"QUADRA SCN QUADRA 5 BLOCO A, ENTRADA 50, S/N, ANDAR 12                  SALA  1219, ASA NORTE, CEP 70715010, Brasilia/DF",2,1,clinica_geral,(31) 9 8755-2239,celular,+5531987552239,sim,(00) 0000000000,indefinido,,fa_carvalho89@hotmail.com
0.5085,FASES ODONTOLOGIA,55.596.243/0001-26,ME,NORTE (AGUAS CLARAS),"QUADRA 105, LOTE 01, BLOCO A, S/N, SLJ   004, NORTE (AGUAS CLARAS), CEP 71915250, Brasilia/DF",2,1,clinica_geral,(61) 9 8165-7047,celular,+5561981657047,sim,(00) 0000000000,indefinido,,fasesodontologia@gmail.com
0.5085,SB PRIME ODONTOLOGIA,54.441.432/0001-67,ME,ASA SUL,"SETOR SHS QUADRA 6 CONJUNTO A BLOCO C, S/N, SALA  215 216 217, ASA SUL, CEP 70322915, Brasilia/DF",2,1,clinica_geral,(61) 9 9982-1885,celular,+5561999821885,sim,(00) 0000000000,indefinido,,sbprimeodonto@gmail.com
0.5085,RUSSIAN LIPS SCHOOL E CLINIC,55.065.156/0001-42,ME,ASA NORTE,"QUADRA SHN QUADRA 2 BLOCO F, S/N, SALA  612 - PARTE B1, ASA NORTE, CEP 70702060, Brasilia/DF",2,1,clinica_geral,(61) 9 8246-5727,celular,+5561982465727,sim,(00) 0000000000,indefinido,,fran@gmail.com
0.5085,VIDA E SORRISOS - SAUDE INTEGRADA,53.888.331/0001-76,ME,ASA SUL,"SETOR SHCS CR QUADRA 502, BLOCO C, LOJA 37, PARTE 3393, SN, ASA SUL, CEP 70330530, Brasilia/DF",2,1,clinica_geral,(61) 9 9985-1209,celular,+5561999851209,sim,(00) 0000000000,indefinido,,salvatore.stracquadanio@gmail.com
0.5080,C.O.P.S,28.532.546/0001-02,ME,CEILANDIA,"SETOR SETOR P QNP 20 CJ A LT 23, S/N, CEILANDIA, CEP 72233001, Brasilia/DF",9,1,clinica_institucional,(61) 3377-2579,fixo,+556133772579,,,,,copsdf@hotmail.com
0.5080,CEMA CLINICA ODONTOLOGICA,30.282.264/0001-46,ME,PARANOA,"QUADRA QUADRA 10 CONJUNTO 4, S/N, LOTE  05                  LOJA  01, PARANOA, CEP 71571033, Brasilia/DF",8,1,clinica_geral,(61) 9 9909-7726,celular,+5561999097726,sim,,,,rafaelaodonto@yahoo.com.br
0.5080,IDEAL ODONTOLOGIA,31.293.456/0001-10,ME,CEILANDIA NORTE,"QUADRA QNN 1 CONJUNTO B LOTE, 02,       SALAS 101 E 102, CEILANDIA NORTE, CEP 72225012, Brasilia/DF",8,1,clinica_geral,(61) 9 9299-3707,celular,+5561992993707,sim,,,,
0.5080,DENTALCLINIC,41.644.644/0001-08,ME,SETOR TRADICIONAL (SAO SEBASTIAO),"AVENIDA COMERCIAL, 471, SETOR TRADICIONAL (SAO SEBASTIAO), CEP 71691153, Brasilia/DF",5,1,clinica_geral,(61) 9 8242-8197,celular,+5561982428197,sim,,,,
0.5075,INTEGRATTO ODONTOLOGIA,46.919.513/0001-00,ME,SETOR HABITACIONAL VICENTE PIRES,"RUA RUA 12 CHACARA 313, LOTE, 2, SALA  104, SETOR HABITACIONAL VICENTE PIRES, CEP 72007780, Brasilia/DF",4,1,clinica_geral,(61) 9 8343-6260,celular,+5561983436260,sim,(00) 0000000000,indefinido,,odontologia.integratto@gmail.com
0.5070,SORRIR BRASIL ODONTOLOGIA,31.384.293/0001-81,ME,SAMAMBAIA SUL (SAMAMBAIA),"QUADRA QN 318 CONJUNTO 3 LOTE, 1/2, SAMAMBAIA SUL (SAMAMBAIA), CEP 72308703, Brasilia/DF",8,1,clinica_geral,(61) 3358-7070,fixo,+556133587070,,(61) 9 8442-1993,celular,+5561984421993,sbsamambaia@gmail.com
0.5070,RR- ODONTOLOGIA REABILITADORA,41.179.264/0001-31,ME,SETOR CENTRAL (GAMA),"SETOR CENTRAL RES LADO LESTE AREA ESPECIAL, 24/25, BLOCO A                   APT   803, SETOR CENTRAL (GAMA), CEP 72405135, Brasilia/DF",5,1,clinica_geral,(61) 3372-3074,fixo,+556133723074,,,,,santoscontabil499@hotmail.com
0.5065,ERIKA ODONTOLOGIA,31.172.830/0001-20,ME,SETOR HABITACIONAL VICENTE PIRES,"SETOR SHVP RUA 7 CHACARA, 34, CASA  13A, SETOR HABITACIONAL VICENTE PIRES, CEP 72006630, Brasilia/DF",8,1,clinica_geral,(61) 9 8528-5729,celular,+5561985285729,sim,,,,erikaa.freire@gmail.com
0.5065,MR3 ODONTOLOGIA,36.123.736/0001-02,ME,ASA SUL,"SETOR SGAS QUADRA 616 CONJUNTO A, S/N, BLOCO C                   SALA  26 28 E 30, ASA SUL, CEP 70200760, Brasilia/DF",6,1,clinica_geral,(61) 9 8437-9209,celular,+5561984379209,sim,,,,adrianademedeiros@gmail.com
0.5065,DRA. NATUREZA DIAS PRATES,43.109.766/0001-11,ME,ASA NORTE,"QUADRA SQN 212 BLOCO G, 106, ASA NORTE, CEP 70864070, Brasilia/DF",5,1,marca_pessoal,(61) 9 8102-6885,celular,+5561981026885,sim,,,,dranaturezadprates@gmail.com
0.5060,ORTHODONTIC,43.922.394/0001-48,ME,SANTA MARIA,"QUADRA CL 215 AVENIDA ALAGADO, LOTE C, S/N,       SALAS 404 E 405     EDIF  CORPORATE IZA MATIAS, SANTA MARIA, CEP 72545220, Brasilia/DF",4,1,especialista_alto_ticket,(61) 9 9943-0575,celular,+5561999430575,sim,,,,tatianedias13@hotmail.com
0.5060,BEST ESTETICA,48.708.297/0001-70,ME,CENTRO (SAO SEBASTIAO),"AVENIDA COMERCIAL, 2111, SALA  1, CENTRO (SAO SEBASTIAO), CEP 71691083, Brasilia/DF",3,1,especialista_alto_ticket,(61) 9 9904-8966,celular,+5561999048966,sim,(00) 0000000000,indefinido,,conrado_brites@hotmail.com
0.5055,CLINICA DENTARIA SAO LUCAS,05.979.472/0001-51,ME,CEILANDIA,"QNP 15 CONJUNTO A LOTE 21, S/N, LOJA 01, CEILANDIA, CEP 72241601, Brasilia/DF",22,1,clinica_geral,(61) 613745499,indefinido,,,,,,arilson@loreno.net
0.5055,ANTONINI ODONTOLOGIA,35.210.964/0001-49,ME,ASA SUL,"QUADRA SEPS 705/905, BLOCO C, ED. MONTBLANC, SN,       SALAS 112 E 114, ASA SUL, CEP 70390055, Brasilia/DF",6,1,clinica_geral,(61) 9 9999-7736,celular,+5561999997736,sim,,,,laodontologiacaiado@gmail.com
0.5055,CLINICA PORTOCARRERO ODONTOLOGIA,36.238.480/0001-70,ME,ASA NORTE,"SETOR SRTVN, ALA B, QUADRA 701, CONJUNTO C,, 124, SALA  121, ASA NORTE, CEP 70719903, Brasilia/DF",6,1,clinica_geral,(61) 9 8497-0812,celular,+5561984970812,sim,,,,
0.5055,LOUNGE ODONTOLOGIA,27.445.860/0001-95,ME,NORTE (AGUAS CLARAS),"AVENIDA PAU BRASIL LOTE, 06, SALA  1707/1708, NORTE (AGUAS CLARAS), CEP 71916500, Brasilia/DF",9,1,clinica_geral,(61) 9 9661-1191,celular,+5561996611191,sim,,,,loungeodonto@gmail.com
0.5055,LUMINATO ODONTO,32.773.040/0001-62,ME,ASA NORTE,"SETOR STN CONJUNTO M ENTRADA B CONSULTORIO 325, 327 E 329., S/N, ASA NORTE, CEP 70770909, Brasilia/DF",7,1,clinica_geral,(61) 9 9809-1910,celular,+5561998091910,sim,,,,annais.henriques@gmail.com
0.5050,CLINICA ENDODAIA LTDA,24.894.834/0001-56,ME,ASA SUL,"SC/  SUL QD 06 BLOCO A, 81, 4 ANDAR SALA 414, ASA SUL, CEP 70324900, Brasilia/DF",38,1,clinica_geral,,,,,,,,
0.5050,RCC DR.EMILIO POUSA,03.115.902/0001-61,ME,ASA NORTE,"SDN CJ A SALA 4003, S/N, CJ NACIONAL BRAS., ASA NORTE, CEP 70310500, Brasilia/DF",27,1,clinica_geral,,,,,,,,
0.5045,SORRIA ODONTOLOGIA,11.519.084/0001-90,ME,CEILANDIA NORTE (CEILANDIA),"QUADRA EQNO (COMERCIO) 11/13 BLOCO D, 1 A 6, SALA  102, CEILANDIA NORTE (CEILANDIA), CEP 72255514, Brasilia/DF",16,1,clinica_geral,(61) 3371-5510,fixo,+556133715510,,,,,
0.5045,HLK ODONTOLOGIA LTDA,59.062.207/0001-33,ME,ASA SUL,"SETOR SCS QUADRA 07 BLOCO A, 100, SALA  1105 1107 E 1109    EDIF  TORRE PATIO BRASIL, ASA SUL, CEP 70307901, Brasilia/DF",1,1,clinica_geral,(61) 9 9999-9999,celular,+5561999999999,sim,(00) 0000000000,indefinido,,empresas654321@gmail.com
0.5045,ALMEIDAYS ODONTOLOGIA,50.712.639/0001-78,ME,SETOR HABITACIONAL VICENTE PIRES - TRECHO 3,"RUA RUA 04 CHACARA 19 LOTE, 61A, LOJA  01, SETOR HABITACIONAL VICENTE PIRES - TRECHO 3, CEP 72001275, Brasilia/DF",3,1,clinica_geral,(61) 3256-3000,fixo,+556132563000,,(00) 0000000000,indefinido,,bsbcontabilidade.df@gmail.com
0.5045,INTEGRALLE ODONTOLOGIA DE ALTA PERFORMANCE,52.692.534/0001-20,ME,ASA NORTE,"SETOR SDN CONJUNTO A, SN, SALA  6046, ASA NORTE, CEP 70077900, Brasilia/DF",2,1,clinica_geral,(62) 9 9660-2140,celular,+5562996602140,sim,(00) 0000000000,indefinido,,contato@integralleodontologia.com.br
0.5045,BRILLARE ODONTOLOGIA,45.355.470/0001-06,ME,ASA SUL,"QUADRA SGAS 910 CONJUNTO B BLOCO E, S/N, SALA  103, ASA SUL, CEP 70390100, Brasilia/DF",4,1,clinica_institucional,(61) 9 8156-7111,celular,+5561981567111,sim,,,,camilaao.ribeiro@gmail.com
0.5045,CIOB ODONTOLOGIA,58.495.807/0001-22,ME,AREAL (AGUAS CLARAS),"QUADRA QS 1 RUA 210, SN, LOTE  34 E 36             LOJA  24                  EDIF  LED MALL, AREAL (AGUAS CLARAS), CEP 71950770, Brasilia/DF",1,1,clinica_institucional,(61) 3028-6612,fixo,+556130286612,,(00) 0000000000,indefinido,,ciobodontodf@gmail.com
0.5045,SOLAR ODONTOLOGIA,45.618.217/0001-06,ME,ASA SUL,"QUADRA SGAS 915, 13, BLOCO C                   CONJ  B CONSULTORIO 309, ASA SUL, CEP 70390150, Brasilia/DF",4,1,clinica_geral,(61) 9 9975-7235,celular,+5561999757235,sim,(61) 3048-2043,fixo,+556130482043,amaurifs@hotmail.com
0.5045,DRA VANESSA GOMES ODONTOLOGIA,48.891.971/0001-03,ME,NORTE (AGUAS CLARAS),"RUA COPAIBA LOTE, 01,       TORRE A             SALA  2412, NORTE (AGUAS CLARAS), CEP 71919540, Brasilia/DF",3,1,marca_pessoal,(61) 9 8350-5771,celular,+5561983505771,sim,,,,vanessaglima91@gmail.com
0.5045,FLAVIANE MIDREI LTDA,45.130.756/0001-93,ME,SETOR DE MANSOES DO LAGO NORTE,"QUADRA SMLN MI TRECHO 04 CONJUNTO 3, LOTE 1, SETOR DE MANSOES DO LAGO NORTE, CEP 71540049, Brasilia/DF",4,1,clinica_geral,(61) 9 9292-8363,celular,+5561992928363,sim,,,,flamidrei@gmail.com
0.5045,HARMONI ODONTO,47.045.852/0001-69,ME,NORTE (AGUAS CLARAS),"RUA COPAIBA LOTE, 01, SALA  1207 TORRE B, NORTE (AGUAS CLARAS), CEP 71919540, Brasilia/DF",4,1,clinica_geral,(61) 9 9320-9449,celular,+5561993209449,sim,(00) 0000000000,indefinido,,harmoniodontoo@gmail.com
0.5045,JULIANNE PERILLO ODONTOLOGIA,54.782.873/0001-22,ME,SUL (AGUAS CLARAS),"AVENIDA DAS ARAUCARIAS LOTES 1835, 1905, 1955 E 2005, S/N, SALA  464, SUL (AGUAS CLARAS), CEP 71936250, Brasilia/DF",2,1,clinica_geral,(61) 9 8492-4945,celular,+5561984924945,sim,(00) 0000000000,indefinido,,julianneperillo@hotmail.com
0.5045,IPO,44.231.981/0001-53,ME,ASA NORTE,"SETOR DE DIVERSOES NORTE CONJUNTO NACIONAL CONJUNTO A SALA, 4040, ASA NORTE, CEP 70077900, Brasilia/DF",4,1,clinica_geral,(61) 3326-0411,fixo,+556133260411,,,,,iposaudeltda@gmail.com
0.5045,SORRISO 24 HORAS,52.575.729/0001-90,ME,AREAL (AGUAS CLARAS),"QUADRA QS 3 EPCT, S/N, SALA  412 E 414           LOTE  3/5/7 E 9, AREAL (AGUAS CLARAS), CEP 71953000, Brasilia/DF",2,1,clinica_geral,(61) 9 9891-3227,celular,+5561998913227,sim,(00) 0000000000,indefinido,,sorriso24h@gmail.com
0.5045,ODONTOLOGIA RODRIGUES MOLINAR,48.558.493/0001-06,ME,SUL (AGUAS CLARAS),"AVENIDA DAS ARAUCARIAS LOTES 1835, 1905, 1955 E, 2005, SALA  330, SUL (AGUAS CLARAS), CEP 71936250, Brasilia/DF",3,1,clinica_geral,(61) 9 8385-4040,celular,+5561983854040,sim,(00) 0000000000,indefinido,,mauricioevirginia@yahoo.com.br
0.5045,SAUDE ODONTOLOGICA COMPLETA,55.795.147/0001-07,ME,SETOR SUDOESTE,"QUADRA CLSW 101 BLOCO A ENTRADA B, SN, SALA  133, SETOR SUDOESTE, CEP 70670501, Brasilia/DF",2,1,clinica_geral,(61) 9 9127-9662,celular,+5561991279662,sim,(00) 0000000000,indefinido,,socdf@gmail.com
0.5045,SEVERINO DALLEMOLE ODONTOLOGIA,47.384.321/0001-09,ME,ASA NORTE,"SETOR SCN QUADRA 2 BLOCO D SALA, 519, EDIF  LIBERTY MALL              ENTRADA A                 PARTE B, ASA NORTE, CEP 70712040, Brasilia/DF",4,1,clinica_geral,(61) 9 9972-7563,celular,+5561999727563,sim,,,,severo.jr@gmail.com
0.5045,DRA. BEATRIZ CACAO,48.675.479/0001-92,ME,SUL (AGUAS CLARAS),"RUA IPE AMARELO LOTE, 06, SUL (AGUAS CLARAS), CEP 71937360, Brasilia/DF",3,1,marca_pessoal,(61) 9 8377-2136,celular,+5561983772136,sim,,,,beatrizsilvapmu@gmail.com
0.5045,ANICETO ODONTOLOGIA,46.092.106/0001-63,ME,ASA SUL,"QUADRA SEPS 713/913 CONJUNTO A, 112, ASA SUL, CEP 70390135, Brasilia/DF",4,1,clinica_geral,(61) 9 9996-6106,celular,+5561999966106,sim,,,,emmannuellaoliveira@hotmail.com
0.5045,FRANCISCO CASTRO AVALIACOES,51.396.892/0001-22,ME,AGUAS CLARAS,"RUA RUA 8 NORTE LT 4, S/N, APT   603, AGUAS CLARAS, CEP 71908360, Brasilia/DF",3,1,clinica_geral,(61) 9 9904-8595,celular,+5561999048595,sim,(00) 0000000000,indefinido,,doutorspimplantes@gmail.com
0.5030,BUENO'S ODONTOLOGIA LTDA,33.652.133/0001-00,ME,TAGUATINGA NORTE (TAGUATINGA),"QUADRA CNG 3 LOTE 03 E 05 SALA, 204, TAGUATINGA NORTE (TAGUATINGA), CEP 72130035, Brasilia/DF",7,1,clinica_geral,(61) 9 8421-6700,celular,+5561984216700,sim,,,,rpcontabilidade@gmail.com
0.5030,DENTISTAS SORRIDENTE ODONTOLOGIA LTDA,27.994.057/0001-00,ME,SAMAMBAIA SUL (SAMAMBAIA),"QUADRA QN 122 CONJUNTO 08 LOTE, 02, LOJA  03, SAMAMBAIA SUL (SAMAMBAIA), CEP 72304108, Brasilia/DF",9,1,clinica_geral,(61) 9 9681-6624,celular,+5561996816624,sim,,,,celimogoncalves214@gmail.com
0.5030,BRASILIA SMILE ODONTOLOGIA,35.345.216/0001-73,ME,TAGUATINGA NORTE (TAGUATINGA),"QUADRA QND 29, LOTE, 20, LOJA  05, TAGUATINGA NORTE (TAGUATINGA), CEP 72120290, Brasilia/DF",6,1,clinica_geral,(61) 9 9662-4396,celular,+5561996624396,sim,,,,khalinassser2112@gmail.com
0.5030,DUO ODONTOLOGIA E MEDICINA,37.263.752/0001-55,ME,ZONA INDUSTRIAL (GUARA),"SETOR SGCV LOTE 15 (ST GARAGENS E CONCES DE VEICULOS), 15, ZONA INDUSTRIAL (GUARA), CEP 71215650, Brasilia/DF",6,1,clinica_geral,(61) 9 9663-8676,celular,+5561996638676,sim,,,,nicolemarcante@hotmail.com
0.5030,CLINICA DE ODONTOLOGIA AVANCADA SOBRADINHO,30.695.975/0001-42,ME,SOBRADINHO,"QUADRA 07 COMERCIO LOCAL, 02, SALA  101 A 110, SOBRADINHO, CEP 73036105, Brasilia/DF",8,1,clinica_geral,(61) 3591-1497,fixo,+556135911497,,,,,
0.5030,NEW CENTER ODONTOLOGICO,26.093.430/0001-99,ME,SETOR RESIDENCIAL OESTE (PLANALTINA),"QUADRA I CONJUNTO I-9 LOTE, 01, SALA  01, SETOR RESIDENCIAL OESTE (PLANALTINA), CEP 73343037, Brasilia/DF",9,1,clinica_geral,(61) 3389-2923,fixo,+556133892923,,,,,newcenterodontologico@gmail.com
0.5030,CEMEC,34.853.988/0001-53,ME,TAGUATINGA NORTE (TAGUATINGA),"QUADRA QNL 8 CONJUNTO A LOTE, 05, ANDAR TERREO, TAGUATINGA NORTE (TAGUATINGA), CEP 72155801, Brasilia/DF",6,1,clinica_institucional,(61) 9 9642-8796,celular,+5561996428796,sim,,,,cemecsuporte@gmail.com
0.5030,CLINICA INSTAGUE ODONTOLOGIA E SAUDE,33.680.288/0001-41,ME,SAMAMBAIA SUL (SAMAMBAIA),"QUADRA QS 111 CONJUNTO I LOTE, 02, SAMAMBAIA SUL (SAMAMBAIA), CEP 72301554, Brasilia/DF",7,1,clinica_institucional,(61) 9 9582-9595,celular,+5561995829595,sim,,,,tatianergdf@gmail.com
0.5030,MEDIC ODONTO,30.610.409/0001-90,ME,SAMAMBAIA NORTE (SAMAMBAIA),"QUADRA QN 210 CONJUNTO C LOTE 03 LOJA, 01, SAMAMBAIA NORTE (SAMAMBAIA), CEP 72316523, Brasilia/DF",8,1,clinica_geral,(61) 3703-8330,fixo,+556137038330,,,,,samambaia@medicmais.com.br
0.5030,NASER ODONTOLOGIA,41.363.483/0001-76,ME,SETOR OESTE (GAMA),"QUADRA QUADRA 6 LOTE, 15, SALA  101/102, SETOR OESTE (GAMA), CEP 72425060, Brasilia/DF",5,1,clinica_geral,(61) 3033-5172,fixo,+556130335172,,,,,
0.5030,MAKRO ODONTOLOGIA,50.128.882/0001-43,ME,TAGUATINGA NORTE (TAGUATINGA),"QUADRA SETOR G NORTE CNG 5 LOTE, 05, SALA  102, TAGUATINGA NORTE (TAGUATINGA), CEP 72130055, Brasilia/DF",3,1,clinica_geral,(61) 3354-0929,fixo,+556133540929,,(00) 0000000000,indefinido,,alegre.dentista@gmail.com
0.5030,CLINICA ODONTO KABI,55.605.002/0001-04,ME,SAMAMBAIA NORTE (SAMAMBAIA),"QUADRA QN 206 CONJUNTO C, SN, LOTE  02                  SALA  102 E 103, SAMAMBAIA NORTE (SAMAMBAIA), CEP 72316503, Brasilia/DF",2,1,clinica_geral,(61) 9 9999-9999,celular,+5561999999999,sim,(00) 0000000000,indefinido,,empresa@empresa.com
0.5030,CLINICA ODONTOLOGICA PLANALTO,48.806.796/0001-09,ME,JARDIM RORIZ (PLANALTINA),"ENTRE QUADRA 02 LOTE, 04, LOJA  01, JARDIM RORIZ (PLANALTINA), CEP 73340200, Brasilia/DF",3,1,clinica_geral,(61) 3388-9183,fixo,+556133889183,,(00) 0000000000,indefinido,,clinicaodontoplanalto@gmail.com
0.5030,HDH CLINICA ODONTOLOGICA,47.415.867/0001-71,ME,GUARA II,"QUADRA QE 40 CONJUNTO I LOTE, 20, LOJA  02, GUARA II, CEP 71070092, Brasilia/DF",4,1,clinica_geral,(61) 3686-4175,fixo,+556136864175,,(00) 0000000000,indefinido,,sbguara2@gmail.com
0.5030,HR ODONTOLOGIA,50.236.955/0001-10,ME,GAMA,"SETOR CENTRAL COMERCIO BLOCO 3 LOTE 21 E, 39, SALA  111                 SETOR CENTRAL, GAMA, CEP 72404901, Brasilia/DF",3,1,clinica_geral,(61) 9 9123-9418,celular,+5561991239418,sim,(00) 0000000000,indefinido,,hrodontologia2018@gmail.com
0.5030,IMPLAMASTER,50.375.541/0001-72,ME,ARAPOANGA (PLANALTINA),"QUADRA 1 CONJUNTO E, 29, LOJA  03, ARAPOANGA (PLANALTINA), CEP 73368430, Brasilia/DF",3,1,clinica_geral,(61) 9 9507-2542,celular,+5561995072542,sim,(00) 0000000000,indefinido,,alysneres25@gmail.com
0.5030,DRA. JANAINA ALBUQUERQUE - ODONTOLOGIA ESPECIALIZADA,50.112.014/0001-75,ME,ARAPOANGA (PLANALTINA),"QUADRA 13 CONJUNTO D LOTE, 23A, LOJA  01, ARAPOANGA (PLANALTINA), CEP 73368386, Brasilia/DF",3,1,marca_pessoal,(61) 3308-4496,fixo,+556133084496,,,,,odontodrajanaina@gmail.com
0.5030,LUMINNI ODONTOLOGIA INTEGRADA,59.176.238/0001-15,ME,SETOR CENTRAL (GAMA),"QUADRA 40 LOTE, 24, SETOR CENTRAL (GAMA), CEP 72405400, Brasilia/DF",1,1,clinica_geral,(61) 9 9927-4563,celular,+5561999274563,sim,(00) 0000000000,indefinido,,elohimcontabilidade@live.com
0.5025,CLINICA ODONTOMAX,53.166.454/0001-01,ME,ASA NORTE,"QUADRA SCN QUADRA 2 BLOCO D, 0,       ENTRADA B           SALA  712, ASA NORTE, CEP 70712903, Brasilia/DF",2,1,clinica_geral,(41) 9 9788-0145,celular,+5541997880145,sim,(00) 0000000000,indefinido,,meucnpj@contabilizei.com.br
0.5025,UNA CLINIC ODONTOLOGIA,52.047.338/0001-00,ME,SUL (AGUAS CLARAS),"RUA COPAIBA LOTE, 01, SALA  204                 SALA  206, SUL (AGUAS CLARAS), CEP 71931720, Brasilia/DF",2,1,clinica_institucional,(61) 3546-6074,fixo,+556135466074,,(61) 9 8107-9013,celular,+5561981079013,unaclinic.odontologia@gmail.com
0.5020,JARDIM BOTANICO ODONTOLOGIA,38.268.075/0001-20,ME,SETOR DE HABITACOES INDIVIDUAIS SUL,"SETOR POLO DE ARTESANATO DF 001 KM 27 LOJA, 19, TERREO, SETOR DE HABITACOES INDIVIDUAIS SUL, CEP 71679600, Brasilia/DF",6,1,clinica_geral,(11) 2671-1111,fixo,+551126711111,,,,,jardimbotanico.odonto@gmail.com
0.5020,CONSULTORIO DR. LUCIANO BENELLI MARCONDES DE MELLO,39.732.974/0001-03,ME,VILA NOVA (SAO SEBASTIAO),"AVENIDA CENTRAL 881 SALA, 101, VILA NOVA (SAO SEBASTIAO), CEP 71693165, Brasilia/DF",5,1,clinica_geral,(61) 9 9832-3148,celular,+5561998323148,sim,,,,luzcon.contabilidade@gmail.com
0.5020,PROSPERE ODONTOLOGIA E FACE,42.142.921/0001-39,ME,RECANTO DAS EMAS,"AVENIDA AVENIDA RECANTO DAS EMAS QUADRA 300 LOTE, 24, LOJA  02, RECANTO DAS EMAS, CEP 72620100, Brasilia/DF",5,1,clinica_geral,(61) 9 9935-8813,celular,+5561999358813,sim,,,,amandateixz@gmail.com
0.5015,CONSULTORIO ODONTOLOGICO NOVO SORRISO,09.529.031/0001-09,ME,RECANTO DAS EMAS,"QUADRA QUADRA 102, SN, LOTE  06                  SALA  103 E 104, RECANTO DAS EMAS, CEP 72600200, Brasilia/DF",18,1,clinica_geral,(61) 3034-1551,fixo,+556130341551,,,,,contelb@contelb.com.br
0.5015,DENTALIS ODONTOLOGIA,08.271.674/0001-32,ME,CENTRO SAO SEBASTIAO,"RUA 48 SALA 04, 191, EDIFICIO SPARTA, CENTRO SAO SEBASTIAO, CEP 71691010, Brasilia/DF",20,1,clinica_geral,(61) 3226-5817,fixo,+556132265817,,(61) 9 8422-5539,celular,+5561984225539,dentalisodontologia@pop.com.br
0.5015,ODONTO-VIDA,02.015.795/0001-37,ME,TAGUATINGA CENTRO (TAGUATINGA),"QUADRA C 1, S/N, LOTE  01/12               SALA  610 E 611, TAGUATINGA CENTRO (TAGUATINGA), CEP 72010010, Brasilia/DF",29,1,clinica_geral,(61) 3563-4079,fixo,+556135634079,,,,,odontovidajorqueira@gmail.com
0.5015,MOURA ODONTOLOGIA,23.736.378/0001-53,ME,PONTE ALTA NORTE (GAMA),"NUCLEO RURAL PONTE ALTA NORTE LOTE, 03, LOJA  01, PONTE ALTA NORTE (GAMA), CEP 72427010, Brasilia/DF",10,1,clinica_geral,(61) 9 9847-6247,celular,+5561998476247,sim,(61) 9 8476-2447,celular,+5561984762447,cegservicoscontabeis@hotmail.com
0.5010,NEO,55.950.173/0001-62,EPP,TAGUATINGA,"QUADRA QS 1 RUA 212 LT 19/21/23, S/N, SALA  3001, TAGUATINGA, CEP 71950550, Brasilia/DF",2,1,clinica_geral,(61) 9 9323-6712,celular,+5561993236712,sim,(00) 0000000000,indefinido,,adm.neo02@gmail.com
0.5010,MENDANHA ODONTOLOGIA,58.887.254/0001-53,EPP,SOBRADINHO,"QUADRA Q CENTRAL BL 10 LT 6, S/N, SOBRADINHO, CEP 73010520, Brasilia/DF",1,1,clinica_geral,(61) 9 9803-4960,celular,+5561998034960,sim,(00) 0000000000,indefinido,,lacerdacontabilidade@hotmail.com
0.5005,ALIVITTA REABILITACAO ORAL,52.445.272/0001-07,ME,ASA SUL,"SETOR SRTVS QUADRA 701 CONJUNTO L, 38, BLOCO 1                   SALA  115, ASA SUL, CEP 70340000, Brasilia/DF",2,1,clinica_geral,(61) 9 8590-4501,celular,+5561985904501,sim,(00) 0000000000,indefinido,,alivitta@gmail.com
0.5005,TJ. ODONTO,57.072.927/0001-54,ME,SETOR HABITACIONAL VICENTE PIRES,"RUA 8 CHACARA 183A LOTE, 16, LOJA  2 PARTE, SETOR HABITACIONAL VICENTE PIRES, CEP 72006740, Brasilia/DF",2,1,clinica_geral,(61) 9 9625-8931,celular,+5561996258931,sim,(00) 0000000000,indefinido,,scsolucaocontabil@gmail.com
0.5005,LUIZ RABELO ODONTO,57.256.039/0001-91,ME,SETOR HABITACIONAL ARNIQUEIRA (AGUAS CLARAS),"CONJUNTO SHA CONJUNTO 4 CHACARA 78, 5, CASA  78, SETOR HABITACIONAL ARNIQUEIRA (AGUAS CLARAS), CEP 71994440, Brasilia/DF",1,1,marca_pessoal,(61) 9 8203-8223,celular,+5561982038223,sim,(00) 0000000000,indefinido,,rabeloluiz@gmail.com
0.5005,M.A.Z ODONTOLOGIA,54.328.519/0001-22,ME,ASA NORTE,"SETOR SRTVN QUADRA 701 CONJUNTO C, S/N, SALA  508 - ALA B, ASA NORTE, CEP 70719030, Brasilia/DF",2,1,clinica_geral,(11) 4118-3442,fixo,+551141183442,,(00) 0000000000,indefinido,,societario@contabilix.com.br
0.5000,LUMES ODONTOLOGIA S/S,54.242.588/0001-19,EPP,CENTRAL,"EDIFICIO EDIFICIO ALTERNATIVO CENTER, S/N, SALA  SALA 111            SETOR SETOR CENTRAL, CENTRAL, CEP 72405922, Brasilia/DF",2,1,clinica_geral,(61) 9 8435-5140,celular,+5561984355140,sim,(00) 0000000000,indefinido,,lumesodonto@gmail.com
0.5000,IBO BRASILIA ODONTOLOGIA,55.142.024/0001-77,DEMAIS,SETOR DE HABITACOES INDIVIDUAIS SUL,"QUADRA SHIS QI 17 COMERCIO LOCAL, SN, BLOCO F                   LOJA  101, SETOR DE HABITACOES INDIVIDUAIS SUL, CEP 71645500, Brasilia/DF",2,1,clinica_geral,(62) 3093-2737,fixo,+556230932737,,(00) 0000000000,indefinido,,escritafscal.atplan@yahoo.com.br
0.5000,AMARAL ODONTOLOGIA,46.117.486/0001-43,EPP,SANTA MARIA,"QUADRA CL 116 LOTES G03 E G11, SN, SANTA MARIA, CEP 72546200, Brasilia/DF",4,1,clinica_geral,(61) 3039-6990,fixo,+556130396990,,(00) 0000000000,indefinido,,fiscal@agilizagestao.com.br
0.5000,CLINICA ODONTOLOGICA ORE,28.551.498/0001-08,ME,RECANTO DAS EMAS,"AVENIDA RECANTO QUADRA 203 LOTE, 37, RECANTO DAS EMAS, CEP 72610321, Brasilia/DF",9,1,clinica_geral,(61) 3351-5400,fixo,+556133515400,,,,,contato@orgatecon.com.br
0.5000,COBTEC,37.132.042/0001-96,ME,SETOR DE HABITACOES INDIVIDUAIS SUL,"AREA ESPECIAL SHIS QI 15 BLOCO O, 112B,       TO 1                SALA                      EDIF  VICTORIA MED CENTER, SETOR DE HABITACOES INDIVIDUAIS SUL, CEP 71635610, Brasilia/DF",6,1,clinica_institucional,(61) 9 9286-6279,celular,+5561992866279,sim,,,,
0.5000,ODONTIKA,36.224.507/0001-76,ME,FAZENDINHA (ITAPOA),"QUADRA 03 CONJUNTO H LOTE, 64, LOJA  TERREA, FAZENDINHA (ITAPOA), CEP 71596324, Brasilia/DF",6,1,clinica_geral,(61) 4104-4415,fixo,+556141044415,,,,,
0.5000,SMART ODONTO,36.612.743/0001-60,ME,DEL LAGO I (ITAPOA),"QUADRA QUADRA 33 LOTE, 04, SLJ   A, DEL LAGO I (ITAPOA), CEP 71591315, Brasilia/DF",6,1,clinica_institucional,(61) 3349-4812,fixo,+556133494812,,,,,leandro.manage@gmail.com
0.5000,CS ODONTOLOGIA ESPECIALIZADA,29.700.957/0001-22,ME,SETOR MEIRELES (SANTA MARIA),"AVENIDA MONUMENTAL (RESIDENCIAL PORTO PILAR) BLOCO B LOJA, 115, SETOR TOTAL VILLE, SETOR MEIRELES (SANTA MARIA), CEP 72583500, Brasilia/DF",8,1,clinica_institucional,(61) 9 9164-7494,celular,+5561991647494,sim,,,,csodonto115@gmail.com
0.5000,IMOI,42.469.570/0001-75,ME,BRASILIA,"QUADRA EQ 710/711 NORTE BL G LT 11, S/N, LOJA  43 E SUBSOLO, BRASILIA, CEP 70750670, Brasilia/DF",5,1,clinica_institucional,(61) 3055-3486,fixo,+556130553486,,,,,gmelao12@gmail.com
0.5000,MUNDO SORRISO CLINICA ODONTOLOGICA,27.999.058/0001-47,ME,ITAPOA II,"QUADRA QL 3 CONJUNTO H, LOTE, 15, LOJA  01, ITAPOA II, CEP 71590588, Brasilia/DF",9,1,clinica_geral,(61) 3525-8061,fixo,+556135258061,,(61) 9 9656-8800,celular,+5561996568800,clinica@mundosorriso.com
0.5000,NEO CLINICA NUCLEO ESPECIALIZADO ODONTOLOGICO,42.270.401/0001-01,ME,CENTRO (SAO SEBASTIAO),"AVENIDA COMERCIAL LOTE, 2081, CENTRO (SAO SEBASTIAO), CEP 71691083, Brasilia/DF",5,1,clinica_institucional,(61) 9 9109-9797,celular,+5561991099797,sim,,,,marianyodontoucb@hotmail.com
0.5000,EDUARDO DE SANTOS LESSA,37.124.393/0001-55,ME,ASA NORTE,"SC/NORTE QUADRA 01 BLOCO F, 79, SALA 1.116, ASA NORTE, CEP 70310500, Brasilia/DF",34,1,marca_pessoal,(06) 1328-0038,fixo,+550613280038,,,,,
0.4990,CLINICA ODONTOLOGICA DE TAGUATINGA LTDA,51.138.008/0001-50,ME,TAGUATINGA SUL (TAGUATINGA),"QUADRA QSA 1, LOTE 06, 06, TAGUATINGA SUL (TAGUATINGA), CEP 72015010, Brasilia/DF",3,1,clinica_geral,(68) 9 9989-9475,celular,+5568999899475,sim,(00) 0000000000,indefinido,,lucaspm43@hotmail.com
0.4990,INSTITUTO QUEVEDO ODONTOLOGIA E MEDICINA INTEGRADA,53.294.301/0001-31,ME,TAGUATINGA SUL (TAGUATINGA),"QUADRA CSB 7 LOTE 01 SALA, S/N, SALA  103 PARTE I, TAGUATINGA SUL (TAGUATINGA), CEP 72015575, Brasilia/DF",2,1,clinica_institucional,(61) 9 8142-9750,celular,+5561981429750,sim,(00) 0000000000,indefinido,,cqsaude.integrativa@gmail.com
0.4990,MAXDENTE,54.395.936/0001-98,ME,TAGUATINGA,"QUADRA CNB 11 LOTE, 09, SALA  606, TAGUATINGA, CEP 72115938, Brasilia/DF",2,1,clinica_geral,(61) 9 8198-5540,celular,+5561981985540,sim,(00) 0000000000,indefinido,,claudiobrasillira@yahoo.com.br
0.4990,ORALSIN IMPLANTES,54.849.987/0001-42,ME,SETOR TRADICIONAL (PLANALTINA),"AVENIDA SAO PAULO QUADRA 66-A LOTE, 01, SETOR TRADICIONAL (PLANALTINA), CEP 73330007, Brasilia/DF",2,1,especialista_alto_ticket,(62) 9 9483-9299,celular,+5562994839299,sim,(00) 0000000000,indefinido,,wilhajunior1234@gmail.com
0.4985,SIMETRIZE ODONTOLOGIA INTEGRADA LTDA,28.193.891/0001-69,ME,ASA SUL,"QUADRA SEPS 710/910 CONJUNTO D SALA, 501, EDIF  VIA BRASIL, ASA SUL, CEP 70390108, Brasilia/DF",9,1,clinica_geral,(61) 9 8411-3926,celular,+5561984113926,sim,,,,simetrizeodontologia@gmail.com
0.4985,MC REABILITACAO ORAL LTDA,37.232.986/0001-35,ME,ASA NORTE,"ENTRADA A, SCN, QUADRA2                   BLOCO D                   EDIF  LIBERTY MALL        SALA  1007, ASA NORTE, CEP 70712904, Brasilia/DF",6,1,clinica_geral,(61) 9 9618-7303,celular,+5561996187303,sim,(47) 3031-9045,fixo,+554730319045,dra.maiaracorrea1007@outlook.com
0.4980,ODONTO INVESTT CLINICA ODONTOLOGICA,46.690.620/0001-09,ME,SANTA MARIA,"QUADRA QC 1 CONJUNTO P CASA 01, S/N, SETOR CENTRAL, SANTA MARIA, CEP 72535160, Brasilia/DF",4,1,clinica_geral,(61) 9 9174-0145,celular,+5561991740145,sim,(00) 0000000000,indefinido,,jessyscj@gmail.com
0.4975,SANTELE ODONTOLOGIA INTEGRADA,24.189.803/0001-02,ME,MORRO AZUL (SAO SEBASTIAO),"QUADRA 01 CONJUNTO 01 LOTE 09 LOJA, 02, MORRO AZUL (SAO SEBASTIAO), CEP 71691241, Brasilia/DF",10,1,clinica_geral,(61) 9 8597-9640,celular,+5561985979640,sim,,,,santeleodontologia@gmail.com
0.4975,CIA DO SORRISO,23.103.745/0001-81,ME,VILA SAO JOSE (SAO SEBASTIAO),"QUADRA 4, 01, VILA SAO JOSE (SAO SEBASTIAO), CEP 71693005, Brasilia/DF",11,1,clinica_geral,(61) 3335-2538,fixo,+556133352538,,,,,
0.4975,CLINICA DENTARIA ALEXANDRE SAMPAIO,22.667.835/0001-32,ME,CEILANDIA SUL (CEILANDIA),"QUADRA QNM 1 CONJUNTO B, 03, SALA: 101;, CEILANDIA SUL (CEILANDIA), CEP 72215012, Brasilia/DF",11,1,clinica_geral,(61) 3374-5365,fixo,+556133745365,,,,,reconcontabil@hotmail.com
0.4975,WPP ODONTOLOGIA,25.236.297/0001-10,ME,CEILANDIA SUL (CEILANDIA),"SETOR HABITACIONAL SOL NASCENTE, 2, SETOR CHACARA 2           CONJ  A                   LOTE  9, CEILANDIA SUL (CEILANDIA), CEP 72236800, Brasilia/DF",10,1,clinica_geral,(61) 9 9650-7033,celular,+5561996507033,sim,,,,welingtonodonto@gmail.com
0.4970,CAMILA GARCIA,59.064.729/0001-74,DEMAIS,SOBRADINHO,"QUADRA 06 AREA RESERVADA, AR 04, SALA  106, SOBRADINHO, CEP 73026664, Brasilia/DF",1,1,marca_pessoal,(61) 9 9115-9292,celular,+5561991159292,sim,,,,camilags91@gmail.com
0.4970,OPM ODONTOLOGIA LTDA,51.462.104/0001-59,EPP,GAMA,"QUADRA EQ 52/54 PROJECAO 09 SALA, 310, GAMA, CEP 72404903, Brasilia/DF",3,1,clinica_geral,(61) 9 9800-0368,celular,+5561998000368,sim,(00) 0000000000,indefinido,,ravelymendesravioly@gmail.com
0.4970,MENEZES ODONTOLOGIA,37.779.182/0001-50,ME,TAGUATINGA NORTE (TAGUATINGA),"QUADRA QNA 30 LOTE 15 SALA, 04, TAGUATINGA NORTE (TAGUATINGA), CEP 72110300, Brasilia/DF",6,1,clinica_geral,(61) 3034-0811,fixo,+556130340811,,,,,dra.amandamenezes1@gmail.com
0.4970,NEIDIMAR ODONTOLOGIA,42.367.459/0001-78,ME,TAGUATINGA NORTE (TAGUATINGA),"QUADRA QNA 41 LOTE, 02, SALA  01, TAGUATINGA NORTE (TAGUATINGA), CEP 72110410, Brasilia/DF",5,1,clinica_geral,(61) 9 9988-0443,celular,+5561999880443,sim,,,,neidimar@gmail.com
0.4970,INSTITUTO IOFE,28.752.162/0001-03,ME,TAGUATINGA NORTE (TAGUATINGA),"QUADRA QNG AREA ESPECIAL 01 LOTE, 140, TAGUATINGA NORTE (TAGUATINGA), CEP 72139900, Brasilia/DF",8,1,clinica_institucional,(61) 3967-4854,fixo,+556139674854,,,,,clinicaiofe@gmail.com
0.4970,CB ODONTO,32.143.619/0001-41,ME,GUARA II,"QUADRA EQ 31/33 LOTE, 05, SALA  527 E 528, GUARA II, CEP 71065315, Brasilia/DF",7,1,clinica_geral,(61) 3036-2626,fixo,+556130362626,,,,,cbodontobsb@gmail.com
0.4970,CENTRO ODONTOLOGICO M NORTE,29.645.994/0001-85,ME,TAGUATINGA NORTE (TAGUATINGA),"QUADRA QNM 34 CONJUNTO K, SN, LOTE  02, TAGUATINGA NORTE (TAGUATINGA), CEP 72145411, Brasilia/DF",8,1,clinica_institucional,(61) 9 8300-3663,celular,+5561983003663,sim,,,,
0.4970,NATURALE CLINICA ODONTOLOGICA,41.236.161/0001-66,ME,SETOR CENTRAL (GAMA),"AREA ESPECIAL LADO LESTE ORION OFFICE RESIDENCE MALL SALA, 611, LOTE  24/25, SETOR CENTRAL (GAMA), CEP 72405135, Brasilia/DF",5,1,clinica_geral,(61) 9 9849-2521,celular,+5561998492521,sim,,,,odonto_renan@live.com
0.4970,LEMOS ODONTOLOGIA ESPECIALIZADA,37.677.518/0001-74,ME,SOBRADINHO II,"CONDOMINIO COND. BEIJA-FLOR, QUADRA M1, 6, SOBRADINHO II, CEP 73090907, Brasilia/DF",6,1,clinica_institucional,(61) 3387-9289,fixo,+556133879289,,(61) 9 9154-8696,celular,+5561991548696,lemosodontologia@gmail.com
0.4970,CONFIANCA ODONTOLOGIA ESPECIALIZADA,42.288.619/0001-93,ME,TAGUATINGA NORTE (TAGUATINGA),"QUADRA QND 21, 02, LOJA  04, TAGUATINGA NORTE (TAGUATINGA), CEP 72120210, Brasilia/DF",5,1,clinica_institucional,(61) 9 9302-8096,celular,+5561993028096,sim,,,,confianca.odonto@gmail.com
0.4970,DRA. CAROLINA LEAL- ODONTOLOGIA ESPECIALIZADA,36.770.530/0001-66,ME,GUARA II,"QUADRA QE 40 CONJUNTO H, S/N, LOTE  11                  LOJA  04, GUARA II, CEP 71070082, Brasilia/DF",6,1,marca_pessoal,(61) 9 9515-8616,celular,+5561995158616,sim,,,,doutoracarolinaleal@gmail.com
0.4970,INSTITUTO ARTFACE,37.902.133/0001-63,ME,TAGUATINGA,"QUADRA QS 1 RUA 212 LT 19/21/23, S/N, BLOCO D                   SALA  1007                EDIF  CONNECT TOWERS, TAGUATINGA, CEP 71950550, Brasilia/DF",6,1,clinica_institucional,(61) 9 8623-0203,celular,+5561986230203,sim,(61) 9 9913-6627,celular,+5561999136627,institutoartface@gmail.com
0.4965,ODONTONAVA,18.434.888/0001-36,ME,CEILANDIA,"QUADRA QNM 5 CONJUNTO B LOTE, 47,       SALAS 203, 204, 205, CEILANDIA, CEP 72215052, Brasilia/DF",13,1,clinica_geral,(61) 3355-2858,fixo,+556133552858,,,,,
0.4965,CE SERVICOS ODONTOLOGICOS LTDA,49.003.323/0001-28,ME,ASA SUL,"SETOR SRTVS QUADRA 701 BLOCO O, 110, EDIF  MULTIEMPRESARIAL    SALA  521                       PARTE C11, ASA SUL, CEP 70340000, Brasilia/DF",3,1,clinica_geral,(61) 9 9972-5853,celular,+5561999725853,sim,,,,floalkmim@hotmail.com
0.4965,PRESMIC ODONTOLOGIA LTDA,45.755.546/0001-90,ME,JARDINS MANGUEIRAL (JARDIM BOTANICO),"QUADRA QC 7 RUA K CASA, 14, JARDINS MANGUEIRAL (JARDIM BOTANICO), CEP 71687434, Brasilia/DF",4,1,clinica_geral,(61) 9 8167-6706,celular,+5561981676706,sim,,,,jessicaprezmic@gmail.com
0.4960,KAMARTI ODONTOLOGIA,42.026.828/0001-69,ME,CENTRO (SAO SEBASTIAO),"RUA BAIRRO CENTRO RUA DO COMERCIO, SN, LOTE  341                 ANDAR 1 PAVIMENTO, CENTRO (SAO SEBASTIAO), CEP 71691010, Brasilia/DF",5,1,clinica_institucional,(61) 9 9955-9920,celular,+5561999559920,sim,,,,kamartiodontologia@gmail.com
0.4950,ODONTO LIS,30.818.613/0001-00,ME,SAMAMBAIA SUL (SAMAMBAIA),"QUADRA QS 106 CONJUNTO 07 LOTE, 01, SALA  102 E 103, SAMAMBAIA SUL (SAMAMBAIA), CEP 72302517, Brasilia/DF",8,1,clinica_geral,(61) 3358-9954,fixo,+556133589954,,(61) 9 8134-9636,celular,+5561981349636,marcelaodontologia@gmail.com
0.4950,MB ODONTOLOGIA,41.945.055/0001-51,ME,SOBRADINHO,"QUADRA CENTRAL BLOCO 10 LOTE, 04,       SALA 04, SOBRADINHO, CEP 73010520, Brasilia/DF",5,1,clinica_geral,(61) 3487-6780,fixo,+556134876780,,(61) 9 8240-0704,celular,+5561982400704,fabriciombjunior@hotmail.com
0.4950,ODONTO CRED,37.252.732/0001-89,ME,SETOR SUL (GAMA),"QUADRA 2 LOTE, 14, LOJA  A COMERCIAL, SETOR SUL (GAMA), CEP 72415100, Brasilia/DF",6,1,clinica_geral,(61) 9 8402-2784,celular,+5561984022784,sim,,,,flavioscadv@gmail.com
0.4950,DRA. RAYSSA RIBEIRO,36.690.203/0001-02,ME,NUCLEO BANDEIRANTE,"AVENIDA TERCEIRA AVENIDA AREA ESPECIAL 2 LOTE, KLMN, SALA  119                 SALA  121, NUCLEO BANDEIRANTE, CEP 71720585, Brasilia/DF",6,1,marca_pessoal,(61) 9 9924-2901,celular,+5561999242901,sim,,,,jdcontabilidade10@gmail.com
0.4950,PHENIX ODONTOLOGIA INTEGRADA,39.805.832/0001-10,ME,SETOR CENTRAL (GAMA),"AREA AREA ESPECIAL 20/21 EDIFICIO ALTERNATIVO CENTER, S/N, SALA  127, SETOR CENTRAL (GAMA), CEP 72405922, Brasilia/DF",5,1,clinica_geral,(61) 3052-0506,fixo,+556130520506,,,,,leticiadelfino@gmail.com
0.4950,MOTA ODONTOLOGIA,36.601.408/0001-66,ME,SOBRADINHO,"QUADRA 06 AREA RESERVADA, 04, SALA  512, SOBRADINHO, CEP 73025060, Brasilia/DF",6,1,clinica_geral,(61) 9 9244-4652,celular,+5561992444652,sim,(61) 3345-7898,fixo,+556133457898,josianoimplantes@gmail.com
0.4950,KI ODONTOLOGIA INTEGRADA,31.919.888/0001-94,ME,NUCLEO BANDEIRANTE,"AVENIDA TERCEIRA AVENIDA AREA ESPECIAL 2, 51, LOTE  K L M N SOBRELOJA         ED. MULTISHOPPING, NUCLEO BANDEIRANTE, CEP 71720585, Brasilia/DF",7,1,clinica_geral,(61) 3264-2302,fixo,+556132642302,,(61) 9 8255-8044,celular,+5561982558044,kiodontologiaintegrada@outlook.com
0.4950,ODONTOLOGIA KARAJA,32.915.760/0001-15,ME,TAGUATINGA NORTE (TAGUATINGA),"QUADRA QNB 6 CASA, 36, TAGUATINGA NORTE (TAGUATINGA), CEP 72115060, Brasilia/DF",7,1,clinica_geral,(61) 9 9541-1444,celular,+5561995411444,sim,,,,hc-contabilidade@uol.com.br
0.4950,GOU CLINICAS ODONTOLOGICAS,27.023.182/0001-72,ME,TAGUATINGA NORTE (TAGUATINGA),"QUADRA QNA 02, LOTE 03, GR, 01/15, TAGUATINGA NORTE (TAGUATINGA), CEP 72110020, Brasilia/DF",9,1,clinica_geral,(61) 3879-0307,fixo,+556138790307,,,,,gouodontocontabil@gmail.com
0.4950,SAUDE INTEGRADA ODONTOLOGIA,33.016.342/0001-59,ME,TAGUATINGA NORTE,"QUADRA CND 6 LOTE 2 APARTAMENTO, 501, TAGUATINGA NORTE, CEP 72120065, Brasilia/DF",7,1,clinica_geral,(61) 9 9601-0317,celular,+5561996010317,sim,,,,hc-contabilidade@uol.com.br
0.4950,EPONINA ODONTOLOGIA,51.775.574/0001-72,ME,SETOR LESTE (GAMA),"QUADRA QUADRA 43 LOTE, 35,       SOBRELOJA, SETOR LESTE (GAMA), CEP 72465430, Brasilia/DF",3,1,clinica_institucional,(61) 9 8671-8264,celular,+5561986718264,sim,(00) 0000000000,indefinido,,recepcaolucianaeponina@gmail.com
0.4950,ARTHUR CRUCIOL ODONTOLOGIA,50.398.113/0001-65,ME,TAGUATINGA NORTE (TAGUATINGA),"AREA ESPECIAL SETOR C NORTE QNC, 8/10,       TORRE A             SALA  801, TAGUATINGA NORTE (TAGUATINGA), CEP 72115700, Brasilia/DF",3,1,clinica_institucional,(61) 9 8293-8442,celular,+5561982938442,sim,(00) 0000000000,indefinido,,arthur.rollemberg@live.com
0.4940,ODONTO SHOP SOL NASCENTE,27.371.294/0001-14,DEMAIS,CEILANDIA SUL (CEILANDIA),"SETOR SH SOL NASCENTE CH 02 CJ A1 LJ TERREO LT 01A TRECHO III, SN, CEILANDIA SUL (CEILANDIA), CEP 72236800, Brasilia/DF",9,1,clinica_geral,(61) 9 8268-0246,celular,+5561982680246,sim,,,,fernandobtodonto@yahoo.com.br
0.4940,ODONTOCOMPANY,30.484.017/0001-22,ME,CEILANDIA NORTE (CEILANDIA),"QUADRA QNM 2 CONJUNTO D LOTE, 04, SALA  104, CEILANDIA NORTE (CEILANDIA), CEP 72210024, Brasilia/DF",8,2,multi_unidade,(61) 9 9904-8906,celular,+5561999048906,sim,,,,odcss.rh@gmail.com
0.4940,HEVIVA ODONTOLOGIA,57.621.434/0001-26,ME,CENTRO (SAO SEBASTIAO),"RUA DA PONTE, 30, LOJA  01, CENTRO (SAO SEBASTIAO), CEP 71691088, Brasilia/DF",1,1,especialista_alto_ticket,(61) 9 9228-1103,celular,+5561992281103,sim,(00) 0000000000,indefinido,,adm@hevivaodontologia.com.br
0.4940,CENTRO ESTETICO MAIS ODONTOLOGIA,54.380.110/0001-55,ME,PARANOA,"QUADRA 23 CONJUNTO 17 LOTE, 13, PARANOA, CEP 71572300, Brasilia/DF",2,1,especialista_alto_ticket,(61) 9 8215-3620,celular,+5561982153620,sim,(00) 0000000000,indefinido,,d.odonto@bol.com.br
0.4940,CENTRO ESTETICO MAIS ODONTOLOGIA,54.380.572/0001-72,ME,PARANOA,"QUADRA 23 CONJUNTO 17 LOTE, 13, PARANOA, CEP 71572300, Brasilia/DF",2,1,especialista_alto_ticket,(61) 3369-6435,fixo,+556133696435,,(00) 0000000000,indefinido,,allysonpsouza@bol.com.br
0.4940,CENTRO ESPECIALIZADO ODONTOLOGIA E ESTETICA CEILANDIA,54.350.344/0001-50,ME,CEILANDIA NORTE (CEILANDIA),"QUADRA QNM 2 CONJUNTO A LOTE 4, S/N, SALA  102 E 103, CEILANDIA NORTE (CEILANDIA), CEP 72210021, Brasilia/DF",2,1,especialista_alto_ticket,(61) 9 9315-6564,celular,+5561993156564,sim,,,,ceocceoc991@gmail.com
0.4940,ORE ODONTOLOGIA DE REABILITACAO E ESTETICA ORAL,45.835.777/0001-04,ME,SETOR DE HABITACOES INDIVIDUAIS SUL,"QUADRA SHIS QL 2 CONJUNTO 4, 18, SETOR DE HABITACOES INDIVIDUAIS SUL, CEP 71610045, Brasilia/DF",4,1,especialista_alto_ticket,(61) 3967-2057,fixo,+556139672057,,,,,contato@pumega.com.br
0.4935,ENDODENT - CLINICA DENTARIA,06.195.452/0001-52,ME,SOBRADINHO,"QUADRA 08 CL  03 SALA, 206, ED. SERRA VERDE, SOBRADINHO, CEP 73005503, Brasilia/DF",22,1,clinica_geral,(61) 614876671,indefinido,,,,,,
0.4930,MALDI ODONTOLOGIA,43.434.876/0001-59,ME,TAGUATINGA CENTRO (TAGUATINGA),"QUADRA C 1 LOTES 01 E 12 SALAS 933, 934, 935, 936, 937 E, 940, TAGUATINGA CENTRO (TAGUATINGA), CEP 72010010, Brasilia/DF",4,1,clinica_geral,(61) 9 8646-0626,celular,+5561986460626,sim,,,,maldiodontologia@gmail.com
0.4930,COAG,44.679.573/0001-69,ME,GUARA I,"QUADRA QE 1 AREA ESPECIAL F SALA, 102, EDIF  CENTRO CLINICO GUARA, GUARA I, CEP 71020001, Brasilia/DF",4,1,clinica_geral,(61) 3568-0421,fixo,+556135680421,,(61) 9 9654-0421,celular,+5561996540421,coagodonto@gmail.com
0.4930,"ESPECIALIDADES, ODONTO E MULTIDISCIPLINAR CUIDAR",49.226.585/0001-51,ME,TAGUATINGA SUL (TAGUATINGA),"QUADRA QSC 19, CHACARA 26, CONJUNTO H, S/N, LOTE  07-A - SEGUNDO ANDAR, TAGUATINGA SUL (TAGUATINGA), CEP 72017290, Brasilia/DF",3,1,clinica_institucional,(61) 9 9861-4174,celular,+5561998614174,sim,,,,integralcuidar@gmail.com
0.4930,CLINICA FONTES,50.311.524/0001-71,ME,TAGUATINGA,"SETOR SETOR D NORTE QND 47 LT 4, S/N, TAGUATINGA, CEP 72120470, Brasilia/DF",3,1,clinica_geral,(61) 9 9860-2079,celular,+5561998602079,sim,(00) 0000000000,indefinido,,christianofontes@yahoo.com.br
0.4930,LENK ODONTOLOGIA SAMAMBAIA,47.431.558/0001-95,ME,SAMAMBAIA SUL (SAMAMBAIA),"QUADRA QUADRA 302 CONJUNTO 6 LOTE, 01, LOJA  09, SAMAMBAIA SUL (SAMAMBAIA), CEP 72300641, Brasilia/DF",4,1,clinica_geral,(61) 9 8216-4581,celular,+5561982164581,sim,,,,lenkodontoadm@gmail.com
0.4930,PRINCIPALE DIGITAL CLINIC,44.100.953/0001-05,ME,SETOR CENTRAL (GAMA),"QUADRA EQ 47-49 PROJECAO 4, 47/49, EDIF  LIFE GAMA, SETOR CENTRAL (GAMA), CEP 72405499, Brasilia/DF",4,1,clinica_geral,(61) 3385-0312,fixo,+556133850312,,,,,odontogeral01@gmail.com
0.4930,ODONTOCLINICA MAIUCE LIMA S/C LTDA,01.367.335/0001-05,ME,ASA NORTE,"SRT NORTE QD 701 CONJ C, 124, SALA 431 ALA B, ASA NORTE, CEP 70310500, Brasilia/DF",30,1,clinica_geral,,,,,,,,
0.4925,CLINICA SORRIENTE,13.963.017/0001-96,ME,CEILANDIA CENTRO (CEILANDIA),"QUADRA CNN 2 BLOCO C, S/N, LOTE  05                  SALA  10, CEILANDIA CENTRO (CEILANDIA), CEP 72220503, Brasilia/DF",15,1,clinica_geral,(61) 9 8171-5902,celular,+5561981715902,sim,,,,santos1contabilidade@hotmail.com
0.4925,SATYA ODONTOLOGIA LTDA,55.644.077/0001-96,ME,ASA SUL,"QUADRA SETOR DE GRANDES AREAS SUL, 915, CONJ  N                   SALA  141                 SUBSL 01, ASA SUL, CEP 70390150, Brasilia/DF",2,1,clinica_geral,(61) 9 9149-3644,celular,+5561991493644,sim,(00) 0000000000,indefinido,,satyaodontologia@gmail.com
0.4925,MEP ODONTOLOGIA LTDA,58.130.362/0001-87,ME,NORTE (AGUAS CLARAS),"AVENIDA PAU BRASIL, S/N, LOTE  06                  SALA  304, NORTE (AGUAS CLARAS), CEP 71916500, Brasilia/DF",1,1,clinica_geral,(61) 9 8202-6838,celular,+5561982026838,sim,(00) 0000000000,indefinido,,pripoliodonto@gmail.com
0.4925,GHBN ODONTOLOGIA,54.775.724/0001-36,ME,ASA SUL,"QUADRA SCS QUADRA 02 BLOCO C, 99, SALA  113, ASA SUL, CEP 70302000, Brasilia/DF",2,1,clinica_geral,(61) 9 9998-4347,celular,+5561999984347,sim,(00) 0000000000,indefinido,,dr.gustavoimplantodontia@gmail.com
0.4925,IRCOI ODONTOLOGIA INTEGRADA,52.755.670/0001-11,ME,ASA NORTE,"SETOR SRTVN QUADRA 701 CONJUNTO C, 124, SALA  130/132 ALA B, ASA NORTE, CEP 70719030, Brasilia/DF",2,1,clinica_geral,(61) 9 9653-4403,celular,+5561996534403,sim,,,,ircoi.odontologia@gmail.com
0.4925,SEMEAR ODONTOLOGIA,54.958.188/0001-04,ME,SETOR HABITACIONAL VICENTE PIRES,"RUA 5 CHACARA 118 LOTE, 16, LOJA  01 E 02, SETOR HABITACIONAL VICENTE PIRES, CEP 72006040, Brasilia/DF",2,1,clinica_geral,(61) 9 8153-5406,celular,+5561981535406,sim,(00) 0000000000,indefinido,,excelencia.contabil@hotmail.com
0.4925,ANA ROSA ODONTOLOGIA,53.261.638/0001-42,ME,ASA NORTE,"SETOR SCN QD 2 BL D ENTRADA A SALA, 908, ASA NORTE, CEP 70077900, Brasilia/DF",2,1,marca_pessoal,(61) 9 9978-3940,celular,+5561999783940,sim,(00) 0000000000,indefinido,,troianoanarosa@gmail.com.br
0.4925,RAMER ODONTOLOGIA,52.657.548/0001-02,ME,ASA NORTE,"QUADRA QUADRA SRTVN 702, S/N, EDIF  BRASILIA RADIO CENTECONJ  P                   SALA  2088, ASA NORTE, CEP 70719900, Brasilia/DF",2,1,clinica_geral,(61) 9 9976-5402,celular,+5561999765402,sim,(00) 0000000000,indefinido,,robsonamerico1@gmail.com
0.4925,STARS CLINICS ODONTO E COWORKING DE SAUDE,55.621.846/0001-30,ME,NORTE (AGUAS CLARAS),"RUA 13 NORTE LOTE 1 E 3, RUA 14 NORTE LOTE 2 E, 4, LOJA  191, NORTE (AGUAS CLARAS), CEP 71909720, Brasilia/DF",2,1,clinica_geral,(61) 9 8406-8124,celular,+5561984068124,sim,(00) 0000000000,indefinido,,grangeiro.andre@gmail.com
0.4925,SANRIDETI ODONTOLOGIA,53.257.043/0001-13,ME,AREAL (AGUAS CLARAS),"QUADRA QS 08, S/N, LOTE  C 57                SALA  01 E 02, AREAL (AGUAS CLARAS), CEP 71974000, Brasilia/DF",2,1,clinica_geral,(61) 3401-3008,fixo,+556134013008,,(00) 0000000000,indefinido,,lorranymartinscd@gmail.com
0.4925,NAZARIO CLINICAL,58.390.075/0001-06,ME,AREAL (AGUAS CLARAS),"QUADRA QS 01 RUA 212 LOTES, 19/23, BLOCO D                   SALA  2801/2802           EDIF  CONNECT TOWERS, AREAL (AGUAS CLARAS), CEP 71950550, Brasilia/DF",1,1,clinica_geral,(61) 9 9926-9191,celular,+5561999269191,sim,(00) 0000000000,indefinido,,nazarioclinic2@outlook.com
0.4925,NKL ODONTOLOGIA,57.951.523/0001-30,ME,SETOR HABITACIONAL VICENTE PIRES,"RUA 5 CHACARA 233 LOTE, 08, LOJA  205                 EDIF  R5 PLAZA, SETOR HABITACIONAL VICENTE PIRES, CEP 72006130, Brasilia/DF",1,1,clinica_geral,(61) 9 8524-2446,celular,+5561985242446,sim,,,,carol.nikele99@gmail.com
0.4925,ODONTO AREAL DF,57.049.602/0001-50,ME,AREAL (AGUAS CLARAS),"QUADRA QS 08 AVENIDA AGUAS CLARAS LOTE, C 64, SALA  01, AREAL (AGUAS CLARAS), CEP 71974000, Brasilia/DF",2,1,clinica_geral,(61) 9 9197-5701,celular,+5561991975701,sim,,,,odontoareal@gmail.com
0.4925,TAHI ODONTOLOGIA E BEM ESTAR,53.342.592/0001-96,ME,ASA SUL,"QUADRA SHS QUADRA 6 CONJUNTO A BLOCO C, 719, SALA  719 A 723, ASA SUL, CEP 70316109, Brasilia/DF",2,1,clinica_geral,(61) 3224-2970,fixo,+556132242970,,,,,clinicatahi@gmail.com
0.4925,EA ODONTOLOGIA,58.646.389/0001-27,ME,SETOR HABITACIONAL VICENTE PIRES,"RUA RUA 06 CHACARA 249 LOTE, 20, CASA  02, SETOR HABITACIONAL VICENTE PIRES, CEP 72006485, Brasilia/DF",1,1,clinica_geral,(61) 9 9416-0177,celular,+5561994160177,sim,(00) 0000000000,indefinido,,eduardaazevedoms@hotmail.com
0.4925,ZENITE ODONTOLOGIA,57.731.618/0001-49,ME,AREAL (AGUAS CLARAS),"QUADRA QS 5 RUA 300 LOTE, 16, BLOCO A                   APT   206, AREAL (AGUAS CLARAS), CEP 71961540, Brasilia/DF",1,1,clinica_geral,(61) 9 9462-1322,celular,+5561994621322,sim,(00) 0000000000,indefinido,,anaangelika@hotmail.com
0.4920,ODONTO REALIZAR,47.318.036/0001-81,ME,RECANTO DAS EMAS,"AVENIDA PONTE ALTA QUADRA 404 LOTE, 01, LOJA  02, RECANTO DAS EMAS, CEP 72630420, Brasilia/DF",4,2,multi_unidade,(61) 9 8346-4242,celular,+5561983464242,sim,(00) 0000000000,indefinido,,odontorealizar@gmail.com
0.4920,ODONTOBRASILIA,28.677.092/0001-68,ME,JARDINS MANGUEIRAL,"AREA SHMA PA 1 LOTE, 3, SALA  01, JARDINS MANGUEIRAL, CEP 71699090, Brasilia/DF",8,1,clinica_geral,(61) 3037-7550,fixo,+556130377550,,,,,odontobrasilia@gmail.com
0.4920,ORAL SIN IMPLANTES,29.614.663/0001-88,ME,SETOR RESIDENCIAL OESTE (SAO SEBASTIAO),"QUADRA QUADRA 101 CONJUNTO 3, SN, LOTE  02, SETOR RESIDENCIAL OESTE (SAO SEBASTIAO), CEP 71692015, Brasilia/DF",8,1,especialista_alto_ticket,(61) 3622-4525,fixo,+556136224525,,,,,
0.4915,CLINICA DENTARIA FARES,01.239.917/0001-06,ME,TAGUATINGA NORTE,"EQNL 10/12 BLOCO A, S/N, SALAS 103 104, TAGUATINGA NORTE, CEP 70310500, Brasilia/DF",30,1,clinica_geral,,,,,,,,
0.4910,PINHEIRO DOS SANTOS ODONTOLOGIA LTDA,41.913.131/0001-47,ME,SOBRADINHO,"CONDOMINIO PETROPOLIS RUA B LOTE, 12,       PARTE CLINICA, SOBRADINHO, CEP 73017015, Brasilia/DF",5,1,clinica_geral,(61) 9 8400-2125,celular,+5561984002125,sim,,,,lcpprotese@gmail.com
0.4910,CIS - CLINICA INTEGRADA DE SAMAMBAIA,33.286.617/0001-74,ME,SAMAMBAIA SUL (SAMAMBAIA),"QUADRA QN 310 CONJUNTO 1 LOTE, 01, SALA  07/08, SAMAMBAIA SUL (SAMAMBAIA), CEP 72306701, Brasilia/DF",7,1,clinica_geral,(61) 9 8122-1474,celular,+5561981221474,sim,,,,fabijt@yahoo.com.br
0.4910,CLINICA ODONTOLOGICA ERGANG,53.400.847/0001-20,ME,VALE DO AMANHECER (PLANALTINA),"CONJUNTO RESIDENCIAL RESIDENCIAL 07, 01, LOJA  05, VALE DO AMANHECER (PLANALTINA), CEP 73370070, Brasilia/DF",2,1,clinica_geral,(61) 9 9553-4615,celular,+5561995534615,sim,(00) 0000000000,indefinido,,brunoergang@hotmail.com
0.4910,ENCANTTAR ODONTOLOGIA,55.099.614/0001-64,ME,TAGUATINGA NORTE (TAGUATINGA),"QUADRA QND 04 LOTE 01 LOJA, 01, TAGUATINGA NORTE (TAGUATINGA), CEP 72120040, Brasilia/DF",2,1,clinica_institucional,(61) 9 9807-5284,celular,+5561998075284,sim,(00) 0000000000,indefinido,,marcos.dyllan@hotmail.com
0.4910,SANTE ODONTOLOGIA,53.476.092/0001-47,ME,TAGUATINGA SUL (TAGUATINGA),"AREA QSE AREA ESPECIAL 16 LT 2, S/N, LOJA  04, TAGUATINGA SUL (TAGUATINGA), CEP 72025348, Brasilia/DF",2,1,clinica_institucional,(61) 3573-0353,fixo,+556135730353,,(00) 0000000000,indefinido,,santeodonto.especializada@gmail.com
0.4910,DR. GEDSON PAULO ODONTOLOGIA ESPECIALIZADA,53.543.599/0001-76,ME,SETOR RESIDENCIAL LESTE (PLANALTINA),"QUADRA 05 CONJUNTO A LOTE, 44, SALA  301                       TERCEIRO ANDAR, SETOR RESIDENCIAL LESTE (PLANALTINA), CEP 73360501, Brasilia/DF",2,1,marca_pessoal,(61) 9 9525-1000,celular,+5561995251000,sim,(00) 0000000000,indefinido,,drgedsonpaulo@gmail.com
0.4910,INSTITUTO MICHELLE SANTOS,55.511.726/0001-80,ME,TAGUATINGA NORTE (TAGUATINGA),"QUADRA QNB 02 LOTE 40 APARTAMENTO, 304, TAGUATINGA NORTE (TAGUATINGA), CEP 72115020, Brasilia/DF",2,1,clinica_institucional,(61) 9 9661-3152,celular,+5561996613152,sim,(00) 0000000000,indefinido,,dramichellesantos@gmail.com
0.4910,CLINICA ODONTOLOGICA TSOLAKIS,53.503.325/0001-53,ME,TAGUATINGA SUL (TAGUATINGA),"QUADRA CSA 1 LOTE, 13, LOJA  02, TAGUATINGA SUL (TAGUATINGA), CEP 72015015, Brasilia/DF",2,1,clinica_geral,(61) 9 8214-6477,celular,+5561982146477,sim,,,,larissadvr@hotmail.com
0.4905,CLINICA ODONTOLOGICA DRA DULCINEIA LTDA,01.284.038/0001-04,ME,BRASILIA,"SETOR SETOR COMERCIAL NORTE Q 2 BL D, S/N,       ENTRADA B           SALA  803, BRASILIA, CEP 70712904, Brasilia/DF",30,1,clinica_geral,(61) 9 9972-9905,celular,+5561999729905,sim,,,,dulcimariano@gmail.com
0.4905,SMILE CENTRO ODONTOLOGICO,03.395.383/0001-32,ME,CEILANDIA SUL,"QNN 08 CONJUNTO A LOTE 46, S/N, SALA 101, CEILANDIA SUL, CEP 72220180, Brasilia/DF",26,1,clinica_institucional,(06) 1376-0201,fixo,+550613760201,,,,,
0.4905,MOURA SERVICOS E PRODUTOS ODONTOLOGICOS LTDA,42.649.759/0001-40,ME,SETOR SUDOESTE,"QUADRA CLSW, 304, BLOCO A                   SALA  133                 EDIF  ALPHA SHOPPING, SETOR SUDOESTE, CEP 70673631, Brasilia/DF",5,1,clinica_geral,(61) 9 8117-6199,celular,+5561981176199,sim,,,,rakeelmc@gmail.com
0.4900,DENTISAUDE,38.729.261/0001-10,ME,CEILANDIA SUL (CEILANDIA),"QUADRA QNM 1 CONJUNTO D LOTE, 02, ANDAR 1, CEILANDIA SUL (CEILANDIA), CEP 72215014, Brasilia/DF",5,1,clinica_geral,(61) 3373-0200,fixo,+556133730200,,,,,
0.4900,SORRIMAIS,39.731.593/0001-00,ME,CENTRO (SAO SEBASTIAO),"RUA DA PONTE, 10, CENTRO (SAO SEBASTIAO), CEP 71691088, Brasilia/DF",5,1,clinica_geral,(61) 9 9448-0877,celular,+5561994480877,sim,,,,
0.4900,IME+SAUDE,34.986.411/0001-10,ME,SETOR RESIDENCIAL OESTE (SAO SEBASTIAO),"QUADRA QUADRA 101, 08, CONJ  08, SETOR RESIDENCIAL OESTE (SAO SEBASTIAO), CEP 71692000, Brasilia/DF",6,1,clinica_institucional,(61) 3541-1444,fixo,+556135411444,,,,,imebrasilia@gmail.com
0.4900,ODONTOCLINICA P. NORTE,27.901.820/0001-00,ME,CEILANDIA NORTE (CEILANDIA),"QUADRA QNP 17 CONJUNTO B, S/N, LOTE  50                  SALA  02, CEILANDIA NORTE (CEILANDIA), CEP 72241702, Brasilia/DF",9,1,clinica_institucional,(61) 9 8179-7571,celular,+5561981797571,sim,,,,eduardo.545@hotmail.com
0.4900,SORRICLIN,31.829.043/0001-08,ME,RECANTO DAS EMAS,"QUADRA 203 LOTE 16 SALAS 203 E, 204,       AV. RECANTO DAS EMAS, RECANTO DAS EMAS, CEP 72610970, Brasilia/DF",7,1,clinica_geral,(61) 3967-6157,fixo,+556139676157,,,,,
0.4900,TINTIM,35.884.967/0001-68,ME,SETOR TRADICIONAL (SAO SEBASTIAO),"AVENIDA COMERCIAL 1481, S/N, SETOR TRADICIONAL (SAO SEBASTIAO), CEP 71691153, Brasilia/DF",6,1,clinica_geral,(51) 9 9640-2040,celular,+5551996402040,sim,,,,
0.4895,CLINICA DR DARIO SILVA CIRURGIA BUCO-MAXILO-FACIAL LTDA,03.548.685/0001-01,ME,GAMA,"AREA ESPECIAL 20/21 SALA, 132, SETOR CENTRAL, GAMA, CEP 72405922, Brasilia/DF",26,1,clinica_geral,(61) 613844488,indefinido,,,,,,
0.4895,CONSULTORIO ODONTOLOGICO REGIANE ZULMIRA,08.947.241/0001-54,ME,PARANOA,"AVENIDA AV PARANOA CONJUNTO, 10, LOTE 10 SALA 102, PARANOA, CEP 71570050, Brasilia/DF",19,1,clinica_geral,(61) 3369-6933,fixo,+556133696933,,,,,
0.4895,MARIANA OLIVEIRA BRITO ODONTOLOGIA,27.830.624/0001-92,ME,NORTE (AGUAS CLARAS),"AVENIDA PAU BRASIL EDIFICIO E-BUSINESS LOTE, 06, SALA  1103, NORTE (AGUAS CLARAS), CEP 71916500, Brasilia/DF",9,1,marca_pessoal,(61) 9 8225-9270,celular,+5561982259270,sim,,,,aglococ@gmail.com
0.4895,PAULA DUARTE ODONTOLOGIA,34.895.140/0001-97,ME,ASA SUL,"QUADRA SGAS 910, SN, CONJ  B                   BLOCO A                   SALA  209, ASA SUL, CEP 70390100, Brasilia/DF",6,1,marca_pessoal,(61) 3326-3005,fixo,+556133263005,,,,,contastec@gmail.com
0.4895,STUDIO ELEVE - ODONTO E SAUDE,31.076.803/0001-53,ME,ASA SUL,"SETOR SRTVS QUADRA 701 CONJUNTO L SALA 530, 30, EDIF  ASSIS CHATEAUBRIAND BLOCO II, ASA SUL, CEP 70340906, Brasilia/DF",8,1,clinica_geral,(61) 9 8491-6712,celular,+5561984916712,sim,,,,doutorapriscillak@gmail.com
0.4895,SALUTE ODONTOLOGIA,30.126.562/0001-47,ME,NORTE (AGUAS CLARAS),"RUA DAS PAINEIRAS, LOTE 6,       TORRE B SALA 208, NORTE (AGUAS CLARAS), CEP 71918000, Brasilia/DF",8,1,clinica_geral,(61) 3222-7136,fixo,+556132227136,,,,,salute.odontologia@hotmail.com
0.4895,BARBARA QUEIROZ OLIVEIRA,40.127.859/0001-80,ME,ASA NORTE,"SETOR QUADRA 2, BLOCO F, EDIFICIO EXECUTIVE OFFICE TOWER, SN, SALA  SALA 1325 PARTE 9, ASA NORTE, CEP 70702906, Brasilia/DF",5,1,clinica_geral,(61) 9 9999-9999,celular,+5561999999999,sim,,,,xxxxxxxxx@xxxxxxxxx.xxx.xx
0.4895,DM - ODONTOLOGIA,36.612.353/0001-90,ME,SETOR HABITACIONAL ARNIQUEIRA (AGUAS CLARAS),"CONJUNTO SHA CONJUNTO 4 LOTE, 23, APT   111, SETOR HABITACIONAL ARNIQUEIRA (AGUAS CLARAS), CEP 71994010, Brasilia/DF",6,1,clinica_geral,(61) 3326-3005,fixo,+556133263005,,,,,contastec@gmail.com
0.4895,LFR ODONTO,32.678.960/0001-00,ME,ASA NORTE,"SETOR SBN QUADRA 01 BLOCO C, SN, BLOCO ROBERTO SIMONSEN    ANDAR PRIMEIRO                  ODONTOLOGIA, ASA NORTE, CEP 70040903, Brasilia/DF",7,1,clinica_geral,(61) 3349-4812,fixo,+556133494812,,,,,leandro.manage@gmail.com
0.4895,MAURO MANOEL BRAMBILLA FILHO,35.193.822/0001-10,ME,ASA SUL,"QUADRA SEPS 710/910 CONJUNTO D SALA 525 PARTE H, 525, EDIF  VIA BRASIL, ASA SUL, CEP 70390108, Brasilia/DF",6,1,clinica_geral,(61) 3322-0142,fixo,+556133220142,,,,,maurobrambilla@hotmail.com
0.4895,T A ODONTOLOGIA,42.564.222/0001-87,ME,SETOR HABITACIONAL JARDIM BOTANICO,"CONDOMINIO SOLAR DE BRASILIA, 37, QUADRA03                  CONJ  20, SETOR HABITACIONAL JARDIM BOTANICO, CEP 71680349, Brasilia/DF",5,1,clinica_geral,(61) 9 9107-2885,celular,+5561991072885,sim,,,,thiago_assad@hotmail.com
0.4885,NEW ODONTO,22.245.905/0001-64,ME,SANTA MARIA,"QUADRA QR 303 CONJUNTO A, SN, LOTE: 04; SALA: 02;, SANTA MARIA, CEP 72503601, Brasilia/DF",11,1,clinica_geral,(61) 9 9560-5677,celular,+5561995605677,sim,(61) 3393-1371,fixo,+556133931371,
0.4885,CARAPITO ODONTOLOGIA LTDA,51.528.715/0001-52,ME,ASA SUL,"QUADRA SEPS 709/909 BLOCO A, SN, SALA  103/104             EDIF  JULIO ADNET         CONJ  A, ASA SUL, CEP 70390095, Brasilia/DF",3,1,clinica_geral,(61) 9 8193-9740,celular,+5561981939740,sim,,,,lucarapito@hotmail.com
0.4885,ODONTO PREMIER BSB LTDA,57.158.492/0001-65,ME,ASA NORTE,"SETOR SDN, CONJUNTO A, SALA 6041, SN, ASA NORTE, CEP 70077900, Brasilia/DF",1,1,clinica_geral,(61) 9 8682-4000,celular,+5561986824000,sim,(00) 0000000000,indefinido,,aimepalomademoura@gmail.com
0.4885,TZC ODONTOLOGIA,49.943.191/0001-14,ME,SETOR NOROESTE,"QUADRA SQNW 107 BLOCO B, 413, EDIF  VIA CLASSIQUE, SETOR NOROESTE, CEP 70686060, Brasilia/DF",3,1,clinica_geral,(61) 9 8136-4484,celular,+5561981364484,sim,(00) 0000000000,indefinido,,thaiszabaglia@hotmail.com
0.4885,INB ODONTO,51.310.285/0001-06,ME,AREAL (AGUAS CLARAS),"QUADRA QS 1 RUA 210, 34/36, SALA  210                 EDIF  LED, AREAL (AGUAS CLARAS), CEP 71950770, Brasilia/DF",3,1,clinica_geral,(61) 9 8276-5344,celular,+5561982765344,sim,(00) 0000000000,indefinido,,racontcontadores@gmail.com
0.4885,MENOLI ODONTOLOGIA,47.078.549/0001-62,ME,AGUAS CLARAS,"RUA COPAIBA LOTE, 01, SALA  1707                      TORRE B, AGUAS CLARAS, CEP 71919900, Brasilia/DF",4,1,clinica_geral,(61) 9 9258-1929,celular,+5561992581929,sim,(00) 0000000000,indefinido,,contato.racont@gmail.com
0.4885,IBA ODONTOLOGIA,44.392.257/0001-01,ME,SUL (AGUAS CLARAS),"AVENIDA DAS ARAUCARIAS LOTES 1835, 1905, 1955 E, 2005, SALA  525 E 526, SUL (AGUAS CLARAS), CEP 71936250, Brasilia/DF",4,1,clinica_geral,(61) 9 9982-1787,celular,+5561999821787,sim,(61) 9 9967-4977,celular,+5561999674977,drajulia@ibaodontologia.com.br
0.4885,LE BLANC ODONTOLOGIA AVANCADA,50.424.626/0001-01,ME,ASA SUL,"QUADRA SGAS 915, SN, CONJ  O                   SALA  16/17               SUBSL 2                   EDIF  CENTRO CLINICO ADV 2, ASA SUL, CEP 70390150, Brasilia/DF",3,1,clinica_geral,(61) 9 9898-1199,celular,+5561998981199,sim,(00) 0000000000,indefinido,,dralarissaclaret@hotmail.com
0.4885,ORALVECK ODONTOLOGIA,50.531.155/0001-22,ME,NORTE (AGUAS CLARAS),"RUA DAS CARNAUBAS, LOTE, 04, SALA  204, NORTE (AGUAS CLARAS), CEP 71904540, Brasilia/DF",3,1,clinica_geral,(61) 9 9174-2504,celular,+5561991742504,sim,(00) 0000000000,indefinido,,theramalho18@gmail.com
0.4885,G.A.M SERVICOS,45.962.324/0001-49,ME,NORTE (AGUAS CLARAS),"RUA 21 NORTE LOTE, 06, APT   1108, NORTE (AGUAS CLARAS), CEP 71916000, Brasilia/DF",4,1,clinica_geral,(61) 9 9169-8030,celular,+5561991698030,sim,,,,guialveseduardo@hotmail.com
0.4885,CASTRO ODONTOLOGIA,51.326.219/0001-16,ME,AREAL (AGUAS CLARAS),"QUADRA QS 1 RUA 210 LOTE 34 E, 36, SALA  1104, AREAL (AGUAS CLARAS), CEP 71950770, Brasilia/DF",3,1,clinica_geral,(61) 9 8107-2002,celular,+5561981072002,sim,(00) 0000000000,indefinido,,castroodontologiadf@hotmail.com
0.4885,SISSI ODONTOLOGIA DOMICILIAR,43.591.467/0001-66,ME,NORTE (AGUAS CLARAS),"RUA 31 NORTE LOTE, 01, APT   1504, NORTE (AGUAS CLARAS), CEP 71918360, Brasilia/DF",4,1,clinica_geral,(61) 3394-0321,fixo,+556133940321,,,,,contabilidadefecon@gmail.com
0.4885,CLINICA BE YOU,45.451.541/0001-74,ME,NORTE (AGUAS CLARAS),"RUA COPAIBA LOTE, 01,       TORRE B             SALA  314, NORTE (AGUAS CLARAS), CEP 71919540, Brasilia/DF",4,1,clinica_geral,(61) 9 9168-9835,celular,+5561991689835,sim,(61) 9 9209-4159,celular,+5561992094159,sheylaodonto22@gmail.com
0.4885,AVANCE CLINICA,47.415.743/0001-96,ME,NORTE (AGUAS CLARAS),"RUA COPAIBA LOTE, 01,       TORRE B             SALA  1315                EDIF  DF CENTURY PLAZA, NORTE (AGUAS CLARAS), CEP 71919540, Brasilia/DF",4,1,clinica_geral,(61) 9 9879-8037,celular,+5561998798037,sim,,,,clinicaavance.dl@gmail.com
0.4885,INACIO ODONTOLOGIA,50.375.650/0001-90,ME,NORTE (AGUAS CLARAS),"RUA DAS FIGUEIRAS,LOTE, 07, SALA  1305, NORTE (AGUAS CLARAS), CEP 71906750, Brasilia/DF",3,1,clinica_geral,(61) 9 8221-5944,celular,+5561982215944,sim,(00) 0000000000,indefinido,,odontologiainacio@gmail.com
0.4885,CAPATTI SERVICOS ODONTOLOGICOS,53.977.519/0001-90,ME,SUL (AGUAS CLARAS),"AVENIDA DAS ARAUCARIAS, 4150, BLOCO A                   APT   508, SUL (AGUAS CLARAS), CEP 71936250, Brasilia/DF",2,1,clinica_geral,(61) 3244-0307,fixo,+556132440307,,(00) 0000000000,indefinido,,capatti@gmail.com
0.4885,MIMESIS,46.605.152/0001-19,ME,ASA NORTE,"QUADRA SGAN 601 CONJUNTO H, SN, SALA  1009                EDIF  ION, ASA NORTE, CEP 70830018, Brasilia/DF",4,1,clinica_geral,(61) 9 8121-8652,celular,+5561981218652,sim,,,,mimesisodontologia@gmail.com
0.4885,PEDRO HENRIQUE ODONTOLOGIA LTDA,51.491.127/0001-91,ME,ASA SUL,"QUADRA SGAS 616 CONJUNTO A, SN, SALA  14                  BLOCO C, ASA SUL, CEP 70200760, Brasilia/DF",3,1,marca_pessoal,(61) 9 8320-4939,celular,+5561983204939,sim,,,,jeferson.franca@holdinggrupogap.com.br
0.4885,PRIMEIRA CLASSE ODONTOLOGIA,44.616.397/0001-16,ME,ASA NORTE,"QUADRA SHCN CL QD 304 BLOCO C SALA 26, SN, ASA NORTE, CEP 70736530, Brasilia/DF",4,1,clinica_geral,(61) 9 9810-2532,celular,+5561998102532,sim,,,,primeiraclasseodontologia@gmail.com
0.4885,ENLEVO ATIVIDADE ODONTOLOGICA LTDA,43.697.460/0001-23,ME,ASA NORTE,"SETOR SRTVN, 124, QUADRA701                 CONJ  C                   SALA  224 ALA A, ASA NORTE, CEP 70719903, Brasilia/DF",4,1,clinica_geral,(61) 9 8169-4903,celular,+5561981694903,sim,,,,enlevostudio@gmail.com
0.4880,ULISSES ODONTOLOGIA,54.149.011/0001-67,EPP,CEILANDIA SUL (CEILANDIA),"QUADRA QNM 1 CONJUNTO H LOTE, 14, ANDAR PRIMEIRO, CEILANDIA SUL (CEILANDIA), CEP 72215018, Brasilia/DF",2,1,clinica_geral,(61) 9 9670-9009,celular,+5561996709009,sim,(00) 0000000000,indefinido,,cdespeditojunior@gmail.com
0.4880,FONSECA ODONTOLOGIA LTDA,53.406.597/0001-35,EPP,VARJAO,"QUADRA QUADRA 2 CONJUNTO A LOTE, 05, SALA  02, VARJAO, CEP 71555043, Brasilia/DF",2,1,clinica_geral,(61) 9 8244-7012,celular,+5561982447012,sim,(00) 0000000000,indefinido,,flaviabfonseca@gmail.com
0.4875,C O G,01.266.247/0001-17,ME,GAMA,"LOC  A E 20 21 SALA, 110, ST CENT LADO OESTE, GAMA, CEP 72425000, Brasilia/DF",30,1,clinica_institucional,,,,,,,,
0.4870,SALUTA ODONTOLOGIA,27.523.186/0001-10,ME,TAGUATINGA NORTE (TAGUATINGA),"QUADRA QNE 7 LOTE, 11, LOJA  01                  SALA  08 E 10             TERREOPARTE, TAGUATINGA NORTE (TAGUATINGA), CEP 72125070, Brasilia/DF",9,1,clinica_geral,(61) 3047-6177,fixo,+556130476177,,,,,clinicasaluta3@gmail.com
0.4870,SANCHES DE OLIVEIRA ODONTOLOGIA,34.616.628/0001-38,ME,SOBRADINHO,"QUADRA 07,LOTE ESPECIAL ,EDIFICIO MULTISHOPPING, LE 04, SALA  106, SOBRADINHO, CEP 73035070, Brasilia/DF",7,1,clinica_geral,(61) 9 9231-1009,celular,+5561992311009,sim,,,,tpdsanches@gmail.com
0.4870,CLINICA ODONTOLOGICA DR LEONARDO ELIAS LTDA,44.037.776/0001-51,ME,GUARA II,"AREA ESPECIAL AREA ESPECIAL 4, SN, LOTE A;BLOCO C;LOJA 09, GUARA II, CEP 71070640, Brasilia/DF",4,1,clinica_geral,(61) 9 9676-4959,celular,+5561996764959,sim,,,,drleoelias@hotmail.com
0.4870,INCISION ODONTOLOGIA ESPECIALIZADA,46.448.327/0001-21,ME,SETOR RESIDENCIAL LESTE (PLANALTINA),"QUADRA QUADRA 04 CONJUNTO F LOTE, 40, SETOR RESIDENCIAL LESTE, SETOR RESIDENCIAL LESTE (PLANALTINA), CEP 73360406, Brasilia/DF",4,1,clinica_institucional,(61) 9 9264-0474,celular,+5561992640474,sim,,,,incisionodontologia@gmail.com
0.4870,ORAL DESIGN ODONTOLOGIA ESPECIALIZADA,44.335.580/0001-43,ME,TAGUATINGA NORTE (TAGUATINGA),"QUADRA QNA 54 LOTE, 05, TERREO, TAGUATINGA NORTE (TAGUATINGA), CEP 72110540, Brasilia/DF",4,1,clinica_institucional,(61) 9 8299-5290,celular,+5561982995290,sim,,,,clinicamgmperio@gmail.com
0.4870,BOCCA ODONTOLOGIA ESPECIALIZADA,49.066.173/0001-00,ME,ARAPOANGA (PLANALTINA),"QUADRA 1D CONJUNTO D LOTE, 50B, ARAPOANGA (PLANALTINA), CEP 73368326, Brasilia/DF",3,1,clinica_institucional,(61) 9 9381-1844,celular,+5561993811844,sim,(00) 0000000000,indefinido,,jvmax42@gmail.com
0.4870,EXCELLENT ODONTOLOGIA,44.168.994/0001-25,ME,TAGUATINGA SUL (TAGUATINGA),"QUADRA QSF 16, S/N, LOTE  311                 LOJA  01, TAGUATINGA SUL (TAGUATINGA), CEP 72025660, Brasilia/DF",4,1,clinica_geral,(61) 9 8595-9783,celular,+5561985959783,sim,,,,excellentodontologia2021@gmail.com
0.4870,WA SMILE ODONTOLOGIA ESPECIALIZADA,50.134.656/0001-75,ME,TAGUATINGA CENTRO (TAGUATINGA),"QUADRA C 1 LOTES, 1/12, SALA  533, TAGUATINGA CENTRO (TAGUATINGA), CEP 72010010, Brasilia/DF",3,1,clinica_institucional,(61) 9 9551-7323,celular,+5561995517323,sim,,,,waodontologiaesp@gmail.com
0.4870,ERO DENT,46.411.459/0001-89,ME,SETOR TRADICIONAL (PLANALTINA),"AVENIDA INDEPENDENCIA QUADRA, 33, LOTE  01, SETOR TRADICIONAL (PLANALTINA), CEP 73330002, Brasilia/DF",4,1,clinica_geral,(61) 9 8297-1687,celular,+5561982971687,sim,(00) 0000000000,indefinido,,erodentclinica@outlook.com
0.4870,DRA FERNANDA CLINICA ODONTOLOGICA,47.976.806/0001-83,ME,GUARA,"SETOR SRIA II POLO DE MODA RUA 12 LT 44, S/N, GUARA, CEP 71070512, Brasilia/DF",3,1,marca_pessoal,(61) 9 8598-9594,celular,+5561985989594,sim,(00) 0000000000,indefinido,,nandydf22@hotmail.com
0.4870,ILLUS ODONTOLOGIA ESPECIALIZADA,48.936.387/0001-19,ME,TAGUATINGA SUL (TAGUATINGA),"SETOR B SUL CSB 2 LOTES 01 E, 04,       TORRE A             SALA  703                       ALAMEDA SHOPPING, TAGUATINGA SUL (TAGUATINGA), CEP 72015525, Brasilia/DF",3,1,clinica_institucional,(61) 9 9149-0002,celular,+5561991490002,sim,,,,illusodonto@gmail.com
0.4870,ODONTOLOGIA ESPECIALIZADA RM,43.602.633/0001-82,ME,TAGUATINGA,"SETOR SETOR D NORTE QND 29 LT 20, S/N, LOJA  05, TAGUATINGA, CEP 72120290, Brasilia/DF",4,1,clinica_institucional,(61) 9 9577-0905,celular,+5561995770905,sim,,,,giiresendem@gmail.com
0.4870,THAYNARA ALCANTARA - ODONTOLOGIA ESPECIALIZADA,46.633.372/0001-56,ME,GAMA,"SETOR SETOR CENTRAL AE OESTE LT 21, S/N, SALA  126, GAMA, CEP 72405650, Brasilia/DF",4,1,clinica_institucional,(61) 9 8415-5790,celular,+5561984155790,sim,(00) 0000000000,indefinido,,thayalcantara23@gmail.com
0.4870,ELEVE ODONTOLOGIA ESPECIALIZADA,51.604.223/0001-07,ME,SETOR CENTRAL (GAMA),"AREA AE LADO LESTE, S/N, LOTE  24/25               BLOCO B                   SALA  710                 EDIF  ORION OFFICE, SETOR CENTRAL (GAMA), CEP 72405135, Brasilia/DF",3,1,clinica_institucional,(61) 9 9458-4010,celular,+5561994584010,sim,(00) 0000000000,indefinido,,eleveodont@gmail.com
0.4865,CIAO ODONTOLOGIA,13.259.115/0001-47,ME,TAGUATINGA CENTRO (TAGUATINGA),"QUADRA C 1 LOTE 1/12 LOJA, 17, TERREO, TAGUATINGA CENTRO (TAGUATINGA), CEP 72010010, Brasilia/DF",15,1,clinica_institucional,(61) 3372-9413,fixo,+556133729413,,,,,ciao.odontologia@gmail.com
0.4860,DUANNY GUEDES ODONTOLOGIA ESPECIALIZADA,53.092.867/0001-80,ME,SETOR DE HABITACOES INDIVIDUAIS NORTE,"SETOR SHIN CA 01 LOTE A BLOCO A LOJA 104, S/N, TERREOLAGO NORTE, SETOR DE HABITACOES INDIVIDUAIS NORTE, CEP 71503501, Brasilia/DF",2,1,clinica_institucional,(61) 9 8125-0433,celular,+5561981250433,sim,,,,duannyduranguedes@gmail.com
0.4855,CENTRO INTEGRADO BRASILIENSE DE ODONTOLOGIA LTDA,02.753.841/0001-03,ME,SAMAMBAIA,"QN 312 CONJUNTO 01 LOTE, 04, SALA 106, SAMAMBAIA, CEP 72314701, Brasilia/DF",27,1,clinica_institucional,(06) 1323-7208,fixo,+550613237208,,,,,
0.4855,CLINICA DE ODONTOLOGIA E PSICOLOGIA DINIZ LTDA,00.800.115/0001-60,ME,TAGUATINGA NORTE (TAGUATINGA),"QUADRA QNC AREA ESPECIAL, 23, LOTE  1/12                SETOR C NORTE                   TORRE B             SALA  501 502 508         EDIF  EXCELENCIA PRIME MED, TAGUATINGA NORTE (TAGUATINGA), CEP 72115700, Brasilia/DF",30,1,clinica_geral,(61) 3354-7950,fixo,+556133547950,,,,,alvaroddjunior@gmail.com
0.4855,EVIDENT - CLINICA DE ODONTOLOGIA INTEGRADA,05.872.554/0001-00,ME,BRASILIA,"SC/NORTE QUADRA 05 BLOCO A, 50, SALA 713, BRASILIA, CEP 70715900, Brasilia/DF",22,1,clinica_geral,(61) 613451055,indefinido,,,,,,
0.4855,HOSPITAL DOS DENTES,07.325.820/0001-00,ME,SAO SEBASTIAO,"AVENIDA COMERCIAL LOTE 1661, S/N, BAIRRO CENTRO, SAO SEBASTIAO, CEP 71691001, Brasilia/DF",21,1,clinica_geral,(61) 613210999,indefinido,,,,,,
0.4855,REABILIT ODONTOLOGIA,04.831.556/0001-80,ME,CEILANDIA,"QNN 05 CONJUNTO B LOTE, 09, CEILANDIA, CEP 72225052, Brasilia/DF",24,1,clinica_geral,(61) 613266500,indefinido,,,,,,
0.4855,FRANCISCO DAS CHAGAS LIMA JUNIOR,17.723.755/0001-17,ME,GAMA,"QUADRA 24 COMERCIAL LOTE, 8, SETOR OESTE, GAMA, CEP 72460245, Brasilia/DF",13,1,clinica_geral,(61) 4102-8641,fixo,+556141028641,,,,,
0.4855,KARY VIVIANNE GOMES BANDEIRA,11.539.544/0001-42,ME,GUARA II,"COLONIA AGRICOLA BERNARDO SAYAO CHACARA, 10A, LOTE  9                   LETRA B, GUARA II, CEP 71080065, Brasilia/DF",16,1,clinica_geral,(61) 3245-3627,fixo,+556132453627,,,,,karyvuvu@gmail.com
0.4850,VIVA IMAGEM E RADIOLOGIA LTDA,58.174.307/0001-99,EPP,SAMAMBAIA,"SETOR SAMAMBAIA NORTE QS 408 CJ E LT 3, S/N, LOJA  108, SAMAMBAIA, CEP 72318595, Brasilia/DF",1,1,clinica_geral,(61) 9 9294-5613,celular,+5561992945613,sim,(00) 0000000000,indefinido,,marcel.eng.df@gmail.com
0.4850,CLINICA DRA. RAFAELA MOREIRA LTDA,53.614.431/0001-04,EPP,TAGUATINGA,"SETOR SETOR G SUL CSG 3 LT 7, S/N, APT   1008                BLOCO B                   EDIF  TAGUA LIFE, TAGUATINGA, CEP 72035503, Brasilia/DF",2,1,clinica_geral,(61) 9 9878-3054,celular,+5561998783054,sim,(00) 0000000000,indefinido,,drarafaelamoreiraa@gmail.com
0.4845,DRA. NELSE GOMES ODONTOLOGIA,48.356.277/0001-88,ME,ASA NORTE,"SETOR SCN QUADRA 05, BLOCO A, 50, SALA  521 PARTE, ASA NORTE, CEP 70715900, Brasilia/DF",3,1,marca_pessoal,(61) 3326-4234,fixo,+556133264234,,(00) 0000000000,indefinido,,nelse.gomes@gmail.com
0.4845,DUETTO CLINICA,43.382.840/0001-79,ME,ASA NORTE,"SETOR SGAN QUADRA 608 CONJUNTO F, SN, BLOCO 02                  SALA  310 E 311           EDIF  LIFE C. MEDICO INTEG, ASA NORTE, CEP 70830356, Brasilia/DF",4,1,clinica_geral,(61) 9 9157-8627,celular,+5561991578627,sim,,,,duettoclinica@gmail.com
0.4845,MARCIO BORGES ODONTOLOGIA,43.945.994/0001-21,ME,ASA NORTE,"QUADRA SRTVN QUADRA 701, CONJUNTO C, SALA 714, ALA B, 124, ASA NORTE, CEP 70719903, Brasilia/DF",4,1,marca_pessoal,(61) 3326-3364,fixo,+556133263364,,,,,contato@unicontas.com.br
0.4845,DRª FERNANDA DE PAULA,48.819.344/0001-53,ME,ASA NORTE,"QUADRA SEPN 504 BLOCO C, 31, LOJA  06 E 10                   1.SUBSOLO                 PARTE A, ASA NORTE, CEP 70730523, Brasilia/DF",3,1,marca_pessoal,(61) 9 9405-6910,celular,+5561994056910,sim,,,,perioclinicaadm@gmail.com
0.4840,HOLLYWOOD ODONTO,59.361.249/0001-75,DEMAIS,PARANOA,"QUADRA QUADRA 32 CONJUNTO 24, S/N, LOTE  09                  LOJA  01, PARANOA, CEP 71573214, Brasilia/DF",1,1,clinica_geral,(61) 3838-0022,fixo,+556138380022,,,,,hollywoododontoparanoa@gmail.com
0.4840,STUDIO ORAL PREMIUM,55.942.954/0001-05,DEMAIS,CEILANDIA,"SETOR SETOR M NORTE CNM 1 BL G LT 1, S/N, CEILANDIA, CEP 72215507, Brasilia/DF",2,1,clinica_geral,(11) 2256-4486,fixo,+551122564486,,(00) 0000000000,indefinido,,contabil@clinicasinteligentes.com.br
0.4840,ODONTOCROMA ODONTOLOGIA,51.575.043/0001-36,EPP,SETOR DE HABITACOES INDIVIDUAIS NORTE,"SETOR SHIN CA 01 LOTE A BLOCO A SALA 230, SN, PAVMTO02                        LAGO NORTE, SETOR DE HABITACOES INDIVIDUAIS NORTE, CEP 71503501, Brasilia/DF",3,1,clinica_geral,(61) 3041-8554,fixo,+556130418554,,,,,macffilho@gmail.com
0.4840,CLINICA NOVA ORTO ODONTOLOGIA,43.965.254/0001-57,EPP,SANTA MARIA,"QUADRA CL 403 LOTE E, S/N, LOJA  05, SANTA MARIA, CEP 72503245, Brasilia/DF",4,1,clinica_geral,(61) 3393-6669,fixo,+556133936669,,,,,clinicanovaorto@gmail.com
0.4840,ESSENCIAL SAUDE CLINICA ODONTOLOGICA LTDA,27.613.220/0001-47,ME,PARANOA,"QUADRA QUADRA 18 CONJUNTO 12 LOTE 09 SALA 01, ., PARANOA, CEP 71571816, Brasilia/DF",9,1,clinica_geral,(61) 9 9126-0383,celular,+5561991260383,sim,,,,rochaemaia@gmail.com
0.4840,DENTZ,32.841.266/0001-53,ME,RECANTO DAS EMAS,"QUADRA QUADRA 308 LOTE 9, SN, LOJA  01, RECANTO DAS EMAS, CEP 72622106, Brasilia/DF",7,1,clinica_geral,(61) 9 8865-9544,celular,+5561988659544,sim,,,,associados.contabil@gmail.com
0.4840,CLINICA ODONTOLOGICA N N,29.868.118/0001-18,ME,CEILANDIA NORTE (CEILANDIA),"QUADRA QNN, 07, CONJ  F                   LOTE  03, CEILANDIA NORTE (CEILANDIA), CEP 72225076, Brasilia/DF",8,1,clinica_geral,(61) 3585-4800,fixo,+556135854800,,,,,
0.4840,DUBAI ODONTOLOGIA,33.709.776/0001-34,ME,PARANOA,"QUADRA QUADRA 12 CONJUNTO 8, SN, LOTE  2                   SALA  202, PARANOA, CEP 71571219, Brasilia/DF",7,1,clinica_geral,(61) 9 9575-7272,celular,+5561995757272,sim,,,,jessica.opsib@hotmail.com
0.4840,ODONTO SMART,42.253.407/0001-70,ME,SANTA MARIA,"QUADRA CL 116, SN, LOTE  G14                 SALA  101, SANTA MARIA, CEP 72546200, Brasilia/DF",5,1,clinica_geral,(61) 9 9582-8686,celular,+5561995828686,sim,,,,marcus.araujo1@hotmail.com
0.4840,CLINICA ODONTOLOGICA SORRIR MAIS,43.276.273/0001-76,ME,RECANTO DAS EMAS,"AVENIDA AV RECANTO DAS EMAS QUADRA 203 LOTE, 33,       PRIMEIRO ANDAR, RECANTO DAS EMAS, CEP 72610300, Brasilia/DF",5,1,clinica_geral,(61) 3021-4406,fixo,+556130214406,,,,,sorrirmaisdentistas@gmail.com
0.4840,ERO DENT,33.496.298/0001-21,ME,RECANTO DAS EMAS,"AVENIDA RECANTO QUADRA 203, 25, LOJA  01 TERREO E SUBSOLO, RECANTO DAS EMAS, CEP 72610321, Brasilia/DF",7,1,clinica_geral,(61) 9 8297-1687,celular,+5561982971687,sim,,,,erodentclinica@outlook.com
0.4840,INSTITUTO ODONTOLOGICO DR. DAVID CARVALHO,38.015.700/0001-22,ME,CEILANDIA NORTE (CEILANDIA),"QUADRA EQNM 4/6 BL F LT 4, S/N,       COMERCIO, CEILANDIA NORTE (CEILANDIA), CEP 72210526, Brasilia/DF",6,1,clinica_institucional,(61) 9 9103-4881,celular,+5561991034881,sim,(61) 3475-1159,fixo,+556134751159,andreiaalstim@gmail.com
0.4830,RENOVA SORRISO CLINICA ODONTOLOGICA,30.546.557/0001-93,ME,CEILANDIA CENTRO (CEILANDIA),"QUADRA CNM 1 BLOCO A SALAS 105, 107, 108, 109 E, 110, CEILANDIA CENTRO (CEILANDIA), CEP 72215501, Brasilia/DF",8,1,clinica_geral,(61) 3256-7353,fixo,+556132567353,,,,,renovasorriso17@gmail.com
0.4825,CONSULTORIO ODONTOLOGICO DR. ADRIANA RABELO LABOISSIERE,05.213.664/0001-52,ME,SOBRADINHO,"AREA 09 CONJUNTO 01 LOTE 01 LOJA, 04, SETOR OESTE, SOBRADINHO, CEP 73062001, Brasilia/DF",24,1,clinica_geral,,,,,,,,
0.4825,CLINICA TAFFNER,04.947.496/0001-66,ME,GUARA I,"QE 11 AREA ESPECIAL L, S/N, SALAS 216 E 217, GUARA I, CEP 71020115, Brasilia/DF",24,1,clinica_geral,,,,,,,,
0.4820,ODONTO PREMIER,45.559.742/0001-90,ME,DEL LAGO I (ITAPOA),"QUADRA 17 LOTE, 04, LOJA  01, DEL LAGO I (ITAPOA), CEP 71591235, Brasilia/DF",4,1,clinica_geral,(61) 9 9996-9726,celular,+5561999969726,sim,,,,francinaldolima.adv@gmail.com
0.4815,SORRI CLINIC,18.272.488/0001-71,ME,CENTRO (SAO SEBASTIAO),"RUA DA GAMELEIRA, 341, SALA  102 104 106 E 108, CENTRO (SAO SEBASTIAO), CEP 71691084, Brasilia/DF",13,1,clinica_geral,(61) 3551-2097,fixo,+556135512097,,,,,kamalcontabildpfiscal@hotmail.com
0.4815,HFM ODONTOLOGIA LTDA,24.719.746/0001-18,ME,RECANTO DAS EMAS,"QUADRA 104 LOTE 08, 09, 10 E 11 SALA, 217, RECANTO DAS EMAS, CEP 72600400, Brasilia/DF",10,1,clinica_geral,(61) 9 8264-1013,celular,+5561982641013,sim,,,,contato@jacontabildf.com.br
0.4815,CLINICA BELODENTE,18.451.741/0001-54,ME,CENTRO (SAO SEBASTIAO),"AVENIDA AVENIDA COMERCIAL LOTE 1741 LOJA 04, S/N, CENTRO (SAO SEBASTIAO), CEP 71691010, Brasilia/DF",13,1,clinica_geral,(61) 3203-7009,fixo,+556132037009,,(61) 9 9352-9603,celular,+5561993529603,sacicontabilidade@hotmail.com
0.4815,D&L REPRESENTACOES COMERCIAIS,22.613.516/0001-44,ME,CEILANDIA NORTE (CEILANDIA),"QUADRA QNM 4 CONJUNTO F LOTE, 47, SALA  103, CEILANDIA NORTE (CEILANDIA), CEP 72210046, Brasilia/DF",11,1,clinica_geral,(61) 9 8426-1559,celular,+5561984261559,sim,,,,freitasrodrigosilva@gmail.com
0.4815,SORRI DENTE CLINICA DENTARIA,26.495.671/0001-64,ME,SOBRADINHO,"QUADRA 08 CL 03 SALA, 202, SOBRADINHO, CEP 73005080, Brasilia/DF",35,1,clinica_geral,,,,,,,,
0.4815,ODONTOCLINICA SAO SEBATIAO,18.198.871/0001-27,ME,"RESIDENCIAL OESTE, SAO SEBASTIAO","QUADRA 201, SN, CONJ  13                  LOTE  02, RESIDENCIAL OESTE, SAO SEBASTIAO, CEP 71692439, Brasilia/DF",13,1,clinica_geral,(61) 3622-4525,fixo,+556136224525,,,,,
0.4815,ASTRIX ORTOPEDIA FUNCIONAL DOS MAXILARES LTDA,07.802.349/0001-96,ME,SETOR DE HABITACOES INDIVIDUAIS NORTE,"SETOR SHIN CA 05 LOTE B1 BLOCO B1, SN, SALA  101 E 102           PAVMTO1, SETOR DE HABITACOES INDIVIDUAIS NORTE, CEP 71503505, Brasilia/DF",20,1,clinica_geral,(61) 3468-1255,fixo,+556134681255,,,,,letrixia@hotmail.com
0.4815,UNIDADE DE TERAPIA ODONTOLOGICA,02.429.349/0001-79,ME,GUARA I,"QUADRA QI 7 BLOCO B LOTE, 5, SALA  102, GUARA I, CEP 71020626, Brasilia/DF",28,1,clinica_geral,(61) 9 9982-1156,celular,+5561999821156,sim,,,,
0.4815,I DENTIST,41.515.565/0001-99,ME,NORTE (AGUAS CLARAS),"RUA 36 NORTE LOTE 05, SN, BLOCO C                   APT   1802                      RESID VIVE LA VIE, NORTE (AGUAS CLARAS), CEP 71919180, Brasilia/DF",5,1,clinica_geral,(61) 9 8191-3963,celular,+5561981913963,sim,,,,karlasuzym@gmail.com
0.4810,FILEN ODONTOLOGIA AVANCADA,59.145.488/0001-98,ME,TAGUATINGA,"QUADRA QS 01 RUA 210 LOTE, 40, SALA  425 E 426                 TORRE B, TAGUATINGA, CEP 71950904, Brasilia/DF",1,1,clinica_geral,(61) 9 8491-3217,celular,+5561984913217,sim,(00) 0000000000,indefinido,,filenodontologia@gmail.com
0.4810,DENTELINE ODONTOLOGIA,52.061.671/0001-66,ME,TAGUATINGA CENTRO (TAGUATINGA),"QUADRA C 12 BLOCO E LOTE 01/02 SALA, 302, TAGUATINGA CENTRO (TAGUATINGA), CEP 72010120, Brasilia/DF",2,1,clinica_geral,(61) 9 8538-5868,celular,+5561985385868,sim,(00) 0000000000,indefinido,,adm@confize.com.br
0.4810,ORAL PRIME ODONTOLOGIA,54.025.541/0001-01,ME,TAGUATINGA CENTRO (TAGUATINGA),"QUADRA C 9/10, S/N, LOJA  2/3, TAGUATINGA CENTRO (TAGUATINGA), CEP 72010090, Brasilia/DF",2,1,clinica_geral,(61) 9 9616-1122,celular,+5561996161122,sim,,,,oralprimetaguatingaa@gmail.com
0.4810,ASSOCIACAO HOPNE HOMECARE E ODONTOLOGIA,58.676.756/0001-35,DEMAIS,CRUZEIRO VELHO,"QUADRA SRES QUADRA 1 BLOCO B CASA, 27, CRUZEIRO VELHO, CEP 70640020, Brasilia/DF",1,1,clinica_geral,(61) 9 9913-8310,celular,+5561999138310,sim,,,,pedrofelixpn2005@gmail.com
0.4810,ALLIANCE ODONTOLOGIA ESPECIALIZADA LTDA,27.296.449/0001-03,ME,TAGUATINGA NORTE (TAGUATINGA),"SETOR QNH 4 LOTE 01 LOJA, 05, TAGUATINGA NORTE (TAGUATINGA), CEP 72130540, Brasilia/DF",9,1,clinica_institucional,(61) 3339-6696,fixo,+556133396696,,,,,primecontabilidade@globo.com
0.4805,ODONTO FERNANDES,12.432.105/0001-07,ME,SANTA MARIA,"QUADRA QR 303 CONJUNTO I, SN, LOTE  01                  LOJA  01, SANTA MARIA, CEP 72503602, Brasilia/DF",16,1,clinica_institucional,(61) 9 8665-1713,celular,+5561986651713,sim,,,,
0.4805,RAME ODONTOLOGIA,06.203.156/0001-56,ME,TAGUATINGA,"QUADRA CNA 02  LOTE 11 SALA, 101, TAGUATINGA, CEP 72110025, Brasilia/DF",22,1,clinica_geral,(61) 3965-1880,fixo,+556139651880,,,,,
0.4800,UNIQUE ODONTOLOGIA,28.449.063/0001-49,ME,CENTRO (SAO SEBASTIAO),"RUA DA PONTE, 101, CENTRO (SAO SEBASTIAO), CEP 71691089, Brasilia/DF",9,1,clinica_institucional,(61) 9 9837-6090,celular,+5561998376090,sim,,,,unique.saosebastiao@hotmail.com
0.4795,CAIO RUAN FRANCA DOS SANTOS ODONTOLOGIA,50.009.234/0001-78,ME,NORTE (AGUAS CLARAS),"RUA 24 LOTE, 13, NORTE (AGUAS CLARAS), CEP 71916750, Brasilia/DF",3,1,clinica_geral,(94) 9 8117-5752,celular,+5594981175752,sim,(00) 0000000000,indefinido,,caioruanfsantos@gmail.com
0.4790,JWL ODONTOLOGIA LTDA,28.288.729/0001-24,ME,TAGUATINGA CENTRO (TAGUATINGA),"QUADRA C 2 LOTE, 14, SALA  1003                EDIF  ACCIOLY OFFICE TOWER, TAGUATINGA CENTRO (TAGUATINGA), CEP 72010020, Brasilia/DF",9,1,clinica_geral,(61) 3797-2222,fixo,+556137972222,,,,,j.wac@hotmail.com
0.4790,LOI - LABOISSIERE ODONTOLOGIA INTEGRADA LTDA,26.386.908/0001-79,ME,RIACHO FUNDO I,"QUADRA CLS 4 BLOCO A, LT. 04, LOJA  03, RIACHO FUNDO I, CEP 71820511, Brasilia/DF",9,1,clinica_geral,(61) 9 8133-6629,celular,+5561981336629,sim,,,,william@contdias.com.br
0.4790,INDIKE ODONTOLOGIA,35.118.544/0001-37,ME,SETOR TRADICIONAL (PLANALTINA),"RUA FORMOSA (QUADRAS 24,25,32 E 33), LOTE, 17, QUADRA24                  LOJA  03                  SETOR TRADICIONAL, SETOR TRADICIONAL (PLANALTINA), CEP 73330071, Brasilia/DF",6,1,clinica_geral,(61) 3055-3538,fixo,+556130553538,,,,,gustavocosta88@msn.com
0.4790,REAL SAUDE,33.036.452/0001-82,ME,SETOR SUL (GAMA),"QUADRA QUADRA 1 COMERCIO LOCAL S/N, S/N, LOTE  08                  LOJA  A, SETOR SUL (GAMA), CEP 72410125, Brasilia/DF",7,1,clinica_geral,(61) 9 8501-5526,celular,+5561985015526,sim,(61) 9 8601-5526,celular,+5561986015526,jullyannacd@gmail.com
0.4790,ODONTOLOGIA JOAO CARLOS SOUZA,31.585.654/0001-58,ME,SETOR SUL (GAMA),"PRACA 3 BLOCO C LOJA, 03, SETOR SUL, SETOR SUL (GAMA), CEP 72410236, Brasilia/DF",7,1,clinica_geral,(61) 9 9968-2508,celular,+5561999682508,sim,,,,xxxxxxxxxxxx@gmail.com
0.4790,ODONTOLOGIA SANTA APOLONIA,28.866.779/0001-41,ME,SETOR CENTRAL (GAMA),"SETOR CENTRO COMERCIAL, EDIFICIO CENTRAL PROJECAO 9, SALA, 407, SETOR CENTRAL (GAMA), CEP 72404090, Brasilia/DF",8,1,clinica_geral,(61) 9 8229-3148,celular,+5561982293148,sim,,,,fred.uberaba@gmail.com
0.4790,ODONTOCLINICA LUCIANA ALVES,27.250.221/0001-74,ME,SOBRADINHO,"QUADRA QUADRA 7 COMERCIO LOCAL, CL 28, ANDAR 2                   SALA  207, SOBRADINHO, CEP 73036170, Brasilia/DF",9,1,clinica_geral,(61) 3387-4194,fixo,+556133874194,,,,,asteccontabilidade@uol.com.br
0.4790,IMPLA ODONTOLOGIA,34.014.503/0001-38,ME,TAGUATINGA NORTE (TAGUATINGA),"QUADRA QND 1 LOTE, 07, SALA  303 TERCEIRO ANDAR, TAGUATINGA NORTE (TAGUATINGA), CEP 72120010, Brasilia/DF",7,1,clinica_geral,(61) 9 8377-5941,celular,+5561983775941,sim,,,,implaodontologia01@gmail.com
0.4790,ODONTO SIA PREMIUM,33.765.852/0001-29,ME,ZONA INDUSTRIAL (GUARA),"QUADRA SIA QUADRA 5-C AE 02 ENTRADA, 120, SALA  202 E 203, ZONA INDUSTRIAL (GUARA), CEP 71200055, Brasilia/DF",7,1,clinica_geral,(61) 3234-9661,fixo,+556132349661,,,,,
0.4790,CLINICA ARTE ODONT E SAUDE,43.288.181/0001-06,ME,RIACHO FUNDO I,"QUADRA SHRF CLN 7B LOTE, 03, LOJA  05, RIACHO FUNDO I, CEP 71805542, Brasilia/DF",5,1,clinica_geral,(61) 9 8654-5704,celular,+5561986545704,sim,,,,linerodriguesruas@hotmail.com
0.4790,ESTAR BELLE SER,34.898.358/0001-03,ME,SOBRADINHO,"QUADRA QUADRA 08 COMERCIO LOCAL, 03, SALA  503 - PARTE, SOBRADINHO, CEP 73006010, Brasilia/DF",6,1,clinica_geral,(61) 3970-7270,fixo,+556139707270,,,,,evelyn.estetica@terra.com.br
0.4790,NEW ODONTOLOGIA,32.830.240/0001-00,ME,TAGUATINGA NORTE (TAGUATINGA),"QUADRA CNB 11 LOTE 9 SALA 303, SN, EDIF  PINHEIRO DE BRITO, TAGUATINGA NORTE (TAGUATINGA), CEP 72115115, Brasilia/DF",7,1,clinica_geral,(61) 9 8520-2102,celular,+5561985202102,sim,,,,brunofhartmann@hotmail.com
0.4790,CLINICA ORALCARDIO,37.573.876/0001-37,ME,TAGUATINGA NORTE (TAGUATINGA),"QUADRA CNF 1 LOTE, 11, LOJA  01, TAGUATINGA NORTE (TAGUATINGA), CEP 72125515, Brasilia/DF",6,1,clinica_geral,(61) 9 8598-6086,celular,+5561985986086,sim,,,,e.maximo.m@gmail.com
0.4790,PRIMEDENTS SOBRADINHO,34.459.985/0001-30,ME,SOBRADINHO,"QUADRA QUADRA 4 COMERCIO LOCAL, 2, LOJA  3 E 3A, SOBRADINHO, CEP 73025040, Brasilia/DF",7,1,clinica_geral,(61) 9 9966-3301,celular,+5561999663301,sim,,,,ortodentssobradinho@gmail.com
0.4785,MATER CLINICA ODONTOLOGIA,02.047.350/0001-39,ME,CEILANDIA,"QUADRA QNM 18 CONJUNTO F LOTE, 04, SALA  102, CEILANDIA, CEP 72210186, Brasilia/DF",29,1,clinica_geral,(61) 3354-5337,fixo,+556133545337,,(61) 3354-5337,fixo,+556133545337,
0.4785,CLINICA ODONTOLOGICA YASUNAGA,02.419.676/0001-40,ME,SANTA MARIA,"SETOR SUL COMERCIO LOCAL 403 LOTE E, S/N, SANTA MARIA, CEP 72503245, Brasilia/DF",28,1,clinica_geral,(61) 3393-1253,fixo,+556133931253,,,,,
0.4780,ODONTOLOGIA RIBEIRO,29.885.394/0001-94,ME,TAGUATINGA NORTE (TAGUATINGA),"QUADRA QNA, 24, LOTE  07                  APT   202, TAGUATINGA NORTE (TAGUATINGA), CEP 72110240, Brasilia/DF",8,1,clinica_geral,(61) 9 9832-6718,celular,+5561998326718,sim,,,,drvictoribeirojr@gmail.com
0.4780,CLINICA ALMEIDA - ODONTOLOGIA ESPECIALIZADA,57.003.689/0001-25,ME,CRUZEIRO VELHO,"BLOCO COMERCIO LOCAL BL A SL 123, S/N,       CRUZEIRO CENTER, CRUZEIRO VELHO, CEP 70640515, Brasilia/DF",2,1,clinica_institucional,(61) 9 9634-0160,celular,+5561996340160,sim,(00) 0000000000,indefinido,,clinicaodalmeida@gmail.com
0.4780,NATURE CLINICA ODONTOLOGICA,56.043.106/0001-27,ME,CONDOMINIO IMPERIO DOS NOBRES (SOBRADINHO),"CONDOMINIO IMPERIO DOS NOBRES , MC 1 LOTE, 05, LOJA  01, CONDOMINIO IMPERIO DOS NOBRES (SOBRADINHO), CEP 73252105, Brasilia/DF",2,1,clinica_geral,(61) 9 9944-2113,celular,+5561999442113,sim,(00) 0000000000,indefinido,,anacontabildf@gmail.com
0.4780,BIANCA PAULINO ESTETICA E ODONTOLOGIA,57.102.690/0001-07,ME,SETOR DE HABITACOES INDIVIDUAIS NORTE,"SETOR SHIN CA 05 LOTE E2 BLOCO E2 SALA 08, SN, TERREOLAGO NORTE, SETOR DE HABITACOES INDIVIDUAIS NORTE, CEP 71505000, Brasilia/DF",1,1,marca_pessoal,(61) 9 9699-0818,celular,+5561996990818,sim,(00) 0000000000,indefinido,,biancainaciodamota@gmail.com
0.4770,ODONTO HAPPY,45.040.214/0001-20,ME,GUARA II,"QUADRA QE 40 CONJUNTO O LOTE 01 SALA, 203, GUARA II, CEP 71070152, Brasilia/DF",4,1,clinica_geral,(61) 9 9623-0677,celular,+5561996230677,sim,,,,lucas.abrantesm@gmail.com
0.4770,CLINICA COUTO,50.088.120/0001-60,ME,SETOR HABITACIONAL MESTRE D'ARMAS (PLANALTINA),"QUADRA 13 MODULO 3 LOTE, 01, LOJA  3, SETOR HABITACIONAL MESTRE D'ARMAS (PLANALTINA), CEP 73401406, Brasilia/DF",3,1,clinica_geral,(61) 9 8621-5517,celular,+5561986215517,sim,(00) 0000000000,indefinido,,fr7contabilidade@gmail.com
0.4770,MODERNIZE ODONTOLOGIA,50.035.156/0001-86,ME,SETOR TRADICIONAL (PLANALTINA),"AVENIDA INDEPENDENCIA QUADRA 24 LOTE, 01,       SALA 109, SETOR TRADICIONAL (PLANALTINA), CEP 73330002, Brasilia/DF",3,1,clinica_geral,(61) 9 9287-3288,celular,+5561992873288,sim,(00) 0000000000,indefinido,,clinicamodernize@gmail.com
0.4770,PEIXOTO ODONTOLOGIA,43.551.963/0001-96,ME,TAGUATINGA NORTE (TAGUATINGA),"QUADRA QND 8, SN, LOTE  02                  LOJA  02, TAGUATINGA NORTE (TAGUATINGA), CEP 72120080, Brasilia/DF",4,1,clinica_geral,(61) 9 8105-5006,celular,+5561981055006,sim,,,,peixotoodontologia21@gmail.com
0.4770,DUETTO ODONTOLOGIA AVANCADA,49.557.684/0001-16,ME,GUARA I,"QUADRA QE 1 AE F SL, 217, BLOCO E, GUARA I, CEP 71020001, Brasilia/DF",3,1,clinica_geral,(61) 9 9539-9044,celular,+5561995399044,sim,(00) 0000000000,indefinido,,duetto.odontoavancada@gmail.com
0.4770,ODONTO-MED,45.637.334/0001-09,ME,SETOR INDUSTRIAL (TAGUATINGA),"QUADRA QI 24 LOTES 14 A 27, S/N, SETOR INDUSTRIAL (TAGUATINGA), CEP 72135903, Brasilia/DF",4,1,clinica_geral,(61) 9 9266-0302,celular,+5561992660302,sim,,,,odonto.med1@gmail.com
0.4770,BELUVE SORRISO E FACE LTDA,57.069.141/0001-88,EPP,TAGUATINGA,"SETOR SETOR B SUL CSB 2 LT 1 A 5, S/N, SALA  232                 BLOCO TORRE B, TAGUATINGA, CEP 72015525, Brasilia/DF",2,1,clinica_geral,(61) 9 9642-5503,celular,+5561996425503,sim,(00) 0000000000,indefinido,,beluvesorrisoeface@gmail.com
0.4765,MULTI ODONTO,01.002.188/0001-70,ME,CEILANDIA,"QUADRA QNN 02 CONJUNTO A LOTE 46 SALAS 106 E 107, S/N, CEILANDIA, CEP 72220021, Brasilia/DF",30,1,clinica_geral,(61) 3372-6678,fixo,+556133726678,,(61) 3372-6678,fixo,+556133726678,clinicamultiodonto@hotmail.com
0.4765,ANA PAULA FONSECA ODONTOLOGIA,55.597.709/0001-08,ME,NORTE (AGUAS CLARAS),"AVENIDA DAS CASTANHEIRAS, 820, SALA  509                 EDIF  BIG CENTER, NORTE (AGUAS CLARAS), CEP 71900100, Brasilia/DF",2,1,marca_pessoal,(61) 9 8173-1444,celular,+5561981731444,sim,,,,portobcontabilidade@gmail.com
0.4765,DRA. MARILIA BORGES,54.253.949/0001-22,ME,NORTE (AGUAS CLARAS),"RUA COPAIBA LOTE, 01, SALA  1806, NORTE (AGUAS CLARAS), CEP 71919540, Brasilia/DF",2,1,marca_pessoal,(61) 9 9615-6701,celular,+5561996156701,sim,(00) 0000000000,indefinido,,dra.mariliaborgesdeoliveira@gmail.com
0.4765,ODONTOLOGIA REVERA,53.575.250/0001-16,ME,ASA NORTE,"SETOR STN CONJUNTO O, 30,       CONSULTORIO 209, ASA NORTE, CEP 70770911, Brasilia/DF",2,1,clinica_geral,(61) 9 8199-7466,celular,+5561981997466,sim,(00) 0000000000,indefinido,,loidineidf2@gmail.com
0.4765,TOWERS ODONTOLOGIA,56.525.293/0001-85,ME,SETOR HABITACIONAL JARDIM BOTANICO,"RESIDENCIAL RESIDENCIAL ITAIPU QUADRA 20 LOTE, 25, LOJA  01, SETOR HABITACIONAL JARDIM BOTANICO, CEP 71680453, Brasilia/DF",2,1,clinica_geral,(61) 9 8327-7501,celular,+5561983277501,sim,(00) 0000000000,indefinido,,andria.carvalhoft@gmail.com
0.4765,VANS ODONTOLOGIA,59.156.515/0001-28,ME,ASA NORTE,"QUADRA SMHN QUADRA 2 BLOCO A CONSULTORIO, 409, ASA NORTE, CEP 70710143, Brasilia/DF",1,1,clinica_geral,(61) 9 9655-1238,celular,+5561996551238,sim,(00) 0000000000,indefinido,,draisabellamaressah@gmail.com
0.4765,AQUARELA KIDS ODONTOLOGIA,57.219.264/0001-58,ME,SUL (AGUAS CLARAS),"AVENIDA DAS ARAUCARIAS, S/N, LOTE  1835 1905 1955 2005 SALA  345, SUL (AGUAS CLARAS), CEP 71936250, Brasilia/DF",1,1,clinica_geral,(61) 9 9694-7623,celular,+5561996947623,sim,(00) 0000000000,indefinido,,tamiresodontopediatra@gmail.com
0.4765,DRA KALYNE MARQUES,59.449.545/0001-22,ME,ASA NORTE,"SETOR SDN CONJUNTO A, SN, SALA  6045                EDIF  SHOPPING C. NACIONAL, ASA NORTE, CEP 70077900, Brasilia/DF",1,1,marca_pessoal,(62) 9 8513-2705,celular,+5562985132705,sim,(00) 0000000000,indefinido,,kalynesmarques@gmail.com
0.4765,DUARTYS CLINIC,55.797.267/0001-43,ME,SETOR HABITACIONAL ARNIQUEIRA (AGUAS CLARAS),"SETOR SHA CONJUNTO 6 CHACARA 417, 1, SETOR HABITACIONAL ARNIQUEIRA (AGUAS CLARAS), CEP 71996290, Brasilia/DF",2,1,clinica_geral,(61) 9 8176-2497,celular,+5561981762497,sim,(00) 0000000000,indefinido,,duartsclinic@gmail.com
0.4765,JOANNA COSTA ODONTOLOGIA,52.822.173/0001-99,ME,SETOR HABITACIONAL ARNIQUEIRA (AGUAS CLARAS),"SETOR SHA CONJUNTO 5 CHACARA 92 LOTE 1D LOJA, 02, SETOR HABITACIONAL ARNIQUEIRA (AGUAS CLARAS), CEP 71995335, Brasilia/DF",2,1,clinica_geral,(61) 3456-1204,fixo,+556134561204,,(61) 9 9800-8834,celular,+5561998008834,fabio@jcoe.com.br
0.4765,CLEAN DENT DF,56.960.744/0001-02,ME,ASA NORTE,"SETOR SCN QUADRA 01 BLOCO E, 50, SALA  1202 PARTE          EDIF  CENTRAL PARK, ASA NORTE, CEP 70711903, Brasilia/DF",2,1,clinica_geral,(61) 3328-0193,fixo,+556133280193,,(00) 0000000000,indefinido,,cleandentdf@gmail.com
0.4765,RIBEIRODONTO,54.030.401/0001-13,ME,SETOR SUDOESTE,"QUADRA CLSW 101 BLOCO B, 13, LOJA  13, SETOR SUDOESTE, CEP 70670502, Brasilia/DF",2,1,clinica_geral,(61) 9 8216-2634,celular,+5561982162634,sim,(00) 0000000000,indefinido,,andreribeiro.odonto@gmail.com
0.4765,BILLIG ODONTOLOGIA,51.092.920/0001-18,ME,ASA NORTE,"SETOR SHCGN CR QD 712/713 BLOCO E, S/N, LOJA  55, ASA NORTE, CEP 70760650, Brasilia/DF",3,1,clinica_geral,(61) 3242-9496,fixo,+556132429496,,(00) 0000000000,indefinido,,billigodontologia@gmail.com
0.4765,ANA MOTA SAUDE E DESENVOLVIMENTO HUMANO,50.066.279/0001-84,ME,ASA NORTE,"SETOR SRTVN QUADRA 701 CONJUNTO C ALA A SALA 309, S/N, ASA NORTE, CEP 70719030, Brasilia/DF",3,1,marca_pessoal,(61) 9 9996-2566,celular,+5561999962566,sim,,,,anacristinamota.sz@gmail.com
0.4765,BARROS BUCO ODONTOLOGIA,44.770.854/0001-22,ME,SETOR HABITACIONAL VICENTE PIRES - TRECHO 3,"QUADRA 06 CONJUNTO 28 TRECHO 03, SN, LOTE  23 PARTE, SETOR HABITACIONAL VICENTE PIRES - TRECHO 3, CEP 72001582, Brasilia/DF",4,1,clinica_geral,(61) 3561-5583,fixo,+556135615583,,,,,barros.buco@outlook.com
0.4760,ANDRE DA SILVA SOUZA,58.400.356/0001-00,EPP,SETOR TRADICIONAL (PLANALTINA),"AVENIDA INDEPENDENCIA QUADRA 33 LOTE, 04, LOJA  A, SETOR TRADICIONAL (PLANALTINA), CEP 73330002, Brasilia/DF",1,1,marca_pessoal,(61) 9 9362-8242,celular,+5561993628242,sim,(00) 0000000000,indefinido,,drandresouza@hotmail.com
0.4750,M & F ODONTOLOGIA LTDA,28.329.600/0001-17,ME,TAGUATINGA CENTRO (TAGUATINGA),"QUADRA C 1, S/N, LOTE  1/12                SALA  118 E 119, TAGUATINGA CENTRO (TAGUATINGA), CEP 72010010, Brasilia/DF",9,1,clinica_geral,(61) 3026-4755,fixo,+556130264755,,,,,contato@drmaurorocha.com.br
0.4750,INNOVATE,39.355.328/0001-66,ME,GUARA I,"COLONIA AGRICOLA AGUAS CLARAS CHACARA 11, S/N, CASA  3A, GUARA I, CEP 71090105, Brasilia/DF",5,1,clinica_geral,(61) 9 8104-3461,celular,+5561981043461,sim,(61) 9 8400-8395,celular,+5561984008395,innovateodontologiaespecializada@outlook.com
0.4750,FEDERAL ODONTOLOGIA,42.551.814/0001-64,ME,SETOR DE MANSOES DE SOBRADINHO,"SETOR MINI CHACARA ES 12A LOTE, 09, LOJA  03/04, SETOR DE MANSOES DE SOBRADINHO, CEP 73083290, Brasilia/DF",5,1,clinica_geral,(61) 9 9998-4272,celular,+5561999984272,sim,,,,federalodontologiabsb@gmail.com
0.4750,ODONTO SERV,38.195.009/0001-78,ME,SETOR SUL (GAMA),"QUADRA QUADRA 1 CONJUNTO A LOTE, 11, SETOR SUL (GAMA), CEP 72410100, Brasilia/DF",6,1,clinica_institucional,(61) 3385-8903,fixo,+556133858903,,(61) 9 8511-9393,celular,+5561985119393,
0.4750,ODONTOLOGIA CORO,29.463.988/0001-07,ME,TAGUATINGA,"QUADRA CSB 02, LOTE 1/4, SALA 610 TORRE A, SN, TAGUATINGA, CEP 72015901, Brasilia/DF",8,1,clinica_geral,(61) 9 8103-1276,celular,+5561981031276,sim,,,,paulo.ravel85@gmail.com
0.4750,ODONTO MEDICI,31.552.574/0001-04,ME,SAMAMBAIA SUL (SAMAMBAIA),"QUADRA QS 122 CONJUNTO 3 LOTES, 12 A14, ANDAR 2                   SALA  01, SAMAMBAIA SUL (SAMAMBAIA), CEP 72304523, Brasilia/DF",7,1,clinica_geral,(61) 9 8151-7189,celular,+5561981517189,sim,,,,
0.4750,ORAL UNIC SAMAMBAIA,57.725.601/0001-89,ME,SAMAMBAIA NORTE (SAMAMBAIA),"QUADRA QUADRA 202 CONJUNTO 3 LOTE 7 E 8, S/N, SALA  5A E 5B, SAMAMBAIA NORTE (SAMAMBAIA), CEP 72316043, Brasilia/DF",1,1,clinica_geral,(11) 9 6303-6261,celular,+5511963036261,sim,(00) 0000000000,indefinido,,oralunicsamambaia@gmail.com
0.4750,INSTITUTO ODONTOLOGICO ACM LTDA,55.134.862/0001-07,ME,SOBRADINHO,"QUADRA CENTRAL SETOR HOTELEIRO BLOCO 3 COMERCIO, 3, SALA  113, SOBRADINHO, CEP 73010533, Brasilia/DF",2,1,clinica_institucional,(61) 9 8161-9721,celular,+5561981619721,sim,(00) 0000000000,indefinido,,carolwigeneski@gmail.com
0.4750,VIVI'S DENTAL CENTRO CLINICO ODONTOLOGICO ESPECIALIZADO,58.284.103/0001-00,ME,SAMAMBAIA SUL (SAMAMBAIA),"QUADRA QR 312 CJ 8 LT, SN, LOTE  24, SAMAMBAIA SUL (SAMAMBAIA), CEP 72308109, Brasilia/DF",1,1,clinica_institucional,(61) 9 8543-4391,celular,+5561985434391,sim,(00) 0000000000,indefinido,,vivipereira12@hotmail.com
0.4750,ODONTO SAUDE,59.418.332/0001-33,ME,SETOR OESTE (SOBRADINHO II),"QUADRA AR 6 CONJUNTO 1 CASA 07, S/N, SETOR OESTE (SOBRADINHO II), CEP 73060601, Brasilia/DF",1,1,clinica_institucional,(61) 9 8142-0610,celular,+5561981420610,sim,(00) 0000000000,indefinido,,odontosaudeclinicaodontologica@gmail.com
0.4750,ZIGOMA ODONTOLOGIA ESPECIALIZADA,58.809.493/0001-95,ME,TAGUATINGA,"SETOR SETOR M NORTE QNM 40 CJ G LT 39, S/N, TAGUATINGA, CEP 72146007, Brasilia/DF",1,1,clinica_institucional,(61) 3333-3333,fixo,+556133333333,,(00) 0000000000,indefinido,,zigoma@gmail.com
0.4750,CENTRO ODONTOLOGICO MARIANNA GARCIA,53.633.346/0001-93,ME,RIACHO FUNDO I,"QUADRA QS 6 CONJUNTO 3 LOTE 25 SALA, 103, RIACHO FUNDO I, CEP 71820603, Brasilia/DF",2,1,clinica_institucional,(61) 9 9275-9121,celular,+5561992759121,sim,(00) 0000000000,indefinido,,c.o.mariannagarcia@gmail.com
0.4750,CLINICA ODONTO ON FACE - GUARA,54.340.917/0001-64,ME,GUARA II,"QUADRA QE 15 BLOCO B, 10, GUARA II, CEP 71050621, Brasilia/DF",2,1,clinica_geral,(61) 9 9338-1985,celular,+5561993381985,sim,(00) 0000000000,indefinido,,odontoonfaceguara@gmail.com
0.4750,AVIVA CLINIC CENTRO ODONTOLOGICO,59.269.329/0001-03,ME,GAMA,"SETOR SETOR SUL RESID PARATY BL D PRACA 3 S/N, S/N, LOJA  02, GAMA, CEP 72410239, Brasilia/DF",1,1,clinica_institucional,(61) 9 9931-2552,celular,+5561999312552,sim,(00) 0000000000,indefinido,,danyfss1993@hotmail.com
0.4750,IORA ODONTOLOGIA ESPECIALIZADA,55.581.183/0001-78,ME,NUCLEO BANDEIRANTE,"AVENIDA SEGUNDA AVENIDA LOJA 01 LOTE, 269A, NUCLEO BANDEIRANTE, CEP 71710505, Brasilia/DF",2,1,clinica_institucional,(61) 9 9973-0870,celular,+5561999730870,sim,(00) 0000000000,indefinido,,rayla-fernandes@hotmail.com
0.4750,IROM,59.023.220/0001-83,ME,TAGUATINGA CENTRO (TAGUATINGA),"QUADRA C 1, 01/12, SALA  711 E 712, TAGUATINGA CENTRO (TAGUATINGA), CEP 72010010, Brasilia/DF",1,1,clinica_institucional,(61) 9 8437-4700,celular,+5561984374700,sim,(00) 0000000000,indefinido,,iromaxilofacial@gmail.com
0.4750,PLENANCY ODONTOLOGIA ESPECIALIZADA,55.116.723/0001-42,ME,TAGUATINGA,"SETOR SETOR A NORTE QNA 4 LT 33, S/N, SALA  102, TAGUATINGA, CEP 72110040, Brasilia/DF",2,1,clinica_institucional,(61) 9 9129-4278,celular,+5561991294278,sim,(00) 0000000000,indefinido,,plenancy.odontologia@gmail.com
0.4750,LM ODONTOLOGIA,55.564.932/0001-59,ME,SOBRADINHO,"QUADRA 03 LOTE INSTITUCIONAL, IGREJA, SALA  138, SOBRADINHO, CEP 73030030, Brasilia/DF",2,1,clinica_geral,(61) 9 8216-3053,celular,+5561982163053,sim,(00) 0000000000,indefinido,,luizfernandorinaldi@yahoo.com.br
0.4740,CENTRAL SORRISO,31.970.720/0001-03,ME,RECANTO DAS EMAS,"QUADRA QUADRA 802 CONJUNTO 2 LOTE, 08, RECANTO DAS EMAS, CEP 72650210, Brasilia/DF",7,1,clinica_geral,(61) 3434-1528,fixo,+556134341528,,,,,klewson@hotmail.com
0.4740,LUCIANA KAYSER,30.322.326/0001-04,ME,SETOR DE HABITACOES INDIVIDUAIS SUL,"QUADRA SHIS QI 07 BL C, SN, LOJA  10, SETOR DE HABITACOES INDIVIDUAIS SUL, CEP 71615205, Brasilia/DF",8,1,marca_pessoal,(61) 3541-9661,fixo,+556135419661,,,,,luciana.clinik@gmail.com
0.4740,ORTOVIP ODONTOLOGIA,28.071.274/0001-90,ME,CEILANDIA NORTE (CEILANDIA),"QUADRA QNO, 17, CONJ  A LOTE 01 - 1 ANDAR, CEILANDIA NORTE (CEILANDIA), CEP 72260771, Brasilia/DF",9,1,clinica_geral,(61) 9 8629-5575,celular,+5561986295575,sim,,,,apaulawerneck@yahoo.com.br
0.4740,RAMALHOS ODONTOLOGIA,40.904.376/0001-45,ME,SETOR RESIDENCIAL OESTE (SAO SEBASTIAO),"QUADRA QUADRA 103 CONJUNTO 10 LOTE, 22, SETOR RESIDENCIAL OESTE (SAO SEBASTIAO), CEP 71692228, Brasilia/DF",5,1,clinica_geral,(61) 9 9958-4034,celular,+5561999584034,sim,,,,ramalhosodontologia.newcon@gmail.com
0.4740,ODONTOLOGIA INTEGRADA,37.023.458/0001-76,ME,CEILANDIA SUL (CEILANDIA),"QUADRA QNM, 17, CONJ  H                   LOTE  58                  SALA  101, CEILANDIA SUL (CEILANDIA), CEP 72215178, Brasilia/DF",6,1,clinica_geral,(61) 9 8562-2044,celular,+5561985622044,sim,,,,monadias@gmail.com
0.4740,ODONTONAVA,32.928.337/0001-50,ME,CEILANDIA SUL (CEILANDIA),"QUADRA QNM 5 CONJUNTO B LOTE, 47, SALA  203 204 E 205, CEILANDIA SUL (CEILANDIA), CEP 72215052, Brasilia/DF",7,1,clinica_geral,(61) 3372-1039,fixo,+556133721039,,(61) 9 8635-7777,celular,+5561986357777,odontonova@gmail.com
0.4740,THE CLINIC ODONTOLOGIA,43.172.909/0001-30,ME,SETOR ESPECIAL (VILA ESTRUTURAL),"QUADRA 02, CONJUNTO 04, LOTE 16,, S/N, SETOR ESPECIAL (VILA ESTRUTURAL), CEP 71266120, Brasilia/DF",5,1,clinica_geral,(61) 9 8122-8104,celular,+5561981228104,sim,,,,fellipyunb@gmail.com
0.4730,CENTERCLIN ODONTOLOGIA,39.644.187/0002-82,ME,TAGUATINGA SUL (TAGUATINGA),"QUADRA QSA 11, 04, SALA  04, TAGUATINGA SUL (TAGUATINGA), CEP 72015110, Brasilia/DF",4,1,clinica_geral,(64) 9 8139-2901,celular,+5564981392901,sim,(62) 3573-3539,fixo,+556235733539,teamalanodonto@gmail.com
0.4730,VITTARES ODONTOLOGIA E ESPECIALIDADES EM SAUDE,26.536.418/0001-01,ME,TAGUATINGA NORTE (TAGUATINGA),"QUADRA Q SETOR M NORTE QNM 34 AREA ESPECIAL, 01, SALA  205 TORRE, TAGUATINGA NORTE (TAGUATINGA), CEP 72145450, Brasilia/DF",9,2,multi_unidade,(61) 3491-5299,fixo,+556134915299,,,,,denttaresodontologia@gmail.com
0.4725,BRUNO FATURETO MARQUES,24.842.721/0001-07,ME,SANTA MARIA,"QUADRA QR 209 CONJUNTO N LOTE 31, S/N, SANTA MARIA, CEP 72509414, Brasilia/DF",10,1,marca_pessoal,(61) 9 9831-8051,celular,+5561998318051,sim,,,,suporte@accontabilidadedf.com.br
0.4725,ODONTO RISO,15.558.792/0001-91,ME, ITAPOA,"QUADRA  QUADRA 02 CONJUNTO O LOTE, 32,                                 FAZENDINHA,  ITAPOA, CEP 71596265, Brasilia/DF",14,1,clinica_geral,(61) 3369-6846,fixo,+556133696846,,(61) 3369-6846,fixo,+556133696846,mdantascontabil@uol.com.br
0.4725,ANTONIO RIBEIRO MELO,05.280.864/0001-28,ME,SANTA MARIA,"QR 317 CONJ. C CASA, 29, SANTA MARIA, CEP 72547603, Brasilia/DF",24,1,marca_pessoal,(06) 1394-7774,fixo,+550613947774,,,,,
0.4725,CRIS QUIRINO STUDIO ODONTOLOGICO LTDA,46.905.278/0001-09,ME,SUL (AGUAS CLARAS),"RUA DAS PAINEIRAS LOTE, 06,       TORRE B SALA 206, SUL (AGUAS CLARAS), CEP 71929180, Brasilia/DF",4,1,clinica_geral,(61) 3356-3705,fixo,+556133563705,,(00) 0000000000,indefinido,,legalizacao@gestaocontadores.com.br
0.4725,INTEGRITA ODONTOLOGIA,45.500.605/0001-80,ME,AREAL (AGUAS CLARAS),"QUADRA QS 03, LOTES 3,5,7 E 9, SALA 1509, TORRE SUL, SN, EDIF  PATIO CAPITAL, AREAL (AGUAS CLARAS), CEP 71953000, Brasilia/DF",4,1,clinica_geral,(61) 9 9616-8640,celular,+5561996168640,sim,,,,integritaodontologia@gmail.com
0.4725,ANA PAULA MILHOMEM SERVICOS ODONTOLOGICOS,49.080.498/0001-39,ME,NORTE (AGUAS CLARAS),"RUA 24, LT 03, BLOCO A                   APT   1402, NORTE (AGUAS CLARAS), CEP 71916750, Brasilia/DF",3,1,marca_pessoal,(61) 9 8178-5602,celular,+5561981785602,sim,(00) 0000000000,indefinido,,apaulamilhomem@gmail.com
0.4725,CAMILA GOMES SERVICOS ODONTOLOGICOS,50.727.061/0001-23,ME,SETOR SUDOESTE,"QUADRA CCSW 2, LOTE 4, APT   7                   EDIF  LINEA STUDIO HOME, SETOR SUDOESTE, CEP 70680250, Brasilia/DF",3,1,marca_pessoal,(61) 9 8184-5868,celular,+5561981845868,sim,(00) 0000000000,indefinido,,camila.unesp@gmail.com
0.4725,DANIELA TOLEDO ODONTOLOGIA,48.927.754/0001-18,ME,ASA SUL,"QUADRA SGAS 915, S/N, CONJ  N                   SALA  233, ASA SUL, CEP 70390150, Brasilia/DF",3,1,marca_pessoal,(61) 9 8127-1201,celular,+5561981271201,sim,(00) 0000000000,indefinido,,danielatoledoodontologia@gmail.com
0.4725,DRª JULIA MELO,48.536.925/0001-88,ME,ASA NORTE,"QUADRA SQN 112 BLOCO C APT, 604, ASA NORTE, CEP 70762030, Brasilia/DF",3,1,marca_pessoal,(61) 9 9699-4324,celular,+5561996994324,sim,(00) 0000000000,indefinido,,drajuliamelo85@gmail.com
0.4725,GIOVANA MILITO ODONTOLOGIA,50.604.937/0001-44,ME,ASA NORTE,"SETOR COMERCIAL NORTE QUADRA 01 BLOCO F SALA 1603, 79,       PARTE 2, ASA NORTE, CEP 70711905, Brasilia/DF",3,1,clinica_geral,(61) 9 8102-9778,celular,+5561981029778,sim,(00) 0000000000,indefinido,,giovanamilito@gmail.com
0.4725,ODONTOCASTRO,50.355.426/0001-36,ME,ASA SUL,"QUADRA SEPS 714/914, S/N, CONJ  E                   SALA  203 A 205, ASA SUL, CEP 70390145, Brasilia/DF",3,1,clinica_geral,(61) 3346-5543,fixo,+556133465543,,(00) 0000000000,indefinido,,atendimentoodontocastro@gmail.com
0.4725,ODONTOLARDF SERVICOS ODONTOLOGICOS HOSPITALAR E DOMICIL,51.762.556/0001-56,ME,SETOR HABITACIONAL VICENTE PIRES,"RUA RUA 6 CHACARA 252, 07, SETOR HABITACIONAL VICENTE PIRES, CEP 72006500, Brasilia/DF",3,1,clinica_geral,(61) 9 8116-9833,celular,+5561981169833,sim,,,,christianthomc@hotmail.com
0.4725,SORRISO SAPECA,43.803.201/0001-30,ME,NORTE (AGUAS CLARAS),"ALAMEDA DAS ACACIAS QUADRA 107 LTS, 2/6, BLOCO G                   APT   802                 EDIF  RIVEIRA DEI FIORI, NORTE (AGUAS CLARAS), CEP 71920540, Brasilia/DF",4,1,clinica_geral,(61) 9 8171-1331,celular,+5561981711331,sim,,,,anelizabella@gmail.com
0.4725,GRUPO COLINI,49.835.782/0001-78,ME,ASA SUL,"QUADRA SCS QUADRA 08 BLOCO B SALA, 733, ASA SUL, CEP 70308000, Brasilia/DF",3,1,clinica_geral,(61) 9 8207-8970,celular,+5561982078970,sim,,,,draisabellacolombari@gmail.com
0.4725,MULTI ODONTO,45.383.744/0001-70,ME,NORTE (AGUAS CLARAS),"RUA 12 NORTE LOTE, 01, LOJA  03, NORTE (AGUAS CLARAS), CEP 71909540, Brasilia/DF",4,1,clinica_geral,(63) 9 8457-7618,celular,+5563984577618,sim,,,,helomo01@hotmail.com
0.4725,DRA TAISE PINHEIRO STUDIO ODONTOLOGICO,51.301.558/0001-48,ME,NORTE (AGUAS CLARAS),"RUA DAS FIGUEIRAS, 905, QUADRA101                 LOTE  7                   SALA  905, NORTE (AGUAS CLARAS), CEP 71906750, Brasilia/DF",3,1,marca_pessoal,(61) 9 9953-5014,celular,+5561999535014,sim,(00) 0000000000,indefinido,,taisepinheirodonto@gmail.com
0.4725,ELLOS DE VIDA ODONTOLOGIA,55.747.165/0001-13,ME,ASA NORTE,"SETOR SDN CNB CONJUNTO A, S/N, SALA  4.010 PARTE A1, ASA NORTE, CEP 70077900, Brasilia/DF",2,1,clinica_geral,(61) 9 9607-9648,celular,+5561996079648,sim,(00) 0000000000,indefinido,,thaynnarapolicarpo25@gmail.com
0.4725,JSL ODONTOLOGIA,58.253.893/0001-67,ME,SETOR HABITACIONAL JARDIM BOTANICO,"CONDOMINIO SOLAR DE BRASILIA, S/NR, QUADRA02                  BLOCO C                   LOTE  03                  SALA  102, SETOR HABITACIONAL JARDIM BOTANICO, CEP 71680349, Brasilia/DF",1,1,clinica_geral,(61) 9 8230-6851,celular,+5561982306851,sim,(00) 0000000000,indefinido,,julianelucena10@gmail.com
0.4725,ALINHARTE ODONTOLOGIA,47.938.462/0001-18,ME,ASA NORTE,"SETOR SCN QUADRA 2, BLOCO D, ENTRADA B, SN, SALA  1132, ASA NORTE, CEP 70712904, Brasilia/DF",3,1,clinica_geral,(61) 9 9044-3565,celular,+5561990443565,sim,,,,alinharteodontologia@gmail.com
0.4725,MY ODONTOLOGIA,46.471.077/0001-40,ME,ASA SUL,"QUADRA SEPS 705/905, S/N, SALA  113 E 115           CONJ  A                         CENTRO EMPRESARIAL        SANTA CRUZ, ASA SUL, CEP 70390055, Brasilia/DF",4,1,clinica_geral,(61) 9 9508-4093,celular,+5561995084093,sim,,,,buchalaodontologia@gmail.com
0.4725,ORALMAX - CIRURGIA ORAL & MAXILOFACIAL,44.045.844/0001-24,ME,AREAL (AGUAS CLARAS),"QUADRA QS 5 RUA 300 LOTE 22 BLOCO 03 APTO, 104, COND  GARDEN VILLAGE, AREAL (AGUAS CLARAS), CEP 71961540, Brasilia/DF",4,1,clinica_geral,(61) 9 8222-0527,celular,+5561982220527,sim,,,,naubervitorino@yahoo.com.br
0.4725,REALIZZE ODONTOLOGIA HUMANIZADA,50.326.568/0001-75,ME,SUL (AGUAS CLARAS),"AVENIDA DAS ARAUCARIAS, LOTE, 305,       TORRE B             SALA  118, SUL (AGUAS CLARAS), CEP 71936250, Brasilia/DF",3,1,clinica_geral,(61) 9 8207-0800,celular,+5561982070800,sim,(00) 0000000000,indefinido,,alinemacedoprado@gmail.com
0.4715,CLINICA DENTARIA DO POPULAR SIM LTDA,01.789.422/0001-50,ME,SETOR RESIDENCIAL LESTE (PLANALTINA),"QUADRA 03 CONJUNTO F LOTE, 41, SALA  01, SETOR RESIDENCIAL LESTE (PLANALTINA), CEP 73350306, Brasilia/DF",29,1,clinica_geral,(61) 3388-3041,fixo,+556133883041,,,,,
0.4710,ORTO VIDA - CLINICA ODONTOLOGICA,50.767.032/0001-95,ME,SETOR TRADICIONAL (PLANALTINA),"AVENIDA INDEPENDENCIA QUADRA 24 LOTE, 01, SALA  203 E 205, SETOR TRADICIONAL (PLANALTINA), CEP 73330002, Brasilia/DF",3,1,clinica_geral,(61) 3389-4976,fixo,+556133894976,,,,,katielly_assis@hotmail.com
0.4710,DR MATHEUS CARVALHO ODONTOLOGIA ESPECIALIZADA,44.101.712/0001-72,ME,SETOR CENTRAL (GAMA),"SETOR SCC PROJECAO, 09, SALA  405, SETOR CENTRAL (GAMA), CEP 72404903, Brasilia/DF",4,1,marca_pessoal,(61) 9 8157-6551,celular,+5561981576551,sim,,,,matheusckn@hotmail.com
0.4710,CLIO ODONTO PEDIATRIA,44.286.381/0001-92,ME,SOBRADINHO,"QUADRA QUADRA 6 AREA RESERVADA, 4, SALA  314, SOBRADINHO, CEP 73025060, Brasilia/DF",4,1,clinica_geral,(61) 3591-8725,fixo,+556135918725,,,,,clio314@gmail.com
0.4710,INSTITUTO ODONTO INSIGHT,51.568.738/0001-90,ME,TAGUATINGA NORTE (TAGUATINGA),"QUADRA QND 01 LOTE, 20, SALA  206- PARTE 76       PAVMTO2, TAGUATINGA NORTE (TAGUATINGA), CEP 72120010, Brasilia/DF",3,1,clinica_institucional,(61) 9 9119-8306,celular,+5561991198306,sim,,,,wborbat@gmail.com
0.4710,INSTITUTO LORENA COUTINHO - ODONTOLOGIA ESPECIALIZADA,45.704.695/0001-20,ME,GAMA,"SETOR SETOR CENTRAL EQ 47/49 PROJ 4, S/N, SALA  521, GAMA, CEP 72405499, Brasilia/DF",4,1,clinica_institucional,(61) 9 9353-6464,celular,+5561993536464,sim,,,,dralorenacoutinho@gmail.com
0.4710,ODONTOLOGIA RIBEIRO NAVES,46.124.940/0001-93,ME,TAGUATINGA,"SETOR SETOR D NORTE QND 1 LT 20, S/N, SALA  05 E 06, TAGUATINGA, CEP 72120010, Brasilia/DF",4,1,clinica_geral,(61) 9 9115-2010,celular,+5561991152010,sim,(00) 0000000000,indefinido,,addenaves@gmail.com
0.4700,ILUMINART ODONTOLOGIA ESPECIALIZADA,57.007.444/0001-76,ME,CEILANDIA NORTE (CEILANDIA),"QUADRA QNO 3 CONJUNTO B, SN, LOTE  44, CEILANDIA NORTE (CEILANDIA), CEP 72250302, Brasilia/DF",2,1,clinica_institucional,(61) 9 8211-1499,celular,+5561982111499,sim,,,,priscilaferreirasouz@gmail.com
0.4680,JMLP ODONTOLOGIA LTDA,51.529.836/0001-19,EPP,CEILANDIA CENTRO (CEILANDIA),"QUADRA CNM 2 LOTE B SALA 203, SN, CEILANDIA CENTRO (CEILANDIA), CEP 72210502, Brasilia/DF",3,1,clinica_geral,(61) 9 9615-8865,celular,+5561996158865,sim,(00) 0000000000,indefinido,,xxxxxxxxx@xxxxxx.xxx.xx
0.4680,MBD ODONTO,51.826.817/0001-54,EPP,BRASILIA,"QUADRA W4 SUL EQ 712/912 LT A, S/N, BRASILIA, CEP 70390125, Brasilia/DF",3,1,clinica_geral,(61) 9 8206-1476,celular,+5561982061476,sim,(00) 0000000000,indefinido,,contabilidadecir40@gmail.com
0.4680,+ ODONTO ODONTOLOGIA,45.339.840/0001-11,ME,TAGUATINGA NORTE (TAGUATINGA),"QUADRA QNA 17 LOTE 13 SALA, 203, TAGUATINGA NORTE (TAGUATINGA), CEP 72110170, Brasilia/DF",4,1,clinica_geral,(61) 9 9456-4057,celular,+5561994564057,sim,,,,maisodonto23@gmail.com
0.4680,CORR CENTRO ODONTOLOGICO RIBEIRO RESENDE LTDA,29.207.257/0001-09,ME,CEILANDIA SUL (CEILANDIA),"QUADRA QNM 01 CONJUNTO B LOTE 03 SALA, 201, EDIF  BRUNA, CEILANDIA SUL (CEILANDIA), CEP 72215012, Brasilia/DF",8,1,clinica_institucional,(61) 9 8598-4234,celular,+5561985984234,sim,,,,contatocorrdf@gmail.com
0.4680,ODONTIC CLINICA ODONTOLOGICA - PARANOA,27.782.285/0001-16,ME,PARANOA,"QUADRA QUADRA 22 CONJUNTO 16 LOTE, 01, LOJA  01, PARANOA, CEP 71572200, Brasilia/DF",9,1,clinica_geral,(61) 9 9174-4954,celular,+5561991744954,sim,,,,jdcontabilidade@terra.com.br
0.4680,COES ODONTOLOGIA ESPECIALIZADA,30.072.924/0001-64,ME,CEILANDIA SUL (CEILANDIA),"QUADRA QNM 17, CONJUNTO E, LOTE 03, SALA, 202, CEILANDIA SUL (CEILANDIA), CEP 72215170, Brasilia/DF",8,1,clinica_institucional,(61) 3965-8545,fixo,+556139658545,,(61) 9 8106-1028,celular,+5561981061028,raquel.c.fracari@gmail.com
0.4680,INOVA ODONTO,36.698.053/0001-75,ME,SETOR RESIDENCIAL OESTE (SAO SEBASTIAO),"QUADRA QUADRA 203 CONJUNTO 1, 25, SALA  201, SETOR RESIDENCIAL OESTE (SAO SEBASTIAO), CEP 71692601, Brasilia/DF",6,1,clinica_geral,(61) 9 9465-3644,celular,+5561994653644,sim,,,,inovaodonto.bsb@gmail.com
0.4680,ODONTO GOMES,37.542.847/0001-08,ME,CEILANDIA SUL (CEILANDIA),"QUADRA QNN 2 CONJUNTO E LOTE, 04, SALA  102, CEILANDIA SUL (CEILANDIA), CEP 72220025, Brasilia/DF",6,1,clinica_institucional,(61) 3038-1200,fixo,+556130381200,,,,,
0.4680,ORALIS CLINICA ODONTOLOGICA,32.265.162/0001-48,ME,RECANTO DAS EMAS,"AVENIDA RECANTO QUADRA 203, SN, LOTE  30                  SALA  103, RECANTO DAS EMAS, CEP 72610321, Brasilia/DF",7,1,clinica_geral,(61) 9 8375-3330,celular,+5561983753330,sim,,,,
0.4680,CLINICA ODONTOLOGICA DENTOP,41.345.698/0001-64,ME,VILA SAO JOSE (BRAZLANDIA),"QUADRA 47 CONJUNTO A LOTE, 03, LOJA  01, VILA SAO JOSE (BRAZLANDIA), CEP 72747001, Brasilia/DF",5,1,clinica_geral,(61) 3052-1008,fixo,+556130521008,,,,,clinicadentop@gmail.com
0.4680,CLINICA ODONTOLOGICO IMPLAORTO,29.707.286/0001-21,ME,PARANOA,"QUADRA QUADRA 23 CONJUNTO 17, 21, LOJA  01, PARANOA, CEP 71572315, Brasilia/DF",8,1,clinica_geral,(61) 9 9154-0717,celular,+5561991540717,sim,,,,odontofacilparanoa@gmail.com
0.4680,ATELIE DO SORRISO,34.821.998/0001-07,ME,RECANTO DAS EMAS,"AVENIDA RECANTO QUADRA 203, 36, SALA  101 A 104, RECANTO DAS EMAS, CEP 72610321, Brasilia/DF",6,1,clinica_geral,(61) 3334-1815,fixo,+556133341815,,,,,alexppcd@hotmail.com
0.4680,MABE ODONTOLOGIA ESPECIALIZADA,41.533.196/0001-67,ME,CEILANDIA SUL (CEILANDIA),"QUADRA QNM 1 CONJUNTO G LOTE, 1/3, SALA  105, CEILANDIA SUL (CEILANDIA), CEP 72215017, Brasilia/DF",5,1,clinica_institucional,(61) 3879-8130,fixo,+556138798130,,,,,dentista.alicia@gmail.com
0.4675,TELES E DOURADO ODONTOLOGIA,58.953.599/0001-68,ME,AREAL (AGUAS CLARAS),"AVENIDA AGUAS CLARAS QS 08 LOTE, 51, APT   101, AREAL (AGUAS CLARAS), CEP 71974000, Brasilia/DF",1,1,clinica_geral,(61) 3543-4378,fixo,+556135434378,,(00) 0000000000,indefinido,,containfinity@gmail.com
0.4675,CMA ODONTOLOGIA,56.941.417/0001-03,ME,SUL (AGUAS CLARAS),"QUADRA 205 LOTE, 01, SALA  204                 EDIF  QUARTIER CENTER, SUL (AGUAS CLARAS), CEP 71925000, Brasilia/DF",2,1,clinica_geral,(61) 9 8186-6315,celular,+5561981866315,sim,(00) 0000000000,indefinido,,camilademeloalves9@gmail.com
0.4675,SR ODONTOLOGIA,55.531.035/0001-49,ME,SUL (AGUAS CLARAS),"RUA 12, SN, LOTE  12/14               APT   1206                EDIF  VILARINDO LIMA, SUL (AGUAS CLARAS), CEP 71939000, Brasilia/DF",2,1,clinica_geral,(61) 9 9808-3939,celular,+5561998083939,sim,(00) 0000000000,indefinido,,sergiomarques44@hotmail.com
0.4670,CLINICA ODONTOLOGICA GOMES,51.133.488/0001-66,ME,TAGUATINGA,"SETOR SETOR D NORTE QND 28 LT 5, S/N, SALA  101, TAGUATINGA, CEP 72120280, Brasilia/DF",3,1,clinica_geral,(61) 0000-0000,fixo,+556100000000,,(00) 0000000000,indefinido,,xxxxxxxxx@gmail.com
0.4660,FACE ODONTOLOGIA ESPECIALIZADA,48.716.159/0001-33,ME,SETOR NORTE (BRAZLANDIA),"QUADRA 03, S/N, LOTE  01, SETOR NORTE (BRAZLANDIA), CEP 72705030, Brasilia/DF",3,1,clinica_institucional,(61) 9 9808-0771,celular,+5561998080771,sim,(00) 0000000000,indefinido,,drarenatarodrigues@outlook.com
0.4650,DR CITY IMPLA,43.696.637/0001-77,ME,SAMAMBAIA NORTE (SAMAMBAIA),"QUADRA QS 414 CONJUNTO F LOTE 02, SN,       SALA 110, SAMAMBAIA NORTE (SAMAMBAIA), CEP 72320586, Brasilia/DF",4,1,marca_pessoal,(61) 3526-3367,fixo,+556135263367,,,,,multiplancontabil10@gmail.com
0.4650,MAG ODONTOLOGIA,48.001.854/0001-19,ME,TAGUATINGA NORTE (TAGUATINGA),"AREA ESPECIAL SETOR C NORTE, S/N, LOTE  1 A 12 TORRE B      SALA  712 713 E 714, TAGUATINGA NORTE (TAGUATINGA), CEP 72115700, Brasilia/DF",3,1,clinica_geral,(61) 9 8262-5089,celular,+5561982625089,sim,(00) 0000000000,indefinido,,izaelips@gmail.com
0.4650,ABCDENTE CLINICA DE ODONTOLOGIA LTDA,55.050.730/0001-99,ME,SOBRADINHO,"QUADRA 08 COMERCIO LOCAL, CL 28, LOJA  3 E 6, SOBRADINHO, CEP 73006170, Brasilia/DF",2,1,clinica_geral,(61) 3030-0066,fixo,+556130300066,,(00) 0000000000,indefinido,,abcdenteodonto@gmail.com
0.4650,NEOCLIN,47.626.683/0001-50,ME,RIACHO FUNDO II,"QUADRA QS 14 BLOCO A, SN, LOTE  06, RIACHO FUNDO II, CEP 71884544, Brasilia/DF",4,1,clinica_geral,(61) 3352-4242,fixo,+556133524242,,(00) 0000000000,indefinido,,societario@inovecontadores.com
0.4650,SORRIMANIA,59.172.275/0001-55,ME,SAMAMBAIA NORTE (SAMAMBAIA),"QUADRA QS 414 CONJUNTO F LOTE, 01, SALA  101/103 E 105, SAMAMBAIA NORTE (SAMAMBAIA), CEP 72320586, Brasilia/DF",1,1,clinica_geral,(61) 3363-8972,fixo,+556133638972,,(00) 0000000000,indefinido,,arielly.financeiro@gmail.com
0.4650,DRA. BIANCA MOTTA URGENCIA ODONTOLOGIA / URGENCIA 24 H,57.976.295/0001-53,ME,TAGUATINGA CENTRO,"QUADRA Q C 1 LOTE, 1/12, SALA  922/923, TAGUATINGA CENTRO, CEP 72010010, Brasilia/DF",1,1,marca_pessoal,(61) 9 8117-9734,celular,+5561981179734,sim,,,,biancamotta160592@gmail.com
0.4645,CONSULTORIO ODONTOLOGICO SORRIART,10.300.378/0001-64,ME,RECANTO DAS EMAS,"QUADRA 104/105 LOTE 13 LOJA, 02, SETOR HOSPITALAR, RECANTO DAS EMAS, CEP 72600400, Brasilia/DF",18,1,clinica_geral,(61) 3581-8036,fixo,+556135818036,,,,,g.o.s-sorriart@hotmail.com
0.4645,BASTOS ODONTOLOGIA,45.837.462/0001-04,ME,SUL (AGUAS CLARAS),"RUA 24 SUL LOTE, 25, APT   903, SUL (AGUAS CLARAS), CEP 71927000, Brasilia/DF",4,1,clinica_geral,(61) 9 9646-5684,celular,+5561996465684,sim,,,,matheusbastos94@gmail.com
0.4645,JANAINA MACIEL CIRURGIA DENTISTA,45.444.832/0001-35,ME,PARK WAY,"QUADRA SMPW QUADRA 3 CONJUNTO 1, 5, PARK WAY, CEP 71735301, Brasilia/DF",4,1,clinica_geral,(14) 9 9717-7141,celular,+5514997177141,sim,,,,janaina.gmaciel@gmail.com
0.4645,DR. JOAO PEDRO DANTAS,49.446.490/0001-43,ME,SETOR HABITACIONAL JARDIM BOTANICO,"SETOR HABITACIONAL JARDIM BOTANICO, CONDOMINIO LAGO SUL, CONJUNTO, 6, CASA  3, SETOR HABITACIONAL JARDIM BOTANICO, CEP 71680361, Brasilia/DF",3,1,marca_pessoal,(61) 9 8365-4598,celular,+5561983654598,sim,(00) 0000000000,indefinido,,dr.jpdantas@gmail.com
0.4645,"CIENCIA, SAUDE E SERVICOS",49.926.824/0001-86,ME,ASA NORTE,"QUADRA SQN 309 BLOCO F, S/N, APT   511, ASA NORTE, CEP 70755060, Brasilia/DF",3,1,clinica_geral,(12) 9 9622-3429,celular,+5512996223429,sim,,,,josielapoliveira@gmail.com
0.4645,PEDRO RIBEIRO ODONTOLOGIA,51.694.001/0001-14,ME,ASA SUL,"QUADRA SQS 212 BLOCO C, SN, APT   409, ASA SUL, CEP 70275030, Brasilia/DF",3,1,marca_pessoal,(61) 9 9612-4798,celular,+5561996124798,sim,(00) 0000000000,indefinido,,pp_lopes99@hotmail.com
0.4645,TATIANA S. D. GOMES,45.451.480/0001-45,ME,SUL (AGUAS CLARAS),"AVENIDA DAS ARAUCARIAS, 601, SUL (AGUAS CLARAS), CEP 71936250, Brasilia/DF",4,1,marca_pessoal,(61) 9 9301-4617,celular,+5561993014617,sim,,,,taatisiqueira@gmail.com
0.4645,WOLLMANN ODONTOLOGIA,48.895.855/0001-54,ME,SUL (AGUAS CLARAS),"AVENIDA PAU BRASIL, 10, SALA  1336, SUL (AGUAS CLARAS), CEP 71926000, Brasilia/DF",3,1,clinica_geral,(61) 9 8133-7901,celular,+5561981337901,sim,(00) 0000000000,indefinido,,wollmannodonto@gmail.com
0.4640,HOSPITAL DA FACE LTDA,47.148.818/0001-10,DEMAIS,SAO BARTOLOMEU (SAO SEBASTIAO),"QUADRA QUADRA 2 CONJUNTO 4 LOTE 26, SN, ANDAR 1 E 2, SAO BARTOLOMEU (SAO SEBASTIAO), CEP 71697047, Brasilia/DF",4,1,clinica_geral,(61) 3321-0999,fixo,+556133210999,,,,,juridicon@juridicon.com.br
0.4640,ABILIO RODRIGUES CARDOSO JUNIOR,32.908.733/0001-15,ME,ASA SUL,"SRT/SUL Q 701 BL K SALA, 517, 5 PAV ED EMB TOWER, ASA SUL, CEP 70332900, Brasilia/DF",37,1,clinica_geral,,,,,,,,
0.4640,JOSUE RUBIM DE CASTRO,01.269.866/0001-65,ME,ASA SUL,"LOC  SCS QD 04 BL A, 49, SALA 310, ASA SUL, CEP 70310500, Brasilia/DF",30,1,clinica_geral,,,,,,,,
0.4635,SENE E SOUSA ODONTOLOGIA,47.393.767/0001-91,ME,SUL (AGUAS CLARAS),"RUA COPAIBA LOTE, 1, SALA  2407 TORRE A, SUL (AGUAS CLARAS), CEP 71931720, Brasilia/DF",4,1,clinica_geral,(61) 9 8140-5559,celular,+5561981405559,sim,(00) 0000000000,indefinido,,gianeodonto@gmail.com
0.4630,DENTCLEAR ODONTOLOGIA LTDA,27.423.838/0001-44,ME,SOBRADINHO,"QUADRA QUADRA 8 COMERCIO LOCAL, CL 29, SALA  106, SOBRADINHO, CEP 73006075, Brasilia/DF",9,1,clinica_geral,(61) 9 9465-5847,celular,+5561994655847,sim,,,,gustavoarrazbrito@hotmail.com
0.4630,ABRNOG BUCOMAXILO ODONTOLOGIA LTDA,27.712.904/0001-04,ME,ZONA INDUSTRIAL (GUARA),"TRECHO SIA TRECHO 3 LOTE 825, 895, ZONA INDUSTRIAL (GUARA), CEP 71200030, Brasilia/DF",9,1,clinica_geral,(61) 9 9823-1740,celular,+5561998231740,sim,,,,abrnog@me.com
0.4630,FABIANO E GISANE PINHEIRO ODONTOLOGIA LTDA,27.316.175/0001-69,ME,SETOR RESIDENCIAL OESTE (PLANALTINA),"QUADRA J CONJUNTO J-2, 21, SETOR RESIDENCIAL OESTE (PLANALTINA), CEP 73343056, Brasilia/DF",9,1,clinica_geral,(61) 3308-1055,fixo,+556133081055,,,,,contagil@gmail.com
0.4630,ODONTOSANTOS,35.266.932/0001-65,ME,SETOR CENTRAL (GAMA),"SETOR PROJECAO, 09, SALA  609/611/613//615/616EDIF  CENTRAL, SETOR CENTRAL (GAMA), CEP 72404903, Brasilia/DF",6,1,clinica_geral,(61) 3384-9808,fixo,+556133849808,,,,,antonieuclides@bol.com.br
0.4630,HOSPITAL DO DENTE,39.921.998/0001-00,ME,SETOR DE MANSOES MESTRE D'ARMAS (PLANALTINA),"MODULO MODULO 3, 20A, LOJA  02, SETOR DE MANSOES MESTRE D'ARMAS (PLANALTINA), CEP 73402509, Brasilia/DF",5,1,clinica_geral,(61) 9 9987-3587,celular,+5561999873587,sim,,,,samara.xavierribeiro21@gmail.com
0.4630,ORAL PREMIUM,36.700.416/0001-60,ME,TAGUATINGA NORTE (TAGUATINGA),"QUADRA QNA 6 LOTE, 23, LOJA  04, TAGUATINGA NORTE (TAGUATINGA), CEP 72110060, Brasilia/DF",6,1,clinica_geral,(61) 9 8520-2124,celular,+5561985202124,sim,,,,jessica.bsb.ss@gmail.com
0.4630,ZEI ODONTOLOGIA,31.859.894/0001-01,ME,GUARA II,"QUADRA EQ 42/44 CL BLOCO A LOTE, 08, LOJA  TERREO, GUARA II, CEP 71070425, Brasilia/DF",7,1,clinica_geral,(61) 3338-5580,fixo,+556133385580,,,,,
0.4630,ANDRADE ODONTOLOGIA INTEGRADA,43.338.687/0001-82,ME,SAMAMBAIA SUL (SAMAMBAIA),"QUADRA QUADRA 302 CONJUNTO 6 LOTE, 01, EDIF  URBAN 302           LOJA  13, SAMAMBAIA SUL (SAMAMBAIA), CEP 72300641, Brasilia/DF",5,1,clinica_geral,(61) 9 9861-0737,celular,+5561998610737,sim,,,,andradeodonto@yahoo.com
0.4630,DORNELAS NSA ODONTOLOGIA,38.010.851/0001-98,ME,TAGUATINGA SUL (TAGUATINGA),"QUADRA QSD 51 LOTE 13, SN, APT   101, TAGUATINGA SUL (TAGUATINGA), CEP 72020510, Brasilia/DF",6,1,clinica_geral,(61) 9 8140-3351,celular,+5561981403351,sim,,,,
0.4630,FACIS CLINICA DE SORRISOS,36.563.545/0001-53,ME,SETOR INDUSTRIAL (TAGUATINGA),"QUADRA QI 19, S/N,       LOTE 01/ 03 / 05/ 07      LOJA TERREO PARTE B, SETOR INDUSTRIAL (TAGUATINGA), CEP 72135190, Brasilia/DF",6,1,clinica_geral,(61) 3703-5570,fixo,+556137035570,,,,,clinicainov@gmail.com
0.4630,OLYMPIA CLINIC,26.429.513/0001-06,ME,SETOR CENTRAL (GAMA),"AREA ESPECIAL 1, SN, SALA  02                  QUADRAEQ 55/56            SLJ   D340, SETOR CENTRAL (GAMA), CEP 72405610, Brasilia/DF",9,1,clinica_geral,(61) 3385-2305,fixo,+556133852305,,,,,eirconta@uol.com.br
0.4630,ABIM ODONTOLOGIA,31.564.773/0001-24,ME,TAGUATINGA CENTRO (TAGUATINGA),"QUADRA C 7 LOTE, 14, APT   1308, TAGUATINGA CENTRO (TAGUATINGA), CEP 72010070, Brasilia/DF",7,1,clinica_geral,(61) 3351-4971,fixo,+556133514971,,,,,
0.4630,ORALCENTER,40.078.964/0001-77,ME,TAGUATINGA NORTE (TAGUATINGA),"QUADRA CNC 01 LOTE, 06, SALA  101, TAGUATINGA NORTE (TAGUATINGA), CEP 72115515, Brasilia/DF",5,1,clinica_geral,(61) 9 8124-7060,celular,+5561981247060,sim,,,,hugo.odontoucb@gmail.com
0.4620,PRIORIZE ODONTOLOGIA,41.014.270/0001-39,ME,CEILANDIA SUL (CEILANDIA),"QUADRA QNM 1 CONJ H LOTE 22, S/N, CEILANDIA SUL (CEILANDIA), CEP 72215018, Brasilia/DF",5,1,clinica_geral,(61) 9 9371-2000,celular,+5561993712000,sim,,,,priorizeceilandia@gmail.com
0.4620,BRUNETTI & ROSSI ODONTOLOGIA E SAUDE,40.581.731/0001-92,ME,SETOR DE HABITACOES INDIVIDUAIS SUL,"QUADRA SHIS QI 11 BLOCO K LOJA, 06,       AREA ESPECIAL       EDIF  ONZE, SETOR DE HABITACOES INDIVIDUAIS SUL, CEP 71625590, Brasilia/DF",5,1,clinica_geral,(61) 3963-4120,fixo,+556139634120,,,,,drjonasbrunetti@gmail.com
0.4620,YASMINNIE DE LUCA PEREIRA SILVA ODONTOLOGIA,34.256.820/0001-60,ME,RIACHO FUNDO I,"QUADRA QN 5 CONJUNTO 1 LOTE, 3, LOJA  01, RIACHO FUNDO I, CEP 71805401, Brasilia/DF",7,1,clinica_geral,(61) 3034-5056,fixo,+556130345056,,,,,3cfiscal2007@gmail.com
0.4620,LAMAR ODONTOLOGIA HUMANIZADA,36.696.999/0001-00,ME,SETOR CENTRAL (GAMA),"QUADRA EQ 47-49 PROJECAO 4 SALA, 520, SETOR CENTRAL (GAMA), CEP 72405499, Brasilia/DF",6,1,clinica_geral,(61) 9 8126-7323,celular,+5561981267323,sim,,,,dra.laryssealves@gmail.com
0.4620,CEOT,26.106.465/0001-15,ME,TAGUATINGA SUL (TAGUATINGA),"QUADRA CSB 2, 123, LOTE  01/04 SALA TORRE B  SETOR ALAMEDA SHOPPING, TAGUATINGA SUL (TAGUATINGA), CEP 72015525, Brasilia/DF",9,1,clinica_geral,(61) 3965-7406,fixo,+556139657406,,(61) 9 8470-7301,celular,+5561984707301,ceot.ceoc@gmail.com
0.4620,BARBARA FIALHO ODONTOLOGIA E ESTETICA LTDA,58.409.307/0001-20,ME,SETOR NORTE (BRAZLANDIA),"QUADRA QUADRA 5 LOTE 23 SALA 101, S/N, SETOR NORTE (BRAZLANDIA), CEP 72705050, Brasilia/DF",1,1,especialista_alto_ticket,(61) 9 8220-2615,celular,+5561982202615,sim,(00) 0000000000,indefinido,,fialhobarbara022@gmail.com
0.4610,RR ODONTOLOGIA,48.899.638/0001-32,ME,SETOR LESTE (GAMA),"QUADRA QUADRA 13 CASA, 38, SETOR LESTE (GAMA), CEP 72450130, Brasilia/DF",3,1,clinica_geral,(61) 9 9841-3851,celular,+5561998413851,sim,(00) 0000000000,indefinido,,drrobsonribeirodentista@gmail.com
0.4610,SAUDE E SORRISO,50.286.499/0001-13,ME,SOBRADINHO,"QUADRA QUADRA CENTRAL, SETOR HOTELEIRO BLOCO, BL 03, SALA  119, SOBRADINHO, CEP 73010533, Brasilia/DF",3,1,clinica_geral,(61) 3037-4126,fixo,+556130374126,,(00) 0000000000,indefinido,,contafacil10@gmail.com
0.4610,HMS ODONTOLOGIA,49.024.325/0001-01,ME,TAGUATINGA CENTRO (TAGUATINGA),"QUADRA C 12 BLOCO B LOTES 1 E 2 SALA, 209, TAGUATINGA CENTRO (TAGUATINGA), CEP 72010120, Brasilia/DF",3,1,clinica_geral,(61) 9 8209-8171,celular,+5561982098171,sim,(00) 0000000000,indefinido,,hmsodontologia1@gmail.com
0.4610,ODONTOELO,46.989.864/0001-89,ME,SAMAMBAIA SUL (SAMAMBAIA),"QUADRA QUADRA 302 CONJUNTO 6 LOTE, 01, LOJA  09, SAMAMBAIA SUL (SAMAMBAIA), CEP 72300641, Brasilia/DF",4,1,clinica_geral,(61) 3060-1700,fixo,+556130601700,,,,,samambaia@odontoclinic.com.br
0.4605,LIRIOS ODONTOLOGIA LTDA,55.008.159/0001-44,ME,NORTE (AGUAS CLARAS),"RUA COPAIBA LOTE, 01,       TORRE A                   SALAS 2208 E 2209, NORTE (AGUAS CLARAS), CEP 71919540, Brasilia/DF",2,1,clinica_geral,(65) 9 9216-4251,celular,+5565992164251,sim,(00) 0000000000,indefinido,,draalineolive@gmail.com
0.4605,VANESSA COUPE CONSULTORIO ODONTOLOGICO LTDA,55.195.476/0001-17,ME,SETOR SUDOESTE,"QUADRA CLSW 301 BLOCO B, S/N, LOTE  61 SUBSOLO ENT 18, SETOR SUDOESTE, CEP 70673602, Brasilia/DF",2,1,marca_pessoal,(61) 3342-3664,fixo,+556133423664,,(00) 0000000000,indefinido,,vanessa.coupe@gmail.com
0.4605,GLENDA RODRIGUES LTDA,57.331.591/0001-05,ME,JARDINS MANGUEIRAL (JARDIM BOTANICO),"QUADRA QUADRA QC 8, BLOCO 03, SN, APT   01, JARDINS MANGUEIRAL (JARDIM BOTANICO), CEP 71687448, Brasilia/DF",1,1,clinica_geral,(61) 3335-7999,fixo,+556133357999,,(00) 0000000000,indefinido,,glendadraodonto@hotmail.com
0.4605,AKEMI ISHIKAWA ODONTOLOGIA,54.844.257/0001-59,ME,ASA NORTE,"SETOR SMHN, S/N, QUADRA03                  BLOCO C                   SALA  1417                EDIF  CRISPIM, ASA NORTE, CEP 70710100, Brasilia/DF",2,1,clinica_geral,(61) 2002-6303,fixo,+556120026303,,,,,drajussimaraishikawa@gmail.com
0.4605,ARO ODONTOLOGIA,59.003.466/0001-93,ME,ASA NORTE,"QUADRA SEPN 504 BLOCO C, 31, SALA  220, ASA NORTE, CEP 70730523, Brasilia/DF",1,1,clinica_geral,(61) 9 9983-1453,celular,+5561999831453,sim,(00) 0000000000,indefinido,,aro.odontologiaa@gmail.com
0.4605,BNF ODONTOLOGIA,59.206.598/0001-12,ME,AREA OCTOGONAL,"QUADRA AOS 5 BLOCO A, SN, APT   408, AREA OCTOGONAL, CEP 70660051, Brasilia/DF",1,1,clinica_geral,(61) 9 8521-5510,celular,+5561985215510,sim,(00) 0000000000,indefinido,,leonardocontador21@gmail.com
0.4605,ODONTOLOGIA SUDOESTE,52.435.110/0001-80,ME,SETOR SUDOESTE,"QUADRA SHCSW CHSW BLOCOS 3/4/5, 114, SALA  114, SETOR SUDOESTE, CEP 70673416, Brasilia/DF",2,1,clinica_geral,(61) 9 9999-9999,celular,+5561999999999,sim,(00) 0000000000,indefinido,,atendimentoflexondoto@gmail.com
0.4605,GENTE BRASILIA,58.185.864/0001-05,ME,ASA NORTE,"SETOR SDN LOTE UNICO CONJUNTO NACIONAL BRASILIA, S/N, SALA  4082                      TORRE VERMELHA, ASA NORTE, CEP 70077900, Brasilia/DF",1,1,clinica_geral,(61) 9 9402-1414,celular,+5561994021414,sim,(00) 0000000000,indefinido,,madel.mado@gmail.com
0.4605,KATIANE P SOBREIRA ODONTOLOGIA,57.485.768/0001-10,ME,SUL (AGUAS CLARAS),"RUA 9, SN, BLOCO A                   APT   1601                ANDAR 16, SUL (AGUAS CLARAS), CEP 71938360, Brasilia/DF",1,1,clinica_geral,(61) 9 9846-3405,celular,+5561998463405,sim,(00) 0000000000,indefinido,,katianepsobreira@hotmail.com
0.4605,LUTHER ODONTOLOGIA,53.526.405/0001-24,ME,ASA SUL,"QUADRA SGAS 910, SN, CONJ  B                   BLOCO E                   SALA  15                        ED. MIX PARK SUL, ASA SUL, CEP 70390100, Brasilia/DF",2,1,clinica_geral,(61) 9 9901-2728,celular,+5561999012728,sim,(00) 0000000000,indefinido,,lutherodontologia@gmail.com
0.4605,NOVA ALIANCA ODONTOLOGIA,52.311.237/0001-97,ME,ASA NORTE,"QUADRA SQN, 111, BLOCO F                   APT   507, ASA NORTE, CEP 70754060, Brasilia/DF",2,1,clinica_geral,(32) 9 8821-6401,celular,+5532988216401,sim,(00) 0000000000,indefinido,,novaaliancaodontologia@gmail.com
0.4605,ODONTO MAIS,53.936.887/0001-90,ME,ASA SUL,"SETOR ST SDS BLOCO A NUMERO, 44, LOJA  13                  EDIF  CENTRO COM BOULEVARD, ASA SUL, CEP 70391900, Brasilia/DF",2,1,clinica_geral,(61) 9 9828-4877,celular,+5561998284877,sim,(00) 0000000000,indefinido,,odontomais.conic@gmail.com
0.4605,RAFAEL AUGUSTO SERVICOS ODONTOLOGICOS,52.364.869/0001-19,ME,AGUAS CLARAS,"RUA RUA 24 NORTE LT 3, S/N, APT   1402 A, AGUAS CLARAS, CEP 71916750, Brasilia/DF",2,1,marca_pessoal,(61) 9 8350-5278,celular,+5561983505278,sim,(00) 0000000000,indefinido,,rafaellaugussto@gmail.com
0.4605,RONCATO ODONTOLOGIA,58.919.650/0001-15,ME,SETOR SUDOESTE,"QUADRA SQSW 304 BLOCO B, SN, APT   102                 EDIF  HELY WALTER COUTO, SETOR SUDOESTE, CEP 70673402, Brasilia/DF",1,1,clinica_geral,(62) 9 8284-5044,celular,+5562982845044,sim,(00) 0000000000,indefinido,,leonardocontador21@gmail.com
0.4605,SIQUIEROLI ABRAO SERVICOS ODONTOLOGICOS,53.074.904/0001-28,ME,SETOR SUDOESTE,"QUADRA SQSW 304 BLOCO G, 304, BLOCO G                   APT   202, SETOR SUDOESTE, CEP 70673407, Brasilia/DF",2,1,clinica_geral,(11) 3227-8879,fixo,+551132278879,,(00) 0000000000,indefinido,,contato@healthcontabil.com
0.4605,SOCORRODONTO,52.390.060/0001-61,ME,ASA NORTE,"SETOR SRTVN QUADRA 701 CONJUNTO C ENTRADA, 124, SALA  334 ALA A, ASA NORTE, CEP 70719000, Brasilia/DF",2,1,clinica_geral,(61) 9 9122-5571,celular,+5561991225571,sim,(00) 0000000000,indefinido,,freddentista@msn.com
0.4605,VM ODONTO,53.303.197/0001-02,ME,ASA NORTE,"QUADRA SHCGN CLR QD. 705 BLOCO E - LOJA 08 PARTE 0055, SN, ASA NORTE, CEP 70730555, Brasilia/DF",2,1,clinica_geral,(61) 9 9697-1110,celular,+5561996971110,sim,(00) 0000000000,indefinido,,valmonmatos1@gmail.com
0.4605,ATRIUM ODONTOLOGIA,54.103.766/0001-20,ME,ASA SUL,"QUADRA SBS QUADRA 02 BLOCO A, 01, SALA  905, ASA SUL, CEP 70078900, Brasilia/DF",2,1,clinica_geral,(61) 9 9985-1092,celular,+5561999851092,sim,(00) 0000000000,indefinido,,lilianjo@gmail.com
0.4605,ODONTO CORONEL PRIME,59.451.541/0001-89,ME,SUL (AGUAS CLARAS),"QUADRA 208 LOTE, 2/4, BLOCO A                   APT   1402, SUL (AGUAS CLARAS), CEP 71926500, Brasilia/DF",1,1,clinica_geral,(61) 9 9190-1111,celular,+5561991901111,sim,(00) 0000000000,indefinido,,flavioartur.ar@gmail.com
0.4605,ODONTOHARMONY,54.653.356/0001-53,ME,SUL (AGUAS CLARAS),"QUADRA 201, LOTE 05, APTO, 704, EDIF  RESIDENCIAL FIRST, SUL (AGUAS CLARAS), CEP 71937540, Brasilia/DF",2,1,clinica_geral,(61) 9 9304-3832,celular,+5561993043832,sim,(00) 0000000000,indefinido,,dentistarafaella13@gmail.com
0.4605,SENA ODONTOLOGIA,55.788.567/0001-66,ME,SUL (AGUAS CLARAS),"AVENIDA SIBIPIRUNA LOTE, 11, BLOCO B                   APT   1703, SUL (AGUAS CLARAS), CEP 71928720, Brasilia/DF",2,1,clinica_geral,(61) 9 8341-1561,celular,+5561983411561,sim,(00) 0000000000,indefinido,,sarahsena0507@gmail.com
0.4600,ODONTO FAMILLE,47.755.704/0001-38,EPP,SANTA MARIA,"QUADRA CL 202 LOTE D, 1, SALA  111 A 114, SANTA MARIA, CEP 72502220, Brasilia/DF",4,1,clinica_geral,(61) 9 8517-0185,celular,+5561985170185,sim,,,,sorrisoesaude2@gmail.com
0.4600,ODONTOCOMPANY CEILANDIA2 DF,43.092.982/0001-00,ME,CEILANDIA NORTE (CEILANDIA),"QUADRA EQNO 3/5 BL D LT 1 A 6, S/N, LOJA  5 E 6, CEILANDIA NORTE (CEILANDIA), CEP 72250514, Brasilia/DF",5,1,clinica_institucional,(61) 9 8555-3864,celular,+5561985553864,sim,,,,ceilandia2@odontocompany.com
0.4595,CENTRO ODONTOLOGICO DAVID DE CASTRO LTDA,72.598.220/0001-70,ME,GAMA,"QUADRA 15 LOTE 02 S1 01, S/N, SOBRELOJA ST C LEST, GAMA, CEP 72450150, Brasilia/DF",32,1,clinica_institucional,,,,,,,,
0.4595,CLINICA DE ODONTOLOGIA ESPECIALIZADA UPPER LTDA,02.013.034/0001-46,ME,SAMAMBAIA,"QS 406 CJ A LT 04, SN, SAMAMBAIA, CEP 72314701, Brasilia/DF",29,1,clinica_institucional,,,,,,,,
0.4595,COR - CLINICA ODONTOLOGICA RABELO S/S LTDA,37.160.231/0001-72,ME,GUARA I,"QE 07 BLOCO B, S/N, SALA 110, GUARA I, CEP 71020627, Brasilia/DF",33,1,clinica_geral,,,,,,,,
0.4595,ISAB - INSTITUTO DE SAUDE BUCAL S/S,02.575.157/0001-70,ME,TAGUATINGA,"LOC  AREA ESPECIAL P/ CINEMA, 02, SETOR C 12 SALA 225, TAGUATINGA, CEP 71920540, Brasilia/DF",33,1,clinica_institucional,,,,,,,,
0.4590,RONAN BRAGA ODONTOLOGIA LTDA,42.601.078/0001-01,ME,TAGUATINGA CENTRO (TAGUATINGA),"QUADRA C 1, 1/12, SALA  919 PARTE F, TAGUATINGA CENTRO (TAGUATINGA), CEP 72010010, Brasilia/DF",5,1,clinica_geral,(61) 9 9117-7669,celular,+5561991177669,sim,,,,ronanbraga@icloud.com
0.4590,ODONTOMAX,34.308.694/0001-40,ME,SOBRADINHO,"QUADRA CENTRAL BLOCO 9 LOTE, LT 03, SALA  01 E 02, SOBRADINHO, CEP 73010519, Brasilia/DF",7,1,clinica_geral,(61) 3387-0791,fixo,+556133870791,,,,,fialhoat@hotmail.com
0.4590,ODONTO ART,59.433.891/0001-12,ME,RIACHO FUNDO I,"QUADRA QN 5 CONJUNTO 5 LOTE 11 SALA 101, 101, RIACHO FUNDO I, CEP 71805405, Brasilia/DF",1,1,clinica_institucional,(61) 9 9904-3341,celular,+5561999043341,sim,(00) 0000000000,indefinido,,odontoartclinicaodontologica@gmail.com
0.4590,INSTITUTO ODONTOLOGICO WF,56.874.816/0001-07,ME,RIACHO FUNDO II,"QUADRA QN 14B CONJUNTO 5, LOTE, 21, APT   102, RIACHO FUNDO II, CEP 71881125, Brasilia/DF",2,1,clinica_institucional,(61) 9 9248-8539,celular,+5561992488539,sim,(00) 0000000000,indefinido,,fernandafaustino20@gmail.com
0.4590,CLINICA MONTE CARLOS,52.167.916/0001-34,ME,TAGUATINGA,"SETOR SETOR J NORTE QNJ 17 LT 18, S/N, CASA  01, TAGUATINGA, CEP 72140170, Brasilia/DF",2,1,clinica_institucional,(61) 3026-3510,fixo,+556130263510,,(61) 9 9668-6915,celular,+5561996686915,fcbodontologia@gmail.com
0.4590,CLINICA ODONTOLOGICA DRA THAISE OLIVEIRA,52.126.506/0001-45,ME,GUARA,"SETOR SRIA I QI 11 BL P, S/N, APT   305, GUARA, CEP 71020460, Brasilia/DF",2,1,clinica_geral,(61) 9 9925-9549,celular,+5561999259549,sim,(00) 0000000000,indefinido,,rosiane.m@terra.com.br
0.4590,CLINICA ODONTOLOGICA PERISSE,52.958.541/0001-20,ME,TAGUATINGA NORTE (TAGUATINGA),"QUADRA CNB 11 LOTE 09 SALA 304, S/N, TAGUATINGA NORTE (TAGUATINGA), CEP 72115115, Brasilia/DF",2,1,clinica_geral,(61) 3562-5400,fixo,+556135625400,,(00) 0000000000,indefinido,,suportecont@gmail.com
0.4590,ODONTOMANANCIAL,55.388.782/0001-70,ME,TAGUATINGA NORTE (TAGUATINGA),"QUADRA EQNL 10/12 BLOCO A, SN, SALA  111, TAGUATINGA NORTE (TAGUATINGA), CEP 72155521, Brasilia/DF",2,1,clinica_geral,(61) 9 8379-5144,celular,+5561983795144,sim,(00) 0000000000,indefinido,,odontomanancial@gmail.com
0.4585,ODONTOCLEAN,72.645.567/0001-26,ME,CEILANDIA,"QNN  01 CONJUNTO A, S/N, CASA 09 LOJA 01, CEILANDIA, CEP 72225010, Brasilia/DF",31,1,clinica_geral,,,,,,,,
0.4580,INNOVAR ODONTOLOGIA LTDA,27.360.850/0001-57,ME,CANDANGOLANDIA,"QUADRA QR 1-A CONJUNTO RT LOTE 20 LOJA, 01, EDIF  ELIZABETE GOMES, CANDANGOLANDIA, CEP 71727140, Brasilia/DF",9,1,clinica_geral,(61) 9 8534-9897,celular,+5561985349897,sim,,,,innovar.odontodf@gmail.com
0.4580,ODONTO NEIVA,39.735.309/0001-65,ME,RECANTO DAS EMAS,"QUADRA Q205 CJ 9 LT 10, S/N, RECANTO DAS EMAS, CEP 72610509, Brasilia/DF",5,1,clinica_geral,(61) 3975-3435,fixo,+556139753435,,(61) 3563-2368,fixo,+556135632368,odontoneivaeneiva@gmail.com
0.4580,ORALCENTER,37.900.318/0001-39,ME,SETOR RESIDENCIAL OESTE (SAO SEBASTIAO),"QUADRA 201 CONJUNTO 11 LOTE, 01, SLJ   01, SETOR RESIDENCIAL OESTE (SAO SEBASTIAO), CEP 71692431, Brasilia/DF",6,1,clinica_geral,(61) 9 9902-3837,celular,+5561999023837,sim,,,,
0.4580,REGENERA ODONTOLOGIA,38.285.814/0001-92,ME,SETOR DE HABITACOES INDIVIDUAIS SUL,"QUADRA SHIS QI 13 BLOCO J, S/N, SALA  308, SETOR DE HABITACOES INDIVIDUAIS SUL, CEP 71635178, Brasilia/DF",6,1,clinica_geral,(61) 9 9628-1167,celular,+5561996281167,sim,,,,regeneraodontologia@gmail.com
0.4580,SMILLES ODONTOLOGIA ESPECIALIZADA,59.449.034/0001-00,ME,RECANTO DAS EMAS,"AVENIDA AVENIDA RECANTO DAS EMAS, QUADRA 102, SN, LOTE  04                  LOJA  12, RECANTO DAS EMAS, CEP 72600200, Brasilia/DF",1,1,clinica_institucional,(61) 9 9954-0705,celular,+5561999540705,sim,(00) 0000000000,indefinido,,odontosmilles@gmail.com
0.4580,CENTRO DE IMPLANTE E ASSISTENCIA A SAUDE BUCAL - CIASB,50.128.277/0001-72,ME,PARANOA,"QUADRA 23 CONJUNTO 17 LOTE 10 SALA, 101, PARANOA, CEP 71572300, Brasilia/DF",3,1,especialista_alto_ticket,(61) 9 9633-4457,celular,+5561996334457,sim,,,,jeandasilvacoelho@hotmail.com
0.4565,NOVA VIDA ODONTOLOGIA LTDA,22.433.523/0001-64,ME,CEILANDIA NORTE (CEILANDIA),"QUADRA QNP 5 CONJUNTO Z, 22, CASA  22, CEILANDIA NORTE (CEILANDIA), CEP 72240424, Brasilia/DF",11,1,clinica_geral,(61) 9 8162-0877,celular,+5561981620877,sim,,,,jpgondim5@gmail.com
0.4565,CAROLINA REIS RODRIGUES CAVALCANTI DE OLIVEIRA LTDA,45.702.751/0001-98,ME,SETOR HABITACIONAL JARDIM BOTANICO,"CONDOMINIO QUINTAS DO SOL, S/N, QUADRA3.1                 CONJ  B                   CASA  37, SETOR HABITACIONAL JARDIM BOTANICO, CEP 71680370, Brasilia/DF",4,1,marca_pessoal,(91) 9 8601-1077,celular,+5591986011077,sim,,,,amonici@osa.com.br
0.4565,LUIZ GUSTAVO C.BORGES SERVICOS ODONTOLOGICOS LTDA,49.073.261/0001-20,ME,ASA SUL,"QUADRA SQS 212 BLOCO D, SN, APT   613, ASA SUL, CEP 70275040, Brasilia/DF",3,1,marca_pessoal,(61) 4303-0803,fixo,+556143030803,,(00) 0000000000,indefinido,,marcelo@maximacontabil.com.br
0.4565,ONNE CLINICA LTDA,54.342.584/0001-02,ME,AGUAS CLARAS,"RUA RUA 12 NORTE LT 3, S/N, LOJA  3 PARTE, AGUAS CLARAS, CEP 71909540, Brasilia/DF",2,1,clinica_geral,(61) 3225-6372,fixo,+556132256372,,(00) 0000000000,indefinido,,compet@competcontabilidade.com
0.4560,MARTINS ODONTOLOGIA,58.770.401/0001-00,EPP,CEILANDIA,"SETOR SETOR M SUL QNM 33 AE H/I, S/N, BLOCO C                   APT   103, CEILANDIA, CEP 72215338, Brasilia/DF",1,1,clinica_geral,(61) 9 9922-6714,celular,+5561999226714,sim,(00) 0000000000,indefinido,,brendasantana08@hotmail.com
0.4550,ODONTOCOMPANY FRANCHISING,33.912.190/0001-72,ME,GUARA I,"QUADRA QI 12 CONJUNTO I, 74, CASA  ., GUARA I, CEP 71010099, Brasilia/DF",7,1,clinica_geral,(61) 9 9223-5058,celular,+5561992235058,sim,,,,odontocompany.guaradf@gmail.com
0.4550,INSTITUTO ODONTOLOGICO E LABORATORIO DE PROTESE MILLEM,46.960.723/0001-33,ME,RIACHO FUNDO II,"QUADRA QN 7F, SN, CONJ  7                   LOTE  40                  SALA  101, RIACHO FUNDO II, CEP 71880060, Brasilia/DF",4,1,clinica_institucional,(61) 9 8165-3885,celular,+5561981653885,sim,(61) 9 9560-2600,celular,+5561995602600,odontomillem22@gmail.com
0.4550,CENTRO ODONTOLOGICO SORRISO AMIGO LTDA,46.730.987/0001-09,ME,NUCLEO BANDEIRANTE,"AVENIDA TERCEIRA AVENIDA AREA ESPECIAL 02 LOTE F LOJA, 08, NUCLEO BANDEIRANTE, CEP 71720585, Brasilia/DF",4,1,clinica_institucional,(61) 9 9258-4511,celular,+5561992584511,sim,(00) 0000000000,indefinido,,sorrisoamigo2010@hotmail.com
0.4550,INSTITUTO DOURADO,51.777.047/0001-05,ME,TAGUATINGA NORTE (TAGUATINGA),"AREA ESPECIAL SETOR C NORTE TORRE A, 01/12, SALA  702                 EDIF  PRIME EXCELENCIA MED, TAGUATINGA NORTE (TAGUATINGA), CEP 72115700, Brasilia/DF",3,1,clinica_institucional,(61) 4141-5570,fixo,+556141415570,,(00) 0000000000,indefinido,,xxxxx@xxxxxx.xxx.xx
0.4550,INSTITUTO ODONTOLOGICO CUIDAR (IOC),47.638.917/0001-80,ME,TAGUATINGA SUL (TAGUATINGA),"SETOR CSB 02, LOTES, 1/4, SALA  402 E 404, TAGUATINGA SUL (TAGUATINGA), CEP 72015901, Brasilia/DF",4,1,clinica_institucional,(61) 9 9675-0197,celular,+5561996750197,sim,,,,admacodontologia@gmail.com
0.4550,NEO SORRISO E FACE,45.051.264/0001-02,ME,NUCLEO BANDEIRANTE,"AVENIDA AVENIDA CENTRAL LOTE, 635, LOJA  02, NUCLEO BANDEIRANTE, CEP 71710520, Brasilia/DF",4,1,clinica_geral,(61) 3386-1001,fixo,+556133861001,,(61) 9 8452-0080,celular,+5561984520080,jusabinoeandrade@hotmail.com
0.4550,INSTITUTO ODONTOLOGICO DRA ANA LUCIA CAETANO,53.451.230/0001-33,ME,TAGUATINGA CENTRO (TAGUATINGA),"QUADRA C 1, S/N, LOTE  01                  SALA  125, TAGUATINGA CENTRO (TAGUATINGA), CEP 72010010, Brasilia/DF",2,1,clinica_institucional,(61) 9 8404-8048,celular,+5561984048048,sim,(00) 0000000000,indefinido,,caetanopereiraanalucia@gmail.com
0.4550,CLINICA ODONTOLOGICA FREITAS,51.459.051/0001-17,ME,TAGUATINGA NORTE (TAGUATINGA),"QUADRA CNB 02 LOTE, 04, SALA  102                 EDIF  GONCALVES DIAS, TAGUATINGA NORTE (TAGUATINGA), CEP 72115025, Brasilia/DF",3,1,clinica_geral,(61) 9 9911-1243,celular,+5561999111243,sim,(00) 0000000000,indefinido,,cristianofreitasodontologia@gmail.com
0.4550,ISBI,44.656.911/0001-47,ME,TAGUATINGA NORTE (TAGUATINGA),"QUADRA QNB 01 LOTE, 09, LOJA  02 PARTE, TAGUATINGA NORTE (TAGUATINGA), CEP 72115010, Brasilia/DF",4,1,clinica_institucional,(61) 9 8637-4946,celular,+5561986374946,sim,,,,vanessa.s532@gmail.com
0.4550,LF ODONTOLOGIA ESPECIALIZADA,45.663.073/0001-00,ME,SAMAMBAIA SUL (SAMAMBAIA),"QUADRA QN 122 CONJUNTO 15 LT 05/06/07 TORRE B APTO, 1201, SAMAMBAIA SUL (SAMAMBAIA), CEP 72304116, Brasilia/DF",4,1,clinica_institucional,(61) 9 8111-4803,celular,+5561981114803,sim,,,,dr.leonardofagundess@gmail.com
0.4550,LN CLINIC,54.614.513/0001-11,ME,TAGUATINGA NORTE (TAGUATINGA),"QUADRA CNB 11, SN, LOTE  09                  SALA  904, TAGUATINGA NORTE (TAGUATINGA), CEP 72115115, Brasilia/DF",2,1,clinica_institucional,(61) 9 9196-5445,celular,+5561991965445,sim,(00) 0000000000,indefinido,,odontologialnclinic@gmail.com
0.4545,ALIVIO ODONTOLOGIA LTDA,02.915.623/0001-10,ME,ITAPOA II,"QUADRA QL 6 CONJUNTO I LOTE, 17, APT   101, ITAPOA II, CEP 71590727, Brasilia/DF",27,2,multi_unidade,(61) 9 8428-0597,celular,+5561984280597,sim,,,,neusateles@yahoo.com.br
0.4540,BARROS ODONTOLOGIA ESPECIALIZADA,51.920.058/0001-94,ME,PARANOA,"QUADRA 29 CONJUNTO 21, LOTE, 16, SALA  102, PARANOA, CEP 71573017, Brasilia/DF",3,1,clinica_institucional,(61) 9 9280-3785,celular,+5561992803785,sim,(00) 0000000000,indefinido,,karenleticia5000@gmail.com
0.4540,KS ODONTOLOGIA ESPECIALIZADA,48.532.744/0001-83,ME,CEILANDIA SUL (CEILANDIA),"QUADRA QNM 1 CONJUNTO H LOTE 18 LOJA, 02, CEILANDIA SUL (CEILANDIA), CEP 72215018, Brasilia/DF",3,1,clinica_institucional,(61) 9 8618-7800,celular,+5561986187800,sim,,,,kleitonqldf@gmail.com
0.4540,ODONTOMINAS,35.383.338/0001-54,ME,SAMAMBAIA NORTE (SAMAMBAIA),"QUADRA QS 406 CONJUNTO A LOTE, 01,       1 PAVIMENTO, SAMAMBAIA NORTE (SAMAMBAIA), CEP 72318571, Brasilia/DF",6,1,clinica_geral,(61) 3358-0577,fixo,+556133580577,,,,,
0.4540,JG ODONTOLOGIA,36.462.303/0001-73,ME,SOBRADINHO II,"RODOVIA DF 150 KM 2,5 CONDOMINIO BELA VISTA MODULO D, SN, CASA  05, SOBRADINHO II, CEP 73105909, Brasilia/DF",6,1,clinica_geral,(61) 9 8176-4620,celular,+5561981764620,sim,,,,julhyanagm@gmail.com
0.4530,ODONTO LCS,53.603.454/0001-13,ME,GUARA II,"AREA ESPECIAL AREA ESPECIAL 2-A, S/N, CONJ  I                   LOTE  01, GUARA II, CEP 71070625, Brasilia/DF",2,1,clinica_institucional,(61) 9 8458-5884,celular,+5561984585884,sim,,,,clinicaodontolcs@gmail.com
0.4530,ODONTO GOLD,54.240.985/0001-51,ME,SETOR TRADICIONAL (PLANALTINA),"AVENIDA GOIAS QUADRA 50 LOTE, 12/12A, SALA  101, SETOR TRADICIONAL (PLANALTINA), CEP 73330077, Brasilia/DF",2,1,clinica_geral,(62) 9 9330-7872,celular,+5562993307872,sim,(00) 0000000000,indefinido,,arogeryo@gmail.com
0.4530,AME ODONTOLOGIA,55.435.992/0001-71,ME,GUARA I,"QUADRA QI 4 CONJUNTO U LOTE, 05, GUARA I, CEP 71010212, Brasilia/DF",2,1,clinica_geral,(61) 3055-2882,fixo,+556130552882,,,,,odontoexcellenceguara2024@gmail.com
0.4530,J.L ODONTOLOGIA,49.108.803/0001-53,ME,TAGUATINGA SUL (TAGUATINGA),"QUADRA CSD AE 04, LOTE 04, LOJA, 17, TAGUATINGA SUL (TAGUATINGA), CEP 72020000, Brasilia/DF",3,1,clinica_geral,(61) 9 8352-8863,celular,+5561983528863,sim,(00) 0000000000,indefinido,,marinapaula1234@gmail.com
0.4530,MP ATELIE ODONTOLOGICO,57.783.973/0001-61,ME,TAGUATINGA,"SETOR SETOR D NORTE QND 14 LT 7, S/N, SALA  120, TAGUATINGA, CEP 72120140, Brasilia/DF",1,1,clinica_geral,(61) 9 9193-0990,celular,+5561991930990,sim,(00) 0000000000,indefinido,,mpatelie41775@gmail.com
0.4530,HARMONI DENTAL STUDIO,51.726.558/0001-90,ME,SETOR TRADICIONAL (PLANALTINA),"RUA RIO GRANDE DO NORTE QD 81, 12, SETOR TRADICIONAL (PLANALTINA), CEP 73330090, Brasilia/DF",3,1,clinica_geral,(61) 9 9674-2897,celular,+5561996742897,sim,(00) 0000000000,indefinido,,hianalobo@gmail.com
0.4530,HS ODONTOLOGIA,46.151.203/0001-80,ME,SOBRADINHO,"QUADRA 08 BLOCO 5 LOTE, LT 6, SALA  1-2 E 3, SOBRADINHO, CEP 73005505, Brasilia/DF",4,1,clinica_geral,(61) 9 9222-5246,celular,+5561992225246,sim,(00) 0000000000,indefinido,,hsodontologiahs@gmail.com
0.4530,I.O. ODONTOLOGIA INTEGRADA,44.642.311/0001-20,ME,SAMAMBAIA SUL (SAMAMBAIA),"QUADRA QS 112 CONJUNTO 7 LOTE, 5,       PARTE A, SAMAMBAIA SUL (SAMAMBAIA), CEP 72302547, Brasilia/DF",4,1,clinica_geral,(61) 9 8310-1333,celular,+5561983101333,sim,,,,bnaves1@gmail.com
0.4530,LR EXCELLENCE ODONTOLOGIA AVANCADA,50.119.760/0001-90,ME,SOBRADINHO,"QUADRA QUADRA 6 COMERCIO LOCAL 14, CL 14, SALA  105, SOBRADINHO, CEP 73026635, Brasilia/DF",3,1,clinica_geral,(61) 3536-4222,fixo,+556135364222,,(00) 0000000000,indefinido,,fascontador@gmail.com
0.4530,SOOI,57.202.127/0001-00,ME,SETOR CENTRAL (GAMA),"QUADRA EQ 47-49 PROJECAO 4, SN, SALA  511 A 514, SETOR CENTRAL (GAMA), CEP 72405499, Brasilia/DF",1,1,clinica_geral,(61) 3042-9848,fixo,+556130429848,,(00) 0000000000,indefinido,,sooifinanceiro@hotmail.com
0.4530,TRINNO ODONTOLOGIA,49.963.816/0001-00,ME,TAGUATINGA NORTE (TAGUATINGA),"SETOR SIG CONJUNTO B, 04, LOJA  01 E 02                   PARTE 2, TAGUATINGA NORTE (TAGUATINGA), CEP 72153502, Brasilia/DF",3,1,clinica_geral,(61) 3042-8080,fixo,+556130428080,,(00) 0000000000,indefinido,,contabilidade@conectaempresarial.com
0.4525,ODONTOCOMPANY BRASILIA CENTRAL,58.106.015/0001-19,ME,ASA SUL,"SETOR SDS (SETOR DE DIVERSOES SUL) BL H LJ 58 TE, SN, LOJA  58/66               EDIF  VENANCIO II, ASA SUL, CEP 70300000, Brasilia/DF",1,1,clinica_geral,(61) 3970-2087,fixo,+556139702087,,(00) 0000000000,indefinido,,eduardo@tozetticonsultoria.com
0.4525,DENTALBIO PRODUTOS ODONTOLOGICOS LTDA,54.258.097/0001-66,ME,ASA SUL,"QUADRA SHCS CR QD 511 BLOCO B ENTRADA 34 1 PAVIMENTO SALA 101, SN, ASA SUL, CEP 70361520, Brasilia/DF",2,1,clinica_geral,(61) 9 9999-9999,celular,+5561999999999,sim,(00) 0000000000,indefinido,,dentalbio@dentalbio.com
0.4525,BT ODONTOLOGIA,58.015.601/0001-58,ME,ASA SUL,"QUADRA SQS 310 BLOCO I, SN, APT   302, ASA SUL, CEP 70363090, Brasilia/DF",1,1,clinica_geral,(61) 9 8112-7722,celular,+5561981127722,sim,(00) 0000000000,indefinido,,marcellovelloso@gmail.com
0.4525,OLIVEIRA ODONTO,56.687.737/0001-89,ME,NORTE (AGUAS CLARAS),"RUA 9 LOTE 03 APARTAMENTO, 1002, NORTE (AGUAS CLARAS), CEP 71908540, Brasilia/DF",2,1,clinica_geral,(61) 9 9194-4899,celular,+5561991944899,sim,(00) 0000000000,indefinido,,micsrocha@gmail.com
0.4525,ODONTOLOGIA CARNEIRO,57.071.519/0001-88,ME,AREA OCTOGONAL,"QUADRA AOS 4 BLOCO F, 0, APT   413, AREA OCTOGONAL, CEP 70660046, Brasilia/DF",2,1,clinica_geral,(41) 9 9788-0145,celular,+5541997880145,sim,(00) 0000000000,indefinido,,meucnpj@contabilizei.com.br
0.4525,ANDERSON GIOVANI ODONTOLOGIA,59.347.316/0001-05,ME,SUL (AGUAS CLARAS),"RUA 33, 05, APT   1104, SUL (AGUAS CLARAS), CEP 71930250, Brasilia/DF",1,1,clinica_geral,(61) 9 8202-1883,celular,+5561982021883,sim,(00) 0000000000,indefinido,,andergiovani@hotmail.com
0.4525,DRA KAMYLA QUEIROZ,57.729.070/0001-00,ME,JARDINS MANGUEIRAL (JARDIM BOTANICO),"QUADRA QC 8 RUA M, 12, JARDINS MANGUEIRAL (JARDIM BOTANICO), CEP 71687474, Brasilia/DF",1,1,marca_pessoal,(61) 9 8215-8989,celular,+5561982158989,sim,(00) 0000000000,indefinido,,drakamylaqueiroz@gmail.com
0.4525,FERNANDA ODONTO & GESTAO,57.496.677/0001-80,ME,SETOR SUDOESTE,"QUADRA QMSW 6 LOTE 2 BLOCO A, 0, APT   206                 EDIF  VILLA VERDE, SETOR SUDOESTE, CEP 70680606, Brasilia/DF",1,1,marca_pessoal,(61) 9 9683-2115,celular,+5561996832115,sim,(00) 0000000000,indefinido,,senyfernanda@gmail.com
0.4525,JESSICA AIRES ODONTOLOGIA LTDA,52.579.068/0001-70,ME,SETOR HABITACIONAL JARDIM BOTANICO,"CONDOMINIO PRIVE MORADA SUL (ETAPA A) CONJUNTO Q, RUA 12, 33, SETOR HABITACIONAL JARDIM BOTANICO, CEP 71680352, Brasilia/DF",2,1,marca_pessoal,(61) 9 8275-3317,celular,+5561982753317,sim,(00) 0000000000,indefinido,,eujesaraiva@gmail.com
0.4525,JESSICA LENY ODONTOLOGIA,57.052.785/0001-63,ME,SETOR HABITACIONAL VICENTE PIRES,"RUA RUA 6 CHACARA 275, 20, COND  BELEM               CASA  20, SETOR HABITACIONAL VICENTE PIRES, CEP 72006605, Brasilia/DF",2,1,marca_pessoal,(61) 9 8349-7091,celular,+5561983497091,sim,(00) 0000000000,indefinido,,jessica-leny@hotmail.com
0.4525,JULIA TORRES ODONTOLOGIA,55.497.667/0001-33,ME,NORTE (AGUAS CLARAS),"RUA 20 LOTE 6, 1202, APT   1202                EDIF  VIVALDI MOREIRA, NORTE (AGUAS CLARAS), CEP 71915750, Brasilia/DF",2,1,clinica_geral,(61) 9 8101-2062,celular,+5561981012062,sim,,,,juliatorres12761@gmail.com
0.4525,LM SERVICOS ODONTOLOGICOS E TREINAMENTO,59.211.327/0001-55,ME,ASA SUL,"SETOR SCS QUADRA 07 BLOCO A, 100, SALA  1319 PARTE A28, ASA SUL, CEP 70307901, Brasilia/DF",1,1,clinica_geral,(61) 3242-0192,fixo,+556132420192,,(00) 0000000000,indefinido,,nbnassessoria@gmail.com
0.4525,AMB SERVICOS ODONTOLOGICOS,55.026.126/0001-27,ME,SETOR HABITACIONAL VICENTE PIRES,"RUA RUA 4 CHACARA 301, 12, SETOR HABITACIONAL VICENTE PIRES, CEP 72006344, Brasilia/DF",2,1,clinica_geral,(61) 9 9167-3040,celular,+5561991673040,sim,(00) 0000000000,indefinido,,victtorcarlo@gmail.com
0.4525,ANE CHRISTINE PAES SALOMAO,58.800.841/0001-63,ME,NORTE (AGUAS CLARAS),"AVENIDA PAU BRASIL, 05, EDIF  MONET               APT   1103                BLOCO A, NORTE (AGUAS CLARAS), CEP 71916500, Brasilia/DF",1,1,clinica_geral,(61) 9 9884-5004,celular,+5561998845004,sim,(00) 0000000000,indefinido,,anecpsalomao@gmail.com
0.4520,ADAR SERVICOS ODONTOLOGICOS LTDA,47.377.292/0001-40,EPP,CEILANDIA,"SETOR SETOR M QNM 1 CJ G LT 3, S/N, SALA  205, CEILANDIA, CEP 72215017, Brasilia/DF",4,1,clinica_geral,(61) 3376-5884,fixo,+556133765884,,,,,clinicaadaar@gmail.com
0.4520,MALDI ODONTO,45.890.961/0001-57,ME,TAGUATINGA CENTRO (TAGUATINGA),"QUADRA C 1 LOTE, 01/12, EDIF  TTC                 SALA  935, TAGUATINGA CENTRO (TAGUATINGA), CEP 72010010, Brasilia/DF",4,1,clinica_geral,(61) 9 8208-4685,celular,+5561982084685,sim,,,,iranmaldi@gmail.com
0.4515,DRA MARIANA OLIVEIRA,59.161.572/0001-03,ME,NORTE (AGUAS CLARAS),"RUA COPAIBA LOTE, 01,       TORRE B SALA 2407, NORTE (AGUAS CLARAS), CEP 71919540, Brasilia/DF",1,1,marca_pessoal,(61) 9 9590-4050,celular,+5561995904050,sim,(00) 0000000000,indefinido,,dramarianaoliveiracosta@gmail.com
0.4515,CLINIC ART ODONTOLOGIA,54.914.770/0001-79,ME,ASA NORTE,"SETOR STN CONJUNTO O, S/N,       CONSULTORIO 37      EDIF  LIFE CENTER, ASA NORTE, CEP 70770911, Brasilia/DF",2,1,clinica_geral,(61) 3327-9827,fixo,+556133279827,,(00) 0000000000,indefinido,,abrinco.contabilidade@gmail.com
0.4510,CUIDART ODONTOLOGIA,59.394.319/0001-91,ME,RIACHO FUNDO I,"QUADRA CLN 7 BLOCO I (COMERCIO), SN, LOJA  02, RIACHO FUNDO I, CEP 71805549, Brasilia/DF",1,2,multi_unidade,(61) 9 8108-7585,celular,+5561981087585,sim,(00) 0000000000,indefinido,,odontologiacuidart@gmail.com
0.4500,ODONTOPRESS SERVICOS DENTARIOS,32.018.083/0001-32,ME,SETOR NORTE (BRAZLANDIA),"QUADRA QUADRA 1 LOTE 36 SALA, 102, SETOR NORTE (BRAZLANDIA), CEP 72705010, Brasilia/DF",7,1,clinica_geral,(61) 3479-8013,fixo,+556134798013,,,,,andredentistadf@hotmail.com
0.4500,DRA SORRISO LUCIENE TORRES,40.445.001/0001-64,ME,RECANTO DAS EMAS,"QUADRA QUADRA 102 CONJUNTO 11-A, LT 23, SALA  101, RECANTO DAS EMAS, CEP 72600213, Brasilia/DF",5,1,marca_pessoal,(61) 9 8580-1229,celular,+5561985801229,sim,,,,
0.4500,+ DENTE,42.686.812/0001-82,ME,RECANTO DAS EMAS,"QUADRA 102 LOTE 14 SALA, 101,       AV. RECANTODAS EMAS, RECANTO DAS EMAS, CEP 72600200, Brasilia/DF",5,1,clinica_geral,(61) 3334-3028,fixo,+556133343028,,,,,clinicamaisdent@gmail.com
0.4500,ODONTO MAIA,40.905.791/0001-13,ME,VILA SAO JOSE (SAO SEBASTIAO),"QUADRA 10, 35, VILA SAO JOSE (SAO SEBASTIAO), CEP 71693011, Brasilia/DF",5,1,clinica_geral,(61) 9 8235-1510,celular,+5561982351510,sim,,,,thayannemaya@gmail.com
0.4500,CAMARA LEAO ODONTOLOGIA,41.415.706/0001-00,ME,RECANTO DAS EMAS,"QUADRA QUADRA 103 CONJUNTO 15 CASA, 13, RECANTO DAS EMAS, CEP 72600320, Brasilia/DF",5,1,clinica_geral,(61) 9 9285-1001,celular,+5561992851001,sim,,,,hc-contabilidade@uol.com.br
0.4500,RAMALHOS ODONTOLOGIA,36.650.231/0001-98,ME,SETOR RESIDENCIAL OESTE (SAO SEBASTIAO),"QUADRA QUADRA 103 CONJUNTO 10 LOTE, 22, SETOR RESIDENCIAL OESTE (SAO SEBASTIAO), CEP 71692228, Brasilia/DF",6,1,clinica_geral,(61) 9 9844-1766,celular,+5561998441766,sim,,,,paixaoeramalhosodontologia@gmail.com
0.4500,MACRO ODONTOLOGIA INTEGRADA,34.049.045/0001-72,ME,INCRA 8 (BRAZLANDIA),"QUADRA QUADRA 8 LOTE 06 LOJA, 03,       INCRA 8, INCRA 8 (BRAZLANDIA), CEP 72760080, Brasilia/DF",7,1,clinica_geral,(61) 9 8178-8301,celular,+5561981788301,sim,,,,ledacanuto@gmail.com
0.4500,ODONTO COMPANY CEILANDIA,35.281.390/0001-08,ME,CEILANDIA SUL (CEILANDIA),"QUADRA QNN 18 CONJUNTO E, SN, LOTE  01                  LOJA  3 E 4, CEILANDIA SUL (CEILANDIA), CEP 72220185, Brasilia/DF",6,1,clinica_geral,(61) 9 9603-7080,celular,+5561996037080,sim,,,,cassionava@gmail.com
0.4500,DENTAL SERVICOS ODONTOLOGICOS,32.577.197/0001-12,ME,SUL,"RUA 22 LOTE 08 APT, 702, SUL, CEP 71925720, Brasilia/DF",7,1,clinica_geral,(61) 9 9815-1853,celular,+5561998151853,sim,,,,hc-contabilidade@uol.com.br
0.4500,REALIZE SORRISOS,28.804.024/0001-12,ME,CEILANDIA SUL (CEILANDIA),"QUADRA QNM 17 CONJUNTO B LOTE 02, S/N, SALA  402 403 404 405 406, CEILANDIA SUL (CEILANDIA), CEP 72215172, Brasilia/DF",8,1,clinica_geral,(85) 9 9636-4499,celular,+5585996364499,sim,(61) 9 9622-8214,celular,+5561996228214,denisefontenelle@hotmail.com
0.4500,C T O O CONSULTORIO DE TRATAMENTO ODONTOLOGICO E ORTOFA,31.676.808/0001-17,ME,ITAPOA II,"QUADRA QL 2 CONJUNTO F LOTE, 15, APT   101, ITAPOA II, CEP 71590538, Brasilia/DF",7,1,clinica_geral,(61) 3467-4371,fixo,+556134674371,,(61) 9 9356-0189,celular,+5561993560189,ana.kevin123@gmail.com
0.4500,ODONTOFIXX,39.383.147/0001-43,ME,SANTA MARIA,"QUADRA QR 216 CONJUNTO M LOTE, 27, LOJA  02, SANTA MARIA, CEP 72546513, Brasilia/DF",5,1,clinica_geral,(61) 3395-1052,fixo,+556133951052,,,,,
0.4500,ODONTOLOGIA MENESES,33.357.663/0001-17,ME,SETOR OESTE,"QUADRA QUADRA 17 CASA, 53, SETOR OESTE, CEP 72420170, Brasilia/DF",7,1,clinica_geral,(61) 9 8173-8883,celular,+5561981738883,sim,,,,
0.4500,VENHA SORRIR,27.320.023/0001-30,ME,RECANTO DAS EMAS,"QUADRA QUADRA 205 CONJUNTO 3, 7, RECANTO DAS EMAS, CEP 72610503, Brasilia/DF",9,1,clinica_geral,(61) 3434-2688,fixo,+556134342688,,,,,contadorthiagoaraujo@gmail.com
0.4500,NEW ODONTO,28.612.415/0002-16,ME,CEILANDIA,"SETOR SETOR N SUL/GUARIROBA EQNN 20/22 BL E LT 1/2, S/N, CEILANDIA, CEP 72220565, Brasilia/DF",2,1,clinica_geral,(61) 9 8199-5471,celular,+5561981995471,sim,,,,gean.filho.1221@gmail.com
0.4500,HORUS ODONTOLOGIA ESPECIALIZADA,45.744.305/0001-46,ME,CEILANDIA SUL (CEILANDIA),"QUADRA QNM 1 CJ G LT 01/03, S/N, SALA  204, CEILANDIA SUL (CEILANDIA), CEP 72215017, Brasilia/DF",4,1,clinica_institucional,(61) 9 8583-2777,celular,+5561985832777,sim,,,,deyvisson.dgao@gmail.com
0.4500,JHEYSIANI DENNISI ENDODONTIA ESPECIALIZADA,48.496.107/0001-07,ME,GRANJA DO TORTO,"QUADRA QUADRA A (WESLIAN RORIZ), SN, LOTE  07                  APT   71, GRANJA DO TORTO, CEP 70636005, Brasilia/DF",3,1,clinica_institucional,(61) 9 9434-9478,celular,+5561994349478,sim,(00) 0000000000,indefinido,,jheysiianee@gmail.com
0.4500,PRO NATURE INSTITUTO DE REABILITACAO,51.241.177/0001-10,ME,ASASUL,"SETOR SRTVS QUADRA 701 BLOCO K SALA, 516, EDIF  EMBASSY TOWER, ASASUL, CEP 70340908, Brasilia/DF",3,1,clinica_institucional,(61) 9 9168-9111,celular,+5561991689111,sim,(00) 0000000000,indefinido,,genesisgobbo40@gmail.com
0.4490,DT SORRISOS,48.241.890/0001-50,ME,SETOR INDUSTRIAL (TAGUATINGA),"QUADRA QI 19, SN, LOTE  1 3 5 E 7           LOJA  4, SETOR INDUSTRIAL (TAGUATINGA), CEP 72135190, Brasilia/DF",3,1,clinica_geral,(61) 3703-5570,fixo,+556137035570,,(00) 0000000000,indefinido,,fiscalfacis@gmail.com
0.4490,JEFFERSON NOGUEIRA DE VASCONCELOS LTDA,54.454.586/0001-93,ME,TAGUATINGA,"QUADRA CSB 02 LOTE 01/04 ALAMEDA SHOPPING TORRE A, 01/04, SALA  911, TAGUATINGA, CEP 72015901, Brasilia/DF",2,1,clinica_geral,(61) 9 8442-6175,celular,+5561984426175,sim,,,,drjeffersonjnv@gmail.com
0.4490,UNIAO ODONTOLOGICA,58.580.893/0001-71,ME,GUARA II,"QUADRA QI 27 BLOCO A, S/N, BLOCO A                   LOJA  23 A, GUARA II, CEP 71060280, Brasilia/DF",1,1,clinica_geral,(61) 3568-6508,fixo,+556135686508,,(00) 0000000000,indefinido,,odontolustosa@gmail.com
0.4490,HOS,54.004.156/0001-70,ME,SOBRADINHO,"QUADRA 8 COMERCIO LOCAL, CL 03, SALA  402, SOBRADINHO, CEP 73006010, Brasilia/DF",2,1,clinica_geral,(61) 9 8331-8075,celular,+5561983318075,sim,(00) 0000000000,indefinido,,fillmf@gmail.com
0.4490,HOS,54.015.545/0001-09,ME,SOBRADINHO,"CONDOMINIO NOVO SETOR DE MANSOES ETAPA 5 CONJUNTO B LOTE, 1, APT   102, SOBRADINHO, CEP 73017012, Brasilia/DF",2,1,clinica_geral,(61) 9 8100-8138,celular,+5561981008138,sim,(00) 0000000000,indefinido,,rayannelopesodonto@gmail.com
0.4485,MACODONTOLOGIA LTDA,49.497.144/0001-94,ME,JARDINS MANGUEIRAL (JARDIM BOTANICO),"QUADRA QC 4 RUA I TORRE I4, S/N, APT   02 PARTE ESCRITORIO, JARDINS MANGUEIRAL (JARDIM BOTANICO), CEP 71687318, Brasilia/DF",3,1,clinica_geral,(61) 9 9817-0664,celular,+5561998170664,sim,(00) 0000000000,indefinido,,malvescardoso97@gmail.com
0.4485,VITOR HENRIQUE LIMA DA COSTA LTDA,48.852.477/0001-21,ME,SETOR HABITACIONAL JARDIM BOTANICO,"QUADRA 8 CONJUNTO A (AV. DAS PAINEIRAS), 12, CASA  12, SETOR HABITACIONAL JARDIM BOTANICO, CEP 71681405, Brasilia/DF",3,1,clinica_geral,(61) 9 8142-6604,celular,+5561981426604,sim,(00) 0000000000,indefinido,,vitorh.limacosta@gmail.com
0.4480,ODONTOCOMPANY RECANTO E RIACHO FUNDO,57.642.862/0001-35,EPP,RECANTO DAS EMAS,"QUADRA QUADRA 104 AVENIDA RECANTO DAS EMAS LOTE, 05, RECANTO DAS EMAS, CEP 72600405, Brasilia/DF",1,1,clinica_geral,(61) 3974-8151,fixo,+556139748151,,,,,odontocompanyrec@gmail.com
0.4470,ATOS ODONTOLOGIA E SAUDE,37.299.037/0001-72,ME,SETOR TRADICIONAL (PLANALTINA),"AVENIDA GOIAS QUADRA 51, 01A, SALA  102, SETOR TRADICIONAL (PLANALTINA), CEP 73330077, Brasilia/DF",6,1,clinica_geral,(61) 3388-0351,fixo,+556133880351,,,,,fdisegna@yahoo.com.br
0.4470,D3M ODONTOLOGIA LTDA,28.634.073/0001-54,ME,SETOR RESIDENCIAL LESTE (PLANALTINA),"QUADRA 4 CONJUNTO J LOTE, 40, SLJ, SETOR RESIDENCIAL LESTE (PLANALTINA), CEP 73360410, Brasilia/DF",8,1,clinica_geral,(61) 9 8222-0899,celular,+5561982220899,sim,,,,contanacional@brturbo.com.br
0.4470,NOG ODONTOLOGIA LTDA,26.570.944/0001-98,ME,GUARA II,"QUADRA QI 33, 101, BLOCO A                   PAVMTO1                   SALA  101 E 102, GUARA II, CEP 71065330, Brasilia/DF",9,1,clinica_geral,(61) 9 8194-4415,celular,+5561981944415,sim,,,,tuliosantosdf@terra.com.br
0.4470,SAMIR REZEK & CIA LTDA,26.278.699/0001-40,ME,SETOR SUL (GAMA),"QUADRA QUADRA 1 CONJUNTO G LOTE, 15, SALA  202, SETOR SUL (GAMA), CEP 72410107, Brasilia/DF",9,1,clinica_geral,(61) 3384-4488,fixo,+556133844488,,,,,eirconta@uol.com.br
0.4470,CONSULTORIO ODONTOLOGICO DR. VICTOR PETRIN LTDA,28.367.285/0001-12,ME,SETOR OESTE (SOBRADINHO II),"AVENIDA CENTRAL CONJUNTO 6 LOTE, 13, SALA  101, SETOR OESTE (SOBRADINHO II), CEP 73062806, Brasilia/DF",9,1,clinica_geral,(61) 9 9321-3389,celular,+5561993213389,sim,,,,victorpetrin@yahoo.com.br
0.4470,CEO - CLINICA DE EXCELENCIA EM ODONTOLOGIA,39.652.437/0001-45,ME,SAMAMBAIA SUL (SAMAMBAIA),"QUADRA SMSE CONJUNTO 18, 5D, SAMAMBAIA SUL (SAMAMBAIA), CEP 72310218, Brasilia/DF",5,1,clinica_geral,(61) 9 9200-5410,celular,+5561992005410,sim,,,,ceo.clinicaodontologia@gmail.com
0.4470,GRUPO GLAVO,42.028.671/0001-00,ME,TAGUATINGA NORTE (TAGUATINGA),"QUADRA EQNL, 5/7, BLOCO B                   SALA  104, TAGUATINGA NORTE (TAGUATINGA), CEP 72150512, Brasilia/DF",5,1,clinica_geral,(61) 9 8338-0444,celular,+5561983380444,sim,,,,odontosatoo@gmail.com
0.4470,CENTRO CLINICO ODONTOLOGICO SAMAMBAIA,38.294.798/0001-02,ME,SAMAMBAIA SUL (SAMAMBAIA),"QUADRA QS 122 CONJUNTO 03 LOTE, 1 E 2, BLOCO A PAVIMENTO 4, SAMAMBAIA SUL (SAMAMBAIA), CEP 72304523, Brasilia/DF",5,1,clinica_institucional,(61) 3242-9496,fixo,+556132429496,,,,,
0.4470,ODONTOLOGIA INTEGRADA,35.226.753/0001-02,ME,CRUZEIRO VELHO,"BLOCO COMERCIO LOCAL BLOCO A, LJ 105, COND  CRUZEIRO CENTER, CRUZEIRO VELHO, CEP 70640515, Brasilia/DF",6,1,clinica_geral,(61) 3234-9233,fixo,+556132349233,,(61) 3233-5069,fixo,+556132335069,
0.4470,HS ODONTO,38.180.538/0001-06,ME,SOBRADINHO II,"AVENIDA AR 9 CJ 1 LT 5, S/N, APT   102, SOBRADINHO II, CEP 73062001, Brasilia/DF",6,1,clinica_geral,(61) 9 9181-2355,celular,+5561991812355,sim,(61) 9 9279-2299,celular,+5561992792299,hsodonto.df@gmail.com
0.4460,ODONTO MAIS SAUDE,33.833.515/0001-21,ME,CEILANDIA NORTE (CEILANDIA),"QUADRA EQNO 4/6 BLOCO A LOTE, 03, SALA  101, CEILANDIA NORTE (CEILANDIA), CEP 72250541, Brasilia/DF",7,1,clinica_geral,(61) 3585-3725,fixo,+556135853725,,,,,odontomaissaude@hotmail.com
0.4460,P & L CLINICA ODONTOLOGICA,59.397.964/0001-68,ME,CEILANDIA NORTE (CEILANDIA),"QUADRA QNM 18 CONJUNTO A LOTE 08, SN, SALA  101                       PARTE B, CEILANDIA NORTE (CEILANDIA), CEP 72210181, Brasilia/DF",1,1,clinica_geral,(61) 9 9277-5004,celular,+5561992775004,sim,(00) 0000000000,indefinido,,plclinicaodontologica74@gmail.com
0.4460,ODONTO VIDA,52.336.368/0001-29,ME,SETOR LESTE (VILA ESTRUTURAL),"QUADRA QUADRA 4 CONJUNTO 1, 26, LOTE  26, SETOR LESTE (VILA ESTRUTURAL), CEP 71261455, Brasilia/DF",2,1,clinica_institucional,(61) 3465-4968,fixo,+556134654968,,(61) 9 9924-7584,celular,+5561999247584,centralodonto7@gmail.com
0.4460,PREMIER CLINICA ODONTOLOGICA,53.455.479/0001-17,ME,CEILANDIA NORTE (CEILANDIA),"QUADRA QNN 17 CJ E LT, 04, SALA  102, CEILANDIA NORTE (CEILANDIA), CEP 72225170, Brasilia/DF",2,1,clinica_geral,(61) 3034-3536,fixo,+556130343536,,(00) 0000000000,indefinido,,junior61vaz@hotmail.com
0.4460,DRA PAULA LETICIA CLINICA ODONTOLOGICA,50.863.114/0001-33,ME,RIACHO FUNDO II,"QUADRA QC 6 CONJUNTO 9 CASA, 20, RIACHO FUNDO II, CEP 71882259, Brasilia/DF",3,1,marca_pessoal,(61) 9 8458-5948,celular,+5561984585948,sim,(00) 0000000000,indefinido,,xxxxxxxxxxxxxxx@gmail.com
0.4450,DRA. FERNANDA FURTADO ODONTOLOGIA,51.477.440/0001-75,ME,TAGUATINGA,"SETOR SETOR C SUL QSC 18 LT 16, S/N, SALA  101, TAGUATINGA, CEP 72016180, Brasilia/DF",3,1,marca_pessoal,(61) 9 8418-5990,celular,+5561984185990,sim,,,,drafernandafurtadodf@gmail.com
0.4450,FF ODONTOLOGIA,46.230.104/0001-93,ME,SAMAMBAIA,"QUADRA QR 408 CJ 5 LT 4, S/N, SAMAMBAIA, CEP 72318305, Brasilia/DF",4,1,clinica_geral,(61) 9 9177-8011,celular,+5561991778011,sim,(00) 0000000000,indefinido,,fmrodrigues96@gmail.com
0.4450,ESPECIALLE ODONTOLOGIA,51.712.775/0001-20,ME,TAGUATINGA SUL,"SETOR B SUL CSB 02 LOTE, 01/04, BLOCO A                   SALA  103, TAGUATINGA SUL, CEP 72015901, Brasilia/DF",3,1,clinica_geral,(61) 9 9975-4835,celular,+5561999754835,sim,(00) 0000000000,indefinido,,especialleodontologiaa@gmail.com
0.4445,RODRIGUES MASSA ODONTOLOGIA LTDA,58.800.883/0001-02,ME,ASA NORTE,"QUADRA SDN CNB CONJUNTO A, S/N, SALA  4055 PARTE A1, ASA NORTE, CEP 70077900, Brasilia/DF",1,1,clinica_geral,(61) 9 8140-7722,celular,+5561981407722,sim,(00) 0000000000,indefinido,,clinicadrsjaneevaldirsales@gmail.com
0.4445,SURIA ODONTOLOGIA LTDA,54.799.781/0001-55,ME,ASA SUL,"QUADRA SGAS QUADRA 915 CONJUNTO N, SN, SALA  350                       ADVANCE I                 CENTRO CLINICO SUL, ASA SUL, CEP 70390150, Brasilia/DF",2,1,clinica_geral,(61) 3321-0999,fixo,+556133210999,,(00) 0000000000,indefinido,,juridicon@juridicon.com.br
0.4440,ODONTOCOMPANY BRAZLANDIA,42.553.484/0001-46,ME,CEILANDIA NORTE (CEILANDIA),"QUADRA QNM 2 CONJUNTO D LOTE, 04, SALA  103, CEILANDIA NORTE (CEILANDIA), CEP 72210024, Brasilia/DF",5,1,clinica_geral,(61) 3546-2224,fixo,+556135462224,,,,,odcss.rh@gmail.com
0.4440,ODONTO CENTER SANTA MARIA,35.767.727/0001-83,ME,SANTA MARIA,"QUADRA QR 202, SN, CONJ  B                   LOTE  23                  SALA  01, SANTA MARIA, CEP 72502400, Brasilia/DF",6,1,clinica_geral,(61) 3393-8875,fixo,+556133938875,,,,,gerenciaodontocenter23@gmail.com
0.4430,SIQUEIRA ODONTOLOGIA,49.644.988/0001-10,EPP,RECANTO DAS EMAS,"QUADRA Q308 CJ 9 LT 7, S/N, RECANTO DAS EMAS, CEP 72622109, Brasilia/DF",3,1,clinica_geral,(61) 9 9375-8013,celular,+5561993758013,sim,(00) 0000000000,indefinido,,thalita.sqr@gmail.com
0.4430,FINOTTI & DIAS CLINICA ODONTOLOGICA LTDA,53.805.236/0001-61,ME,TAGUATINGA NORTE (TAGUATINGA),"SETOR QNH 5 LT, 2,       SALA 103, TAGUATINGA NORTE (TAGUATINGA), CEP 72130550, Brasilia/DF",2,1,clinica_geral,(61) 9 8205-1111,celular,+5561982051111,sim,(00) 0000000000,indefinido,,rpodonto@yahoo.com.br
0.4430,MARFIM ODONTOLOGIA INTEGRADA,56.193.641/0001-64,ME,SETOR CENTRAL (GAMA),"SETOR CENTRAL, QUADRA 56 BLOCO B LOTE, 16, EDIF  ATOL DAS ROCAS      APT   502, SETOR CENTRAL (GAMA), CEP 72405560, Brasilia/DF",2,1,clinica_geral,(61) 9 6150-1805,celular,+5561961501805,sim,(00) 0000000000,indefinido,,clinicamarfimodontologia@gmail.com
0.4430,BT ODONTOLOGIA ESPECIALIZADA,59.283.386/0001-39,ME,GUARA II,"QUADRA QE 32 CONJUNTO R, S/N, CASA  14, GUARA II, CEP 71065181, Brasilia/DF",1,1,clinica_institucional,(61) 3021-2925,fixo,+556130212925,,(00) 0000000000,indefinido,,societario@kreditcontabil.com.br
0.4430,CLINICA ODONTOLOGICA YASMIN MARTINS,54.370.211/0001-45,ME,GAMA,"SETOR SETOR LESTE Q 26 LT 102, S/N, GAMA, CEP 72460260, Brasilia/DF",2,1,clinica_geral,(61) 9 9877-3043,celular,+5561998773043,sim,(00) 0000000000,indefinido,,dentistayasmincrm@gmail.com
0.4430,LIZE ODONTOLOGIA,55.359.420/0001-50,ME,SAMAMBAIA SUL (SAMAMBAIA),"QUADRA QS 110 CONJUNTO 06 LOTE, 4, LOTE  5                   SALA  103, SAMAMBAIA SUL (SAMAMBAIA), CEP 72302530, Brasilia/DF",2,1,clinica_geral,(61) 9 9956-2011,celular,+5561999562011,sim,(00) 0000000000,indefinido,,xxxxxxxxxxxxxxxx@gmail.com
0.4430,CONSULTORIO DR. LUIZ CARLOS A. PEIXOTO,58.937.589/0001-39,ME,TAGUATINGA NORTE (TAGUATINGA),"QUADRA QNE 28 LOTE, 50, LOJA  02, TAGUATINGA NORTE (TAGUATINGA), CEP 72125280, Brasilia/DF",1,1,clinica_geral,(61) 3351-1708,fixo,+556133511708,,(00) 0000000000,indefinido,,lcpeixoto60@gmail.com
0.4425,CTODONTO - CENTRO TECNOLOGICO DE ODONTOLOGIA,03.670.493/0001-65,ME,SETOR DE INDUSTRIAS AUTONOMAS,"SETOR SIA/SUL TRECHO 08 LOTES 70 E 80, S/N, SETOR DE INDUSTRIAS AUTONOMAS, CEP 71205080, Brasilia/DF",26,1,clinica_institucional,(61) 3033-6370,fixo,+556130336370,,(61) 3226-8065,fixo,+556132268065,
0.4420,MENDES & MATOS ODONTOLOGIA LTDA,27.306.396/0001-56,ME,CEILANDIA NORTE (CEILANDIA),"QUADRA QNQ 2 CONJUNTO 1 LOTE, 17, SALA  102,103, CEILANDIA NORTE (CEILANDIA), CEP 72270201, Brasilia/DF",9,1,clinica_geral,(61) 3491-5299,fixo,+556134915299,,,,,aliancacontabilidade_ms@hotmail.com
0.4420,ODONTOLOGIA CENTRAL,46.681.039/0001-12,ME,PARANOA,"QUADRA 18 CONJUNTO 14 LOTE, 15, SALA  102, PARANOA, CEP 71571817, Brasilia/DF",4,1,clinica_geral,(61) 3408-5452,fixo,+556134085452,,(00) 0000000000,indefinido,,centralodontoparanoa@gmail.com
0.4420,C.O.B. CENTRO ODONTOLOGICO BORGES,46.054.336/0001-38,ME,CEILANDIA SUL (CEILANDIA),"QUADRA QNN 40 CJ E LT 13, S/N, LOJA  01, CEILANDIA SUL (CEILANDIA), CEP 72220405, Brasilia/DF",4,1,clinica_institucional,(61) 9 9253-6443,celular,+5561992536443,sim,(00) 0000000000,indefinido,,drgeraldinoborges@gmail.com
0.4420,ODONTO AGUIAR,45.439.898/0001-37,ME,CEILANDIA SUL (CEILANDIA),"QUADRA QNM 17 CONJUNTO B, S/N, LOTE 04;LOJA 205, CEILANDIA SUL (CEILANDIA), CEP 72215172, Brasilia/DF",4,1,clinica_geral,(61) 9 9828-4489,celular,+5561998284489,sim,,,,naty8238@gmail.com
0.4420,NAODONTO,57.982.603/0001-53,ME,SAO BARTOLOMEU (SAO SEBASTIAO),"QUADRA QUADRA 2 CONJUNTO 15 LOTE 24 LOJA, 01, SAO BARTOLOMEU (SAO SEBASTIAO), CEP 71697040, Brasilia/DF",1,1,clinica_geral,(61) 9 9188-7437,celular,+5561991887437,sim,,,,naodontobsb@gmail.com
0.4415,ODONTOCASTRO LTDA,00.648.315/0001-40,ME,TAGUATINGA,"LOC  CSA, 01, LT 01 SALAS 110/113, TAGUATINGA, CEP 72015015, Brasilia/DF",31,1,clinica_geral,,,,,,,,
0.4415,ELISANDRA ODONTOCLINIC,30.607.230/0001-84,ME,SETOR HABITACIONAL VICENTE PIRES - TRECHO 3,"CHACARA CHACARA 131 LOTE, 2A, LOJA  01, SETOR HABITACIONAL VICENTE PIRES - TRECHO 3, CEP 72001810, Brasilia/DF",8,1,clinica_geral,(61) 9 9601-7707,celular,+5561996017707,sim,,,,elisandrademendonca@gmail.com
0.4410,BSB ODONTOLOGIA,59.027.101/0001-07,ME,TAGUATINGA,"QUADRA CSB 02 LTS 01 E 04, S/N, ANDAR QUINTO              EDIF  TORRE B             LOJA  531, TAGUATINGA, CEP 72015901, Brasilia/DF",1,1,clinica_geral,(61) 9 9825-3931,celular,+5561998253931,sim,(00) 0000000000,indefinido,,moisesmtg2812@gmail.com
0.4410,ARCO ODONTOLOGIA,59.397.917/0001-14,ME,TAGUATINGA NORTE (TAGUATINGA),"AREA ESPECIAL SETOR C NORTE, SN, LOTE  01 A 12             SALA  714 PARTE A, TAGUATINGA NORTE (TAGUATINGA), CEP 72115700, Brasilia/DF",1,1,clinica_geral,(61) 3563-2368,fixo,+556135632368,,(00) 0000000000,indefinido,,despachante@brascont.com.br
0.4410,MOTA ODONTOLOGIA INTEGRADA,58.726.106/0001-57,ME,SAMAMBAIA NORTE (SAMAMBAIA),"QUADRA QUADRA 202 CONJUNTO 3 LOTE, 07, LOJA  26                        CENTRO COM SAMAMBAIA, SAMAMBAIA NORTE (SAMAMBAIA), CEP 72316043, Brasilia/DF",1,1,clinica_geral,(61) 9 9919-5152,celular,+5561999195152,sim,(00) 0000000000,indefinido,,motaodontologiaa@gmail.colm
0.4410,SORRIR MAIS ODONTOLOGIA,53.677.245/0001-14,ME,VALE DO AMANHECER (PLANALTINA),"CONJUNTO RESIDENCIAL 70 LOTE, 54, VALE DO AMANHECER (PLANALTINA), CEP 73370070, Brasilia/DF",2,1,clinica_geral,(61) 9 9634-1006,celular,+5561996341006,sim,(00) 0000000000,indefinido,,sorrirmais.odontologi4@gmail.com
0.4400,SORRIDENTS CEILANDIA,39.593.307/0001-89,ME,CEILANDIA NORTE (CEILANDIA),"QUADRA QNM 18 CONJUNTO E LOTE, 01, LOJA  03, CEILANDIA NORTE (CEILANDIA), CEP 72210185, Brasilia/DF",5,1,clinica_institucional,(61) 3373-5163,fixo,+556133735163,,,,,sorridentscei@outlook.com
0.4395,DRA MAIARA MAIA ALVES,50.490.893/0001-79,ME,SETOR HABITACIONAL JARDIM BOTANICO,"AVENIDA RIO TIETE, 22, COND  QUINTAS DAS ALVORADA, SETOR HABITACIONAL JARDIM BOTANICO, CEP 71680356, Brasilia/DF",3,1,marca_pessoal,(61) 9 9350-4122,celular,+5561993504122,sim,(00) 0000000000,indefinido,,dramaiaramaiaalves@gmail.com
0.4395,RENNOVE ODONTOLOGIA,45.661.249/0001-86,ME,ASA SUL,"QUADRA SQS 304 BLOCO I, SN, APT   603, ASA SUL, CEP 70337090, Brasilia/DF",4,1,clinica_geral,(61) 9 8100-7062,celular,+5561981007062,sim,,,,yasmini_vivi@yahoo.com.br
0.4390,LOPES GESTEIRA SAUDE,35.948.126/0001-77,ME,SETOR OESTE (GAMA),"QUADRA QUADRA 30, SN, CASA  103, SETOR OESTE (GAMA), CEP 72420300, Brasilia/DF",6,1,clinica_geral,(61) 9 9934-8767,celular,+5561999348767,sim,,,,psi.jeiciany@gmail.com
0.4390,LUIZ A. MACHADO ODONTOLOGIA,42.388.607/0001-30,ME,TAGUATINGA SUL (TAGUATINGA),"QUADRA QSB 4, 18, TAGUATINGA SUL (TAGUATINGA), CEP 72015540, Brasilia/DF",5,1,marca_pessoal,(61) 9 8212-0112,celular,+5561982120112,sim,(61) 9 9500-4639,celular,+5561995004639,gustavomachado.contabilidade@gmail.com
0.4380,FACE ODONTOLOGIA E RADIOLOGIA LTDA,28.532.458/0001-00,ME,SETOR NORTE (BRAZLANDIA),"QUADRA QUADRA 3 LOTE 01 SALAS, 1 E 2, SETOR NORTE (BRAZLANDIA), CEP 72705030, Brasilia/DF",9,1,clinica_geral,(61) 9 9648-7441,celular,+5561996487441,sim,,,,clinicaodontologicaisob@gmail.com
0.4380,ODONTO+,33.915.384/0001-21,ME,NUCLEO BANDEIRANTE,"AVENIDA CENTRAL BLOCOS 518/680 (LADO PAR) LOTE 656 SALAS, 1 E 2, NUCLEO BANDEIRANTE, CEP 71720520, Brasilia/DF",7,1,clinica_geral,(61) 3879-7037,fixo,+556138797037,,,,,fatimasaude151@gmail.com
0.4380,ORAL STUDIOS,30.694.809/0001-21,ME,SETOR CENTRAL (GAMA),"AREA ESPECIAL LADO OESTE, 20/21, SALA  138                 EDIF  ALTERNATIVO CENTER, SETOR CENTRAL (GAMA), CEP 72405125, Brasilia/DF",8,1,clinica_geral,(61) 3233-5659,fixo,+556132335659,,(61) 3484-0732,fixo,+556134840732,
0.4380,ESSENCE ODONTOLOGIA UNIDADE GAMA,30.068.528/0001-63,ME,SETOR SUL (GAMA),"QUADRA QUADRA 1 CONJUNTO G, 13, LOTE  15                  SALA  101, SETOR SUL (GAMA), CEP 72410107, Brasilia/DF",8,1,clinica_geral,(61) 3567-3832,fixo,+556135673832,,,,,edupoiuytre@hotmail.com
0.4380,GIOVANA SOUSA ODONTOLOGIA,38.420.160/0001-62,ME,TAGUATINGA SUL (TAGUATINGA),"QUADRA CSB 02 LOTES, 1/4, BLOCO A                   SALA  103, TAGUATINGA SUL (TAGUATINGA), CEP 72015901, Brasilia/DF",5,1,clinica_geral,(61) 3326-3005,fixo,+556133263005,,,,,contastec@gmail.com
0.4380,SOFISTICATTO ODONTOLOGIA,26.956.728/0001-85,ME,TAGUATINGA NORTE (TAGUATINGA),"SETOR M NORTE QNM 34 AREA ESPECIAL 01 SALA, 1409,       TORRE, TAGUATINGA NORTE (TAGUATINGA), CEP 72145424, Brasilia/DF",9,1,clinica_geral,(61) 9 9275-1850,celular,+5561992751850,sim,,,,sofisticattoodontologiajk@gmail.com
0.4380,MARCELO GUIMARAES ODONTOLOGIA,31.381.055/0001-12,ME,SETOR OESTE (SOBRADINHO II),"AVENIDA CENTRAL CONJUNTO 7, 02, SETOR OESTE (SOBRADINHO II), CEP 73062807, Brasilia/DF",8,1,marca_pessoal,(61) 3485-9681,fixo,+556134859681,,(61) 9 8170-5971,celular,+5561981705971,mfaodontologia10@gmail.com
0.4380,ESTACAO SORRISO,58.283.459/0001-20,ME,SANTA MARIA,"SETOR SANTA MARIA NORTE CL 214 LT D, S/N, LOJA  3B PARTE, SANTA MARIA, CEP 72544220, Brasilia/DF",1,1,clinica_geral,(61) 9 8125-9062,celular,+5561981259062,sim,(00) 0000000000,indefinido,,estacao.sorriso.8330@gmail.com
0.4375,CENTRO DE REABILITACAO ORAL DR WALTER VASQUES,33.512.963/0001-23,ME,TAGUATINGA,"LOC  CNB 01 LOTES 6 7, S/N, SALA 221, TAGUATINGA, CEP 72115015, Brasilia/DF",36,1,clinica_institucional,,,,,,,,
0.4375,DENTE CLINICA CENTRAL,72.599.186/0001-58,ME,SOBRADINHO,"QUADRA CENT BL 09 LOTE, 12, APT 01, SOBRADINHO, CEP 73020000, Brasilia/DF",32,1,clinica_geral,,,,,,,,
0.4375,ODONTO-SAUDE,02.544.222/0001-09,ME,TAGUATINGA SUL,"CSB 02 LOTES 1/4, S/N, SALA 304 TORRE A, TAGUATINGA SUL, CEP 72015901, Brasilia/DF",28,1,clinica_geral,,,,,,,,
0.4370,SMILESHOW ODONTOLOGIA,45.011.193/0001-14,ME,SETOR CENTRAL (GAMA),"QUADRA EQ 52-54 PROJECAO 01, S/N, SALA  101 E 102, SETOR CENTRAL (GAMA), CEP 72405526, Brasilia/DF",4,1,clinica_geral,(61) 9 8594-4887,celular,+5561985944887,sim,,,,thiago.brito.silva@gmail.com
0.4370,ODONTO ON FACE,47.122.467/0001-78,ME,TAGUATINGA NORTE (TAGUATINGA),"AREA ESPECIAL SETOR C NORTE, 8/9/10, SALA  105 D               ANDAR PRIMEIRO, TAGUATINGA NORTE (TAGUATINGA), CEP 72115700, Brasilia/DF",4,1,clinica_geral,(61) 9 9643-0545,celular,+5561996430545,sim,(00) 0000000000,indefinido,,alinnychaves@gmail.com
0.4370,BM CLINIC,57.017.999/0001-07,ME,SAMAMBAIA,"SETOR SAMAMBAIA SUL QR 320 CJ 3 LT 6, S/N, SAMAMBAIA, CEP 72310103, Brasilia/DF",2,1,clinica_geral,(38) 9 9931-3206,celular,+5538999313206,sim,,,,dx4contabil@hotmail.com
0.4370,ALESSANDRO CORDEIRO ODONTOLOGIA,54.140.000/0001-16,ME,SAMAMBAIA SUL (SAMAMBAIA),"QUADRA QN 312 CONJUNTO 1, S/N, LOTE  04                  SALA  105                 EDIF  RAQUEL, SAMAMBAIA SUL (SAMAMBAIA), CEP 72308001, Brasilia/DF",2,1,clinica_geral,(61) 3352-1011,fixo,+556133521011,,(00) 0000000000,indefinido,,toninhocontabilidade@gmail.com
0.4370,ALINE FROTA ODONTOLOGIA HUMANIZADA,51.633.712/0001-89,ME,TAGUATINGA CENTRO (TAGUATINGA),"QUADRA C 6 LOTE 3 SOBRELOJA 7, S/N, TAGUATINGA CENTRO (TAGUATINGA), CEP 72010060, Brasilia/DF",3,1,marca_pessoal,(61) 9 8222-0298,celular,+5561982220298,sim,,,,raiane.conhecercontabil@gmail.com
0.4370,ALTO NIVEL ODONTOLOGIA,56.795.494/0001-00,ME,TAGUATINGA NORTE (TAGUATINGA),"QUADRA QNA 17 LOTE, 13, SALA  202, TAGUATINGA NORTE (TAGUATINGA), CEP 72110170, Brasilia/DF",2,1,clinica_geral,(61) 9 9456-4057,celular,+5561994564057,sim,(00) 0000000000,indefinido,,i6390421@gmail.com
0.4370,BLACK TULIP,45.104.527/0001-02,ME,SAMAMBAIA SUL (SAMAMBAIA),"QUADRA QS 108 CONJUNTO 8, 03, SALA  202, SAMAMBAIA SUL (SAMAMBAIA), CEP 72302528, Brasilia/DF",4,1,clinica_geral,(61) 9 9966-1299,celular,+5561999661299,sim,,,,s_caraibas@yahoo.com.br
0.4370,FIRENZZE ODONTOLOGIA,51.517.700/0001-99,ME,GUARA I,"QUADRA SRIA I QE 7 BLOCO B SALA 219, SN, EDIF  ITAIPU, GUARA I, CEP 71020901, Brasilia/DF",3,1,clinica_geral,(61) 9 9999-9999,celular,+5561999999999,sim,(00) 0000000000,indefinido,,firenzze.odontologia@gmail.com
0.4370,ODONTO VALE,47.204.765/0001-07,ME,VALE DO AMANHECER (PLANALTINA),"CONJUNTO RESIDENCIAL 47, 19, VALE DO AMANHECER (PLANALTINA), CEP 73370047, Brasilia/DF",4,1,clinica_geral,(61) 9 9553-9244,celular,+5561995539244,sim,(00) 0000000000,indefinido,,consultorioo.vale@gmail.com
0.4370,CLINICA SR DENTE,53.286.816/0001-90,ME,TAGUATINGA NORTE (TAGUATINGA),"QUADRA QNM 34 AREA ESPECIAL 1, 01, SALA  1901, TAGUATINGA NORTE (TAGUATINGA), CEP 72145450, Brasilia/DF",2,1,clinica_geral,(61) 9 8145-9985,celular,+5561981459985,sim,(00) 0000000000,indefinido,,patriciadefatimamelodasilva@gmail.com
0.4370,IDEALIZE ODONTOLOGIA INTEGRADA,43.964.435/0001-69,ME,TAGUATINGA NORTE (TAGUATINGA),"QUADRA CNA 1 LOTE, 11, SALA  101 E 102, TAGUATINGA NORTE (TAGUATINGA), CEP 72110015, Brasilia/DF",4,1,clinica_geral,(61) 9 8496-2207,celular,+5561984962207,sim,,,,danielledutra12@gmail.com
0.4370,MAWE ODONTOLOGIA EIRELI,43.706.311/0001-83,ME,VILA VICENTINA (PLANALTINA),"RUA RAIMUNDO DE OLIVEIRA, QUADRA 09 LOTE, 05, LOJA  01, VILA VICENTINA (PLANALTINA), CEP 73320090, Brasilia/DF",4,1,clinica_geral,(61) 9 9535-5628,celular,+5561995355628,sim,,,,mawe.odontologia@gmail.com
0.4370,ODONTO VIDA,48.095.720/0001-04,ME,SETOR INDUSTRIAL (GAMA),"QUADRA QUADRA 7, S/N, LOTE  760                 LOJA  02                  EDIF  GILBERT, SETOR INDUSTRIAL (GAMA), CEP 72445070, Brasilia/DF",3,1,clinica_geral,(61) 9 9973-8867,celular,+5561999738867,sim,(00) 0000000000,indefinido,,bruna30mi@gmail.com
0.4370,IMCORP,47.035.749/0001-38,ME,GUARA II,"RUA 15 POLO DE MODAS QE 40 LOTE, 17, LOJA  01, GUARA II, CEP 71070515, Brasilia/DF",4,1,clinica_geral,(61) 9 8523-2361,celular,+5561985232361,sim,,,,pedroprivillege@gmail.com
0.4370,SANTIONI ODONTOLOGIA,44.908.883/0001-08,ME,TAGUATINGA NORTE (TAGUATINGA),"AREA ESPECIAL SETOR C NORTE, SN, LOTE  1 A 12              BLOCO B                   SALA  902 E 903           EDIF  PRIME, TAGUATINGA NORTE (TAGUATINGA), CEP 72115700, Brasilia/DF",4,1,clinica_geral,(61) 9 9179-9019,celular,+5561991799019,sim,,,,
0.4370,VITALY ODONTOLOGIA,46.693.265/0001-13,ME,SETOR RESIDENCIAL LESTE (PLANALTINA),"QUADRA 03 CONJUNTO A LOTE, 42,       SALA 501, SETOR RESIDENCIAL LESTE (PLANALTINA), CEP 73350301, Brasilia/DF",4,1,clinica_geral,(61) 9 9506-5187,celular,+5561995065187,sim,(00) 0000000000,indefinido,,kaep.contabilidade@hotmail.com
0.4370,X ODONTO,53.251.552/0001-39,ME,RIACHO FUNDO I,"QUADRA QN 7 CONJUNTO 6, S/N, LOTE  32                  LOJA  01, RIACHO FUNDO I, CEP 71805706, Brasilia/DF",2,1,clinica_geral,(61) 9 8151-5075,celular,+5561981515075,sim,(00) 0000000000,indefinido,,juniorortodontia@hotmail.com
0.4370,MY DENT,48.312.196/0001-86,ME,SOBRADINHO,"QUADRA CENTRAL SETOR COMERCIAL BLOCO 13, LT 04, SALA  01, SOBRADINHO, CEP 73010523, Brasilia/DF",3,1,clinica_geral,(61) 9 9854-8950,celular,+5561998548950,sim,(00) 0000000000,indefinido,,mydent.odontologia@gmail.com
0.4370,CARTAO DO POVO,48.144.015/0001-50,ME,SOBRADINHO,"QUADRA QUADRA 8 COMERCIO LOCAL, CL 23,       SOBRELOJA 302, SOBRADINHO, CEP 73006060, Brasilia/DF",3,1,clinica_geral,(61) 9 9257-1210,celular,+5561992571210,sim,(00) 0000000000,indefinido,,cartaodopovodf@gmail.com
0.4370,DAMASO ODONTOLOGIA,46.243.684/0001-53,ME,GUARA II,"QUADRA QE 40 RUA 15 LOTE 52, S/N, APT   101, GUARA II, CEP 71070515, Brasilia/DF",4,1,clinica_geral,(61) 9 9972-5113,celular,+5561999725113,sim,(00) 0000000000,indefinido,,nalvan.damaso@hotmail.com
0.4370,IMO MACHADO ODONTOLOGIA LTDA,46.407.981/0001-97,ME,GUARA II,"QUADRA QI 25 BLOCO A, 25, SALA  212, GUARA II, CEP 71060263, Brasilia/DF",4,1,clinica_geral,(61) 9 8219-0006,celular,+5561982190006,sim,,,,vasconcelos190@gmail.com
0.4365,LIVIA DA SILVA VIEIRA LTDA,56.948.229/0001-07,ME,SUL (AGUAS CLARAS),"QUADRA 202, 0, BLOCO B PRACA IRERE       LOTE  7E9                 APT   1001, SUL (AGUAS CLARAS), CEP 71937720, Brasilia/DF",2,1,marca_pessoal,(41) 9 9788-0145,celular,+5541997880145,sim,(00) 0000000000,indefinido,,meucnpj@contabilizei.com.br
0.4365,MILENA PINTO DE CARVALHO LTDA,54.086.060/0001-06,ME,SETOR HABITACIONAL VICENTE PIRES - TRECHO 1,"QUADRA SH V PIRES TR 1 QD 3, 0, CONJ  4                   LOTE  7, SETOR HABITACIONAL VICENTE PIRES - TRECHO 1, CEP 72005251, Brasilia/DF",2,1,clinica_geral,(41) 9 9788-0145,celular,+5541997880145,sim,(00) 0000000000,indefinido,,meucnpj@contabilizei.com.br
0.4365,NATHALIA S. NEIVA LTDA,55.160.218/0001-03,ME,AGUAS CLARAS,"RUA RUA BURITI LT 3, S/N, APT   504, AGUAS CLARAS, CEP 71940000, Brasilia/DF",2,1,marca_pessoal,(61) 9 9836-9646,celular,+5561998369646,sim,(00) 0000000000,indefinido,,dra.nathalianeiva@gmail.com
0.4360,DOUTOR CAMILO ODONTOLOGIA AVANCADA,54.236.487/0001-35,ME,CEILANDIA NORTE (CEILANDIA),"QUADRA QNN 23 CJ B LT 37, SN, CEILANDIA NORTE (CEILANDIA), CEP 72225232, Brasilia/DF",2,1,clinica_geral,(61) 635816745,indefinido,,,(00) 0000000000,indefinido,,clinicadrcamilodf@gmail.com
0.4350,INSTITUTO DE ODONTOLOGIA ELIDA LEMOS,54.765.149/0001-90,ME,TAGUATINGA NORTE (TAGUATINGA),"QUADRA QNB 10 CASA, 07, TAGUATINGA NORTE (TAGUATINGA), CEP 72115100, Brasilia/DF",2,1,clinica_institucional,(61) 9 8251-1121,celular,+5561982511121,sim,(00) 0000000000,indefinido,,giovannatadeu@gmail.com
0.4350,LEAO ODONTOLOGIA ESPECIALIZADA LTDA,59.022.894/0001-63,ME,SETOR INDUSTRIAL (TAGUATINGA),"QUADRA QI 24 LOTE 14 27 BLOCO C APT, 1706, SETOR INDUSTRIAL (TAGUATINGA), CEP 72135240, Brasilia/DF",1,1,clinica_institucional,(61) 9 8190-7291,celular,+5561981907291,sim,(00) 0000000000,indefinido,,leaoodontologiaespecializada@gmail.com
0.4340,DRA JULIANNA MEDEIROS ODONTOLOGIA LTDA,36.625.578/0001-80,ME,CANDANGOLANDIA,"MODULO MU, 10, LOJA  01, CANDANGOLANDIA, CEP 71725610, Brasilia/DF",6,1,marca_pessoal,(61) 9 9307-3322,celular,+5561993073322,sim,,,,charlesddcr@gmail.com
0.4340,MARILIA MARTINS QUEIROZ LTDA,28.464.047/0001-25,ME,SETOR HABITACIONAL ARNIQUEIRA (AGUAS CLA,"CONJUNTO SHA CONJUNTO 4 CHACARA 59B, SNUM, LOTE  19                  LOJA  04, SETOR HABITACIONAL ARNIQUEIRA (AGUAS CLA, CEP 71994330, Brasilia/DF",9,1,marca_pessoal,(61) 3222-6639,fixo,+556132226639,,,,,djnalsonorizacao@ig.com.br
0.4340,WELLINGTON SOARES ODONTOLOGIA,34.004.420/0001-68,ME,CEILANDIA NORTE (CEILANDIA),"QUADRA QNM 2 CJ D LT 04, S/N, SALA  106, CEILANDIA NORTE (CEILANDIA), CEP 72210024, Brasilia/DF",7,1,marca_pessoal,(61) 9 9136-6866,celular,+5561991366866,sim,,,,wfs.odonto@gmail.com
0.4340,ODONTOVITA,29.723.172/0001-75,ME,ASA,"SETOR SRTVS QUADRA 701 CONJUNTO E BLOCO 03, 130, SALA  308, ASA, CEP 70340901, Brasilia/DF",8,1,clinica_geral,(61) 3041-3433,fixo,+556130413433,,,,,luana.sena@gmail.com
0.4340,SMILE SAUDE,31.870.262/0001-30,ME,SANTA MARIA,"QUADRA CL 218 LT B, SN, SANTA MARIA, CEP 72548222, Brasilia/DF",7,1,clinica_geral,(61) 3399-1305,fixo,+556133991305,,(61) 9 8617-1577,celular,+5561986171577,odontologiasaudemais@gmail.com
0.4340,FIORE SERVICOS ODONTOLOGICOS,40.944.961/0001-79,ME,SETOR NORTE (BRAZLANDIA),"QUADRA QUADRA 3 BLOCO B, SN, LOTE  05                  SLJ   UNICA, SETOR NORTE (BRAZLANDIA), CEP 72705532, Brasilia/DF",5,1,clinica_geral,(61) 3526-5108,fixo,+556135265108,,,,,fioreodontologiadf@gmail.com
0.4340,RISO ODONTOLOGIA,42.116.785/0001-02,ME,SANTA MARIA,"QUADRA QR 214 CONJUNTO F, 29, LOJA  01, SANTA MARIA, CEP 72544406, Brasilia/DF",5,1,clinica_geral,(61) 9 8519-3057,celular,+5561985193057,sim,,,,clinicarisoodontologia@gmail.com
0.4340,REALCE SEU SORRISO,36.403.415/0001-53,ME,CENTRO (SAO SEBASTIAO),"RUA DA GAMELEIRA LOTE 590 LOJAS, 1 E 2, CENTRO (SAO SEBASTIAO), CEP 71691084, Brasilia/DF",6,1,clinica_geral,(61) 3264-2351,fixo,+556132642351,,(61) 3546-1148,fixo,+556135461148,realcesorriso@gmail.com
0.4340,GRUPO ABADE VASCONCELOS,41.717.796/0001-85,ME,SANTA MARIA,"CONDOMINIO PORTO RICO LOTE, 1 B, QUADRAD ETAPA 1 LJ 1/2, SANTA MARIA, CEP 72504003, Brasilia/DF",5,1,clinica_geral,(61) 9 8633-9749,celular,+5561986339749,sim,(61) 9 8483-1080,celular,+5561984831080,micheljv11@gmail.com
0.4340,ODONTO COMPANY,37.179.435/0001-55,ME,SANTA MARIA,"QUADRA QR 302 CONJUNTO L, 28, LOTE  28, SANTA MARIA, CEP 72502512, Brasilia/DF",6,1,clinica_geral,(61) 9 8321-3775,celular,+5561983213775,sim,,,,drafernandalima@hotmail.com
0.4340,ODONTO HOUSE,43.346.308/0001-04,ME,JARDINS MANGUEIRAL (SAO SEBASTIAO),"AREA PRACA DE ATIVIDADES 3, SN, LOTE  03                  SALA  111, JARDINS MANGUEIRAL (SAO SEBASTIAO), CEP 71699390, Brasilia/DF",5,1,clinica_geral,(61) 9 8562-0102,celular,+5561985620102,sim,,,,odontohouse105@gmail.com
0.4340,ERICK LUIZ BARROS DE ANDRADE,41.901.165/0001-11,ME,SETORES COMPLEMENTARES,"SETOR SMAS TRECHO 3 CONJUNTO 03 BLOCO B SALA, 13, SETORES COMPLEMENTARES, CEP 70610050, Brasilia/DF",5,1,clinica_geral,(61) 4101-7555,fixo,+556141017555,,,,,facilite@gmail.com
0.4340,MURIEL ODONTOLOGIA ESPECIALIZADA,59.012.676/0001-48,ME,TAGUATINGA SUL (TAGUATINGA),"QUADRA QSC 19 CHACARA 26 CONJUNTO B, 2, TAGUATINGA SUL (TAGUATINGA), CEP 72017272, Brasilia/DF",1,1,clinica_institucional,(61) 9 9999-9650,celular,+5561999999650,sim,(00) 0000000000,indefinido,,rebecamuriel@hotmail.com
0.4330,BERNARDO'S ODONTOLOGIA,37.843.482/0001-51,ME,SANTA MARIA,"QUADRA CL 202 LOTE, B10, SALA  101 E 102, SANTA MARIA, CEP 72502222, Brasilia/DF",6,1,clinica_geral,(61) 9 8102-3759,celular,+5561981023759,sim,(61) 3224-4691,fixo,+556132244691,alvesflaviano285@gmail.com
0.4330,GONCALVES ODONTOLOGIA,33.718.633/0001-99,ME,CEILANDIA SUL (CEILANDIA),"QUADRA QNN 18 CONJUNTO C LOTE 03 LOJA, 02, CEILANDIA SUL (CEILANDIA), CEP 72220183, Brasilia/DF",7,1,clinica_geral,(61) 9 9814-7811,celular,+5561998147811,sim,,,,wilperitocontabil@hotmail.com
0.4330,CLINICA DENTARIA REC. DAS EMAS,39.608.719/0001-45,ME,RECANTO DAS EMAS,"QUADRA QUADRA 205 CONJUNTO 9 LOTE, 09, LOJA  03, RECANTO DAS EMAS, CEP 72610509, Brasilia/DF",5,1,clinica_geral,(61) 3351-5400,fixo,+556133515400,,,,,contato@orgatecon.com.br
0.4330,RAME ODONTOLOGIA,55.123.560/0001-25,ME,TAGUATINGA NORTE (TAGUATINGA),"QUADRA CNA 2 LOTE, 11, SALA  201 202 E 209, TAGUATINGA NORTE (TAGUATINGA), CEP 72110025, Brasilia/DF",2,1,clinica_geral,(61) 3965-1880,fixo,+556139651880,,(00) 0000000000,indefinido,,clinica.rame@gmail.com
0.4330,CARLA TILL ODONTOLOGIA NEURODIVERSA,55.117.057/0001-67,ME,CRUZEIRO VELHO,"QUADRA SRES QUADRA 10 BLOCO H, S/N, CASA  14, CRUZEIRO VELHO, CEP 70645080, Brasilia/DF",2,1,marca_pessoal,(61) 9 8141-1719,celular,+5561981411719,sim,(00) 0000000000,indefinido,,carlatilodontoneurodiversa@gmail.com
0.4330,ODONTOCENTER,52.472.684/0001-28,ME,SOBRADINHO,"QUADRA CENTRAL BLOCO 12 LOTE, 14, APT   01, SOBRADINHO, CEP 73010522, Brasilia/DF",2,1,clinica_geral,(61) 3034-4881,fixo,+556130344881,,(00) 0000000000,indefinido,,fabio_santos2010@hotmail.com
0.4330,V B ODONTOLOGIA,56.659.711/0001-27,ME,PONTE ALTA NORTE (GAMA),"NUCLEO RURAL PONTE ALTA NORTE CONJUNTO F LOTE, 18, PONTE ALTA NORTE (GAMA), CEP 72427010, Brasilia/DF",2,1,clinica_geral,(61) 9 9194-7179,celular,+5561991947179,sim,(00) 0000000000,indefinido,,victoria.brun08@gmail.com
0.4320,RIA ODONTOLOGIA,44.304.573/0001-84,ME,FAZENDINHA (ITAPOA),"QUADRA 2 CONJUNTO G, 22, FAZENDINHA (ITAPOA), CEP 71596241, Brasilia/DF",4,1,clinica_geral,(61) 9 9231-1515,celular,+5561992311515,sim,,,,antoniomoreiraudf@gmail.com
0.4320,ODONTO VIDA,48.783.556/0001-28,ME,CEILANDIA NORTE (CEILANDIA),"QUADRA QNO 1 CJ A LT 1, S/N, CEILANDIA NORTE (CEILANDIA), CEP 72250101, Brasilia/DF",3,1,clinica_geral,(61) 9 8508-9768,celular,+5561985089768,sim,(00) 0000000000,indefinido,,geovaneorthorio@gmail.com
0.4320,EXPERIENCE ODONTO,44.319.415/0001-06,ME,PARANOA,"QUADRA QUADRA 30 CONJUNTO 22 LOTE, 08, PARANOA, CEP 71573030, Brasilia/DF",4,1,clinica_geral,(61) 9 9859-5930,celular,+5561998595930,sim,,,,financeiro.experienceodonto@gmail.com
0.4320,ODONTOLOBO,49.706.035/0001-30,ME,RECANTO DAS EMAS,"QUADRA Q201 CJ 8 LT 19, S/N, SALA  101, RECANTO DAS EMAS, CEP 72610108, Brasilia/DF",3,1,clinica_geral,(61) 9 9828-0086,celular,+5561998280086,sim,(00) 0000000000,indefinido,,odontolobo2209@gmail.com
0.4320,RACHEL DANTAS DA SILVA LTDA,53.113.485/0001-96,EPP,CEILANDIA NORTE (CEILANDIA),"QUADRA QNP 21 CONJUNTO D, 0,       LT 2                LOJA  1, CEILANDIA NORTE (CEILANDIA), CEP 72242007, Brasilia/DF",2,1,clinica_geral,(41) 9 9788-0145,celular,+5541997880145,sim,(00) 0000000000,indefinido,,meucnpj@contabilizei.com.br
0.4305,CENTRO ODONTOLOGICO RTS,00.798.259/0001-20,ME,CEILANDIA,"QNM 23 CONJUNTO A CASA, 10, CEILANDIA, CEP 72215230, Brasilia/DF",30,1,clinica_institucional,,,,,,,,
0.4305,CLINICA MICHELUTTI,03.511.899/0001-03,ME,SC/NORTE,"QUADRA 02 BLOCO D ENTRADA B SALA, 1026, CENTRO EMP. ENCOL, SC/NORTE, CEP 70310500, Brasilia/DF",26,1,clinica_geral,,,,,,,,
0.4300,ODONTO VIDA ODONTOLOGIA,36.879.643/0001-02,ME,SETOR LESTE (VILA ESTRUTURAL),"QUADRA QUADRA 4 CONJUNTO 1 LOTE, 26, SALA  201 E 202, SETOR LESTE (VILA ESTRUTURAL), CEP 71261455, Brasilia/DF",6,1,clinica_geral,(61) 9 9102-3440,celular,+5561991023440,sim,,,,samike.lima@hotmail.com
0.4300,CAPACITA ODONTOLOGIA,30.544.737/0001-36,ME,SETOR DE HABITACOES INDIVIDUAIS SUL,"AREA ESPECIAL SHIS QI 15 LOTE O SALA 112B VICTORIA MEDICAL CENTER, SN, SETOR DE HABITACOES INDIVIDUAIS SUL, CEP 71635610, Brasilia/DF",8,1,clinica_geral,(61) 9 9269-3935,celular,+5561992693935,sim,,,,capacitaodontologia@gmail.com
0.4300,ORAL CLIN,43.277.321/0001-40,ME,SANTA MARIA,"QUADRA CL 103 LT, D, SALA  02, SANTA MARIA, CEP 72503204, Brasilia/DF",5,1,clinica_geral,(61) 3393-1765,fixo,+556133931765,,,,,wanessaoralclin@gmail.com
0.4300,RAMALHOS ODONTOLOGIA,54.561.078/0001-04,ME,SETOR RESIDENCIAL OESTE (SAO SEBASTIAO),"QUADRA QUADRA 103 CONJUNTO 16 LOTE, 22, SALA  04, SETOR RESIDENCIAL OESTE (SAO SEBASTIAO), CEP 71692246, Brasilia/DF",2,1,clinica_institucional,(61) 9 9832-2403,celular,+5561998322403,sim,(00) 0000000000,indefinido,,anthonelle-ramalho@hotmail.com
0.4300,CLINICA ODONTOLOGICA DRA. TAYNA ALMEIDA,58.802.207/0001-60,ME,CEILANDIA NORTE (CEILANDIA),"QUADRA QNO 1 CONJUNTO H LOTE 19, 19,       SETOR O, CEILANDIA NORTE (CEILANDIA), CEP 72250108, Brasilia/DF",1,1,clinica_geral,(61) 9 8318-4468,celular,+5561983184468,sim,(00) 0000000000,indefinido,,assessoriacontabil.ber@gmail.com
0.4300,ODONTO NERES,58.852.912/0001-71,ME,CENTRO (SAO SEBASTIAO),"AVENIDA COMERCIAL LOTE, 1991, LOJA  03, CENTRO (SAO SEBASTIAO), CEP 71691083, Brasilia/DF",1,1,clinica_geral,(61) 9 9275-2864,celular,+5561992752864,sim,(00) 0000000000,indefinido,,odontoneres@gmail.com
0.4300,ODONTO BARBOZA,52.881.686/0001-70,ME,CEILANDIA SUL (CEILANDIA),"SETOR HABITACIONAL SOL NASCENTE CHACARA 99 QUADRA C LOTE, 04, SALA  101, CEILANDIA SUL (CEILANDIA), CEP 72236800, Brasilia/DF",2,1,clinica_geral,(61) 9 8220-9821,celular,+5561982209821,sim,(00) 0000000000,indefinido,,iduany-jesus@hotmail.com
0.4300,IOB - INSTITUTO ODONTOLOGICO BRILHANTE,54.485.501/0001-34,ME,BRASILIA,"QUADRA L2 SUL Q 607 MOD 47, S/N, EDIF  C CLINICO METROPOLISSALA  230, BRASILIA, CEP 70200670, Brasilia/DF",2,1,clinica_institucional,(61) 9 9981-3099,celular,+5561999813099,sim,(00) 0000000000,indefinido,,clab12@hotmail.com
0.4300,CLINICA MUKAI,53.531.164/0001-01,ME,SETOR NORTE (BRAZLANDIA),"QUADRA QUADRA 1, 40, SETOR NORTE (BRAZLANDIA), CEP 72705010, Brasilia/DF",2,1,clinica_geral,(61) 9 8155-0449,celular,+5561981550449,sim,(00) 0000000000,indefinido,,clinicamukaidf@gmail.com
0.4300,R2S ODONTOLOGIA ESPECIALIZADA,43.849.676/0001-67,ME,SETOR DE MANSOES DE SOBRADINHO,"COND. RESIDENCIAL QMS 51A BLOCO F, 51A,       MD C LT 06, SETOR DE MANSOES DE SOBRADINHO, CEP 73080200, Brasilia/DF",4,1,clinica_institucional,(77) 3611-1120,fixo,+557736111120,,,,,contabilidadeexacto@gmail.com
0.4280,AL ODONTOLOGIA LTDA,37.293.499/0001-82,ME,CEILANDIA NORTE (CEILANDIA),"QUADRA QNO 18 CONJUNTO 4 LOTE 13, SN, CEILANDIA NORTE (CEILANDIA), CEP 72260804, Brasilia/DF",6,2,multi_unidade,(61) 3375-1076,fixo,+556133751076,,(61) 9 9100-0465,celular,+5561991000465,alodontologiadf@gmail.com
0.4280,ORIS SALUTEM ODONTOLOGIA ESPECIALIZADA DE BRASILIA LTDA,28.246.350/0001-51,ME,SETORES COMPLEMENTARES,"SETOR SMAS TRECHO 3 CONJUNTO 3, S/N, BLOCO C                   SALA  210, SETORES COMPLEMENTARES, CEP 70610053, Brasilia/DF",9,1,clinica_institucional,(61) 9 8106-9102,celular,+5561981069102,sim,,,,sergio.braga.periodontia@gmail.com
0.4275,LFO ODONTOLOGIA AVANCADA,58.943.981/0001-90,ME,ASA NORTE,"SETOR SHCN CLN QD 104 BLOCO D, SN, APT   117, ASA NORTE, CEP 70733540, Brasilia/DF",1,1,clinica_geral,(61) 9 8237-6618,celular,+5561982376618,sim,(00) 0000000000,indefinido,,lisipequena@yahoo.com
0.4270,ORAL CLINICA,31.532.197/0001-33,ME,VARJAO,"QUADRA QUADRA 7 CONJUNTO A LOTE, 40, SALA  101, VARJAO, CEP 71555233, Brasilia/DF",7,1,clinica_geral,(61) 9 9969-0104,celular,+5561999690104,sim,,,,vieiracampos.odonto@hotmail.com
0.4270,INSTITUTO SMILE ODONTOLOGIA E ENSINO,56.193.596/0001-48,ME,TAGUATINGA,"SETOR SETOR A NORTE EDIFICIO BRASILIA PLAZA CENTER QNA 29 LT 8, S/N, SALA  401, TAGUATINGA, CEP 72110290, Brasilia/DF",2,1,clinica_institucional,(61) 9 9956-4100,celular,+5561999564100,sim,,,,thiagosilvaus@gmail.com
0.4270,INSTITUTO ODONTOLOGICO KMT LTDA,56.929.301/0001-59,ME,TAGUATINGA NORTE (TAGUATINGA),"QUADRA QNB 18, 01, LOTE 01 SALA 105, TAGUATINGA NORTE (TAGUATINGA), CEP 72115180, Brasilia/DF",2,1,clinica_institucional,(61) 9 9945-8588,celular,+5561999458588,sim,,,,kellencrifonseca@gmail.com
0.4260,ODONTO RISUS ODONTOLOGIA ESPECIALIZADA LTDA,50.242.039/0001-93,ME,CEILANDIA,"SETOR SETOR M SUL QNM 17 CJ H LT 2 A 6, S/N, SALA  210 E 211, CEILANDIA, CEP 72215178, Brasilia/DF",3,1,clinica_institucional,(61) 9 9990-3035,celular,+5561999903035,sim,,,,odontorisuscei@gmail.com
0.4260,MODIFICARE ODONTOLOGIA,48.704.065/0001-44,ME,CEILANDIA,"SETOR SETOR M QNM 1 CJ G LT 4, S/N, SALA  102, CEILANDIA, CEP 72215017, Brasilia/DF",3,1,clinica_geral,(34) 9 9893-6729,celular,+5534998936729,sim,(00) 0000000000,indefinido,,eduardobim123@gmail.com
0.4260,ABILITA CLINICA ODONTOLOGICA,45.431.967/0001-66,ME,SETOR DE HABITACOES INDIVIDUAIS NORTE,"SETOR SHIN CA 05 LOTE B1 BLOCO B1 SALAS 105, S/N, PAVMTO1 - LAGO NORTE, SETOR DE HABITACOES INDIVIDUAIS NORTE, CEP 71503505, Brasilia/DF",4,1,clinica_geral,(61) 3033-8730,fixo,+556130338730,,,,,abilitaclinica@gmail.com
0.4260,PRO INOVE ODONTOLOGIA ESPECIALIZADA,48.828.324/0001-49,ME,PARANOA,"QUADRA QUADRA 27 CONJUNTO 19 LOTE, 06, SALA  201, PARANOA, CEP 71572707, Brasilia/DF",3,1,clinica_institucional,(61) 9 9167-8099,celular,+5561991678099,sim,,,,ideia@ideiacontabilidadedf.com.br
0.4260,CLINICA ODONTOLOGICA CANDANGA,50.618.001/0001-72,ME,CANDANGOLANDIA,"QUADRA QR 3 LOTES MI 01, MI 02, SN, APT   101 PARTE, CANDANGOLANDIA, CEP 71725300, Brasilia/DF",3,1,clinica_geral,(61) 9 8110-2579,celular,+5561981102579,sim,,,,dominiocontabilidade@gmaill.com
0.4260,MENDES ODONTOLOGIA ESPECIALIZADA,45.187.386/0001-20,ME,RECANTO DAS EMAS,"AVENIDA RECANTO DAS EMAS QUADRA 101 LOTE 07 SALA, 101, RECANTO DAS EMAS, CEP 72600100, Brasilia/DF",4,1,clinica_institucional,(61) 9 9220-3040,celular,+5561992203040,sim,,,,dra.tamaraa@gmail.com
0.4255,CONSULTORIO SORRISO,02.104.433/0001-12,ME,GUARA II,"QI 27 BLOCO A SALA, 201, GUARA II, CEP 71060280, Brasilia/DF",28,1,clinica_geral,,,,,,,,
0.4255,ORAL CLIN,00.806.157/0001-09,ME,TAGUATINGA,"CONDOMINIO 02 LOTE 06 LOJA 01, S/N, TAGUATINGA, CEP 72120025, Brasilia/DF",30,1,clinica_geral,,,,,,,,
0.4250,SUELE ANDRADE LOPES LTDA,56.263.070/0001-97,ME,TAGUATINGA NORTE (TAGUATINGA),"QUADRA EQNL 13/15 BLOCO B, SN, SALA  101, TAGUATINGA NORTE (TAGUATINGA), CEP 72151512, Brasilia/DF",2,1,clinica_geral,(61) 3336-2493,fixo,+556133362493,,(00) 0000000000,indefinido,,s.andradelopes@yahoo.com.br
0.4250,ELITE ODONTOLOGIA INTEGRADA,58.359.157/0001-98,ME,TAGUATINGA,"SETOR SETOR CENTRAL C 2 LT 4/14/15, S/N, SALA  714, TAGUATINGA, CEP 72010020, Brasilia/DF",1,1,clinica_geral,(61) 3336-1614,fixo,+556133361614,,(00) 0000000000,indefinido,,aline_austriaco@hotmail.com
0.4250,NOB - NUCLEO ODONTOLOGICO BRITO,53.379.016/0001-13,ME,NUCLEO BANDEIRANTE,"QUADRA AVENIDA CENTRAL LOTE 397, S/N, APT   201, NUCLEO BANDEIRANTE, CEP 71710570, Brasilia/DF",2,1,clinica_geral,(61) 9 8456-0973,celular,+5561984560973,sim,(00) 0000000000,indefinido,,brito.macedoodontologia@gmail.com
0.4250,ODONTOMAR,55.571.606/0001-79,ME,GAMA,"SETOR SETOR SUL Q 2 CJ A LT 20, S/N, ANDAR 3                   SALA  301, GAMA, CEP 72415101, Brasilia/DF",2,1,clinica_geral,(61) 3384-8334,fixo,+556133848334,,(00) 0000000000,indefinido,,vrscontabeis@gmail.com
0.4250,ANA CAROLINE CONSULTORIO ODONTOLOGICO,54.478.090/0001-50,ME,SETOR HABITACIONAL MESTRE D'ARMAS (PLANALTINA),"QUADRA 13 MODULO 5 LOTE, 01, LOJA  01, SETOR HABITACIONAL MESTRE D'ARMAS (PLANALTINA), CEP 73401412, Brasilia/DF",2,1,marca_pessoal,(61) 9 9901-7416,celular,+5561999017416,sim,(00) 0000000000,indefinido,,anacarolineconsultorioodontologicodf.ltda@gmail.com
0.4250,BUENO ODONTOLOGIA,57.162.681/0001-01,ME,SOBRADINHO,"QUADRA 08 BLOCO 9 LOTE, 07, LOJA  SUBSOLO, SOBRADINHO, CEP 73005509, Brasilia/DF",1,1,clinica_geral,(61) 3591-8202,fixo,+556135918202,,(00) 0000000000,indefinido,,buenofernandamarques@gmail.com
0.4250,CLINICA ELEVE ESPECIALIDADES EM ODONTOLOGIA,53.460.738/0001-06,ME,SETOR RESIDENCIAL LESTE (PLANALTINA),"QUADRA QUADRA 4 CONJUNTO C, 40, SALA  SOBRELOJA, SETOR RESIDENCIAL LESTE (PLANALTINA), CEP 73360403, Brasilia/DF",2,1,clinica_geral,(61) 9 9321-8112,celular,+5561993218112,sim,(00) 0000000000,indefinido,,odontologiaeleve@gmail.com
0.4250,CLINICA DRA. ALINE CACAU,55.423.507/0001-40,ME,SAMAMBAIA,"SETOR SAMAMBAIA SUL 2 AVENIDA SUL QS 316 CJ 7 S/N, S/N, SALA  301, SAMAMBAIA, CEP 72308527, Brasilia/DF",2,1,clinica_geral,(61) 9 9999-7294,celular,+5561999997294,sim,(00) 0000000000,indefinido,,alinedcacau@gmail.com
0.4250,CS ODONTOLOGIA INTEGRADA,57.657.057/0001-85,ME,TAGUATINGA,"SETOR SETOR H NORTE CNH 1 LT 11, S/N, SALA  101, TAGUATINGA, CEP 72130515, Brasilia/DF",1,1,clinica_geral,(61) 3354-0894,fixo,+556133540894,,(00) 0000000000,indefinido,,carlalohany@hotmail.com
0.4250,ODONTO SAUDE LIFE,54.178.384/0001-66,ME,GAMA,"SETOR SETOR SUL Q 1 CJ G LT 1, S/N, SALA  101, GAMA, CEP 72410107, Brasilia/DF",2,1,clinica_geral,(61) 9 9664-3138,celular,+5561996643138,sim,(00) 0000000000,indefinido,,felipevaladaresbarbosa33@gmail.com
0.4250,GUARA ODONTO SAUDE,57.064.904/0001-06,ME,GUARA II,"QUADRA SRIA II QI 31 CL LT A, S/N, SALA  114, GUARA II, CEP 71065310, Brasilia/DF",2,1,clinica_geral,(61) 9 9109-9692,celular,+5561991099692,sim,(00) 0000000000,indefinido,,anaclaragurgel@hotmail.com
0.4250,LR BSB ODONTOLOGIA,57.972.806/0001-69,ME,TAGUATINGA CENTRO (TAGUATINGA),"QUADRA C 1 LOTE, 1/12, SALA  532, TAGUATINGA CENTRO (TAGUATINGA), CEP 72010010, Brasilia/DF",1,1,clinica_geral,(61) 9 8205-1172,celular,+5561982051172,sim,(00) 0000000000,indefinido,,lrb121090@gmail.com
0.4250,ODONTO SIMOES 01,59.469.219/0001-87,ME,RIACHO FUNDO I,"QUADRA QN 5 CONJUNTO 7, S/N, LOTE  11                  SALA  103, RIACHO FUNDO I, CEP 71805407, Brasilia/DF",1,1,clinica_geral,(61) 3399-0148,fixo,+556133990148,,(00) 0000000000,indefinido,,odontosimoes01@gmail.com
0.4250,ODONTOLOGIA CH TAGUACENTER,52.365.943/0001-11,ME,TAGUATINGA NORTE (TAGUATINGA),"QUADRA CNG 1 LOTE, 02, SALA  101, TAGUATINGA NORTE (TAGUATINGA), CEP 72130015, Brasilia/DF",2,1,clinica_geral,(61) 3326-3005,fixo,+556133263005,,(00) 0000000000,indefinido,,contastec@gmail.com
0.4250,CLINIC OLIVEIRA & ROCA,57.984.586/0001-93,ME,TAGUATINGA,"QUADRA CSB 2 LOTE 1/4 TORRE A SALA 105 ALAMEDA SHOPPING, S/N, TAGUATINGA, CEP 72015901, Brasilia/DF",1,1,clinica_geral,(61) 9 8505-0691,celular,+5561985050691,sim,(61) 9 8606-2942,celular,+5561986062942,orclinic.odontologia@gmail.com
0.4250,DRA. LUCIANA SHIMAKAWA ODONTOLOGIA,57.835.406/0001-01,ME,CRUZEIRO VELHO,"BLOCO D CENTRO COMERCIAL, 20, SALA  105, CRUZEIRO VELHO, CEP 70640543, Brasilia/DF",1,1,marca_pessoal,(61) 9 9332-8264,celular,+5561993328264,sim,(00) 0000000000,indefinido,,dralucianashimakawaodontologia@gmail.com
0.4250,JCI ODONTOLOGIA,53.303.224/0001-39,ME,TAGUATINGA CENTRO (TAGUATINGA),"QUADRA C 2, 0, LOTE  4 / 14 E 15         SALA  820, TAGUATINGA CENTRO (TAGUATINGA), CEP 72010020, Brasilia/DF",2,1,clinica_geral,(41) 9 9788-0145,celular,+5541997880145,sim,(00) 0000000000,indefinido,,meucnpj@contabilizei.com.br
0.4230,ODONTOCOMPANY - NOROESTE TAGUATINGA,36.295.473/0001-00,ME,TAGUATINGA NORTE (TAGUATINGA),"QUADRA QNM 34 CONJUNTO A LOTE, 33, TAGUATINGA NORTE (TAGUATINGA), CEP 72145401, Brasilia/DF",6,1,clinica_geral,(71) 9 9185-2864,celular,+5571991852864,sim,,,,dillymira@yahoo.com.br
0.4230,ODONTOCOMPANY GUARA II,41.792.710/0001-89,ME,GUARA II,"QUADRA QE 26 CONJUNTO V, 09, CASA  CASA, GUARA II, CEP 71060221, Brasilia/DF",5,1,clinica_geral,(61) 9 9223-5058,celular,+5561992235058,sim,,,,oscar.martinsdf@gmail.com
0.4230,LEIDE MARIA DE OLIVEIRA SOUSA LTDA,41.638.675/0001-48,ME,TAGUATINGA SUL (TAGUATINGA),"BLOCO CSB 4,  AP406, LOTE 1/2;ANDAR 406;BLOCO B, TAGUATINGA SUL (TAGUATINGA), CEP 72015545, Brasilia/DF",5,1,clinica_geral,(61) 9 9810-8821,celular,+5561998108821,sim,,,,leideoliveira18@hotmail.com
0.4225,CLINICA ODONTOLOGICA CLARICE AMIEL CHARCHAT SC LTDA,00.877.965/0001-67,ME,BRASILIA,"SAU/SUL QUADRA 05 BLOCO K, 17, SL 709 ED.OFFICE TOWE, BRASILIA, CEP 70310500, Brasilia/DF",30,1,clinica_geral,,,,,,,,
0.4220,CLINICA ODONTO SMILE LTDA,47.328.677/0001-17,ME,SANTA MARIA,"QUADRA CL 216 LOTE G, SN, LOJA  04                        PARTE A, SANTA MARIA, CEP 72546227, Brasilia/DF",4,1,clinica_geral,(61) 3394-8308,fixo,+556133948308,,(00) 0000000000,indefinido,,odontosmile@globo.com
0.4220,GUSTAVO VIERO BUOGO,27.788.465/0001-05,ME,SETOR RESIDENCIAL LESTE (PLANALTINA),"QUADRA QUADRA 3 CONJUNTO D, SN, LOTE  41                  SALA  02, 03, SETOR RESIDENCIAL LESTE (PLANALTINA), CEP 73350304, Brasilia/DF",9,1,marca_pessoal,(61) 3388-6037,fixo,+556133886037,,,,,contanacional@brturbo.com.br
0.4220,CLINICA SORRISO CRISTAO,30.223.380/0001-94,ME,TAGUATINGA NORTE (TAGUATINGA),"AREA ESPECIAL SETOR C NORTE, S/N, LOTE  1 A 12              CONJ  B                   SALA  203, TAGUATINGA NORTE (TAGUATINGA), CEP 72115700, Brasilia/DF",8,1,clinica_geral,(61) 3372-0859,fixo,+556133720859,,,,,marleidecamposabreu@yahoo.com.br
0.4220,TMP ODONTOLOGIA,33.550.865/0001-80,ME,GUARA I,"COLONIA AGRICOLA AGUAS CLARAS CHACARA 53 LOTE, 11, ANEXO PARTE 1, GUARA I, CEP 71090635, Brasilia/DF",7,1,clinica_geral,(61) 9 9979-5494,celular,+5561999795494,sim,,,,tiago.mariani@hotmail.com
0.4220,PALACE ODONTOLOGIA,34.466.510/0001-70,ME,TAGUATINGA NORTE (TAGUATINGA),"QUADRA QNM 34 AREA ESPECIAL 1, SN, SALA  1001, TAGUATINGA NORTE (TAGUATINGA), CEP 72145450, Brasilia/DF",7,1,clinica_geral,(61) 9 8505-8520,celular,+5561985058520,sim,,,,attive.contabilidade@gmail.com
0.4220,DR KEDSON DAVI ODONTOLOGIA,41.482.336/0001-15,ME,SETOR RESIDENCIAL LESTE (PLANALTINA),"QUADRA QUADRA 3, 204, COND  O, SETOR RESIDENCIAL LESTE (PLANALTINA), CEP 73350300, Brasilia/DF",5,1,marca_pessoal,(61) 9 8276-7551,celular,+5561982767551,sim,,,,drkedson@hotmail.com
0.4220,PF ODONTOLOGIA,41.354.261/0001-97,ME,CRUZEIRO NOVO,"QUADRA SHCES QUADRA 905 BLOCO D APT, 204, CRUZEIRO NOVO, CEP 70655054, Brasilia/DF",5,1,clinica_geral,(61) 9 8325-8909,celular,+5561983258909,sim,,,,pri-fs@hotmail.com
0.4215,CODE - CENTRO DE ODONTOLOGIA DINIZ LTDA,03.047.564/0001-78,ME,TAGUATINGA,"C 01 LOTE 1/12, S/N, SALAS 239,240 E 241, TAGUATINGA, CEP 72010000, Brasilia/DF",27,1,clinica_institucional,,,,,,,,
0.4215,UNIDONTO - UNIAO ODONTOLOGICA S/S,01.297.743/0001-38,ME,GUARA I,"QI 14 BL A LOTES 16/22, S/N, SALA 101, GUARA I, CEP 71015610, Brasilia/DF",30,1,clinica_geral,,,,,,,,
0.4210,JONATAS DE ARAUJO SOUSA LTDA,47.313.199/0001-71,ME,VILA VICENTINA (PLANALTINA),"QUADRA 07 LOTE, 27, LOJA  01, VILA VICENTINA (PLANALTINA), CEP 73320070, Brasilia/DF",4,1,clinica_geral,(61) 9 9974-4623,celular,+5561999744623,sim,(00) 0000000000,indefinido,,jonatas.cd@hotmail.com
0.4210,ODONTO SANTA JULIANA,45.458.636/0001-10,ME,GUARA II,"QUADRA QI 25 BLOCO A, SN, SALA  118                 EDIF  REAL MIX GUARA II, GUARA II, CEP 71060250, Brasilia/DF",4,1,clinica_geral,(61) 3567-2372,fixo,+556135672372,,,,,odontoclinicasantajuliana@gmail.com
0.4210,CENTRO CLINICO ODONTOLOGICO MAYA,46.594.449/0001-26,ME,SETOR COMERCIAL CENTRAL (PLANALTINA),"QUADRA 1 BLOCO B LOJA, 05, SETOR COMERCIAL CENTRAL (PLANALTINA), CEP 73310302, Brasilia/DF",4,1,clinica_institucional,(61) 9 9192-9564,celular,+5561991929564,sim,(00) 0000000000,indefinido,,centroclinicoodontologicomaya@outlook.com
0.4210,IMPRESS ODONTOLOGIA,47.144.072/0001-76,ME,SETOR CENTRAL (GAMA),"AREA ESPECIAL LADO LESTE LOTES 24/25, SN, BLOCO B                   SALA  411                 EDIF  ORION, SETOR CENTRAL (GAMA), CEP 72405135, Brasilia/DF",4,1,clinica_geral,(61) 9 9666-4003,celular,+5561996664003,sim,(00) 0000000000,indefinido,,henrick@impressodonto.com.br
0.4210,ARMONIZZA ODONTOLOGIA,51.688.494/0001-80,ME,TAGUATINGA SUL (TAGUATINGA),"QUADRA QSA 11 LT, 15/16, SALA  101, TAGUATINGA SUL (TAGUATINGA), CEP 72015110, Brasilia/DF",3,1,clinica_geral,(61) 9 7401-4615,celular,+5561974014615,sim,(00) 0000000000,indefinido,,andresdiasfiuza@gmail.com
0.4210,CLINICA SPECIALIS,48.288.694/0001-30,ME,TAGUATINGA,"QUADRA CSB 04 LOTE, 07, LOJA  01, TAGUATINGA, CEP 72015945, Brasilia/DF",3,1,clinica_geral,(61) 9 9912-4333,celular,+5561999124333,sim,(00) 0000000000,indefinido,,clinicaspecialis@gmail.com
0.4210,DETALHE ODONTOLOGIA,46.009.803/0001-08,ME,TAGUATINGA NORTE (TAGUATINGA),"QUADRA QNM 36 CONJUNTO K, 40, LOJA  03, TAGUATINGA NORTE (TAGUATINGA), CEP 72145611, Brasilia/DF",4,1,clinica_geral,(61) 9 8447-5591,celular,+5561984475591,sim,,,,jeandosanjos@gmail.com
0.4210,DR SORRISO ODONTOLOGIA AVANCADA,51.951.417/0001-70,ME,SETOR CENTRAL (GAMA),"QUADRA 5 CONJUNTO B LOTE 17 LOJA, 02, SETOR CENTRAL (GAMA), CEP 72405050, Brasilia/DF",3,1,marca_pessoal,(61) 9 9443-4190,celular,+5561994434190,sim,(00) 0000000000,indefinido,,otaviohenriquel77@icloud.com
0.4210,MH ODONTOLOGIA,45.566.715/0001-44,ME,TAGUATINGA NORTE (TAGUATINGA),"QUADRA QNE 15, LOTE, 20, SALA  301, TAGUATINGA NORTE (TAGUATINGA), CEP 72125150, Brasilia/DF",4,1,clinica_geral,(61) 9 8402-3810,celular,+5561984023810,sim,,,,nbcontabil@gmail.com
0.4210,MAIBERG ODONTOLOGIA,51.937.246/0001-25,ME,TAGUATINGA CENTRO (TAGUATINGA),"SETOR CSB 02 , LOTE 1,2,3 E 4 TORRE A, S/N, SALA  603, TAGUATINGA CENTRO (TAGUATINGA), CEP 72015901, Brasilia/DF",3,1,clinica_geral,(61) 9 8175-8404,celular,+5561981758404,sim,,,,iluminatoodontologia@gmail.com
0.4210,AMARAL SOLUTIONS,49.731.700/0001-45,ME,TAGUATINGA NORTE (TAGUATINGA),"QUADRA QNE 6 LOTE, 13, SALA  101 PARTE N, TAGUATINGA NORTE (TAGUATINGA), CEP 72125060, Brasilia/DF",3,1,clinica_geral,(61) 9 9893-1556,celular,+5561998931556,sim,,,,luiz.crog@gmail.com
0.4210,DODWELL GUEDES ODONTOLOGIA INTEGRADA,51.725.215/0001-00,ME,TAGUATINGA NORTE (TAGUATINGA),"QUADRA QND 28 LOTE, 20, SALA  104, TAGUATINGA NORTE (TAGUATINGA), CEP 72120280, Brasilia/DF",3,1,clinica_geral,(61) 3354-6558,fixo,+556133546558,,(00) 0000000000,indefinido,,dodwellfreitas@gmail.com
0.4210,ODONTOCRIS ODONTOLOGIA FAMILIAR,45.296.145/0001-10,ME,TAGUATINGA NORTE (TAGUATINGA),"QUADRA QNL 1 CONJUNTO B LOTE, 18, LOTE  18, TAGUATINGA NORTE (TAGUATINGA), CEP 72150100, Brasilia/DF",4,1,clinica_geral,(61) 3037-8141,fixo,+556130378141,,,,,odontocris.df@gmail.com
0.4210,ORALDENTE,45.159.473/0001-74,ME,TAGUATINGA CENTRO,"QUADRA CSB 02 LOTE 01/04 TORRE B SALA, 931, TAGUATINGA CENTRO, CEP 72015901, Brasilia/DF",4,1,clinica_geral,(61) 9 8675-4588,celular,+5561986754588,sim,,,,jacquelinembl@gmail.com
0.4210,LOUBACH ODONTOLOGIA,44.805.374/0001-50,ME,SOBRADINHO,"CONDOMINIO LARA CONJUNTO A, LT 01,       SALA 102, SOBRADINHO, CEP 73017014, Brasilia/DF",4,1,clinica_geral,(61) 9 8130-1035,celular,+5561981301035,sim,,,,loubach@gmail.com
0.4210,DHIOGENES SALVIATO ODONTOLOGIA,50.418.340/0001-05,ME,SOBRADINHO,"QUADRA QUADRA 07 LOTE ESPECIAL, LE 04, SALA  29, SOBRADINHO, CEP 73035070, Brasilia/DF",3,1,clinica_geral,(61) 9 9113-5550,celular,+5561991135550,sim,(00) 0000000000,indefinido,,dhiogeness@hotmail.com
0.4205,CESO CENTRO DE SAUDE ORAL LTDA,02.841.193/0001-39,ME,ASA  SUL,"SHL/SUL QD  716  CONJ  L  BL  02, S/N, SALA 206 2. ANDAR, ASA  SUL, CEP 70390700, Brasilia/DF",27,1,clinica_institucional,(06) 1244-9103,fixo,+550612449103,,,,,
0.4200,ALINE BARBOSA SERVICOS ODONTOLOGICOS,47.576.563/0001-96,ME,TAGUATINGA NORTE (TAGUATINGA),"QUADRA QNM 34 CONJUNTO C CASA, 14, TAGUATINGA NORTE (TAGUATINGA), CEP 72145403, Brasilia/DF",4,1,marca_pessoal,(61) 9 9911-4030,celular,+5561999114030,sim,(00) 0000000000,indefinido,,alinebarbosadra@gmail.com
0.4200,UMANIZZA ODONTOLOGIA HOSPITALAR E ONCOLOGICA,45.417.427/0001-28,ME,GUARA II,"QUADRA QI 27 LOTE 2, AP 406, COND  RESID. ALIRIO NETO, GUARA II, CEP 71060272, Brasilia/DF",4,1,clinica_geral,(98) 9 9176-4310,celular,+5598991764310,sim,,,,julianacoutoodonto@gmail.com
0.4195,JOSE MARIO FREITAS BINHA ODONTOLOGIA,59.329.109/0001-10,ME,SUDOESTE/OCTOGONAL,"SETOR SHCSW QRSW 5 BL B6, S/N, SUDOESTE/OCTOGONAL, CEP 70675526, Brasilia/DF",1,1,marca_pessoal,(61) 9 8251-1020,celular,+5561982511020,sim,(00) 0000000000,indefinido,,zemariobinha@hormail.com
0.4180,RF ODONTOLOGIA LTDA,27.397.216/0001-99,ME,SETOR DE HABITACOES INDIVIDUAIS NORTE,"QUADRA SHIN CA 05 LOTE D3 BLOCO D3 LOJA, 10, TERREO, SETOR DE HABITACOES INDIVIDUAIS NORTE, CEP 70040976, Brasilia/DF",9,1,clinica_geral,(61) 9 8137-5238,celular,+5561981375238,sim,,,,ri.odonoto@hotmail.com
0.4180,MENDONCA ODONTOLOGIA LTDA,28.803.977/0001-66,ME,PARANOA,"QUADRA 18 CONJUNTO 14 LOTE 7 SALA, 101, PARANOA, CEP 71571817, Brasilia/DF",8,1,clinica_geral,(61) 9 8625-2868,celular,+5561986252868,sim,,,,mendoncaodontologiadf@gmail.com
0.4180,ODONTO RISOS,34.971.726/0001-93,ME,CANDANGOLANDIA,"QUADRA QR 1-A, S/N, CASA  42                  CONJ  RT, CANDANGOLANDIA, CEP 71727100, Brasilia/DF",6,1,clinica_geral,(61) 9 8299-1572,celular,+5561982991572,sim,,,,alcantaraodontologiaa@gmail.com
0.4180,ODONTOVILA,37.676.072/0001-63,ME,VILA PLANALTO,"RUA 1 (ACAMP RABELO), S/N, VILA PLANALTO, CEP 70802060, Brasilia/DF",6,1,clinica_geral,(61) 3306-1761,fixo,+556133061761,,(61) 9 8190-1570,celular,+5561981901570,odontovila.adm@gmail.com
0.4180,VIVA ODONTOLOGIA,30.645.426/0001-63,ME,CENTRO (SAO SEBASTIAO),"AVENIDA SAO SEBASTIAO, 111,       SOBRELOJA, CENTRO (SAO SEBASTIAO), CEP 71691086, Brasilia/DF",8,1,clinica_geral,(61) 3339-2584,fixo,+556133392584,,,,,matheusbruno49@gmail.com
0.4180,ODONTOCOMPANY ITAPUA / PARANOA,35.295.749/0001-98,ME,PARANOA,"QUADRA QUADRA 17 CONJUNTO 11, 06, LOTE  06, PARANOA, CEP 71571711, Brasilia/DF",6,1,clinica_geral,(61) 9 8117-2556,celular,+5561981172556,sim,,,,odontocompanyparanoa@gmail.com
0.4180,DUNCKE ODONTOLOGIA ESPECIALIZADA,54.088.228/0001-04,ME,RIACHO FUNDO II,"QUADRA QN 5C CONJUNTO 4, SN, CASA  08, RIACHO FUNDO II, CEP 71880534, Brasilia/DF",2,1,clinica_institucional,(61) 9 9690-8652,celular,+5561996908652,sim,(00) 0000000000,indefinido,,xxxxxxxxxxxxxxx@gmail.com
0.4170,RIVE ODONTOLOGIA INTEGRADA,51.887.394/0001-82,ME,PLANALTINA,"SETOR SETOR RESIDENCIAL NORTE A - JARDIM RORIZ EQ 6 LT 1, S/N, APT   101, PLANALTINA, CEP 73340530, Brasilia/DF",3,1,clinica_geral,(61) 3254-3478,fixo,+556132543478,,(00) 0000000000,indefinido,,riveodontologiaintegrada@gmail.com
0.4160,CELEBRARE ODONTOLOGIA LTDA,48.826.873/0001-84,ME,SETOR DE HABITACOES INDIVIDUAIS NORTE,"SETOR SHIN CA 01 LOTE A BL. A LOJA 104, SN, TERREOLAGO NORTE, SETOR DE HABITACOES INDIVIDUAIS NORTE, CEP 71503501, Brasilia/DF",3,1,clinica_geral,(61) 9 9555-2041,celular,+5561995552041,sim,,,,celebrareodontologia@gmail.com
0.4160,SOS DENTES ODONTOLOGIA,46.828.457/0001-90,ME,CEILANDIA,"SETOR SETOR N QNN 18 CJ E LT 1, S/N, LOJA  04, CEILANDIA, CEP 72220185, Brasilia/DF",4,1,clinica_geral,(61) 9 8226-6646,celular,+5561982266646,sim,,,,rebeca.controller@gmail.com
0.4160,PRIME DENTAL CLINIC,48.467.536/0001-48,ME,CEILANDIA SUL (CEILANDIA),"QUADRA QNM 17 CJ E LT, 03, SALA  101, CEILANDIA SUL (CEILANDIA), CEP 72215175, Brasilia/DF",3,1,clinica_geral,(61) 3377-6340,fixo,+556133776340,,,,,primedentaldf@gmail.com
0.4160,SORRIDENTE ODONTOLOGIA,45.260.032/0001-64,ME,RECANTO DAS EMAS,"AVENIDA RECANTO DAS EMAS QUADRA 114, SN, LOTE  15                  LOJA  03, RECANTO DAS EMAS, CEP 72603200, Brasilia/DF",4,1,clinica_geral,(61) 9 8276-4707,celular,+5561982764707,sim,,,,janclinica@hotmail.com
0.4160,DENTTARES SOL NASCENTE,45.621.337/0001-54,ME,SETOR HABITACIONAL SOL NASCENTE (CEILANDIA),"SETOR CHAC 128 CONJ C LOTE 5A 1 ANDAR, S/N, SETOR HABITACIONAL SOL NASCENTE (CEILANDIA), CEP 72243000, Brasilia/DF",4,1,clinica_geral,(61) 3585-0080,fixo,+556135850080,,,,,denttaressolnascente@gmail.com
0.4160,R.A ODONTOLOGIA,55.486.455/0001-50,ME,SETOR HABITACIONAL MESTRE D'ARMAS (PLANALTINA),"CONDOMINIO ESTANCIA MESTRE DARMAS MODULO Q, 01, SETOR HABITACIONAL MESTRE D'ARMAS (PLANALTINA), CEP 73401128, Brasilia/DF",2,1,clinica_geral,(61) 9 9349-3335,celular,+5561993493335,sim,(00) 0000000000,indefinido,,raodontologiaa@gmail.com
0.4160,ZAIRA CANDIDA,57.258.625/0001-75,ME,TAGUATINGA,"SETOR SETOR A NORTE QNA 30 LT 10, S/N, SALA  201                 EDIF  COSTA DOURADA, TAGUATINGA, CEP 72110300, Brasilia/DF",1,1,clinica_geral,(61) 9 8284-7972,celular,+5561982847972,sim,(00) 0000000000,indefinido,,zairacandida@yahoo.com.br
0.4145,JR CLINICA ODONTOLOGICA S/C,24.912.271/0001-81,ME,GUAR II,"QI 27, BLOCO A, SALAS, S/N, SALAS      112/113, GUAR II, CEP 71060270, Brasilia/DF",38,1,clinica_geral,,,,,,,,
0.4140,CEIDENTES,36.301.357/0001-57,ME,CEILANDIA NORTE (CEILANDIA),"QUADRA QNP 27 CONJUNTO B LOTE, 01, LOJA  02, CEILANDIA NORTE (CEILANDIA), CEP 72242153, Brasilia/DF",6,1,clinica_geral,(61) 3379-5867,fixo,+556133795867,,,,,operacionaltrade@gmail.com
0.4140,MARANATA CLINICA ODONTOLOGICA LTDA,52.518.907/0001-40,ME,RESIDENCIAL DO BOSQUE (SAO SEBASTIAO),"RUA 20 CONJUNTO B LOTE 01 CASA 02, S/N, RESIDENCIAL DO BOSQUE (SAO SEBASTIAO), CEP 71694030, Brasilia/DF",2,1,clinica_geral,(61) 9 9586-2569,celular,+5561995862569,sim,(00) 0000000000,indefinido,,draadrielemoreira@gmail.com
0.4140,AZO ODONTOLOGIA ESPECIALIZADA,54.397.109/0001-33,ME,CEILANDIA SUL (CEILANDIA),"QUADRA QNM 17 CJ H LT 2, SN, SALA  101 102 103, CEILANDIA SUL (CEILANDIA), CEP 72215178, Brasilia/DF",2,1,clinica_institucional,(61) 3374-1417,fixo,+556133741417,,(00) 0000000000,indefinido,,azoodontologiaeestetica@gmail.com
0.4140,IDEAL ODONTOLOGIA ESPECIALIZADA,59.119.992/0001-13,ME,CEILANDIA NORTE (CEILANDIA),"QUADRA QNN 01 CONJUNTO B LOTE, 02, SALA  101 E 102, CEILANDIA NORTE (CEILANDIA), CEP 72225012, Brasilia/DF",1,1,clinica_institucional,(61) 3371-0581,fixo,+556133710581,,(00) 0000000000,indefinido,,idealodontologiadf@hotmail.com
0.4140,COL - CENTRO ODONTOLOGICO LIMA,54.801.455/0001-35,ME,CEILANDIA CENTRO (CEILANDIA),"QUADRA CNM 1 BLOCO G LOTE 1, SN, SALA  202, CEILANDIA CENTRO (CEILANDIA), CEP 72215507, Brasilia/DF",2,1,clinica_institucional,(61) 9 9528-9955,celular,+5561995289955,sim,(00) 0000000000,indefinido,,antonio-rsl@hotmail.com
0.4140,NS CLINICA ODONTOLOGICA,59.468.569/0001-29,ME,SETOR BANCARIO NORTE,"QUADRA SBN QD 02 BLOCO F SALA 701, SN, SETOR BANCARIO NORTE, CEP 70041906, Brasilia/DF",1,1,clinica_geral,(61) 3327-0051,fixo,+556133270051,,(00) 0000000000,indefinido,,niltonsouza73@yahoo.com.br
0.4140,FRANZAO ODONTOLOGIA,30.429.141/0001-95,ME,TAGUATINGA CENTRO (TAGUATINGA),"QUADRA C 1 LOTE 01 E 12, S/N, SALA  706                 EDIF  TAG. TRADE CENTER, TAGUATINGA CENTRO (TAGUATINGA), CEP 72010010, Brasilia/DF",8,1,clinica_geral,(61) 3351-5071,fixo,+556133515071,,,,,
0.4120,IOSPE,33.202.461/0001-04,ME,CEILANDIA SUL (CEILANDIA),"QUADRA QNM 17 CONJUNTO H LOTE, 44,       2 ANDAR, CEILANDIA SUL (CEILANDIA), CEP 72215178, Brasilia/DF",7,1,especialista_alto_ticket,(61) 3965-5252,fixo,+556139655252,,,,,drogariaqnm17@hotmail.com
0.4120,PHSA ODONTOLOGIA,45.274.785/0001-29,ME,SETOR LESTE (GAMA),"SETOR DE INDUSTRIAS - QUADRA, 1, LOTE  1700/1780           BLOCO 4                   APT   507, SETOR LESTE (GAMA), CEP 72445000, Brasilia/DF",4,1,clinica_geral,(21) 9 9100-2684,celular,+5521991002684,sim,,,,drphsa@gmail.com
0.4100,ODONTO COMPANY CEILANDIA,27.425.720/0001-55,ME,CEILANDIA NORTE (CEILANDIA),"QUADRA QNM 18 CONJUNTO B, SN, LOTE  03                  ANDAR 3, CEILANDIA NORTE (CEILANDIA), CEP 72210182, Brasilia/DF",9,1,clinica_geral,(61) 3471-7899,fixo,+556134717899,,,,,cassionava@gmail.com
0.4100,DRA. RIVANE LAUDARES ODONTOLOGIA E SAUDE,45.930.499/0001-74,ME,SETOR DE HABITACOES INDIVIDUAIS SUL,"QUADRA SHIS CL QI 13 BLOCO E, SN, SALA  23 E 24, SETOR DE HABITACOES INDIVIDUAIS SUL, CEP 71635168, Brasilia/DF",4,1,marca_pessoal,(61) 3043-0043,fixo,+556130430043,,,,,clinica.laudares.bsb@gmail.com
0.4100,ODONTOPLAX,51.401.989/0001-86,ME,CANDANGOLANDIA,"QUADRA QR 4 CONJUNTO A LOTE 90 SALA, 202, CANDANGOLANDIA, CEP 71725401, Brasilia/DF",3,1,clinica_geral,(61) 3225-9818,fixo,+556132259818,,(00) 0000000000,indefinido,,odontoplax@hotmail.com
0.4100,INSTITUTO ODONTOLOGICO ISAURA,44.507.392/0001-55,ME,CEILANDIA SUL (CEILANDIA),"QUADRA EQNM 1/3 BLOCO E (COMERCIO) LT 01, S/N, LOJA  01, CEILANDIA SUL (CEILANDIA), CEP 72215525, Brasilia/DF",4,1,clinica_institucional,(61) 3965-1036,fixo,+556139651036,,,,,isauraodontologia@gmail.com
0.4100,LA ODONTOLOGIA ESPECIALIZADA,50.015.053/0001-54,ME,ZONA INDUSTRIAL,"QUADRA SIG QUADRA 6, LOTES 2380/90, SALA 302, ED. OFFICE 300, SN, ZONA INDUSTRIAL, CEP 70610460, Brasilia/DF",3,1,clinica_institucional,(61) 9 9657-6787,celular,+5561996576787,sim,,,,laodontologia.df@gmail.com
0.4095,ODONTO CLINICA SANDU LTDA,01.027.674/0001-42,ME,TAGUATINGA,"QNE 05 LOTE 01 LOJA, 01, TAGUATINGA, CEP 72125050, Brasilia/DF",30,1,clinica_geral,,,,,,,,
0.4090,BRAVE ODONTOLOGIA INTEGRADA,52.366.834/0001-19,ME,TAGUATINGA SUL (TAGUATINGA),"SETOR D SUL QSD AE 04 LOTE, 04, LOJA  17                  EDIF  VIA LIBERTE, TAGUATINGA SUL (TAGUATINGA), CEP 72020022, Brasilia/DF",2,1,clinica_geral,(61) 4042-8922,fixo,+556140428922,,(00) 0000000000,indefinido,,braveodontologia@gmail.com
0.4090,VOLTE A SORRIR,54.848.675/0001-14,ME,TAGUATINGA NORTE (TAGUATINGA),"QUADRA QND 8, SN, LOTE  02                  SALA  03, TAGUATINGA NORTE (TAGUATINGA), CEP 72120080, Brasilia/DF",2,1,clinica_geral,(61) 9 8105-5006,celular,+5561981055006,sim,(00) 0000000000,indefinido,,guilherme_souza93@hotmail.com
0.4090,ODONTO MARINHO CENTRO DE CLAREAMENTO DENTAL,57.222.633/0001-61,ME,TAGUATINGA CENTRO (TAGUATINGA),"QUADRA C 1, SN, LOTE  01/12               SALA  523                 EDIF  TRADE CENTER, TAGUATINGA CENTRO (TAGUATINGA), CEP 72010010, Brasilia/DF",1,1,clinica_institucional,(61) 9 9854-7771,celular,+5561998547771,sim,(00) 0000000000,indefinido,,lucianamarinhomiss@gmail.com
0.4090,ADELCIO SUDARIO ODONTOLOGIA,58.129.050/0001-53,ME,SETOR OESTE (GAMA),"QUADRA QUADRA 18 LOTE 13 SALA, 01, SETOR OESTE (GAMA), CEP 72420180, Brasilia/DF",1,1,clinica_geral,(61) 9 8572-9388,celular,+5561985729388,sim,(00) 0000000000,indefinido,,dr.adelciosudario@gmail.com
0.4090,BE ORAL CLINIC,54.764.745/0001-56,ME,SAMAMBAIA SUL (SAMAMBAIA),"QUADRA QS 104 CONJUNTO 6 LOTE, 08, SALA  01, SAMAMBAIA SUL (SAMAMBAIA), CEP 72302506, Brasilia/DF",2,1,clinica_geral,(61) 9 8136-2051,celular,+5561981362051,sim,,,,beoralclinic@gmail.com
0.4090,FREITAS ODONTOLOGIA,55.487.152/0001-52,ME,TAGUATINGA,"SETOR SETOR E SUL QSE 9 LT 18, S/N, CASA  05, TAGUATINGA, CEP 72025090, Brasilia/DF",2,1,clinica_geral,(61) 9 9885-4673,celular,+5561998854673,sim,,,,lfreitas.lucas24@gmail.com
0.4090,STAR MAX ODONTOLOGIA INTEGRADA,53.261.676/0001-03,ME,GUARA II,"QUADRA QI 25 BLOCO A, EDIFICIO REAL MIX SALA, 104, GUARA II, CEP 71060250, Brasilia/DF",2,1,clinica_geral,(61) 3043-0043,fixo,+556130430043,,,,,contratos@arbrent.com.br
0.4090,REALYZZE ODONTOLOGIA,54.273.843/0001-90,ME,SAMAMBAIA,"QUADRA QN 316 CJ 2 LT 3, S/N, LOJA  01, SAMAMBAIA, CEP 72308402, Brasilia/DF",2,1,clinica_geral,(61) 9 9122-9328,celular,+5561991229328,sim,(00) 0000000000,indefinido,,draceliatorresdf@gmail.com
0.4090,SOOI,58.145.641/0001-14,ME,SETOR CENTRAL (GAMA),"QUADRA EQ 47-49 PROJECAO 4, SN, SALA  511 A 514, SETOR CENTRAL (GAMA), CEP 72405499, Brasilia/DF",1,1,clinica_geral,(61) 3042-9848,fixo,+556130429848,,(00) 0000000000,indefinido,,sooifinanceiro@hotmail.com
0.4090,D CLINIC ODONTOLOGIA,52.088.018/0001-90,ME,TAGUATINGA NORTE (TAGUATINGA),"QUADRA QNA 54, 5, TAGUATINGA NORTE (TAGUATINGA), CEP 72110540, Brasilia/DF",2,1,clinica_geral,(61) 9 8299-4414,celular,+5561982994414,sim,,,,dclinicodontologia2023@gmail.com
0.4090,ODONTOLOGIA LAYA OLIVEIRA,52.128.358/0001-06,ME,TAGUATINGA NORTE (TAGUATINGA),"QUADRA QNL 23, CONJUNTO A, S/N, LOTE  02, TAGUATINGA NORTE (TAGUATINGA), CEP 72152301, Brasilia/DF",2,1,clinica_geral,(61) 9 8259-7190,celular,+5561982597190,sim,(00) 0000000000,indefinido,,lorrany11oliveira@hotmail.com
0.4090,GUIOTTI SERVICOS ODONTOLOGICOS,57.915.465/0001-90,ME,SAMAMBAIA,"SETOR SAMAMBAIA NORTE Q 202 CJ 3 LT 7 E 8, S/N, SAMAMBAIA, CEP 72316043, Brasilia/DF",1,1,clinica_geral,(62) 3911-2017,fixo,+556239112017,,(00) 0000000000,indefinido,,paralegal.fvcontabilidade@outlook.com
0.4090,ODONTO HOUSE ODONTOLOGIA FAMILIAR,54.251.175/0001-09,ME,TAGUATINGA,"SETOR SETOR D NORTE QND 13 LT 13, S/N, TAGUATINGA, CEP 72120130, Brasilia/DF",2,1,clinica_geral,(61) 3562-5762,fixo,+556135625762,,(00) 0000000000,indefinido,,ragiconta@gmail.com
0.4090,ODONTOCLINICA RENOVE,52.681.001/0001-42,ME,TAGUATINGA SUL (TAGUATINGA),"QUADRA SETOR D SUL LOTE, 08, SALA  204, TAGUATINGA SUL (TAGUATINGA), CEP 72020111, Brasilia/DF",2,1,clinica_geral,(61) 3355-2398,fixo,+556133552398,,(00) 0000000000,indefinido,,processoselicondf@gmail.com
0.4080,LENK ODONTOLOGIA LTDA,53.528.092/0001-43,ME,CEILANDIA NORTE (CEILANDIA),"QUADRA QNN 1 CONJUNTO F LOTE 04, S/N, LOJA  01, CEILANDIA NORTE (CEILANDIA), CEP 72225016, Brasilia/DF",2,1,clinica_geral,(61) 9 8216-4581,celular,+5561982164581,sim,,,,lenkodontoadm@gmail.com
0.4080,REALIZE SORRISOS,43.579.669/0001-92,ME,CEILANDIA SUL (CEILANDIA),"QUADRA QNM 17 CJ B LT 2, SN, CEILANDIA SUL (CEILANDIA), CEP 72215172, Brasilia/DF",4,1,clinica_geral,(85) 9 9636-4499,celular,+5585996364499,sim,,,,denisefontenelle@hotmail.com
0.4080,ODONTO MAX,51.321.819/0001-91,ME,RECANTO DAS EMAS,"AVENIDA AVENIDA Q 102 LT 7, S/N, SALA  101 E 102, RECANTO DAS EMAS, CEP 72600200, Brasilia/DF",3,1,clinica_geral,(61) 3967-6137,fixo,+556139676137,,,,,odontomax23@gmail.com
0.4080,SORRIE ODONTOLOGIA INTEGRADA,43.660.954/0001-33,ME,CEILANDIA SUL (CEILANDIA),"QUADRA QNN 40 CJ C LT 12, S/N, CEILANDIA SUL (CEILANDIA), CEP 72220403, Brasilia/DF",4,1,clinica_geral,(61) 9 8111-1915,celular,+5561981111915,sim,,,,contato@sorrie.com.br
0.4080,DENTARYS ODONTOLOGIA,51.328.115/0001-40,ME,VILA SAO JOSE (BRAZLANDIA),"QUADRA 33 CONJUNTO H LOTE, 10,       VILA SAO JOSE, VILA SAO JOSE (BRAZLANDIA), CEP 72733715, Brasilia/DF",3,1,clinica_geral,(61) 9 8404-1119,celular,+5561984041119,sim,(00) 0000000000,indefinido,,rodrigoemidio@gmail.com
0.4080,ODONTO LIMA,47.502.365/0001-88,ME,CEILANDIA NORTE (CEILANDIA),"QUADRA EQNM 8/10 BL B LT 01, S/N,       LJ 01A, CEILANDIA NORTE (CEILANDIA), CEP 72210542, Brasilia/DF",4,1,clinica_geral,(61) 3247-1260,fixo,+556132471260,,(00) 0000000000,indefinido,,odontolimabrasilia2@gmail.com
0.4080,QUALITY ODONTOLOGIA,49.229.490/0001-91,ME,PARANOA,"QUADRA QUADRA 8 CONJUNTO 2, 28, ANDAR 2, PARANOA, CEP 71570820, Brasilia/DF",3,1,clinica_geral,(61) 3369-4563,fixo,+556133694563,,(00) 0000000000,indefinido,,carolbertazzi@yahoo.com.br
0.4080,ODONTO COMPANY CEILANDIA,44.370.360/0001-50,ME,CEILANDIA NORTE (CEILANDIA),"QUADRA QNM 18 CJ B LT 3, SN,       TERCEIRO ANDAR, CEILANDIA NORTE (CEILANDIA), CEP 72210182, Brasilia/DF",4,1,clinica_geral,(61) 3471-7899,fixo,+556134717899,,,,,cassionava@gmail.com
0.4060,THIAGO VINICIUS DA ROCHA GUIMARAES,26.881.301/0001-65,ME,SETOR RESIDENCIAL LESTE (PLANALTINA),"QUADRA QUADRA 2 CONJUNTO A, 37, APT   01, SETOR RESIDENCIAL LESTE (PLANALTINA), CEP 73350201, Brasilia/DF",9,1,marca_pessoal,(61) 9 9842-1124,celular,+5561998421124,sim,,,,thiagoguimaraesdf@gmail.com
0.4055,E & C ODONTOLOGIA LTDA,03.318.196/0001-55,ME,RECANTO DAS EMAS,"QUADRA 103 LOTE 07 SALA 107/108, S/N, AV. RECANTO DAS EMAS, RECANTO DAS EMAS, CEP 72600300, Brasilia/DF",27,4,multi_unidade,(06) 1333-2000,fixo,+550613332000,,,,,
0.4050,CLINICA RIBEIRO,53.499.980/0001-85,ME,ARAPOANGA (PLANALTINA),"QUADRA 10 CONJUNTO H, 2A, LOJA  01, ARAPOANGA (PLANALTINA), CEP 73368596, Brasilia/DF",2,1,clinica_institucional,(61) 3389-4970,fixo,+556133894970,,(00) 0000000000,indefinido,,ribeirooliveira2602@gmail.com
0.4050,ODONTO CAPITAL DF LTDA,50.516.630/0001-91,ME,NUCLEO BANDEIRANTE,"AVENIDA CENTRAL BLOCOS 668/674, SN, SALA  02/03, NUCLEO BANDEIRANTE, CEP 71710550, Brasilia/DF",3,1,clinica_geral,(61) 3552-0761,fixo,+556135520761,,(00) 0000000000,indefinido,,odontocapitaldf@gmail.com
0.4050,DR JOAO VICTOR ODONTOLOGIA LTDA,45.493.011/0001-99,ME,PONTE ALTA SUL GAMA,"AVENIDA NUCLEO RURAL CASA GRANDE, 2MD12, PONTE ALTA SUL GAMA, CEP 72460970, Brasilia/DF",4,1,marca_pessoal,(61) 9 9551-2317,celular,+5561995512317,sim,,,,jvcurciomachado@gmail.com
0.4050,GT GISELE TEIXEIRA ODONTOLOGIA LTDA,48.839.436/0001-03,ME,SAMAMBAIA SUL (SAMAMBAIA),"QUADRA QS 110 CONJUNTO 6 LOTE, 4, LOTE  05                  SALA  108, SAMAMBAIA SUL (SAMAMBAIA), CEP 72302530, Brasilia/DF",3,1,clinica_geral,(61) 9 8209-1186,celular,+5561982091186,sim,(00) 0000000000,indefinido,,ronyrobson@gmail.com
0.4050,CLINICA AMC,51.344.097/0001-90,ME,TAGUATINGA NORTE (TAGUATINGA),"QUADRA QNE 6 LOTE, 13, SALA  101, TAGUATINGA NORTE (TAGUATINGA), CEP 72125060, Brasilia/DF",3,1,clinica_geral,(61) 9 8338-0736,celular,+5561983380736,sim,,,,anamariaodontoo@gmail.com
0.4050,ODONTO MAIS,48.042.866/0001-91,ME,TAGUATINGA SUL (TAGUATINGA),"QUADRA QSE 4 LOTE, 01, LOJA  01                        PARTE A, TAGUATINGA SUL (TAGUATINGA), CEP 72025040, Brasilia/DF",3,1,clinica_geral,(61) 9 8256-9973,celular,+5561982569973,sim,(00) 0000000000,indefinido,,nilsonspires@hotmail.com
0.4050,BARRETO ODNTOLOGIA INTEGRADA IOB,54.145.421/0001-30,ME,TAGUATINGA NORTE (TAGUATINGA),"QUADRA QNM 34 AREA ESPECIAL 1, SN, SALA  2408 TORRE A, TAGUATINGA NORTE (TAGUATINGA), CEP 72145450, Brasilia/DF",2,1,clinica_geral,(61) 9 9254-5478,celular,+5561992545478,sim,(00) 0000000000,indefinido,,barretoodntologiaintegrada@gmail.com
0.4050,JACOBINA ODONTOLOGIA,49.794.873/0001-02,ME,TAGUATINGA NORTE (TAGUATINGA),"QUADRA QNE 26 LOTE, 10, SALA  10                        PARTE A                   TERCEIRO ANDAR, TAGUATINGA NORTE (TAGUATINGA), CEP 72125260, Brasilia/DF",3,1,clinica_geral,(61) 3022-1557,fixo,+556130221557,,(00) 0000000000,indefinido,,genilson@mirandacontabilidade.com
0.4050,ODONTOLOGIA INOVADORA,48.561.069/0001-10,ME,SETOR RESIDENCIAL MESTRE D'ARMAS (PLANALTINA),"QUADRA QUADRA 11 GLEBA I CHACARA 02 JARDIM MORUMBI, SN, SETOR RESIDENCIAL MESTRE D'ARMAS (PLANALTINA), CEP 73307990, Brasilia/DF",3,1,clinica_geral,(61) 9 9807-8499,celular,+5561998078499,sim,(00) 0000000000,indefinido,,fabmorena10@gmail.com
0.4050,LUMINAR ODONTOLOGIA,54.866.539/0001-57,ME,TAGUATINGA,"SETOR SETOR A NORTE QNA 4 LT 33, S/N, SALA  102, TAGUATINGA, CEP 72110040, Brasilia/DF",2,1,clinica_geral,(61) 9 9451-2585,celular,+5561994512585,sim,(00) 0000000000,indefinido,,grupoluminar.expertise@gmail.com
0.4050,H I ODONTOLOGIA E EDUCACAO,46.908.108/0001-88,ME,GUARA II,"QUADRA QE 15 CONJUNTO Y, S/N, CASA  01, GUARA II, CEP 71050231, Brasilia/DF",4,1,clinica_geral,(61) 9 8210-3630,celular,+5561982103630,sim,(00) 0000000000,indefinido,,mveppo@gmail.com
0.4050,TIA LARYSSA ODONTOPEDIATRIA,44.865.156/0001-00,ME,SETOR INDUSTRIAL (GAMA),"QUADRA QI 01 LOTE 60/80, S/N, LOJA  05                  EDIF  ROSSI SPLENDORI, SETOR INDUSTRIAL (GAMA), CEP 72445010, Brasilia/DF",4,1,clinica_geral,(61) 9 9955-7950,celular,+5561999557950,sim,,,,milsaude0114@gmail.com
0.4050,NL ODONTOLOGIA,51.948.292/0001-20,ME,GAMA,"SETOR SETOR OESTE Q 29 CQ LT 3, S/N, APT   103, GAMA, CEP 72420290, Brasilia/DF",3,1,clinica_geral,(61) 9 9815-6431,celular,+5561998156431,sim,(00) 0000000000,indefinido,,dra.nathalialr@gmail.com
0.4050,SAUDE BUCAL,47.506.595/0001-15,ME,TAGUATINGA,"SETOR SETOR B NORTE QNB 1 LT 9, S/N,       PARTE A, TAGUATINGA, CEP 72115010, Brasilia/DF",4,1,clinica_geral,(61) 9 8637-4946,celular,+5561986374946,sim,,,,saudebucallodonto@gmail.com
0.4050,SHIZA ODONTOLOGIA,49.540.801/0001-39,ME,GUARA II,"QUADRA QI 33 BLOCO A SALA, 206, EDIF  PEDRO TEIXEIRA, GUARA II, CEP 71065330, Brasilia/DF",3,1,clinica_geral,(61) 9 8344-9701,celular,+5561983449701,sim,,,,shiza.odonto@gmail.com
0.4050,DRA SOCORRO OLIVEIRA,47.542.313/0001-35,ME,SOBRADINHO,"QUADRA QUADRA 5 COMERCIO LOCAL, 11, SALA  102, SOBRADINHO, CEP 73031530, Brasilia/DF",4,1,marca_pessoal,(61) 9 8134-2366,celular,+5561981342366,sim,,,,socorroliveira0302@gmail.com
0.4050,THAIS MELO SERVICO ODONTOLOGICO,51.509.513/0001-63,ME,GUARA II,"AREA ESPECIAL AREA ESPECIAL 4, LOTE E, APT   1702                BLOCO B                   COND  RES ISLA LIFE STYLE, GUARA II, CEP 71070640, Brasilia/DF",3,1,marca_pessoal,(31) 9 9776-3757,celular,+5531997763757,sim,(00) 0000000000,indefinido,,thaislimacoutinho@hotmail.com
0.4050,UNIORTOFACE,47.305.553/0001-16,ME,SAMAMBAIA NORTE (SAMAMBAIA),"QUADRA QS 408 CONJUNTO B LOTE, 02, SALA  102, SAMAMBAIA NORTE (SAMAMBAIA), CEP 72318592, Brasilia/DF",4,1,clinica_geral,(61) 9 8195-9958,celular,+5561981959958,sim,(00) 0000000000,indefinido,,daysouza86@gmail.com
0.4050,ZURC - ODONTOLOGIA SISTEMICA,51.764.542/0001-71,ME,GUARA,"SETOR SGCV LT 10, S/N, APT   1009                BLOCO B, GUARA, CEP 71215600, Brasilia/DF",3,1,clinica_geral,(61) 9 9661-6375,celular,+5561996616375,sim,(00) 0000000000,indefinido,,amandagentilcruz@gmail.com
0.4050,C2K ODONTOLOGIA,53.186.791/0001-52,ME,TAGUATINGA NORTE (TAGUATINGA),"QUADRA CNB 11 LOTE 09 SALA 403 - PARTE 01, S/N, TAGUATINGA NORTE (TAGUATINGA), CEP 72115115, Brasilia/DF",2,1,clinica_geral,(61) 9 9265-3574,celular,+5561992653574,sim,(00) 0000000000,indefinido,,clarakeiko107@gmail.com
0.4050,ORALART ODONTOLOGIA,50.459.714/0001-30,ME,SETOR LESTE (GAMA),"QUADRA QUADRA 42, 79, SETOR LESTE (GAMA), CEP 72465420, Brasilia/DF",3,1,clinica_geral,(61) 9 9301-1293,celular,+5561993011293,sim,(00) 0000000000,indefinido,,oralartt42@gmail.com
0.4040,BR ODONTOLOGIA LTDA,50.205.971/0001-46,ME,SETOR DE HABITACOES INDIVIDUAIS SUL,"QUADRA CL SHIS QI 11 BLOCO S, SN, SALA  210, SETOR DE HABITACOES INDIVIDUAIS SUL, CEP 71625680, Brasilia/DF",3,1,clinica_geral,(61) 3264-9240,fixo,+556132649240,,,,,brunoamaralodontologia@gmail.com
0.4040,DR. LUISMAR,59.174.582/0001-75,ME,CEILANDIA SUL (CEILANDIA),"QUADRA QNN 2 CONJUNTO A LOTE, 46, SALA  101, CEILANDIA SUL (CEILANDIA), CEP 72220021, Brasilia/DF",1,1,marca_pessoal,(61) 3355-2398,fixo,+556133552398,,(00) 0000000000,indefinido,,processoselicondf@gmail.com
0.4040,SORRIVIDA,59.172.930/0001-75,ME,CEILANDIA NORTE (CEILANDIA),"QUADRA QNN 1 CONJUNTO A LOTE 3, S/N, SALA  101/102/103/104, CEILANDIA NORTE (CEILANDIA), CEP 72225011, Brasilia/DF",1,1,clinica_geral,(61) 3710-8228,fixo,+556137108228,,(00) 0000000000,indefinido,,sorrimaniaceilandia@gmail.com
0.4020,D. M. CASTRO DE ABREU LTDA,37.191.786/0001-81,ME,SETOR DE HABITACOES INDIVIDUAIS SUL,"QUADRA SHIS QI 9 BLOCO E2 SALA, 111, SETOR DE HABITACOES INDIVIDUAIS SUL, CEP 71625176, Brasilia/DF",6,1,clinica_geral,(61) 9 9639-1213,celular,+5561996391213,sim,,,,deh.ca@hotmail.com
0.4020,CONSULTORIO DENTAL CARD,28.993.671/0001-10,ME,BRASILIA,"SETOR SCS  QUADRA 01  BLOCO L  SALA, 1104, EDIF  MARCIA, BRASILIA, CEP 70301000, Brasilia/DF",8,1,clinica_geral,(61) 9 8430-1567,celular,+5561984301567,sim,,,,clinicadentalcarddf@gmail.com
0.4020,ORAL DENTE,36.390.659/0001-49,ME,RECANTO DAS EMAS,"AVENIDA RECANTO QUADRA 300 LOTE, 34, SALA  102, RECANTO DAS EMAS, CEP 72620159, Brasilia/DF",6,1,clinica_geral,(61) 3082-0754,fixo,+556130820754,,(61) 9 9803-0269,celular,+5561998030269,silvia.emc@hotmail.com
0.4020,CLASSE A ODONTOLOGIA,41.162.908/0001-89,ME,CANDANGOLANDIA,"QUADRA QR 3 CONJUNTO F, 49, CASA  49                  LETRA B, CANDANGOLANDIA, CEP 71725306, Brasilia/DF",5,1,clinica_geral,(61) 9 8374-0136,celular,+5561983740136,sim,,,,classeaodontologia4@gmail.com
0.4020,LIRA MULTICLINICA,34.197.618/0001-05,ME,CEILANDIA SUL (CEILANDIA),"QUADRA QNM 23 CJ O LT 23, SN, CEILANDIA SUL (CEILANDIA), CEP 72215245, Brasilia/DF",7,1,clinica_geral,(61) 9 8601-2323,celular,+5561986012323,sim,,,,liraodontologia@gmail.com
0.4020,ODONTOLOGIA P&D,28.361.980/0001-77,ME,PLANO PILOTO,"SETOR SCS Q 1 BL M, S/N, SALA  1104 PARTE 042, PLANO PILOTO, CEP 70305900, Brasilia/DF",9,1,clinica_geral,(61) 9 8400-4154,celular,+5561984004154,sim,,,,odontologiaped@gmail.com
0.4020,SR ODONTOLOGIA INTEGRADA,42.368.394/0001-85,ME,SETOR RESIDENCIAL OESTE (SAO SEBASTIAO),"QUADRA 201 CONJUNTO 14, SN, LOTE  01, SETOR RESIDENCIAL OESTE (SAO SEBASTIAO), CEP 71692442, Brasilia/DF",5,1,clinica_geral,(61) 9 9623-1049,celular,+5561996231049,sim,,,,odontointegradasr@gmail.com
0.4020,CLINICA JUNCAL - SERVICOS MEDICOS E ODONTOLOGICOS,34.046.911/0001-71,ME,CEILANDIA CENTRO (CEILANDIA),"QUADRA CNM 2 BLOCO B SALAS 215 E 216, SN, CEILANDIA CENTRO (CEILANDIA), CEP 72210502, Brasilia/DF",7,1,clinica_geral,(61) 9 9119-8606,celular,+5561991198606,sim,,,,isadorajuncal@hotmail.com
0.4020,DL ODONTOLOGIA,46.866.766/0001-54,ME,CEILANDIA CENTRO (CEILANDIA),"QUADRA CNM 2 LT B, S/N, EDIF  COSTA AZUL          SALA  320, CEILANDIA CENTRO (CEILANDIA), CEP 72210502, Brasilia/DF",4,1,clinica_geral,(61) 9 8385-3888,celular,+5561983853888,sim,(00) 0000000000,indefinido,,dlodontoclinica@gmail.com
0.4020,LULE ODONTOLOGIA CRIATIVE,47.815.889/0001-29,ME,SETOR LESTE (VILA ESTRUTURAL),"QUADRA QUADRA 1 CONJUNTO 1, LOTE 3, LOJA  01, SETOR LESTE (VILA ESTRUTURAL), CEP 71261015, Brasilia/DF",3,1,clinica_institucional,(61) 9 9969-7513,celular,+5561999697513,sim,,,,contato@ceconcontabilidade.com
0.4010,ODONTOCOMPANY SOBRADINHO,54.565.732/0001-58,ME,SOBRADINHO II,"AVENIDA AR 9 CJ 10 LT 18, S/N, SETOR OESTE, SOBRADINHO II, CEP 73062010, Brasilia/DF",2,1,clinica_geral,(61) 9 9618-7943,celular,+5561996187943,sim,(00) 0000000000,indefinido,,contagil@gmail.com
0.4000,SUBLIME ODONTOLOGIA,51.459.319/0001-10,ME,VILA SAO JOSE (BRAZLANDIA),"QUADRA 36 CONJUNTO E LOTE, 15, SLJ   01 SALA 01, VILA SAO JOSE (BRAZLANDIA), CEP 72736005, Brasilia/DF",3,1,clinica_geral,(61) 3479-4241,fixo,+556134794241,,(00) 0000000000,indefinido,,denilson.prata@hotmail.com
0.4000,V&B ODONTOLOGIA INTEGRADA,47.819.620/0001-10,ME,SETOR DE HABITACOES INDIVIDUAIS SUL,"QUADRA SHIS QI 28 CONJUNTO 14, SN, SETOR DE HABITACOES INDIVIDUAIS SUL, CEP 71670340, Brasilia/DF",3,1,clinica_geral,(61) 9 9648-5771,celular,+5561996485771,sim,(00) 0000000000,indefinido,,ab2contabilidade@gmail.com
0.4000,SORRIA DF,59.464.757/0001-89,ME,SAMAMBAIA,"SETOR SAMAMBAIA SUL QS 111 CJ I LT 2, S/N, LOJA  01, SAMAMBAIA, CEP 72301554, Brasilia/DF",1,1,clinica_geral,(61) 9 9978-7857,celular,+5561999787857,sim,(00) 0000000000,indefinido,,sorriadfodonto@gmail.com
0.4000,ESPACO ODONTOLOGICO BRUNO BARRETO,59.426.187/0001-32,ME,SETOR RESIDENCIAL LESTE (PLANALTINA),"QUADRA 3 CONJUNTO A LOTE, 55, PAVMTO01                  SALA  02, SETOR RESIDENCIAL LESTE (PLANALTINA), CEP 73350301, Brasilia/DF",1,1,clinica_geral,(61) 3389-1521,fixo,+556133891521,,(00) 0000000000,indefinido,,brunobarreto84@gmail.com
0.3970,DRA JOANA RODRIGUES ODONTOLOGIA,49.927.237/0001-01,ME,ZONA INDUSTRIAL (GUARA),"SETOR SGCV LOTE 10 BLOCO E, SN, APT   1006                EDIF  VENICE PARK, ZONA INDUSTRIAL (GUARA), CEP 71215100, Brasilia/DF",3,1,marca_pessoal,(61) 9 8206-9461,celular,+5561982069461,sim,(00) 0000000000,indefinido,,drajoanrs@gmail.com
0.3970,ODONTOLIZZ,51.718.089/0001-67,ME,TAGUATINGA SUL (TAGUATINGA),"QUADRA QSE 9, S/N, LOTE  14, TAGUATINGA SUL (TAGUATINGA), CEP 72025090, Brasilia/DF",3,1,clinica_geral,(61) 9 9398-8903,celular,+5561993988903,sim,(00) 0000000000,indefinido,,moniquehblenda@gmail.com
0.3970,ORAL FACIS,45.184.479/0001-00,ME,TAGUATINGA NORTE (TAGUATINGA),"QUADRA CND QUADRA 2 LOTE 20 SALA, 6, TAGUATINGA NORTE (TAGUATINGA), CEP 72125020, Brasilia/DF",4,1,clinica_geral,(61) 9 8473-4407,celular,+5561984734407,sim,,,,contato@facilite.co
0.3970,THAWANY GONTIJO,43.915.527/0001-59,ME,SETOR CENTRAL (GAMA),"QUADRA QUADRA 55 LOTE 3/6, 307, SETOR CENTRAL (GAMA), CEP 72405550, Brasilia/DF",4,1,clinica_geral,(61) 9 9620-4506,celular,+5561996204506,sim,,,,thawanygontijo@gmail.com
0.3970,MEDINA ODONTOLOGIA,47.119.002/0001-68,ME,RIACHO FUNDO I,"QUADRA QS 10 CONJUNTO 5B, 01, CASA, RIACHO FUNDO I, CEP 71825115, Brasilia/DF",4,1,clinica_geral,(61) 9 9959-1232,celular,+5561999591232,sim,,,,rafa.carvalho.medina@gmail.com
0.3970,YTALLO DE SOUZA MARTINS ODONTOLOGIA,43.503.456/0001-87,ME,RIACHO FUNDO I,"CHACARA CHACARA 14 (COLONIA AGRICOLA SUCUPIRA), 4B, RIACHO FUNDO I, CEP 71827685, Brasilia/DF",4,1,clinica_geral,(61) 9 9111-1275,celular,+5561991111275,sim,,,,ytallomartins@hotmail.com
0.3970,DRAISABELLA SERVICOS ODONTOLOGICOS,51.396.248/0001-54,ME,SETOR HABITACIONAL MESTRE D'ARMAS (PLANALTINA),"QUADRA 12 MODULO 6 ESTANCIA 1 MODULO F, SN, CASA  27 A, SETOR HABITACIONAL MESTRE D'ARMAS (PLANALTINA), CEP 73401095, Brasilia/DF",3,1,clinica_geral,(61) 9 8138-5577,celular,+5561981385577,sim,(00) 0000000000,indefinido,,isabellavieira127@gmail.com
0.3970,JM ODONTOLOGIA,49.803.658/0001-20,ME,SETOR RESIDENCIAL LESTE (PLANALTINA),"QUADRA QUADRA 2 CONJUNTO A, 58, SETOR RESIDENCIAL LESTE (PLANALTINA), CEP 73350201, Brasilia/DF",3,1,clinica_geral,(61) 9 8104-0528,celular,+5561981040528,sim,(00) 0000000000,indefinido,,dra.layanecavalcante@gmail.com
0.3960,JP ODONTO,57.034.030/0001-36,ME,CEILANDIA,"SETOR SETOR M NORTE CNM 2 LT B, S/N, SALA  312                 EDIF  COSTA AZUL, CEILANDIA, CEP 72210502, Brasilia/DF",2,1,clinica_geral,(61) 9 9975-1981,celular,+5561999751981,sim,(00) 0000000000,indefinido,,joaopaulodeolviera@gmail.com
0.3960,MASTER ODONTO,53.736.139/0001-64,ME,SETOR NORTE (BRAZLANDIA),"QUADRA QUADRA 6 LOTE, 02, SETOR NORTE (BRAZLANDIA), CEP 72710060, Brasilia/DF",2,1,clinica_geral,(61) 9 9157-5321,celular,+5561991575321,sim,(00) 0000000000,indefinido,,master.odontobraz@gmail.com
0.3960,MB BARBOSA CONSULTORIO ODONTOLOGICO,59.063.337/0001-90,ME,CEILANDIA SUL (CEILANDIA),"QUADRA EQNP 10/14 BLOCO B (COMERCIO) SALA, 107, LOTE  1 A 6, CEILANDIA SUL (CEILANDIA), CEP 72231502, Brasilia/DF",1,1,clinica_geral,(61) 9 9219-0559,celular,+5561992190559,sim,(00) 0000000000,indefinido,,marab.barbosa@hotmail.com
0.3960,CORA,55.815.795/0001-88,ME,RECANTO DAS EMAS,"AVENIDA RECANTO DAS EMAS QUADRA 205 LOTES 1/2, S/N, LOJA  230                 EDIF  CENTRO SOL CENTER, RECANTO DAS EMAS, CEP 72610500, Brasilia/DF",2,1,clinica_geral,(61) 9 9802-4586,celular,+5561998024586,sim,(00) 0000000000,indefinido,,co.rochaaires@gmail.com
0.3960,DRA. ISABELLA FERNANDES ONDONTO,46.183.949/0001-75,ME,ARAPOANGA (PLANALTINA),"QUADRA 9 CONJUNTO H, 22, ARAPOANGA (PLANALTINA), CEP 73368578, Brasilia/DF",4,1,marca_pessoal,(61) 9 8150-5476,celular,+5561981505476,sim,(00) 0000000000,indefinido,,draisabella.s@gmail.com
0.3960,CLINIC ODONTO,45.352.664/0001-58,ME,CONDOMINIO MESTRE D'ARMAS (PLANALTINA),"MODULO A LOTE, 09, LOJA  02, CONDOMINIO MESTRE D'ARMAS (PLANALTINA), CEP 73403503, Brasilia/DF",4,1,clinica_geral,(61) 9 9571-1103,celular,+5561995711103,sim,,,,dranaglypereira@gmail.com
0.3940,IDEAL ODONTOCLINIC,41.738.309/0001-60,ME,CEILANDIA SUL (CEILANDIA),"QUADRA QNM 17 CONJUNTO F LOTE, 03, SALA  10, CEILANDIA SUL (CEILANDIA), CEP 72215176, Brasilia/DF",5,1,clinica_geral,(61) 3027-3294,fixo,+556130273294,,(61) 9 9631-3125,celular,+5561996313125,ciomceiqnm@gmail.com
0.3930,CLINICA LARA,30.818.847/0001-49,ME,SETOR NORTE (BRAZLANDIA),"QUADRA 01 LOTE 36 SALA, 102, SETOR NORTE (BRAZLANDIA), CEP 72705010, Brasilia/DF",8,1,clinica_geral,(61) 3391-1255,fixo,+556133911255,,,,,
0.3930,MARIANA FREITAS,54.787.958/0001-01,ME,GAMA,"SETOR SETOR NORTE Q 1 CJ I LT 415, S/N, SALA  03, GAMA, CEP 72430109, Brasilia/DF",2,1,marca_pessoal,(61) 9 9822-6565,celular,+5561998226565,sim,(00) 0000000000,indefinido,,mfreitas.odonto@gmail.com
0.3930,BIANCA RIBEIRO CARVALHO CONTABILIDADE,52.347.251/0001-40,ME,RIACHO FUNDO I,"CHACARA CHACARA 16 (COLONIA AGRICOLA SUCUPIRA), 19, CASA  19, RIACHO FUNDO I, CEP 71827660, Brasilia/DF",2,1,marca_pessoal,(61) 9 9280-0204,celular,+5561992800204,sim,(00) 0000000000,indefinido,,contabilidadebrc@hotmail.com
0.3930,DR FABIO FERNANDES,53.970.391/0001-33,ME,TAGUATINGA,"SETOR SETOR G SUL CSG 3 LT 7, S/N, APT   818                 BLOCO D, TAGUATINGA, CEP 72035503, Brasilia/DF",2,1,marca_pessoal,(61) 9 9854-1885,celular,+5561998541885,sim,(00) 0000000000,indefinido,,odonto.fabiofernands@gmail.com
0.3930,HOME KIDS ODONTOLOGIA DOMICILIAR E HOSPITALAR,56.941.392/0001-48,ME,TAGUATINGA,"SETOR SETOR B NORTE EDIFICIO VIA VENEZA CNB 14 LT 10, S/N, APT   605, TAGUATINGA, CEP 72115145, Brasilia/DF",2,1,clinica_geral,(61) 9 9826-6456,celular,+5561998266456,sim,(00) 0000000000,indefinido,,daniel@somacontabil.org
0.3930,MEIRELES ODONTO & SAUDE,59.007.163/0001-49,ME,SOBRADINHO II,"RODOVIA CONDOMINIO MANSOES COLORADO, SN, CONJ  P                   LOTE  27, SOBRADINHO II, CEP 73105905, Brasilia/DF",1,1,clinica_geral,(61) 9 9211-9616,celular,+5561992119616,sim,(00) 0000000000,indefinido,,dra.andressamsg@gmail.com
0.3930,MENDES ODONTOLOGIA,52.779.413/0001-10,ME,TAGUATINGA,"SETOR SETOR D NORTE QND 38 LT 1, S/N, TAGUATINGA, CEP 72120380, Brasilia/DF",2,1,clinica_geral,(61) 9 8184-4470,celular,+5561981844470,sim,(00) 0000000000,indefinido,,nataliamendesscd@gmail.com
0.3930,VERIODONTOLOGIA,55.512.926/0001-58,ME,GAMA,"SETOR SETOR LESTE Q 25 LT 67, S/N, GAMA, CEP 72460250, Brasilia/DF",2,1,clinica_geral,(61) 9 9880-2777,celular,+5561998802777,sim,,,,veriondontologia@gmail.com
0.3930,ENOKI ODONTOLOGIA,56.944.576/0001-61,ME,TAGUATINGA,"SETOR SETOR E NORTE QNE 13 LT 19, S/N, TAGUATINGA, CEP 72125130, Brasilia/DF",2,1,clinica_geral,(61) 9 9338-3158,celular,+5561993383158,sim,(00) 0000000000,indefinido,,henriqueenoki@gmail.com
0.3930,RK ODONTOLOGIA,52.127.856/0001-26,ME,SETOR SUL (GAMA),"QUADRA 1 CONJUNTO G LOTE 19, S/N, ANDAR 2                   SALA  201, SETOR SUL (GAMA), CEP 72410107, Brasilia/DF",2,1,clinica_geral,(61) 9 9959-9086,celular,+5561999599086,sim,(00) 0000000000,indefinido,,karlamello189@gmail.com
0.3930,ORTHUS EXCELENCIA E PROFISSIONALISMO,58.471.427/0001-58,ME,TAGUATINGA SUL (TAGUATINGA),"QUADRA CSB 2 LOTE 1 A 4 TO B SALA, 827, TAGUATINGA SUL (TAGUATINGA), CEP 72015525, Brasilia/DF",1,1,clinica_geral,(61) 3256-3000,fixo,+556132563000,,(00) 0000000000,indefinido,,bsbcontabilidade.df@gmail.com
0.3925,MIOLA ODONTOLOGIA,48.375.541/0001-20,ME,SUL (AGUAS CLARAS),"AVENIDA PAU BRASIL, LOTE, 10, SALA  519 PARTE, SUL (AGUAS CLARAS), CEP 71926000, Brasilia/DF",3,1,clinica_geral,(61) 9 8351-4083,celular,+5561983514083,sim,(00) 0000000000,indefinido,,miolaodonto@gmail.com
0.3920,ODONTO LINS,49.949.198/0001-43,ME,VARJAO,"QUADRA QUADRA 5 CONJUNTO B LOTE, 04, VARJAO, CEP 71555136, Brasilia/DF",3,1,clinica_geral,(61) 9 9395-6405,celular,+5561993956405,sim,,,,draleilalins@gmail.com
0.3920,M&C ODONTOLOGIA INTEGRADA,51.423.959/0001-70,ME,ITAPOA II,"QUADRA QL 8 CONJUNTO I, 01, ITAPOA II, CEP 71590807, Brasilia/DF",3,1,clinica_geral,(61) 9 9888-7688,celular,+5561998887688,sim,,,,contato@odontologiamc.com.br
0.3920,CONSULTORIO ODONTOLOGICO SORRIDENTE,47.611.998/0001-24,ME,SETOR RESIDENCIAL OESTE (SAO SEBASTIAO),"QUADRA QUADRA 103 CONJUNTO 4, SN, LOTE  10                  SALA  02, SETOR RESIDENCIAL OESTE (SAO SEBASTIAO), CEP 71692210, Brasilia/DF",4,1,clinica_geral,(61) 3335-1535,fixo,+556133351535,,(00) 0000000000,indefinido,,sorridentedentista33@gmail.com
0.3920,IFO ODONTOLOGIA,43.814.309/0001-28,ME,CEILANDIA SUL (CEILANDIA),"QUADRA QNP 14 CJ X LT 4, SN, CEILANDIA SUL (CEILANDIA), CEP 72231423, Brasilia/DF",4,1,clinica_geral,(61) 9 9611-0610,celular,+5561996110610,sim,,,,odontologiaifo@gmail.com
0.3920,CNO CLINICA NERES ODONTO,46.872.996/0001-26,ME,CEILANDIA,"SETOR SETOR M SUL QNM 17 CJ A LT 19, S/N, CEILANDIA, CEP 72215171, Brasilia/DF",4,1,clinica_geral,(61) 9 9217-0247,celular,+5561992170247,sim,,,,rc.neres@hotmail.com
0.3920,FLUORESCER - CUIDADO EM ODONTOLOGIA LTDA,47.353.277/0001-61,ME,RECANTO DAS EMAS,"QUADRA Q801 CJ 13 LT 4, S/N, SALA  101, RECANTO DAS EMAS, CEP 72650070, Brasilia/DF",4,1,clinica_geral,(61) 3334-2527,fixo,+556133342527,,(00) 0000000000,indefinido,,clinicafluorescer@gmail.com
0.3920,KS PUREZA,49.886.040/0001-71,ME,SETOR NORTE (BRAZLANDIA),"QUADRA QUADRA 4 LOTE, 35, SALA  103 PARTE D, SETOR NORTE (BRAZLANDIA), CEP 72710040, Brasilia/DF",3,1,clinica_geral,(61) 3540-1473,fixo,+556135401473,,,,,kspurezaodontologialtda@gmail.com
0.3920,CLINICA MUNDO SORRISO,49.588.484/0001-20,ME,SETOR ESPECIAL (VILA ESTRUTURAL),"QUADRA QUADRA 1 CONJUNTO 1, SN, LOTE  16                        SALA 101, SETOR ESPECIAL (VILA ESTRUTURAL), CEP 71266015, Brasilia/DF",3,1,clinica_geral,(61) 9 9261-7045,celular,+5561992617045,sim,(00) 0000000000,indefinido,,doutoraci@hotmail.com
0.3920,ODONTOARTE,48.968.166/0001-22,ME,ASA NRTE,"SETOR SDN CONJ A CONJUNTO NACIONAL BRASILIA, S/N, SALA  5066, ASA NRTE, CEP 70077900, Brasilia/DF",3,1,clinica_geral,(61) 9 9161-9131,celular,+5561991619131,sim,(00) 0000000000,indefinido,,diretoria@qualycongo.com.br
0.3920,QUANTICO ODONTOLOGIA ESTEETICA,46.655.416/0001-49,ME,PARANOA,"QUADRA QUADRA 29 CONJUNTO 21 LOTE, 03, ANDAR 1, PARANOA, CEP 71573017, Brasilia/DF",4,1,clinica_geral,(61) 9 9552-6729,celular,+5561995526729,sim,,,,vania.souza49@gmail.com
0.3920,LGONTIJO SERVICOS MEDICOS E ODONTOLOGICOS,49.480.834/0001-30,ME,SETOR DE HABITACOES INDIVIDUAIS NORTE,"QUADRA CA 9 APTO 214 CONDOMINIO RESIDENCIAL SAN DIEGO, S/N, SETOR DE HABITACOES INDIVIDUAIS NORTE, CEP 71503509, Brasilia/DF",3,1,clinica_geral,(61) 9 8437-0290,celular,+5561984370290,sim,(00) 0000000000,indefinido,,leandromgontijo@gmail.com
0.3920,ZR ODONTO,50.561.681/0001-35,ME,ZONA INDUSTRIAL,"SETOR SIG QUADRA 1, 985, EDIF  CENTRO EMP. PARQUE BSALA  84-T E 85-T, ZONA INDUSTRIAL, CEP 70610410, Brasilia/DF",3,1,clinica_geral,(61) 9 9816-0042,celular,+5561998160042,sim,,,,contato@zrodonto.com
0.3900,CLINICA ODONTORAMOS,56.822.928/0001-06,ME,CEILANDIA SUL (CEILANDIA),"SETOR SH SOL NASCENTE CH 02 LT 3A, S/N, CEILANDIA SUL (CEILANDIA), CEP 72236800, Brasilia/DF",2,1,clinica_geral,(61) 9 9149-2912,celular,+5561991492912,sim,(00) 0000000000,indefinido,,gislene.cambui@gmail.com
0.3890,CLARISSA GERARD ODONTOLOGIA LTDA,49.138.204/0001-82,ME,GUARA II,"QUADRA QI 27 LOTE 2, 0, APT   808, GUARA II, CEP 71060272, Brasilia/DF",3,1,clinica_geral,(61) 9 9293-5487,celular,+5561992935487,sim,(00) 0000000000,indefinido,,clarissagerard@yahoo.com.br
0.3890,LARISSA CHIOZINI BITTENCOURT SERVICOS ODONTOLOGICOS LTDA,48.340.250/0001-05,ME,GUARA II,"ENTRE QUADRA EQ 31/33 CENTRO COMUNAL II, LOTE 5, SALA  428, GUARA II, CEP 71065901, Brasilia/DF",3,1,marca_pessoal,(17) 3522-1153,fixo,+551735221153,,,,,lazarincontabilidade@hotmail.com
0.3880,ODONTO RECANTO LTDA,51.529.459/0001-18,ME,RECANTO DAS EMAS,"QUADRA AVENIDA RECANTO DAS EMAS QUADRA 206 LOTE 08 SOBRELOJA, S/N, RECANTO DAS EMAS, CEP 72610600, Brasilia/DF",3,1,clinica_geral,(61) 9 8316-7887,celular,+5561983167887,sim,(00) 0000000000,indefinido,,oc454@orthodonticbrasil.com.br
0.3880,S PARANOA ODONTOLOGIA LTDA,59.161.076/0001-41,ME,PARANOA,"QUADRA QUADRA 29 CONJUNTO 21 LOTES, 4 E 5, PARANOA, CEP 71573017, Brasilia/DF",1,1,clinica_geral,(61) 9 8105-6000,celular,+5561981056000,sim,(00) 0000000000,indefinido,,analuiza.abritta@hotmail.com
0.3850,CLINICA ODONTOLOGICA YASSUNAGA,48.416.030/0001-00,ME,VILA SAO JOSE (BRAZLANDIA),"QUADRA QUADRA 38 CONJUNTO E LOTE, 21, SALA  101, VILA SAO JOSE (BRAZLANDIA), CEP 72738005, Brasilia/DF",3,1,clinica_geral,(61) 3551-4715,fixo,+556135514715,,(00) 0000000000,indefinido,,shodoyassunaga@gmail.com
0.3850,AF. ODONTOLOGIA,55.683.094/0001-32,ME,ZONA INDUSTRIAL (GUARA),"TRECHO SIA TRECHO 3 LT 1310/1320 SALA 325 PARTE, A 24, EDIF  TAYA, ZONA INDUSTRIAL (GUARA), CEP 71200032, Brasilia/DF",2,1,clinica_geral,(61) 9 9659-1485,celular,+5561996591485,sim,(00) 0000000000,indefinido,,cirurdonto@gmail.com
0.3850,KAROLYNE ODONTOLOGIA,58.251.798/0001-24,ME,SOBRADINHO,"QUADRA CENTRAL SETOR COMERCIAL BLOCO 13, LT 02, SALA  01, SOBRADINHO, CEP 73010523, Brasilia/DF",1,1,clinica_geral,(61) 9 9988-0669,celular,+5561999880669,sim,(00) 0000000000,indefinido,,dra.karolyneoliveira@gmail.com
0.3850,ODONTOCASTRO,54.681.237/0001-04,ME,TAGUATINGA SUL (TAGUATINGA),"QUADRA CSA 1 LOTE, 01, SALA  116 ALA B, TAGUATINGA SUL (TAGUATINGA), CEP 72015015, Brasilia/DF",2,1,clinica_geral,(61) 3351-7187,fixo,+556133517187,,(00) 0000000000,indefinido,,alexgbcastro@gmail.com
0.3850,ODONTOLOGIA REABILITADORA LARISSA RIBEIRO,56.943.245/0001-07,ME,TAGUATINGA NORTE (TAGUATINGA),"QUADRA CND 1, 0, TAGUATINGA NORTE (TAGUATINGA), CEP 72120015, Brasilia/DF",2,1,clinica_geral,(61) 9 9817-0831,celular,+5561998170831,sim,,,,larissa_rsantos@hotmail.com
0.3850,MVBL ODONTOLOGIA,59.294.050/0001-71,ME,GUARA I,"QUADRA QE 4 BLOCO B, S/N, APT   103, GUARA I, CEP 71010023, Brasilia/DF",1,1,clinica_geral,(61) 9 8521-4923,celular,+5561985214923,sim,,,,marcos-nunes11@hotmail.com
0.3850,TRINDADE NETO ODONTOLOGIA,58.610.681/0001-90,ME,SOBRADINHO,"QUADRA QUADRA 17 CONJUNTO D, 58, SOBRADINHO, CEP 73045174, Brasilia/DF",1,1,clinica_geral,(61) 9 8140-2224,celular,+5561981402224,sim,(00) 0000000000,indefinido,,trindadenetoodonto@gmail.com
0.3840,KAREN HELEN CORREIA SILVEIRA,55.249.599/0001-93,ME,TAGUATINGA,"SETOR SETOR QI QI 24 LT 1 A 27, S/N, BLOCO F                   APT   1606, TAGUATINGA, CEP 72135240, Brasilia/DF",2,1,clinica_geral,(61) 9 8545-3050,celular,+5561985453050,sim,(00) 0000000000,indefinido,,drakarenhelen@gmail.com
0.3830,SRS ODONTOLOGIA,45.597.731/0001-02,ME,SANTA MARIA,"RODOVIA ROD BR 290 KM 01 LOTE, 9, LOJA  3, SANTA MARIA, CEP 72500408, Brasilia/DF",4,1,clinica_geral,(61) 9 9851-8604,celular,+5561998518604,sim,,,,srs.odontoligia9a@gmail.com
0.3820,AFA CLINICA ODONTOLOGICA LTDA,53.918.604/0001-88,ME,RECANTO DAS EMAS,"QUADRA QUADRA 300 CONJUNTO 34 LOTE, 19, RECANTO DAS EMAS, CEP 72620135, Brasilia/DF",2,1,clinica_geral,(61) 9 9202-0999,celular,+5561992020999,sim,(00) 0000000000,indefinido,,clinicajr01@gmail.com
0.3810,NICOLAS VALENTIM ODONTOLOGIA LTDA,58.802.286/0001-09,ME,RIACHO FUNDO I,"QUADRA QN 7 CONJUNTO 18 CASA, 34,       PARTE ESCRITORIO, RIACHO FUNDO I, CEP 71805718, Brasilia/DF",1,1,clinica_geral,(61) 9 9346-8558,celular,+5561993468558,sim,(00) 0000000000,indefinido,,ncs.valentim@gmail.com
0.3800,CRBC,58.525.764/0001-80,ME,CEILANDIA,"SETOR SETOR M NORTE CNM 2 BL A LT 11, S/N, CEILANDIA, CEP 72210501, Brasilia/DF",1,1,clinica_geral,(61) 9 9191-2076,celular,+5561991912076,sim,(00) 0000000000,indefinido,,crbcodonto@gmail.com
0.3800,CBK ODONTOLOGIA,54.073.813/0001-30,ME,RECANTO DAS EMAS,"QUADRA QUADRA 204 CONJUNTO 23, 12, LOTE  12, RECANTO DAS EMAS, CEP 72610423, Brasilia/DF",2,1,clinica_geral,(61) 9 9617-1457,celular,+5561996171457,sim,,,,odcssfinanceiro@gmail.com
0.3800,DENTISTAS CLARECLINIC,54.145.364/0001-99,ME,PARANOA,"QUADRA QUADRA 22 CONJUNTO 16, SN, LOTE  05                  SALA  102, PARANOA, CEP 71572209, Brasilia/DF",2,1,clinica_geral,(61) 3546-0301,fixo,+556135460301,,(00) 0000000000,indefinido,,clareclinicatendimento@gmail.com
0.3800,CONSULTORIO ODONTOLOGICO 304,56.239.881/0001-52,ME,RECANTO DAS EMAS,"QUADRA QUADRA 304 CONJUNTO 11 LOTE 18 LOJA, 02, RECANTO DAS EMAS, CEP 72621111, Brasilia/DF",2,1,clinica_geral,(61) 9 9985-8661,celular,+5561999858661,sim,(00) 0000000000,indefinido,,304consultoriioodontologico@gmail.com
0.3800,ODONTOQUALLITY,59.218.987/0001-68,ME,CEILANDIA NORTE (CEILANDIA),"QUADRA QNM 18 CJ A LT 6, S/N, SALA  103, CEILANDIA NORTE (CEILANDIA), CEP 72210181, Brasilia/DF",1,1,clinica_geral,(61) 9 8433-7351,celular,+5561984337351,sim,(00) 0000000000,indefinido,,gustakessler@hotmail.com
0.3800,ODONTO QUALLITY,59.215.660/0001-32,ME,CEILANDIA NORTE (CEILANDIA),"QUADRA QNM 18 CJ A LT 6, S/N, SALA  102, CEILANDIA NORTE (CEILANDIA), CEP 72210181, Brasilia/DF",1,1,clinica_geral,(61) 3372-4228,fixo,+556133724228,,(00) 0000000000,indefinido,,jkqdquallity1@gmail.com
0.3800,Nº 1 ODONTOLOGIA E CLINICA MEDICA,53.769.208/0001-36,ME,SETOR HABITACIONAL SOL NASCENTE (CEILANDIA),"QUADRA QUADRA 101 CONJUNTO C, S/N, LOTE  22, SETOR HABITACIONAL SOL NASCENTE (CEILANDIA), CEP 72243276, Brasilia/DF",2,1,clinica_geral,(61) 4141-9229,fixo,+556141419229,,(00) 0000000000,indefinido,,n1odontomed@gmail.com
0.3800,SENSI ODONTOLOGIA INTEGRADA,57.560.614/0001-45,ME,CEILANDIA SUL (CEILANDIA),"QUADRA QNN 38 CJ A LT 20, S/N, CEILANDIA SUL (CEILANDIA), CEP 72220381, Brasilia/DF",1,1,clinica_geral,(61) 9 8194-7626,celular,+5561981947626,sim,(00) 0000000000,indefinido,,sensi.odonto@gmail.com
0.3800,ZENITE ODONTOLOGIA INTEGRADA,58.749.877/0001-60,ME,BRAZLANDIA,"SETOR SETOR NORTE RUA VIA SN 2 Q 5 LT 7, S/N, BRAZLANDIA, CEP 72705050, Brasilia/DF",1,1,clinica_geral,(61) 9 9432-2784,celular,+5561994322784,sim,(00) 0000000000,indefinido,,theyurisbatista@gmail.com
0.3800,M.D. ODONTOLOGIA,59.341.646/0001-85,ME,VILA NOVA (SAO SEBASTIAO),"RUA DA ESCOLA, 531, VILA NOVA (SAO SEBASTIAO), CEP 71693168, Brasilia/DF",1,1,clinica_geral,(61) 9 9464-3594,celular,+5561994643594,sim,(00) 0000000000,indefinido,,mfborgescontador@gmail.com
0.3800,SAMAVI ODONTO,46.484.779/0001-69,ME,SETOR HABITACIONAL MESTRE D'ARMAS (PLANALTINA),"QUADRA 13 MODULO 5 LOTE, 01,       PARTE 2, SETOR HABITACIONAL MESTRE D'ARMAS (PLANALTINA), CEP 73401412, Brasilia/DF",4,1,clinica_geral,(61) 9 8268-5649,celular,+5561982685649,sim,(00) 0000000000,indefinido,,inesguerra.cd@gmail.com
0.3770,ANDRE SALES ODONTOLOGIA,36.016.036/0001-00,ME,CANDANGOLANDIA,"QUADRA QR 4, SN, CONJ  A                   CASA  19, CANDANGOLANDIA, CEP 71725400, Brasilia/DF",6,1,marca_pessoal,(61) 9 9987-0848,celular,+5561999870848,sim,,,,andresales3@gmail.com
0.3770,JR ODONTOLOGIA ESPECIALIZADA,49.244.872/0001-94,ME,SH JARDIM,"CONDOMINIO MANSOES ENTRELAGOS, 2, QUADRA2                   CONJ  I, SH JARDIM, CEP 73255901, Brasilia/DF",3,1,clinica_institucional,(61) 9 9685-2212,celular,+5561996852212,sim,(00) 0000000000,indefinido,,rosigean.11.02@gmail.com
0.3765,CLINICA INTERDISCIPLINAR DE ODONTOLOGIA LTDA,01.297.992/0001-23,ME,PLANO PILOTO,"SDN  CONJUNTO A, S/N, SALA 4057, PLANO PILOTO, CEP 70077900, Brasilia/DF",30,1,clinica_geral,,,,,,,,
0.3765,NUCLEO ODONTOLOGICO DR EVALDO VALENTIM LTDA,03.373.993/0001-35,ME,SCS,"SC/SUL QUADRA 7 BLCO A SALA 713, 100, ED. EXECUTIVE TOWER, SCS, CEP 70310500, Brasilia/DF",26,1,clinica_geral,,,,,,,,
0.3760,MAIS ODONTO,50.339.564/0001-21,ME,RECANTO DAS EMAS,"AVENIDA RECANTO QUADRA 203 LOTE, 19, SALA  101-PARTE, RECANTO DAS EMAS, CEP 72610321, Brasilia/DF",3,1,clinica_geral,(61) 3333-8714,fixo,+556133338714,,(00) 0000000000,indefinido,,maisodonto.df@gmail.com
0.3760,DANIEL MIRANDA CIRURGIA BUCOMAXILOFACIAL,53.769.119/0001-90,ME,BRASILIA,"SETOR SQN 202 BL B, S/N, APT   307, BRASILIA, CEP 70832020, Brasilia/DF",2,1,marca_pessoal,(61) 9 8361-7176,celular,+5561983617176,sim,(00) 0000000000,indefinido,,danielmiranda.ctbmf@gmail.com
0.3760,ROLETO ODONTOLOGIA,47.483.429/0001-40,ME,SETOR DE HABITACOES INDIVIDUAIS SUL,"QUADRA SHIS QI 29 CONJUNTO 1, SN, LOTE  02, SETOR DE HABITACOES INDIVIDUAIS SUL, CEP 71675210, Brasilia/DF",4,1,clinica_geral,(61) 9 8442-6836,celular,+5561984426836,sim,(00) 0000000000,indefinido,,luana.roleto@gmail.com
0.3760,JK SORRISOS,59.003.503/0001-63,ME,CEILANDIA SUL (CEILANDIA),"QUADRA QNM 17 CONJUNTO H, LOTE 58, SALA, 301, CEILANDIA SUL (CEILANDIA), CEP 72215178, Brasilia/DF",1,1,clinica_geral,(61) 9 9201-0056,celular,+5561992010056,sim,(00) 0000000000,indefinido,,jksorrisos@gmail.com
0.3760,DANIELLY VITORINO ODONTOLOGIA LTDA,45.672.520/0001-89,ME,RECANTO DAS EMAS,"QUADRA QUADRA 601 CONJUNTO 8, SN, CASA  06, RECANTO DAS EMAS, CEP 72640108, Brasilia/DF",4,1,clinica_geral,(61) 9 9394-9965,celular,+5561993949965,sim,,,,dvodonto.integrativaehospitalar@gmail.com
0.3760,JPSC ODONTOLOGIA,44.641.335/0001-64,ME,SANTA MARIA,"QUADRA CL 214 LT D LJ 3 B SL, 03, SANTA MARIA, CEP 72544220, Brasilia/DF",4,1,clinica_geral,(61) 9 8325-1795,celular,+5561983251795,sim,,,,joaopaulosouzacarvalho@gmail.com
0.3760,ODONTO ARTE DE SORRIR,45.951.743/0001-85,ME,CEILANDIA NORTE (CEILANDIA),"QUADRA QNQ 1 CJ 6 LT 8, SN, LOJA  02, CEILANDIA NORTE (CEILANDIA), CEP 72270106, Brasilia/DF",4,1,clinica_geral,(61) 9 8430-9012,celular,+5561984309012,sim,,,,odontoartedesorrirdf@gmail.com
0.3760,SALUD ODONTOLIGIA,49.709.412/0001-94,ME,SETOR HABITACIONAL POR DO SOL (CEILANDIA),"QUADRA SHPS QD 207 CJ C LT, 03, LOJA  01, SETOR HABITACIONAL POR DO SOL (CEILANDIA), CEP 72238165, Brasilia/DF",3,1,clinica_geral,(61) 9 9209-2350,celular,+5561992092350,sim,(00) 0000000000,indefinido,,drapriscilaaraujo@gmail.com
0.3760,SORRISO TOP,45.102.326/0001-68,ME,RECANTO DAS EMAS,"QUADRA QD 201 CJ 08 LT 17, SN, SALA  101, RECANTO DAS EMAS, CEP 72610108, Brasilia/DF",4,1,clinica_geral,(61) 3973-6146,fixo,+556139736146,,,,,danieljuniodomingues@gmail.com
0.3760,DRA. RENATA CAETANO,48.344.275/0001-79,ME,PARANOA,"QUADRA 29 CONJUNTO 21 LOTE, 18, SALA  103, PARANOA, CEP 71573000, Brasilia/DF",3,1,marca_pessoal,(61) 9 9369-1175,celular,+5561993691175,sim,(00) 0000000000,indefinido,,nicecontabilidade@hotmail.com
0.3760,PLENITURE ODONTOLOGIA,55.136.127/0001-24,ME,PLANO PILOTO,"SETOR SETOR BANCARIO SUL, S/N, QUADRA2                   BLOCO S                   SALA  1112, PLANO PILOTO, CEP 70070904, Brasilia/DF",2,1,clinica_geral,(61) 9 9986-9739,celular,+5561999869739,sim,(00) 0000000000,indefinido,,ivocorrea12@gmail.com
0.3750,RENOVA ODONTOLOGIA,51.325.482/0001-90,ME,SAO BARTOLOMEU (SAO SEBASTIAO),"QUADRA 2 CONJUNTO 4 LOTE, 26, SAO BARTOLOMEU (SAO SEBASTIAO), CEP 71697047, Brasilia/DF",3,1,clinica_geral,(61) 9 9152-7152,celular,+5561991527152,sim,(00) 0000000000,indefinido,,bgmcontabilidade2@gmail.com
0.3725,DRA. JACKELYNE IKEDA,53.825.066/0001-87,ME,ASA SUL,"QUADRA CRS 516 BLOCO B, 0, LOTE  3B 4B, ASA SUL, CEP 70381525, Brasilia/DF",2,1,marca_pessoal,(41) 9 9788-0145,celular,+5541997880145,sim,(00) 0000000000,indefinido,,meucnpj@contabilizei.com.br
0.3720,SORRIA,49.970.472/0001-66,ME,BRASILIA,"SETOR SETOR BANCARIO SUL LT 1, S/N, QUADRA02                  BLOCO S                   SALA  114, BRASILIA, CEP 70070904, Brasilia/DF",3,1,clinica_geral,(61) 9 9126-8473,celular,+5561991268473,sim,,,,ees.ondontologia114@gmail.com
0.3720,MANJON - ERTTY,47.253.044/0001-97,ME,SETOR DE HABITACOES INDIVIDUAIS SUL,"SETOR SHIS QI 1 LOTE B BLOCO B, SN, SALA  010-5 E 010-6, SETOR DE HABITACOES INDIVIDUAIS SUL, CEP 71605001, Brasilia/DF",4,1,clinica_geral,(61) 9 9974-8187,celular,+5561999748187,sim,,,,clinica.mendezmanjon@gmail.com
0.3710,ANA CRISTINA ODONTOLOGIA,55.372.086/0001-75,ME,CEILANDIA SUL (CEILANDIA),"QUADRA QNM 1 CONJUNTO G LOTE 1 E 3, S/N, SALA  202, CEILANDIA SUL (CEILANDIA), CEP 72215017, Brasilia/DF",2,1,marca_pessoal,(61) 3047-9505,fixo,+556130479505,,(00) 0000000000,indefinido,,santoscontabil499@hotmail.com
0.3690,ODONTOCASTRO CT LTDA,54.193.633/0001-92,ME,TAGUATINGA SUL (TAGUATINGA),"QUADRA CSA, 1, LOTE  1                   SALA  117, TAGUATINGA SUL (TAGUATINGA), CEP 72015015, Brasilia/DF",2,1,clinica_geral,(61) 3351-7187,fixo,+556133517187,,(00) 0000000000,indefinido,,cinthiagbcastro@hotmail.com
0.3690,MICHELLE BETTY BECERRA DE OLIVEIRA LTDA,58.812.364/0001-56,ME,CONDOMINIO IMPERIO DOS NOBRES (SOBRADINHO),"QUADRA MC 2, 0,       CJ LT 68 AP 204, CONDOMINIO IMPERIO DOS NOBRES (SOBRADINHO), CEP 73252110, Brasilia/DF",1,1,clinica_geral,(41) 9 9813-0414,celular,+5541998130414,sim,(00) 0000000000,indefinido,,meucnpj@contabilizei.com.br
0.3680,RODRIGUES ODONTOLOGIA,58.806.278/0001-30,ME,GAMA,"SETOR SETOR DE INDUSTRIAS EDIFICIO GILBERT QI 7 LT 740, S/N, APT   307, GAMA, CEP 72445070, Brasilia/DF",1,1,clinica_geral,(61) 9 8592-3107,celular,+5561985923107,sim,(00) 0000000000,indefinido,,rodriques_42@hotmail.com
0.3670,PERSONAL DENT,49.798.588/0001-60,ME,CEILANDIA,"SETOR SETOR M QNM 3 CJ O LT 23, S/N, LOJA  02, CEILANDIA, CEP 72215045, Brasilia/DF",3,1,clinica_geral,(61) 3561-4238,fixo,+556135614238,,(00) 0000000000,indefinido,,personaldentclinlab@hotmail.com
0.3645,ODONTOCLINICA ROBERTO COELHO CAIADO LTDA,02.884.037/0001-55,ME,ASA  NORTE,"SRTVN  QDA  702  CONJUNTO  P, S/N, SALA  1144 ED R CENT, ASA  NORTE, CEP 70310500, Brasilia/DF",27,1,clinica_geral,,,,,,,,
0.3640,GS CENTRO CLINICO E ODONTOLOGICO LTDA,54.908.515/0001-13,ME,BRASILIA,"SETOR SETOR COMERCIAL SUL Q 1 CEB, S/N, BLOCO C                   LOJA  10                  EDIF  ANTONIO VENANCIO, BRASILIA, CEP 70301000, Brasilia/DF",2,1,clinica_institucional,(61) 9 9623-7945,celular,+5561996237945,sim,(00) 0000000000,indefinido,,coimbrascontabil@gmail.com
0.3640,DF ODONTO,57.144.571/0001-17,ME,CEILANDIA NORTE (CEILANDIA),"QUADRA EQNP 1/5 BLOCO G LOTE 1, S/N, CEILANDIA NORTE (CEILANDIA), CEP 72240507, Brasilia/DF",1,1,clinica_geral,(61) 9 7401-4615,celular,+5561974014615,sim,(00) 0000000000,indefinido,,andresdiasfiuza@gmail.com
0.3640,DRA. KELLY MACIEL ODONTOLOGIA INTEGRADA,54.995.013/0001-77,ME,SANTA MARIA,"QUADRA QR 403 CONJUNTO C LOTE, 1, LOJA  1, SANTA MARIA, CEP 72503703, Brasilia/DF",2,1,marca_pessoal,(61) 9 8350-3805,celular,+5561983503805,sim,(00) 0000000000,indefinido,,kellymaciel.santos01@gmail.com
0.3640,ORTO VIDA,54.502.710/0001-49,ME,CEILANDIA NORTE (CEILANDIA),"QUADRA QNO 17 CONJUNTO A LT 1, SN, SALA  03, CEILANDIA NORTE (CEILANDIA), CEP 72260771, Brasilia/DF",2,1,clinica_geral,(61) 9 8629-5575,celular,+5561986295575,sim,(00) 0000000000,indefinido,,apaulawerneck@yahoo.com.br
0.3640,KELLY CRIS ODONTO,59.198.391/0001-43,ME,CEILANDIA SUL (CEILANDIA),"QUADRA QNM 1 CONJUNTO H LOTE 18 LOJA, 4, CEILANDIA SUL (CEILANDIA), CEP 72215018, Brasilia/DF",1,1,clinica_geral,(61) 9 8556-3864,celular,+5561985563864,sim,(00) 0000000000,indefinido,,kellycqdf@gmail.com
0.3640,ODONTOLOGIA TIA LUNA,57.281.680/0001-86,ME,PARANOA,"QUADRA QUADRA 25 CONJUNTO I, 01, PARANOA, CEP 71572509, Brasilia/DF",1,1,clinica_geral,(61) 9 9858-0912,celular,+5561998580912,sim,(00) 0000000000,indefinido,,odontoppio@gmail.com
0.3640,ESB ODONTO,52.658.067/0001-11,ME,CEILANDIA SUL (CEILANDIA),"QUADRA QNP 16 CONJUNTO A LOTE, 22, ANDAR 1, CEILANDIA SUL (CEILANDIA), CEP 72231601, Brasilia/DF",2,1,clinica_geral,(61) 9 8497-0377,celular,+5561984970377,sim,(00) 0000000000,indefinido,,esb.secretaria@gmail.com
0.3640,SHOPPING DO DENTE,53.803.757/0001-80,ME,CEILANDIA,"SETOR SETOR O QNO 4 CJ A LT 21, S/N, LOJA  02, CEILANDIA, CEP 72250401, Brasilia/DF",2,1,clinica_geral,(61) 9 9973-4837,celular,+5561999734837,sim,(00) 0000000000,indefinido,,shoppingdodente9@gmail.com
0.3640,BUGARIN ODONTOLOGIA,43.585.738/0001-70,ME,SETOR DE HABITACOES INDIVIDUAIS NORTE,"SETOR SHIN CA 01 LOTE A BLOCO A SALA 140, SN, PAVMTO1, SETOR DE HABITACOES INDIVIDUAIS NORTE, CEP 71503501, Brasilia/DF",4,1,clinica_geral,(61) 9 8155-9073,celular,+5561981559073,sim,,,,bugarinjr@gmail.com
0.3640,LETICIA LUZ ODONTOLOGIA,50.433.965/0001-46,ME,CEILANDIA SUL (CEILANDIA),"QUADRA QNM 5 CONJUNTO E, SN, CASA  10, CEILANDIA SUL (CEILANDIA), CEP 72215055, Brasilia/DF",3,1,marca_pessoal,(61) 9 9942-8318,celular,+5561999428318,sim,(00) 0000000000,indefinido,,leticiajbarros@gmail.com
0.3640,MARCELLE D. DO P. N. CARVALHO,50.546.411/0001-55,ME,GUARA,"SETOR SGCV LT 13, S/N, BLOCO B1                  APT   112, GUARA, CEP 71215630, Brasilia/DF",3,1,clinica_geral,(99) 9 8241-2016,celular,+5599982412016,sim,(00) 0000000000,indefinido,,marcelledayanne_carvalho@hotmail.com
0.3600,ODONTOCLINICA SMILE LTDA,47.328.686/0001-08,ME,SANTA MARIA,"QUADRA CL 216 LOTE G, SN, LOJA  04                        PARTE B, SANTA MARIA, CEP 72546227, Brasilia/DF",4,1,clinica_geral,(61) 3394-8308,fixo,+556133948308,,(00) 0000000000,indefinido,,odontosmile@globo.com
0.3600,SORRIDENTE CLINICAS ODONTOLOGICAS,50.272.621/0001-00,ME,SANTA MARIA,"QUADRA QR 201 CJ J LT 19, S/N, SANTA MARIA, CEP 72501410, Brasilia/DF",3,1,clinica_geral,(61) 9 9538-3192,celular,+5561995383192,sim,(00) 0000000000,indefinido,,freitasmarina@hotmail.com
0.3600,CLUB DO SORRISO ODONTOLOGIA HUMANIZADA,48.961.728/0001-06,ME,CEILANDIA NORTE (CEILANDIA),"QUADRA EQNN 3/5 BLOCO A, S/N, LOTE  05, CEILANDIA NORTE (CEILANDIA), CEP 72225531, Brasilia/DF",3,1,clinica_geral,(61) 3021-0084,fixo,+556130210084,,,,,clubdosorriso23@gmail.com
0.3600,CABRAL ODONTOLOGIA,56.941.597/0001-23,ME,PONTE ALTA NORTE (GAMA),"ALAMEDA DOS IPES (ST HAB PTE TERRA), 716, PONTE ALTA NORTE (GAMA), CEP 72426075, Brasilia/DF",2,1,clinica_geral,(62) 9 8264-2977,celular,+5562982642977,sim,(00) 0000000000,indefinido,,dra.rafaelacabral@hotmail.com
0.3600,ANNA CLARA MENEZES DE FARIA,59.010.634/0001-78,ME,SAMAMBAIA,"SETOR SAMAMBAIA SUL QR 120 CJ 2 LT 5, S/N, SAMAMBAIA, CEP 72304002, Brasilia/DF",1,1,clinica_geral,(61) 9 8541-5576,celular,+5561985415576,sim,(00) 0000000000,indefinido,,annaclaramenezes18@gmail.com
0.3560,ODONTO COMPANY,54.994.278/0001-50,ME,CEILANDIA NORTE (CEILANDIA),"QUADRA QNM 2 CONJUNTO B LOTE 01 LOJA, 02, CEILANDIA NORTE (CEILANDIA), CEP 72210022, Brasilia/DF",2,1,clinica_geral,(61) 9 9558-1082,celular,+5561995581082,sim,(00) 0000000000,indefinido,,odontologia764@gmail.com
0.3560,LUIZ EDUARDO E. DE OLIVEIRA ODONTOLOGIA LTDA,46.349.074/0001-39,ME,SETOR DE HABITACOES INDIVIDUAIS SUL,"SETOR SHIS QI 5 CHACARA, 80, SETOR DE HABITACOES INDIVIDUAIS SUL, CEP 71600620, Brasilia/DF",4,1,marca_pessoal,(61) 9 9520-3017,celular,+5561995203017,sim,(00) 0000000000,indefinido,,luizeduardoeoliveira@gmail.com
0.3540,GOMIDE ODONTOMEDICA,36.979.743/0001-00,ME,CEILANDIA CENTRO (CEILANDIA),"QUADRA CNM 1 BLOCO A LOTE 1 SALA 203, SN, CEILANDIA CENTRO (CEILANDIA), CEP 72215501, Brasilia/DF",6,1,clinica_geral,(61) 3032-3780,fixo,+556130323780,,,,,laergiag3@gmail.com
0.3530,JAIR JUNIOR DE FREITAS ODONTOLOGIA,37.191.908/0001-30,ME,SANTA MARIA,"QUADRA QR 312 CONJUNTO E, SN, CASA  03, SANTA MARIA, CEP 72542505, Brasilia/DF",6,1,clinica_geral,(61) 9 8576-5828,celular,+5561985765828,sim,,,,jairjunior.odonto@gmail.com
0.3525,LABORATORIO DE PROTESE DENTARIA ROSSI,03.602.737/0001-72,ME,PLANO PILOTO,"LOC  CLS, 406, BLOCO C SLJ 19, PLANO PILOTO, CEP 70255530, Brasilia/DF",39,1,clinica_geral,,,,,,,,
0.3520,PORFIRIO ODONTOLOGIA,50.163.331/0001-10,ME,SETOR DE HABITACOES INDIVIDUAIS SUL,"QUADRA SHIS QI 13 BLOCO E, 27, SALA  27, SETOR DE HABITACOES INDIVIDUAIS SUL, CEP 71635168, Brasilia/DF",3,1,clinica_geral,(61) 9 8385-2531,celular,+5561983852531,sim,(00) 0000000000,indefinido,,amandaporfirio.odonto@gmail.com
0.3520,FECHINE ODONTOLOGIA,51.387.351/0001-38,ME,SETOR DE HABITACOES INDIVIDUAIS NORTE,"QUADRA SHIN QI 12 CONJUNTO 8, 0, LOTE  03, SETOR DE HABITACOES INDIVIDUAIS NORTE, CEP 71525280, Brasilia/DF",3,1,clinica_geral,(61) 9 9105-1345,celular,+5561991051345,sim,(00) 0000000000,indefinido,,renatanoliveira@hotmail.com
0.3520,RINOVA ODONTO,48.410.991/0001-07,ME,CEILANDIA NORTE (CEILANDIA),"QUADRA QNN 1 CONJUNTO G, S/N, LOTE  03                  LOJA  02, CEILANDIA NORTE (CEILANDIA), CEP 72225017, Brasilia/DF",3,1,clinica_geral,(61) 9 9503-0638,celular,+5561995030638,sim,,,,rinovaodonto@gmail.com
0.3520,M. T. PEIXOTO,55.211.424/0001-97,ME,SAMAMBAIA,"SETOR SAMAMBAIA NORTE QS 412 CJ F LT 4/5, S/N, SAMAMBAIA, CEP 72320556, Brasilia/DF",2,1,clinica_geral,(61) 9 9400-4903,celular,+5561994004903,sim,(00) 0000000000,indefinido,,dra.thayspeixoto@gmail.com
0.3510,DENTE E FAMILIA,45.558.783/0001-61,ME,CEILANDIA SUL (CEILANDIA),"QUADRA QNM 17 CJ H LT 58, SN, SALA  304 ED CENTER ONE, CEILANDIA SUL (CEILANDIA), CEP 72215178, Brasilia/DF",4,1,clinica_geral,(61) 9 9918-8495,celular,+5561999188495,sim,,,,cinthya_diasdf@yahoo.com.br
0.3480,JV ODONTOLOGIA LTDA,58.409.974/0001-03,ME,RECANTO DAS EMAS,"AVENIDA RECANTO DAS EMAS QUADRA 104 COMERCIO LOCAL, S/N, LOTE  08/11               SALA  103 E 104, RECANTO DAS EMAS, CEP 72600424, Brasilia/DF",1,1,clinica_geral,(61) 9 9150-3109,celular,+5561991503109,sim,(00) 0000000000,indefinido,,drajuliavieirasousa@gmail.com
0.3480,MYLENA ODONTOLOGIA LTDA,55.796.433/0001-97,ME,AREAL,"QUADRA QS 7 LOTE, 01, APT   APT 01 PARTE, AREAL, CEP 71966900, Brasilia/DF",2,1,clinica_geral,(61) 3965-0000,fixo,+556139650000,,(00) 0000000000,indefinido,,dominiocontabilidade@gmail.com
0.3480,DRA FLAVIA SERVICOS ODONTOLOGICOS,52.693.056/0001-72,ME,CEILANDIA,"SETOR SETOR N QNN 23 CJ E LT 8, S/N, CEILANDIA, CEP 72225235, Brasilia/DF",2,1,marca_pessoal,(61) 9 8264-0249,celular,+5561982640249,sim,(00) 0000000000,indefinido,,draflaviabruna@gmail.com
0.3480,ENDOTECH ODONTOLOGIA,58.996.707/0001-80,ME,SETOR DE HABITACOES INDIVIDUAIS NORTE,"QUADRA SHIN QI 7 CONJUNTO 13 CASA, 15, SETOR DE HABITACOES INDIVIDUAIS NORTE, CEP 71515130, Brasilia/DF",1,1,clinica_geral,(61) 9 9273-4075,celular,+5561992734075,sim,(00) 0000000000,indefinido,,silveirasantos.2502@gmail.com
0.3480,NERY NEUHAUSS SAUDE,53.640.631/0001-31,ME,CEILANDIA,"SETOR SETOR P QNP 5 CJ S LT 22, S/N, CEILANDIA, CEP 72240419, Brasilia/DF",2,1,clinica_geral,(61) 9 9546-2679,celular,+5561995462679,sim,(00) 0000000000,indefinido,,contato.neryneuhauss@gmail.com
0.3480,ODONTORABELO,57.799.516/0001-65,ME,SETOR MILITAR URBANO,"QUADRA QRSN CONJUNTO 4, 1816, SETOR MILITAR URBANO, CEP 70630512, Brasilia/DF",1,1,clinica_geral,(55) 9 8116-7094,celular,+5555981167094,sim,(00) 0000000000,indefinido,,carolinerabelodonascimento@gmail.com
0.3480,SANDERLEY LESSA ODONTOLOGIA,59.218.523/0001-51,ME,VILA PLANALTO,"RUA NACIONAL (ACAMP DFL) LOTE 07, S/N, APT   04, VILA PLANALTO, CEP 70803150, Brasilia/DF",1,1,clinica_geral,(68) 9 8101-3076,celular,+5568981013076,sim,(00) 0000000000,indefinido,,sanderley153@gmail.com
0.3480,WIN ODONTOLOGIA INTEGRADA,53.221.120/0001-85,ME,CEILANDIA,"SETOR SETOR N QNN 1 CJ B LT 3, S/N, SALA  101, CEILANDIA, CEP 72225012, Brasilia/DF",2,1,clinica_geral,(61) 9 8348-3859,celular,+5561983483859,sim,(00) 0000000000,indefinido,,odontologiawin@gmail.com
0.3480,XAVIER ODONTOLOGIA,54.763.607/0001-52,ME,SETOR DE HABITACOES INDIVIDUAIS NORTE,"QUADRA CA 2 BLOCO D, S/N, APT   424, SETOR DE HABITACOES INDIVIDUAIS NORTE, CEP 71503502, Brasilia/DF",2,1,clinica_geral,(61) 9 9650-6563,celular,+5561996506563,sim,(00) 0000000000,indefinido,,dratainaxavier@gmail.com
0.3480,DENS ODONTOLOGIA,52.933.597/0001-20,ME,CEILANDIA NORTE (CEILANDIA),"QUADRA QNP 5 CONJUNTO L, SN, LOTE  26, CEILANDIA NORTE (CEILANDIA), CEP 72240412, Brasilia/DF",2,1,clinica_geral,(61) 9 8484-5518,celular,+5561984845518,sim,(00) 0000000000,indefinido,,xxxxxxxxxxxxxxx@gmail.com
0.3480,HUMANIZZE ODONTOLOGIA,59.026.946/0001-70,ME,RECANTO DAS EMAS,"QUADRA 103 AVENIDA RECANTO DAS EMAS, SN, LOTE  09                  SALA  02, RECANTO DAS EMAS, CEP 72600300, Brasilia/DF",1,1,clinica_geral,(61) 3622-4525,fixo,+556136224525,,(00) 0000000000,indefinido,,juridico@dinamicacontabilidadelza.com.br
0.3480,MARIANA F. MARTINS LTDA,58.506.200/0001-09,ME,VILA PLANALTO,"RUA 2 (ACAMP TAMBORIL), 16, VILA PLANALTO, CEP 70801020, Brasilia/DF",1,1,marca_pessoal,(65) 9 8414-8656,celular,+5565984148656,sim,(00) 0000000000,indefinido,,mtgcontabilidade@outlook.com
0.3480,PREV ORAL,59.081.384/0001-67,ME,CEILANDIA NORTE (CEILANDIA),"QUADRA QNM 18 CONJUNTO B LOTE 02, S/N, LOJA  02 PARTE A, CEILANDIA NORTE (CEILANDIA), CEP 72210182, Brasilia/DF",1,1,clinica_geral,(61) 3047-0040,fixo,+556130470040,,(61) 3065-5134,fixo,+556130655134,prevoralcontabilidade@gmail.com
0.3440,CENTRAL ODONTOLOGIA LTDA.,51.355.510/0001-12,ME,CEILANDIA NORTE (CEILANDIA),"QUADRA QNM 18 CONJUNTO C, S/NR, LOTE  01                  SALA  104, CEILANDIA NORTE (CEILANDIA), CEP 72210183, Brasilia/DF",3,1,clinica_geral,(61) 9 9297-4059,celular,+5561992974059,sim,,,,mhmnsilva123@gmail.com
0.3400,JOVI ODONTOLOGIA,58.318.501/0001-09,ME,SETOR MEIRELES (SANTA MARIA),"AVENIDA MONUMENTAL RESIDENCIAL PORTO PILAR, SN, QUADRA302                 BLOCO E1                  APT   201, SETOR MEIRELES (SANTA MARIA), CEP 72583500, Brasilia/DF",1,1,clinica_geral,(61) 9 8277-6712,celular,+5561982776712,sim,,,,odontologiajovi@gmail.com
0.3400,SERENECARE,55.438.632/0001-23,ME,PLANO PILOTO,"SETOR SHCS SQS 410 BL J, S/N, PLANO PILOTO, CEP 70276100, Brasilia/DF",2,1,clinica_geral,(61) 9 9929-5440,celular,+5561999295440,sim,(00) 0000000000,indefinido,,serenecare.bsb@gmail.com
0.3400,VALOR ODONTOLOGIA INTEGRADA,57.745.062/0001-40,ME,PLANO PILOTO,"SETOR SBN Q 1 BL F, S/N, EDIF  PALACIO             ANDAR 17, PLANO PILOTO, CEP 70040908, Brasilia/DF",1,1,clinica_geral,(11) 3231-4580,fixo,+551132314580,,(00) 0000000000,indefinido,,dte@bwa.global
0.3390,ELZA GERALDA ODONTOLOGIA - CEILANDIA,52.510.445/0001-15,ME,CEILANDIA CENTRO (CEILANDIA),"QUADRA CNM 2 BLOCO B SALA, 208, EDIF  COSTA AZUL, CEILANDIA CENTRO (CEILANDIA), CEP 72210502, Brasilia/DF",2,1,clinica_geral,(61) 9 9302-5231,celular,+5561993025231,sim,(00) 0000000000,indefinido,,grupodablioeme@gmail.com
0.3360,ODONTOCOMPANY CIDADE ESTRUTURAL,44.145.634/0001-08,ME,SETOR ESPECIAL (VILA ESTRUTURAL),"QUADRA QUADRA 1 CONJUNTO 6 LOTE, 2, LOJA  02, SETOR ESPECIAL (VILA ESTRUTURAL), CEP 71266040, Brasilia/DF",4,1,clinica_geral,(61) 9 8534-0060,celular,+5561985340060,sim,,,,odontocompanytaguatinga@gmail.com
0.3350,DRA. CAMILA FERREIRA,50.222.297/0001-08,ME,PARANOA,"QUADRA 23 CONJUNTO 17, 17, LOJA  01, PARANOA, CEP 71572315, Brasilia/DF",3,1,marca_pessoal,(61) 9 9420-8488,celular,+5561994208488,sim,,,,cmlbarbosaferreira@gmail.com
0.3320,MARA DENISE JOSE LEITE LTDA,55.849.609/0001-21,ME,PLANO PILOTO,"SETOR SHCN CLN 406 BL A, S/N, LOJA  48 SS, PLANO PILOTO, CEP 70847510, Brasilia/DF",2,1,clinica_geral,(61) 9 9931-2508,celular,+5561999312508,sim,(00) 0000000000,indefinido,,maraleitedentista@gmail.com
0.3320,MARQUES MORENO LTDA,59.143.710/0001-13,ME,SANTA MARIA,"QUADRA QR 316 CONJUNTO A, SN, CASA  15, SANTA MARIA, CEP 72546601, Brasilia/DF",1,1,clinica_geral,(61) 9 9679-9961,celular,+5561996799961,sim,(00) 0000000000,indefinido,,julianamrqs96@gmail.com
0.3270,ALYNE RODRIGUES CHAVES ODONTOLOGIA,50.086.272/0001-24,ME,SETOR DE HABITACOES INDIVIDUAIS NORTE,"QUADRA CA 11 (CENTRO DE ATIVIDADES) LOTE, 11, EDIF  NEXT                BLOCO 1                   APT   112, SETOR DE HABITACOES INDIVIDUAIS NORTE, CEP 71503511, Brasilia/DF",3,1,clinica_geral,(61) 9 9512-3503,celular,+5561995123503,sim,(00) 0000000000,indefinido,,alyne.rodriigues@live.com
0.3270,IMPACT ODONTOLOGIA AVANCADA,48.414.394/0001-50,ME,SANTA MARIA,"QUADRA CL 215, SN, LOTE  C                   SALA  501B, SANTA MARIA, CEP 72545223, Brasilia/DF",3,1,clinica_geral,(61) 9 9568-2072,celular,+5561995682072,sim,,,,mauriciorc94@hotmail.com
0.3270,RAFAELA DOURADO ATAIDE DENTISTA,50.001.256/0001-91,ME,SETOR DE HABITACOES INDIVIDUAIS NORTE,"QUADRA SHI/N CA 8 BL A TO 1, SN, SALA  107, SETOR DE HABITACOES INDIVIDUAIS NORTE, CEP 71503508, Brasilia/DF",3,1,clinica_geral,(61) 9 9379-6904,celular,+5561993796904,sim,(00) 0000000000,indefinido,,drarafinha.ataide@gmail.com
0.3270,TCR ODONTOLOGIA,50.433.370/0001-90,ME,BRASILIA,"SETOR SQN 110 BL L, S/N, APT   610, BRASILIA, CEP 70753120, Brasilia/DF",3,1,clinica_geral,(61) 9 8127-2818,celular,+5561981272818,sim,(00) 0000000000,indefinido,,thatiramos15@hotmail.com
0.3250,RDO ODONTOLOGIA E CIRURGIA BUCOMAXILOFACIAL,46.161.217/0001-84,ME,SOBRADINHO,"QUADRA 02 CONJUNTO A CL, 18, LOJA  01 PARTE, SOBRADINHO, CEP 73015120, Brasilia/DF",4,1,clinica_geral,(61) 3487-1077,fixo,+556134871077,,(00) 0000000000,indefinido,,camila-harumi@hotmail.com
0.3240,CAROLINA FONTANA ODONTOLOGIA LTDA,59.515.291/0001-01,ME,RECANTO DAS EMAS,"QUADRA Q 603 CJ 8 LT 4, S/N, RECANTO DAS EMAS, CEP 72640308, Brasilia/DF",1,1,marca_pessoal,(61) 9 9970-9254,celular,+5561999709254,sim,(00) 0000000000,indefinido,,carolinaferreirafontana@gmail.com
0.3230,NATHALIA CAMPOS GONCALVES,58.758.836/0001-30,ME,CEILANDIA,"SETOR SETOR O NORTE QNO 6 CJ H LT 31, S/N, CEILANDIA, CEP 72251608, Brasilia/DF",1,1,marca_pessoal,(61) 9 9838-4354,celular,+5561998384354,sim,(00) 0000000000,indefinido,,nathcamposg15@gmail.com
0.3230,DENTISTA DO CANAL,58.104.714/0001-20,ME,PARANOA,"QUADRA 29 CONJUNTO 21 LOTE, 11, SALA  101, PARANOA, CEP 71573017, Brasilia/DF",1,1,clinica_geral,(61) 9 8304-3205,celular,+5561983043205,sim,(00) 0000000000,indefinido,,dentistadocanal@gmail.com
