propensao,nome,cnpj,porte,bairro,idade_anos,unidades,capital_social,telefone,arquetipo,capacidade,fit_ticket
0.9200,RENOVE - ESTETICA E IMPLANTES ORAIS,16.803.567/0001-36,EPP,ASA NORTE,14,1,100000.0,(61) 81790097,especialista_alto_ticket,0.8,1.0
0.9120,IMPLANTOMED,12.067.091/0001-61,EPP,ASA SUL,16,1,350000.0,(61) 32023656,especialista_alto_ticket,0.78,1.0
0.9120,VITAL IMPLANTES E TRATAMENTOS DENTARIOS,10.255.802/0001-04,EPP,ASA NORTE,18,1,80000.0,(61) 30325666,especialista_alto_ticket,0.78,1.0
0.9105,OSTEO IMPLANTE,10.283.428/0001-42,EPP,TAGUATINGA,18,2,500000.0,(61) 30366116,multi_unidade,0.97,1.0
0.9040,PATRICIA PIZZO ORTODONTIA,18.658.855/0001-70,EPP,NORTE (AGUAS CLARAS),13,1,99800.0,(61) 30241777,marca_pessoal,0.76,1.0
0.9040,INSTITUTO DE ORTODONTIA MACHADO E AUDICAO,02.272.945/0002-79,EPP,ASA NORTE,17,1,78800.0,(61) 32250655,especialista_alto_ticket,0.76,1.0
0.9000,EVERFACE ODONTOLOGIA ESPECIALIZADA,12.007.751/0001-19,EPP,ASA SUL,16,1,100000.0,(61) 33263361,especialista_alto_ticket,0.75,1.0
0.8960,ORTHOS TAGUATINGA,11.438.103/0001-54,DEMAIS,AREAL (AGUAS CLARAS),16,1,200000.0,(61) 39012015,especialista_alto_ticket,0.74,1.0
0.8940,FABULA ODONTOPEDIATRIA E ORTODONTIA,09.431.884/0001-03,DEMAIS,ASA NORTE,18,2,190000.0,(61) 99675834,multi_unidade,0.76,1.0
0.8880,FACES ODONTOLOGIA ESTETICA LTDA,24.396.735/0001-44,EPP,AGUAS CLARAS,10,1,90000.0,(61) 30112400,especialista_alto_ticket,0.72,1.0
0.8880,IBI INSTITUTO BRASILIENSE DE IMPLANTODONTIA,22.580.698/0001-02,DEMAIS,ASA SUL,11,1,80000.0,(61) 35415562,especialista_alto_ticket,0.72,1.0
0.8840,CRIE ODONTOLOGIA,06.092.065/0001-90,DEMAIS,ASA NORTE,22,1,100000.0,(61) 33264245,especialista_alto_ticket,0.71,1.0
0.8760,SALLUM - ODONTOLOGIA ESTETICA,18.661.055/0001-08,DEMAIS,ASA SUL,13,1,250000.0,(61) 32250655,especialista_alto_ticket,0.69,1.0
0.8760,CLAUDIO PINHO ODONTOLOGIA,18.256.199/0001-89,DEMAIS,ASA SUL,13,1,100000.0,(61) 33210999,marca_pessoal,0.69,1.0
0.8720,WV IMPLANTODONTIA,20.600.926/0001-25,DEMAIS,ASA SUL,12,1,30000.0,(61) 33545337,especialista_alto_ticket,0.68,1.0
0.8720,TALITA CHIMELI ODONTOLOGIA ESTETICA AVANCADA,17.558.238/0001-30,EPP,ASA SUL,13,1,5000.0,(61) 84967376,marca_pessoal,0.68,1.0
0.8680,CENTRO CLINICO DE ORTODONTIA GOMIDE LTDA,09.297.726/0001-02,EPP,ASA SUL,18,1,30000.0,(61) 33270404,especialista_alto_ticket,0.67,1.0
0.8680,BICALHO ORTODONTIA,08.195.989/0001-48,EPP,ASA NORTE,20,1,20000.0,(61) 33280072,especialista_alto_ticket,0.67,1.0
0.8670,IMPLANT CENTER,02.947.854/0001-05,EPP,ASA SUL,27,1,300000.0,(61) 32242882,especialista_alto_ticket,0.78,1.0
0.8630,CIR PREMIER - CENT DE EXC EM REABILIT E ESTETICA ORAL,38.078.804/0001-86,DEMAIS,LAGO SUL,32,1,640000.0,(61) 33469001,especialista_alto_ticket,0.77,1.0
0.8560,BRASILIA IMPLANTES,13.597.580/0001-98,DEMAIS,ASA NORTE,15,1,50000.0,(61) 32016011,especialista_alto_ticket,0.64,1.0
0.8560,ORTHO LIFE,17.738.983/0001-60,DEMAIS,ASA SUL,13,1,10000.0,(61) 32258767,especialista_alto_ticket,0.64,1.0
0.8520,IMPLANTO,06.894.189/0001-90,DEMAIS,ASA SUL,22,1,30000.0,(61) 32451122,especialista_alto_ticket,0.63,1.0
0.8520,SIGA ODONTOLOGIA ESPECIALIZADA,04.960.797/0001-20,DEMAIS,ASA SUL,24,1,30000.0,(61) 20995454,especialista_alto_ticket,0.63,1.0
0.8510,AQUARIUM ODONTOLOGIA E HARMONIZACAO,02.729.456/0001-12,DEMAIS,ASA SUL,28,1,67800.0,(61) 99881987,especialista_alto_ticket,0.74,1.0
0.8480,PRIME ESTETICA FACIAL,15.916.061/0001-70,EPP,ASA SUL,14,1,30000.0,(61) 96999798,especialista_alto_ticket,0.62,1.0
0.8460,MOYA ORTODONTIA E ORTOPEDIA FACIAL,04.807.338/0001-00,DEMAIS,ASA NORTE,24,2,9000.0,(61) 32025236,multi_unidade,0.64,1.0
0.8440,AMAZING HOF,06.091.551/0001-94,ME,SUL (AGUAS CLARAS),22,1,2500000.0,(61) 82136761,especialista_alto_ticket,0.61,1.0
0.8440,EDUARDO BURGEL PERIODONTIA E IMPLANTES,18.300.662/0001-42,DEMAIS,ASA NORTE,13,1,49000.0,(61) 30818888,marca_pessoal,0.61,1.0
0.8400,DF IMPLANTES,12.253.772/0001-14,DEMAIS,ASA SUL,16,1,20000.0,(61) 33462724,especialista_alto_ticket,0.6,1.0
0.8360,BLU ODONTOLOGIA,21.006.753/0001-84,DEMAIS,ASA NORTE,12,1,300000.0,(61) 39640691,clinica_geral,0.79,0.6
0.8360,ORTHOS AGUAS CLARAS ODONTOLOGIA S/S LTDA,11.438.113/0001-90,DEMAIS,AGUAS CLARAS,16,1,10000.0,(61) 39012000,especialista_alto_ticket,0.59,1.0
0.8340,COB CENTRO ODONTOLOGICO DE BRASILIA,20.320.346/0001-84,EPP,ASA SUL,12,2,210000.0,(61) 81759394,multi_unidade,0.81,0.6
0.8325,CENTRO ODONTOLOGICO IMPLANTAR,09.308.505/0001-92,EPP,SAMAMBAIA,18,1,100000.0,(61) 30371353,especialista_alto_ticket,0.75,1.0
0.8320,INSTITUTO ODONTOLOGICO RABELLO DE MORAIS,06.151.555/0001-10,EPP,ASA SUL,22,1,90000.0,(61) 34428113,clinica_institucional,0.78,0.6
0.8320,CARPE RISUS ODONTOLOGIA,07.815.088/0001-49,EPP,ASA NORTE,20,1,50000.0,(61) 95564939,clinica_geral,0.78,0.6
0.8320,AMBERGET ODONTOLOGIA,14.483.584/0001-08,DEMAIS,ASA NORTE,14,1,40000.0,(61) 33289342,especialista_alto_ticket,0.58,1.0
0.8320,PRO-SAUDE,10.867.723/0001-46,EPP,ASA NORTE,17,1,2000.0,(61) 30392199,especialista_alto_ticket,0.58,1.0
0.8285,REDE ODONTO,10.724.666/0001-46,EPP,GAMA,17,1,20000.0,(61) 32742184,especialista_alto_ticket,0.74,1.0
0.8280,DUTRA ORTODONTIA E ORTOPEDIA FUNCIONAL DOS MAXILARES LTDA,24.455.710/0001-74,DEMAIS,ASA NORTE,10,1,20000.0,(61) 33264530,especialista_alto_ticket,0.57,1.0
0.8280,CENTRO DE IMPLANTODONTIA AVANCADA,23.205.813/0001-13,DEMAIS,ASA SUL,11,1,10000.0,(61) 32261281,especialista_alto_ticket,0.57,1.0
0.8270,CEDRO CLINICA DE ESTETICA DENTAL E REABILITACAO ORAL,04.478.084/0001-24,EPP,ASA SUL,25,1,99800.0,(061) 3211799,especialista_alto_ticket,0.68,1.0
0.8245,ORTHO ART STUDIO,37.441.410/0001-88,EPP,ASA SUL,6,1,70000.0,(61) 32013212,especialista_alto_ticket,0.73,1.0
0.8240,021 DENTAL CONJUNTO NACIONAL BRASILIA ODONTOLOGIA,25.025.613/0001-04,EPP,ASA NORTE,10,1,80000.0,(61) 91951731,clinica_geral,0.76,0.6
0.8230,ESTETICA E PERIODONTIA BUCAL,00.254.275/0001-51,DEMAIS,ASA SUL,31,1,50000.0,(61) 33463545,especialista_alto_ticket,0.67,1.0
0.8205,ORTODONTIC CENTER,14.165.437/0001-90,EPP,SAMAMBAIA SUL,15,1,120000.0,(61) 33715965,especialista_alto_ticket,0.72,1.0
0.8200,HANDS ODONTOLOGIA,06.185.687/0001-63,EPP,ASA SUL,22,1,104500.0,(61) 81389847,clinica_institucional,0.75,0.6
0.8170,AQUARELA CENTRO DE ORTODONTIA,24.902.702/0001-29,EPP,ASA NORTE,38,2,10000.0,(61) 83830333,multi_unidade,0.68,1.0
0.8165,ORTO MAIS IMPLANTES,17.820.495/0001-06,EPP,SETOR CENTRAL (GAMA),13,1,80000.0,(61) 82425333,especialista_alto_ticket,0.71,1.0
0.8160,SEDAODONTO,05.058.559/0001-96,ME,ASA NORTE,24,1,1793501.0,(61) 33262220,especialista_alto_ticket,0.54,1.0
0.8085,"LEVITE ODONTOLOGIA, SAUDE E ESTETICA INTEGRADA LTDA",34.056.350/0001-91,DEMAIS,ASA NORTE,7,1,110000.0,(61) 99090431,especialista_alto_ticket,0.69,1.0
0.8085,CENTRO ODONTOLOGICO IMPLANTAR,18.434.643/0001-09,EPP,TAGUATINGA SUL (TAGUATINGA),13,1,80000.0,(61) 32084100,especialista_alto_ticket,0.69,1.0
0.8080,INSTITUTO HORIZZON OM,24.925.220/0001-94,DEMAIS,SUL (AGUAS CLARAS),10,1,50000.0,(61) 37021555,clinica_institucional,0.72,0.6
0.8080,IMP - ODONTO,22.657.041/0001-98,EPP,NORTE (AGUAS CLARAS),11,1,20000.0,(61) 99999999,clinica_institucional,0.72,0.6
0.8070,ESTETICA INTEGRADA,04.017.394/0001-41,DEMAIS,ASA NORTE,26,1,30000.0,(61) 32014040,especialista_alto_ticket,0.63,1.0
0.8070,CS - ODONTOPEDIATRIA E ORTODONTIA,01.273.183/0001-81,EPP,ASA NORTE,30,1,7000.0,(61) 33289501,especialista_alto_ticket,0.63,1.0
0.8045,CIOB,05.431.576/0001-27,EPP,SETOR SUL (GAMA),23,1,96000.0,(61) 35637612,especialista_alto_ticket,0.68,1.0
0.8045,EXCELENCIA ODONTOLOGIA,13.498.687/0001-89,EPP,RIACHO FUNDO,15,1,50000.0,(61) 84414040,especialista_alto_ticket,0.68,1.0
0.8045,ORTHO TRAUMA,18.688.888/0001-62,DEMAIS,TAGUATINGA SUL (TAGUATINGA),13,1,20000.0,(61) 82282082,especialista_alto_ticket,0.68,1.0
0.8040,ODONTOTAL,05.525.628/0001-24,EPP,ASA SUL,23,1,80000.0,(61) 32445566,clinica_geral,0.71,0.6
0.8040,CLINICA SMILE CENTER,07.836.557/0001-06,EPP,ASA NORTE,20,1,80000.0,(61) 33270046,clinica_institucional,0.71,0.6
0.8040,AURA ODONTOLOGIA,08.344.971/0001-60,ME,ASA NORTE,19,1,95400.0,(61) 30335979,especialista_alto_ticket,0.51,1.0
0.8000,VERTHO ODONTOLOGIA ESPECIALIZADA,06.154.401/0001-82,DEMAIS,ASA NORTE,22,1,45000.0,(61) 3998138,clinica_institucional,0.7,0.6
0.8000,HUMANIZA ODONTOLOGIA ESPECIALIZADA,13.068.898/0001-81,DEMAIS,ASA NORTE,15,1,25000.0,(61) 33271629,clinica_institucional,0.7,0.6
0.8000,CLINICA ELIANA MORESCHI ODONTOLOGIA,04.679.624/0001-38,DEMAIS,ASA NORTE,24,1,20000.0,(61) 33268424,clinica_geral,0.7,0.6
0.7990,E & M ODONTO,01.310.078/0001-75,EPP,ASA SUL,37,1,3000.0,(61) 32267126,especialista_alto_ticket,0.61,1.0
0.7990,CLINICA TIZIOTTI,24.889.750/0001-24,EPP,ASA SUL,38,1,2000.0,(61) 32420192,especialista_alto_ticket,0.61,1.0
0.7980,BANTIM ESTETICA ORAL,09.813.856/0001-50,ME,ASA SUL,18,2,20000.0,(61) 96485771,multi_unidade,0.52,1.0
0.7965,REDE ODONTO,09.060.675/0001-09,DEMAIS,SOBRADINHO,19,1,10000.0,(31) 32128441,especialista_alto_ticket,0.66,1.0
0.7965,IOL ORTODONTIA,05.562.679/0001-26,EPP,TAGUATINGA,23,1,0.0,(61) 3516784,especialista_alto_ticket,0.66,1.0
0.7960,QUATRO ODONTOLOGIA,21.909.968/0001-05,DEMAIS,ASA SUL,11,2,400000.0,(61) 30364100,multi_unidade,0.84,0.35
0.7960,PERSONNALITE ODONTOLOGIA,15.016.838/0001-40,DEMAIS,ASA NORTE,14,1,115000.0,(61) 33498153,clinica_institucional,0.69,0.6
0.7960,PREMIER ODONTOLOGIA OROFACIAL,24.427.043/0001-16,ME,ASA NORTE,10,1,88000.0,(61) 30248571,clinica_geral,0.49,1.0
0.7960,IMPLANTO PRIME,26.058.181/0001-09,ME,ASA SUL,10,1,80000.0,(61) 30341598,especialista_alto_ticket,0.49,1.0
0.7960,AQUARIUS ORTODONTIA,18.950.047/0001-81,ME,ASA NORTE,12,1,50000.0,(61) 30336087,especialista_alto_ticket,0.49,1.0
0.7960,GRATONE,21.333.358/0001-06,ME,ASA NORTE,11,1,50000.0,(61) 33515008,especialista_alto_ticket,0.49,1.0
0.7925,VITAL IMPLANTES / VITAL CLINICA ODONTOLOGICA / ORAL MED,18.198.904/0001-39,DEMAIS,TAGUATINGA,13,1,70000.0,(61) 30331122,especialista_alto_ticket,0.65,1.0
0.7920,TBH CENTRO ODONTOLOGICO,10.889.154/0001-30,DEMAIS,NORTE (AGUAS CLARAS),17,1,134772.0,(61) 39670442,clinica_institucional,0.68,0.6
0.7920,AFB CLINICA ODONTOLOGICA LTDA,24.377.323/0001-67,DEMAIS,AGUAS CLARAS,10,1,88000.0,(61) 32266883,clinica_geral,0.68,0.6
0.7920,IE ODONTOLOGIA,07.541.715/0001-09,EPP,ASA SUL,21,1,72400.0,(61) 33227565,clinica_institucional,0.68,0.6
0.7920,MAXXIMUS IMPLANTES,14.238.868/0001-39,ME,ASA NORTE,15,1,105000.0,(61) 30335995,especialista_alto_ticket,0.48,1.0
0.7910,CREDENT-CLINICA DE REABILITACAO ESTETICA DENTARIA LTDA,72.582.463/0001-10,EPP,ASA SUL,32,1,10000.0,(61) 33467091,especialista_alto_ticket,0.59,1.0
0.7910,DENTAIRE - ODONTOLOGIA ESTETICA AVANCADA,00.141.891/0001-04,DEMAIS,ASA NORTE,32,1,10000.0,(61) 33286066,especialista_alto_ticket,0.59,1.0
0.7910,ORTHOS ODONTOLOGIA LTDA,03.046.009/0001-21,EPP,ASA NORTE,27,1,10000.0,(61) 39012000,especialista_alto_ticket,0.59,1.0
0.7910,ORTOBRASILIA ORTODONTIA S/S LTDA,04.507.212/0001-10,EPP,ASA NORTE,25,1,10000.0,(61) 98683904,especialista_alto_ticket,0.59,1.0
0.7910,ERTTY ORTODONTIA,03.677.835/0001-79,EPP,LAGO SUL,26,1,0.0,(061) 2480859,especialista_alto_ticket,0.59,1.0
0.7885,RUSTON DIAS ODONTOLOGIA PREMIUM,11.016.753/0001-01,EPP,TAGUATINGA CENTRO,17,1,30000.0,(61) 81825689,especialista_alto_ticket,0.64,1.0
0.7885,REDE ODONTO,15.013.516/0001-48,DEMAIS,SETOR HOSPITALAR (PLANALTINA),14,1,10000.0,(61) 81126023,especialista_alto_ticket,0.64,1.0
0.7880,IOE INSTITUTO DE ODONTOLOGIA ESPECIALIZADA,08.923.158/0001-45,DEMAIS,ASA NORTE,19,1,88000.0,(61) 33495659,clinica_institucional,0.67,0.6
0.7880,DENTAL DESIGN,08.963.430/0001-10,DEMAIS,ASA NORTE,19,1,60000.0,(61) 33220002,clinica_institucional,0.67,0.6
0.7880,LOE,05.313.098/0001-50,EPP,ASA SUL,23,1,30000.0,(61) 31313131,clinica_institucional,0.67,0.6
0.7880,IORR - INSTITUTO ODONTOLOGICO ROCHA RAMOS,04.671.937/0001-40,EPP,ASA SUL,24,1,20000.0,(61) 32240931,clinica_institucional,0.67,0.6
0.7880,IMPLANT & ART ODONTOLOGICA ESPECIALIZADA,11.878.512/0001-71,ME,ASA NORTE,16,1,20000.0,(61) 33280073,especialista_alto_ticket,0.47,1.0
0.7880,VANESSA BILACCHI ODONTOLOGIA E ESTETICA,07.664.106/0001-39,ME,ASA SUL,20,1,20000.0,(61) 33641219,marca_pessoal,0.47,1.0
0.7880,INSTITUTO DE IMPLANT. E ESTETICA FERNANDO MENICUCCI,07.036.474/0001-32,EPP,ASA SUL,21,1,0.0,,especialista_alto_ticket,0.47,1.0
0.7870,DENTAL DESIGN,04.213.533/0001-02,EPP,ASA SUL,25,1,50000.0,(61) 32331662,clinica_institucional,0.78,0.6
0.7870,LUSTOSA ORTODONTIA,04.243.149/0001-52,ME,ASA NORTE,25,1,272000.0,(61) 32254070,especialista_alto_ticket,0.58,1.0
0.7845,ORTOESTETICA AGUAS CLARAS,41.106.652/0001-92,EPP,SUL (AGUAS CLARAS),5,1,80000.0,(61) 35538393,especialista_alto_ticket,0.63,1.0
0.7845,AURELIANO ODONTOLOGIA E ESTETICA,43.256.268/0001-00,EPP,NORTE (AGUAS CLARAS),5,1,60000.0,(61) 92492662,especialista_alto_ticket,0.63,1.0
0.7845,YONARA GONCALVES ODONTOLOGIA ESTETICA,39.794.457/0001-50,EPP,AREA OCTOGONAL,5,1,50000.0,(61) 91381834,especialista_alto_ticket,0.63,1.0
0.7840,ORALUS,19.438.427/0001-02,DEMAIS,ASA SUL,12,1,100000.0,(61) 81300924,clinica_geral,0.66,0.6
0.7840,ORALCLIN,05.159.302/0001-20,EPP,AREA OCTOGONAL,24,1,0.0,(61) 33617345,clinica_institucional,0.66,0.6
0.7805,CENTRO DE ESTETICA ORAL,22.693.461/0001-20,EPP,SOBRADINHO,11,1,40000.0,(61) 35475870,especialista_alto_ticket,0.62,1.0
0.7800,IPO PALMIERI,23.490.930/0001-76,DEMAIS,ASA NORTE,10,1,50000.0,(61) 33261131,clinica_institucional,0.65,0.6
0.7800,DM IMPLANTUS,12.065.494/0001-71,ME,ASA NORTE,16,1,105000.0,(61) 39636100,especialista_alto_ticket,0.45,1.0
0.7800,CLINICA BELA ARTE - ODONTOLOGIA ESTETICA AVANCADA,08.373.594/0001-98,ME,ASA SUL,19,1,100000.0,(61) 45017171,especialista_alto_ticket,0.45,1.0
0.7800,CLINICA ORTHOLIFE JK,17.968.319/0001-08,ME,ASA SUL,13,1,30000.0,(61) 32258767,especialista_alto_ticket,0.45,1.0
0.7800,ODONTOLOGIA E ESTETICA DENTE NOVO,20.410.740/0001-03,ME,SETOR HABITACIONAL VICENTE PIRES - TRECHO 3,12,1,20000.0,(61) 99193145,especialista_alto_ticket,0.45,1.0
0.7790,IORTO,74.171.281/0001-81,DEMAIS,ASA NORTE,32,1,15000.0,(61) 33286264,especialista_alto_ticket,0.56,1.0
0.7785,ORTHOS,11.979.775/0001-77,DEMAIS,GUARA I,16,2,10000.0,(61) 99644763,multi_unidade,0.64,1.0
0.7780,INTEGRATO MEDICINA DENTAL AVANCADA,12.492.303/0001-58,DEMAIS,ASA SUL,15,1,960000.0,(61) 34439555,clinica_geral,0.77,0.35
0.7765,ABSOLUTE ODONTOLOGIA,18.725.714/0001-22,EPP,SAMAMBAIA NORTE SAMAMBAIA,13,1,15000.0,(61) 30490046,especialista_alto_ticket,0.61,1.0
0.7760,PRIME ODONTOLOGIA ESPECIALIZADA,12.527.090/0001-52,DEMAIS,ASA NORTE,15,1,50000.0,(61) 92294119,clinica_institucional,0.64,0.6
0.7760,C O E HL,10.917.802/0001-14,DEMAIS,ASA SUL,17,1,50000.0,(61) 30370202,clinica_geral,0.64,0.6
0.7760,FRAME ODONTOLOGIA ESPECIALIZADA,15.787.847/0001-35,DEMAIS,ASA SUL,14,1,15000.0,(61) 81615401,clinica_institucional,0.64,0.6
0.7760,.,11.181.173/0001-70,DEMAIS,ASA NORTE,16,1,2000.0,(61) 33285613,clinica_geral,0.64,0.6
0.7760,DERMODONTO,09.207.266/0001-84,ME,ASA SUL,18,1,95400.0,(61) 33210999,especialista_alto_ticket,0.44,1.0
0.7760,NEO - NUCLEO DE ESTETICA ORAL,09.501.134/0001-60,ME,ASA NORTE,18,1,73000.0,(61) 93410202,especialista_alto_ticket,0.44,1.0
0.7760,ODONTO ESTETIC,09.351.049/0001-63,ME,ASA SUL,18,1,73000.0,(61) 33694883,especialista_alto_ticket,0.44,1.0
0.7750,INSTITUTO ODONTOLOGICO LUCIANA INCERTI,04.177.271/0001-78,EPP,SUL (AGUAS CLARAS),25,1,100000.0,(61) 39641892,clinica_institucional,0.75,0.6
0.7750,ORALLE,00.835.862/0001-34,ME,SETOR SUDOESTE,30,1,105000.0,(61) 33627000,especialista_alto_ticket,0.55,1.0
0.7740,IANARA PINHO - ODONTOLOGIA,24.930.143/0001-60,DEMAIS,NORTE (AGUAS CLARAS),10,1,120000.0,(61) 30430043,clinica_geral,0.76,0.35
0.7740,PAULA MAIA ODONTOLOGIA,14.536.661/0001-40,DEMAIS,ASA NORTE,14,1,100000.0,(61) 32484081,marca_pessoal,0.76,0.35
0.7730,INFINITY IMPLANTES,36.137.045/0001-50,EPP,TAGUATINGA NORTE (TAGUATINGA),6,1,120000.0,(61) 98308420,especialista_alto_ticket,0.77,1.0
0.7720,INSTITUTO LABOISSIERE ODONTOLOGIA,11.127.434/0001-73,EPP,ASA NORTE,16,1,10000.0,(61) 33271535,clinica_institucional,0.63,0.6
0.7720,REVELLE ODONTO E ESTETICA FACIAL,17.465.406/0001-42,ME,ASA NORTE,13,1,100000.0,(61) 91844402,especialista_alto_ticket,0.43,1.0
0.7720,OF ORTODONTIA FAKHOURI,11.872.760/0001-05,ME,AGUAS CLARAS,16,1,10000.0,(61) 30411233,especialista_alto_ticket,0.43,1.0
0.7710,PRIMORE - INSTITUTO ODONTOLOGICO ESPECIALIZADO SOCIEDADE SIMPLES,24.946.071/0001-40,EPP,ASA SUL,37,1,453600.0,(061) 3217196,clinica_institucional,0.74,0.6
0.7710,INSTITUTO DIOGO LUSTOSA,01.584.762/0001-45,EPP,ASA SUL,40,1,20000.0,(61) 33423001,clinica_institucional,0.74,0.6
0.7710,ORTHO BIO CENTER,04.644.915/0001-90,EPP,ASA SUL,25,1,0.0,,especialista_alto_ticket,0.54,1.0
0.7710,CLINICA ALFA RIDERE SAUDE E ESTETICA BUCAL,19.523.642/0001-01,ME,SUL (AGUAS CLARAS),12,1,70000.0,(61) 94525364,especialista_alto_ticket,0.49,1.0
0.7685,OSTEO IMPLANTE,27.410.508/0001-14,EPP,ASA NORTE,9,1,30000.0,(61) 30366116,especialista_alto_ticket,0.59,1.0
0.7685,INSTITUTO AYRES,27.770.887/0001-53,EPP,SETOR HABITACIONAL JARDIM BOTANICO,9,1,28000.0,(61) 32632184,especialista_alto_ticket,0.59,1.0
0.7680,SPEC ODONTOLOGIA ESPECIALIZADA,23.129.699/0001-90,EPP,SUL (AGUAS CLARAS),11,1,47000.0,(61) 39723601,clinica_institucional,0.62,0.6
0.7670,CLINICA ODONTOLOGICA JOSE RIOS LTDA,01.054.361/0001-83,DEMAIS,ASA SUL,30,1,640000.0,(61) 34421200,clinica_geral,0.73,0.6
0.7665,ONNE ESTETICA OROFACIAL LTDA,48.512.436/0001-96,DEMAIS,AGUAS CLARAS,3,1,100000.0,(61) 86171577,especialista_alto_ticket,0.66,1.0
0.7645,JULIANA ALMEIDA ODONTOLOGIA ESTETICA,29.589.274/0001-40,DEMAIS,ASA NORTE,8,1,20000.0,(61) 33269475,marca_pessoal,0.58,1.0
0.7645,SANTORINI ODONTOLOGIA,42.428.918/0001-86,EPP,ASA NORTE,5,1,5000.0,(61) 92359146,especialista_alto_ticket,0.58,1.0
0.7640,INSTITUTO ODONTOLOGICO AMAURY FRANKLIN LTDA,19.407.498/0001-30,DEMAIS,ASA SUL,12,1,67800.0,(61) 33219513,clinica_institucional,0.61,0.6
0.7640,GODOY & GODOY ODONTOLOGIA,17.706.867/0001-60,DEMAIS,ASA NORTE,13,1,30000.0,(61) 30346911,clinica_geral,0.61,0.6
0.7640,INTEGRA ODONTOLOGIA,11.020.246/0001-41,DEMAIS,NORTE (AGUAS CLARAS),17,1,10000.0,(61) 32566060,clinica_institucional,0.61,0.6
0.7640,OSTEON IMPLANTES DENTARIOS LTDA,25.422.287/0001-79,ME,ASA SUL,10,1,30000.0,(61) 30332428,especialista_alto_ticket,0.41,1.0
0.7620,ORAL FLEX,18.905.254/0001-14,EPP,ASA NORTE,12,1,210000.0,(61) 82751913,clinica_geral,0.73,0.35
0.7605,MANZI ESTETICA ORAL,17.900.402/0001-45,DEMAIS,TAGUATINGA,13,1,15000.0,(61) 35632368,especialista_alto_ticket,0.57,1.0
0.7600,MS CLINICA ODONTOLOGICA,12.182.197/0001-06,DEMAIS,ASA NORTE,16,1,20000.0,(61) 33262666,clinica_geral,0.6,0.6
0.7600,ODONTOLOGIA SUDOESTE,11.682.223/0001-00,EPP,SUDOESTE,16,1,10000.0,(61) 30323250,clinica_institucional,0.6,0.6
0.7600,CROI - CENTRO DE REABILITACAO ORAL E IMPLANTODONTIA,08.961.178/0001-00,ME,ASA NORTE,19,1,30000.0,(61) 39639047,especialista_alto_ticket,0.4,1.0
0.7600,"TRIADE MEDICINA, ODONTOLOGIA & ESTETICA",08.680.495/0001-59,ME,ASA NORTE,19,1,30000.0,(61) 33494808,especialista_alto_ticket,0.4,1.0
0.7590,CENTRO DE ODONTOLOGIA AVANCADA,26.963.843/0001-87,EPP,ASA SUL,35,1,50000.0,(61) 33212223,clinica_institucional,0.71,0.6
0.7590,CORE CENTRO ODONTOLOGICO REABILITADOR E ESTETICO,04.649.144/0001-24,ME,ASA NORTE,25,1,99800.0,(61) 92984843,especialista_alto_ticket,0.51,1.0
0.7590,FACHINI ODONTOLOGIA,01.359.114/0001-95,ME,ASA NORTE,30,1,96000.0,(61) 33515008,especialista_alto_ticket,0.51,1.0
0.7585,INSTITUTO ILUMA ODONTOLOGIA E ESTETICA,52.013.593/0001-24,EPP,SUL (AGUAS CLARAS),3,1,100000.0,(61) 83336060,especialista_alto_ticket,0.64,1.0
0.7580,QUALITA ODONTOLOGIA,22.742.934/0001-31,DEMAIS,ASA SUL,11,1,80000.0,(61) 30333729,clinica_geral,0.72,0.35
0.7580,ODONTO SUBLIME,17.375.879/0001-59,DEMAIS,ASA NORTE,13,1,80000.0,(61) 35263726,clinica_geral,0.72,0.35
0.7580,DR JOSE GUIMARAES NETO,22.478.506/0001-43,DEMAIS,ASA NORTE,11,1,79000.0,(61) 33260020,marca_pessoal,0.72,0.35
0.7580,LARA CRUVINEL S. DE PADUA LTDA,23.890.410/0001-50,EPP,NORTE (AGUAS CLARAS),10,1,78800.0,(61) 34350315,clinica_geral,0.72,0.35
0.7580,ODONTO KIDS,16.481.791/0001-59,DEMAIS,ASA NORTE,14,1,60000.0,(61) 30341137,clinica_geral,0.72,0.35
0.7570,HORTELA ORTODONTIA,31.146.998/0001-60,EPP,TAGUATINGA CENTRO (TAGUATINGA),8,1,60000.0,(61) 35620705,especialista_alto_ticket,0.73,1.0
0.7560,AMARE ODONTOLOGIA HOSPITALAR INTEGRADA E HOME CARE LTDA,24.005.986/0001-50,EPP,ASA SUL,10,2,150000.0,(61) 98032064,multi_unidade,0.74,0.35
0.7560,CHRONOS ODONTOLOGIA,14.726.482/0001-76,DEMAIS,ASA NORTE,14,2,100000.0,(61) 32445099,multi_unidade,0.74,0.35
0.7560,CLINICA ODONTOLOGICA BIOBUCAL,05.140.158/0001-80,DEMAIS,ASA SUL,24,1,13000.0,(61) 32027379,clinica_geral,0.59,0.6
0.7560,CLINICA ODONTOLOGICA NADIA NISHIMURA,11.314.717/0001-24,DEMAIS,ASA SUL,16,1,10000.0,(61) 32443743,clinica_geral,0.59,0.6
0.7560,INSTITUTO ODONTOLOGICO GLAYDSON RIBEIRO,11.748.447/0001-60,DEMAIS,ASA NORTE,16,1,10000.0,(61) 39640691,clinica_institucional,0.59,0.6
0.7560,ODONTOFAMA CLINICA ODONTOLOGICA,08.247.802/0001-02,DEMAIS,ASA NORTE,20,1,10000.0,(61) 34436655,clinica_geral,0.59,0.6
0.7560,I R B B,13.830.299/0001-53,DEMAIS,ASA SUL,15,1,5000.0,(61) 32440040,clinica_institucional,0.59,0.6
0.7560,S & A SORRISO CLINICA ODONTOLOGICA,10.937.505/0001-30,DEMAIS,ASA SUL,17,1,5000.0,(61) 84587504,clinica_geral,0.59,0.6
0.7560,CLINICA ODONTOLOGICA ANDRADE ROCHA,07.427.394/0001-08,EPP,ASA SUL,21,1,0.0,(61) 32448002,clinica_geral,0.59,0.6
0.7560,UNO ODONTOLOGIA ESPECIALIZADA,05.007.728/0001-69,EPP,ASA NORTE,24,1,0.0,(61) 33270440,clinica_institucional,0.59,0.6
0.7560,CORE-CLINICA ODONTOLOGICA DE REABILITACAO E ESTETICA,23.869.800/0001-49,ME,ASA NORTE,10,1,88000.0,(61) 33278109,especialista_alto_ticket,0.39,1.0
0.7560,CLINICA ODONTOLOGIA DR. ORTHO,19.860.528/0001-69,ME,SUL (AGUAS CLARAS),12,1,50000.0,(61) 37030101,especialista_alto_ticket,0.39,1.0
0.7560,RAY SANTOS ODONTOLOGIA E ESTETICA,18.907.151/0001-93,ME,ASA SUL,12,1,50000.0,(61) 91324739,especialista_alto_ticket,0.39,1.0
0.7560,N O B,07.555.750/0001-79,ME,ASA NORTE,21,1,0.0,(61) 30366046,especialista_alto_ticket,0.39,1.0
0.7555,CLINICA INTEGRADA ODONTO PREVENTIVA E ESTETICA FACIAL,72.576.408/0001-17,EPP,TAGUATINGA NORTE (TAGUATINGA),32,1,40000.0,(61) 35629499,especialista_alto_ticket,0.67,1.0
0.7550,CLINICA ODONTOLOGICA SANTIAGO,00.638.168/0001-27,EPP,ASA SUL,31,1,10000.0,(61) 30369449,clinica_geral,0.7,0.6
0.7545,ORAL SIN IMPLANTES,48.575.446/0001-70,EPP,ASA NORTE,3,1,800000.0,(61) 30228030,especialista_alto_ticket,0.63,1.0
0.7540,VITESSE ODONTOLOGIA,14.119.813/0001-00,DEMAIS,SUDOESTE,15,1,110000.0,(61) 30461730,clinica_geral,0.71,0.35
0.7540,IGM ODONTOPEDIATRIA,05.469.139/0001-00,EPP,ASA NORTE,23,1,50000.0,(61) 32721097,clinica_geral,0.71,0.35
0.7525,RAME ODONTOLOGIA,06.193.894/0001-60,EPP,TAGUATINGA,22,1,120000.0,(61) 30331083,clinica_geral,0.75,0.6
0.7525,QUALIODONTO CLINICA ODONTOLOGICA,11.201.369/0001-89,EPP,SOBRADINHO II,16,1,100000.0,(61) 32339810,clinica_geral,0.75,0.6
0.7525,BSB IMPLANTES,09.602.734/0001-15,ME,TAGUATINGA SUL (TAGUATINGA),18,1,100000.0,(61) 84160557,especialista_alto_ticket,0.55,1.0
0.7525,INSTITUTO FACCE - CIRURGIA BUCOMAXILOFACIAL E IMPLANTOD,36.474.273/0001-15,EPP,ASA NORTE,6,1,10000.0,(61) 93156282,especialista_alto_ticket,0.55,1.0
0.7525,NEO-NUCLEO DE ESTETICA E ORTODONTIA,36.703.034/0001-90,EPP,NORTE (AGUAS CLARAS),6,1,10000.0,(61) 38790071,especialista_alto_ticket,0.55,1.0
0.7520,VIVACE ODONTOLOGIA ESPECIALIZADA,15.286.908/0001-80,DEMAIS,ASA NORTE,14,1,20000.0,(61) 30810030,clinica_institucional,0.58,0.6
0.7515,RAFAEL JULIANO ORTODONTIA,17.811.147/0001-64,EPP,BRASILIA,13,1,67800.0,(61) 30427001,marca_pessoal,0.66,1.0
0.7500,REDE ODONTO,13.499.675/0001-79,DEMAIS,AGUAS CLARAS,15,1,20000.0,(61) 82007777,clinica_geral,0.7,0.35
0.7500,FOCCUS ODONTOLOGIA,10.543.461/0001-64,EPP,ASA SUL,17,1,10000.0,(61) 81757712,clinica_geral,0.7,0.35
0.7480,AMPLA ODONTOLOGIA,19.162.693/0001-47,DEMAIS,AGUAS CLARAS,12,1,10000.0,(61) 34353050,clinica_geral,0.57,0.6
0.7480,INSTITUTO ODONTOLOGICO BITENCOURT,15.023.333/0001-03,DEMAIS,ASA NORTE,14,1,10000.0,(61) 33287947,clinica_institucional,0.57,0.6
0.7480,VIVALLE ODONTOLOGIA ESPECIALIZADA,23.390.074/0001-87,DEMAIS,ASA SUL,10,1,10000.0,(61) 95559299,clinica_institucional,0.57,0.6
0.7480,CLINIDENTE,10.837.973/0001-33,DEMAIS,ASA SUL,17,1,2000.0,(61) 33213532,clinica_geral,0.57,0.6
0.7480,COM CLINICA ODONTOLOGICA DRA. MONICA,05.482.627/0001-40,DEMAIS,ASA SUL,23,1,2000.0,(61) 34421333,clinica_geral,0.57,0.6
0.7470,ORTOMIX SOLUCOES ESTETICAS,04.026.538/0001-26,ME,SUDOESTE,25,1,100000.0,(61) 32330030,especialista_alto_ticket,0.48,1.0
0.7465,DR RAFAEL MONTEIRO HARMONIZACAO OROFACIAL,55.446.434/0001-01,EPP,AGUAS CLARAS,2,1,150000.0,(61) 81022042,marca_pessoal,0.61,1.0
0.7460,DENTALIS,18.891.633/0001-00,DEMAIS,ASA NORTE,12,1,110000.0,(61) 33280541,clinica_geral,0.69,0.35
0.7445,INSTITUTO VERAZO,30.135.201/0001-67,EPP,ASA SUL,8,1,50000.0,(61) 33443732,clinica_institucional,0.73,0.6
0.7440,CABI,05.561.786/0001-30,EPP,ASA SUL,23,1,510000.0,(61) 39640691,clinica_institucional,0.81,0.1
0.7440,STUDIO ORTO ODONTOLOGIA ESPECIALIZADA,12.408.632/0001-78,DEMAIS,ASA NORTE,16,1,15000.0,(61) 39640691,clinica_institucional,0.56,0.6
0.7440,CLINICA MIRO,08.288.661/0001-76,ME,ASA NORTE,19,1,10000.0,(61) 33270766,especialista_alto_ticket,0.36,1.0
0.7440,GEORGEA PROBST - ODONTOLOGIA,08.541.895/0001-83,ME,ASA SUL,19,1,5000.0,(61) 39633333,especialista_alto_ticket,0.36,1.0
0.7440,ORTHO QUALITY ORTODONTIA,08.641.622/0001-00,ME,ASA NORTE,19,1,5000.0,(61) 33263099,especialista_alto_ticket,0.36,1.0
0.7435,HARMONIZE - ODONTOLOGIA E ESTETICA FACIAL E CORPORAL,37.488.134/0001-03,EPP,NOROESTE,6,1,45000.0,(61) 81890707,especialista_alto_ticket,0.59,1.0
0.7430,BAGNATO ODONTOLOGIA ESPECIALIZADA,01.174.636/0001-12,DEMAIS,ASA NORTE,30,1,95400.0,(61) 33273205,clinica_institucional,0.67,0.6
0.7430,BORGES ODONTOLOGIA,00.993.101/0001-00,DEMAIS,ASA NORTE,30,1,50000.0,(61) 33288788,clinica_geral,0.67,0.6
0.7430,CLINICA ODONTOLOGICA REGINA MARIA COSTA LTDA,37.090.362/0001-20,EPP,ASA NORTE,34,1,50000.0,(61) 81970050,clinica_geral,0.67,0.6
0.7430,BIO ODONTOLOGIA INTEGRADA,01.307.061/0001-69,EPP,ASA NORTE,30,1,40000.0,(61) 37015041,clinica_geral,0.67,0.6
0.7430,CLINICA NOBILE,04.070.786/0001-74,EPP,ASA SUL,25,1,40000.0,(61) 32743620,clinica_geral,0.67,0.6
0.7430,XIMENES PATIER ODONTOLOGIA INTEGRADA,01.111.999/0001-09,EPP,ASA SUL,30,1,30000.0,(61) 33273788,clinica_geral,0.67,0.6
0.7430,CLINICA ODONTOLOGICA SANDRA BRITO E CAROLINA WERNECK,01.225.511/0001-74,EPP,ASA NORTE,30,1,20000.0,(61) 3270537,clinica_geral,0.67,0.6
0.7430,INSTITUTO MAXILO FACIAL,02.250.206/0001-03,EPP,ASA SUL,28,1,20000.0,(61) 32456785,clinica_institucional,0.67,0.6
0.7430,INSTITUTO SECANHO DE SAUDE BUCAL,00.706.146/0001-57,EPP,ASA NORTE,31,1,20000.0,(61) 33288488,clinica_institucional,0.67,0.6
0.7425,IOFE- INSTITUTO DE ODONTOLOGIA FUNCIONAL E ESTETICA,31.683.570/0001-57,ME,ASA SUL,7,2,100000.0,(61) 32022080,multi_unidade,0.55,1.0
0.7420,HUMBERTO LEMOS ODONTOLOGIA,10.893.651/0001-01,DEMAIS,ASA NORTE,17,1,100000.0,(61) 33262610,clinica_geral,0.68,0.35
0.7420,ALEGRA ODONTOLOGIA E AUTOESTIMA,23.048.813/0001-57,DEMAIS,ASA SUL,11,1,20000.0,(61) 81611252,clinica_geral,0.68,0.35
0.7405,HOLLYWOOD ODONTO TAGUATINGA,25.091.409/0001-91,DEMAIS,TAGUATINGA CENTRO (TAGUATINGA),10,1,50000.0,(61) 33284525,clinica_geral,0.72,0.6
0.7405,IMPLANTS DR. EDUARDO NASCIMENTO,31.892.928/0001-51,DEMAIS,ASA NORTE,7,1,1000.0,(61) 33262220,especialista_alto_ticket,0.52,1.0
0.7400,TALENTO ODONTOLOGIA ESPECIALIZADA,09.640.097/0001-71,ME,SUL (AGUAS CLARAS),18,1,100000.0,(61) 82339310,clinica_institucional,0.55,0.6
0.7400,INSTITUTO CAIADO DE ODONTOLOGIA,17.705.487/0001-00,ME,ASA SUL,13,1,40000.0,(61) 84015761,especialista_alto_ticket,0.35,1.0
0.7400,LF ODONTOLOGIA E SAUDE,15.372.012/0001-14,ME,ASA SUL,14,1,30000.0,(61) 34428122,especialista_alto_ticket,0.35,1.0
0.7390,INSTITUTO ODONTOLOGICO DRA LUCIANA BOTELHO,01.484.386/0001-17,EPP, ASA NORTE,29,1,99800.0,,clinica_institucional,0.66,0.6
0.7390,CLINICA ODONTOLOGICA PIO XII LTDA,00.593.467/0001-92,EPP,ASA SUL,46,1,10000.0,(61) 32242970,clinica_geral,0.66,0.6
0.7390,CLINICA ODONTOLOGICA INTEGRADA S/S LTDA,03.586.443/0001-02,EPP,ASA NORTE,39,1,9000.0,(61) 33261885,clinica_geral,0.66,0.6
0.7385,BARROS CARIBE ODONTOLOGIA E HARMONIZACAO FACIAL LTDA,43.530.565/0001-93,EPP,ASA NORTE,4,1,50000.0,(61) 92258872,especialista_alto_ticket,0.59,1.0
0.7380,CONSULTORIO REABILITA,05.029.720/0001-01,DEMAIS,ASA NORTE,24,1,93700.0,(61) 34341553,clinica_geral,0.67,0.35
0.7380,BLANCA ODONTOLOGIA,10.526.232/0001-31,DEMAIS,ASA SUL,17,1,60000.0,(61) 33272326,clinica_geral,0.67,0.35
0.7380,WF ODONTOLOGIA,14.012.338/0001-78,DEMAIS,ASA NORTE,15,1,50000.0,(61) 33455009,clinica_geral,0.67,0.35
0.7380,CLIOB ODONTOLOGIA,11.036.436/0001-57,EPP,ASA NORTE,17,1,30000.0,(61) 81604030,clinica_geral,0.67,0.35
0.7380,ORTHODONTIC,21.847.641/0001-56,ME,SETOR HABITACIONAL VICENTE PIRES,11,2,78800.0,(61) 34355240,multi_unidade,0.37,1.0
0.7370,CLINICA E TREINAMENTO PROVOZ,03.658.580/0001-05,EPP,ASA NORTE,37,1,50000.0,(61) 33460090,clinica_geral,0.78,0.35
0.7365,CBA CLINICA ODONTOLOGICA,09.149.271/0001-88,EPP,SOBRADINHO,18,1,80000.0,(61) 39633333,clinica_geral,0.71,0.6
0.7360,OROUS ODONTOLOGIA ESPECIALIZADA,08.933.553/0001-09,ME,ASA NORTE,19,1,670000.0,(61) 30375833,clinica_institucional,0.54,0.6
0.7360,INSTITUTO ODONTOLOGICO VERSALLES,17.444.115/0001-78,DEMAIS,ASA SUL,13,1,5000.0,(61) 32013124,clinica_institucional,0.54,0.6
0.7360,REABILIT CONCEPT ODONTOLOGIA E ESTETICA,10.714.354/0001-51,ME,ASA SUL,17,1,3000.0,(61) 32012211,especialista_alto_ticket,0.34,1.0
0.7355,NOVITA ODONTOLOGIA E ESTETICA OROFACIAL,17.865.474/0001-07,EPP,RECANTO DAS EMAS,13,1,40000.0,(61) 85519955,especialista_alto_ticket,0.62,1.0
0.7340,ADRIANA DOURADO ODONTOLOGIA INTEGRATIVA LTDA,24.815.828/0001-66,EPP,ASA NORTE,10,1,100000.0,(61) 96178300,marca_pessoal,0.66,0.35
0.7340,NASP ODONTOLOGIA,24.765.876/0001-97,EPP,ASA SUL,10,1,88000.0,(61) 81250306,clinica_geral,0.66,0.35
0.7340,CONSULTORIO MARILIA AZEVEDO,23.347.709/0001-63,EPP,ASA NORTE,10,1,80000.0,(61) 30326627,clinica_geral,0.66,0.35
0.7325,INTEGRALI ODONTOLOGIA HOSPITALAR ESPECIALIZADA,41.364.674/0001-52,EPP,ASA NORTE,5,1,200000.0,(61) 98485396,clinica_institucional,0.7,0.6
0.7325,CLINICA VERVE,35.502.062/0001-86,EPP,ASA NORTE,6,1,200000.0,(61) 83536262,clinica_geral,0.7,0.6
0.7325,CLINICA ODONTO ART,11.124.399/0001-39,DEMAIS,RIACHO FUNDO I,16,1,30000.0,(61) 34912138,clinica_geral,0.7,0.6
0.7325,VIVAODONTO,11.669.692/0001-81,DEMAIS,SOBRADINHO,16,1,25000.0,(61) 35917530,clinica_geral,0.7,0.6
0.7325,IOLL - INSTITUTO ODONTOLOGICO LUCIANO E LETICIA,10.955.861/0001-87,DEMAIS,RIACHO FUNDO I,17,1,20000.0,(61) 34045870,clinica_institucional,0.7,0.6
0.7325,ODONTOCLINICA GUARA,09.391.602/0001-91,EPP,GUARA II,18,1,15000.0,(61) 33012107,clinica_geral,0.7,0.6
0.7325,VISTA ODONTO E ESTETICA,36.070.938/0001-25,ME,NORTE (AGUAS CLARAS),6,1,120000.0,(61) 39770988,especialista_alto_ticket,0.5,1.0
0.7325,JULIANA SARKIS ODONTOLOGIA E HARMONIZACAO FACIAL,42.976.210/0001-60,ME,ASA SUL,5,1,110000.0,(61) 92515335,marca_pessoal,0.5,1.0
0.7325,ORTHOLIFE DEJ,35.358.280/0001-99,ME,ASA SUL,6,1,100000.0,(61) 30328082,especialista_alto_ticket,0.5,1.0
0.7325,CLINICA HARMONIZE,41.455.420/0001-40,ME,SETOR HABITACIONAL VICENTE PIRES,5,1,100000.0,(61) 33973453,especialista_alto_ticket,0.5,1.0
0.7320,LE FORT,22.479.316/0001-40,ME,SETOR SUDOESTE,11,1,100000.0,(61) 91228000,clinica_geral,0.53,0.6
0.7320,CONFIALLE ODONTOLOGIA ESPECIALIZADA,23.650.124/0001-18,ME,ASA SUL,10,1,100000.0,(61) 33762224,clinica_institucional,0.53,0.6
0.7320,FINESSE ODONTOLOGIA,25.255.899/0001-14,ME,ASA NORTE,10,1,100000.0,(61) 92862913,clinica_geral,0.53,0.6
0.7320,ODONTOEST,08.519.032/0001-00,ME,SETOR SUDOESTE,19,1,10000.0,(61) 39672008,especialista_alto_ticket,0.33,1.0
0.7320,ARGUI ODONTOLOGIA E ESTETICA OROFACIAL,09.273.971/0001-80,ME,ASA SUL,18,1,5000.0,(61) 33238722,especialista_alto_ticket,0.33,1.0
0.7315,ORTHO FENIX,12.224.566/0001-86,EPP,CEILANDIA NORTE (CEILANDIA),16,1,1000.0,(61) 33337633,especialista_alto_ticket,0.61,1.0
0.7310,INSTITUTO ODONTOLOGICO LUIZ ROGERIO,04.637.236/0001-94,DEMAIS,ASA SUL,25,1,80000.0,(61) 32252527,clinica_institucional,0.64,0.6
0.7310,VANDERLENE SANCHES ODONTOLOGIA ESTETICA,37.090.370/0001-77,ME,ASA SUL,34,1,93700.0,(61) 33264031,especialista_alto_ticket,0.44,1.0
0.7310,INSTITUTO NORTHO,04.250.267/0001-98,ME,ASA NORTE,25,1,88000.0,(61) 33287162,especialista_alto_ticket,0.44,1.0
0.7305,COIFE ODONTO BRASILIA,23.244.004/0001-10,DEMAIS,TAGUATINGA CENTRO (TAGUATINGA),11,1,500000.0,(61) 35620303,clinica_geral,0.82,0.35
0.7305,CLINUS ODONTOLOGIA,07.392.891/0001-18,EPP,SOBRADINHO,21,1,100000.0,(61) 33873877,clinica_geral,0.82,0.35
0.7305,HARMONYS ODONTOLOGIA ESPECIALIZADA,50.050.258/0001-70,EPP,SUL (AGUAS CLARAS),3,1,300000.0,(61) 85698190,clinica_institucional,0.77,0.6
0.7305,LP ESTETICA E ODONTOLOGIA,57.750.274/0001-15,EPP,SUL (AGUAS CLARAS),1,1,50000.0,(61) 96439881,especialista_alto_ticket,0.57,1.0
0.7300,FERRER ODONTOLOGIA,25.092.064/0001-90,DEMAIS,ASA SUL,10,1,88000.0,(61) 33466546,clinica_geral,0.65,0.35
0.7300,ODONTOCORP,24.884.433/0001-15,DEMAIS,ASA SUL,10,1,88000.0,(61) 99833495,clinica_geral,0.65,0.35
0.7300,IMOB,15.916.024/0001-62,EPP,ASA SUL,14,1,20000.0,(61) 32648122,clinica_geral,0.65,0.35
0.7295,CLINICA ORTORISO,04.401.387/0001-49,EPP,SOBRADINHO,25,2,200000.0,(61) 5910002,multi_unidade,0.83,0.6
0.7295,INSTITUTO LSP - ODONTOLOGIA E MEDICINA,02.574.424/0001-95,EPP,TAGUATINGA,34,2,50000.0,(61) 91324648,multi_unidade,0.83,0.6
0.7290,FACE UNIC,42.948.311/0001-27,DEMAIS,TAGUATINGA SUL (TAGUATINGA),5,1,100000.0,(47) 30366262,especialista_alto_ticket,0.66,1.0
0.7285,CENTURIONE CLINICA ODONTOLOGICA LTDA,27.793.174/0001-05,EPP,ASA NORTE,9,1,93700.0,(61) 92152623,clinica_geral,0.69,0.6
0.7285,INSTITUTO PROCERAM DE ODONTOLOGIA LTDA,29.180.298/0001-40,EPP,ASA NORTE,8,1,93700.0,(61) 81825700,clinica_institucional,0.69,0.6
0.7280,MAX CONTROL ODONTOLOGIA,06.036.504/0001-48,DEMAIS,ASA SUL,22,1,0.0,(61) 32251690,clinica_geral,0.52,0.6
0.7280,ORTHOPED - CLINICA ODONTOLOGICA LTDA,09.654.663/0001-02,ME,ASA NORTE,18,1,10000.0,(61) 33271078,especialista_alto_ticket,0.32,1.0
0.7275,ORTOFIX - ORTODONTIA E REABILITACAO ORAL LTDA,04.590.228/0001-30,EPP,GUARA II,25,1,30000.0,(61) 33822700,especialista_alto_ticket,0.6,1.0
0.7275,CLINICA ORTODONTICA MAROSO SOCIEDADE SIMPLES LTDA (S/S LTDA),72.575.822/0001-01,EPP,GAMA,32,1,20000.0,(61) 33842088,especialista_alto_ticket,0.6,1.0
0.7270,EL SHADDAI ODONTOLOGIA ESPECIALIZADA,38.078.036/0001-60,DEMAIS,ASA SUL,32,1,45000.0,(61) 34421033,clinica_institucional,0.63,0.6
0.7270,CLINICA ODONTOLOGICA RIEKEHR LTDA,03.797.165/0001-24,EPP,ASA NORTE,26,1,20000.0,(61) 33289613,clinica_geral,0.63,0.6
0.7270,HUMANUS,03.618.253/0001-11,EPP,ASA NORTE,38,1,19721.0,(61) 33272900,clinica_geral,0.63,0.6
0.7270,ORUS CLINICA ODONTOLOGICA,00.233.776/0001-51,EPP,ASA SUL,31,1,15000.0,(61) 32024800,clinica_geral,0.63,0.6
0.7270,STUDIO SETTI ODONTOLOGIA INTEGRADA,32.913.071/0001-71,EPP,ASA NORTE,37,1,10000.0,(61) 33266562,clinica_geral,0.63,0.6
0.7270,CLINICA ODONTOLOGICA ROSE MEIRY PRATA,01.495.685/0001-57,EPP,ASA NORTE,29,1,10000.0,(61) 33280693,clinica_geral,0.63,0.6
0.7270,COI CENTRO ODONTOLOGICO,26.417.105/0001-34,EPP,ASA NORTE,36,1,10000.0,(61) 33261956,clinica_institucional,0.63,0.6
0.7270,IORIS,02.241.910/0001-91,EPP,ASA SUL,28,1,10000.0,(61) 30348222,clinica_institucional,0.63,0.6
0.7270,CENTRO DE ODONTOLOGIA INTEGRADA SIMONE CARRARA,01.481.024/0001-72,EPP,ASA SUL,29,1,6000.0,(61) 32451016,clinica_institucional,0.63,0.6
0.7270,ORTOBR CLINICA ODONTOLOGICA,01.156.430/0001-60,EPP,ASA NORTE,30,1,5000.0,(61) 33265157,clinica_geral,0.63,0.6
0.7265,INSTITUTO MOOI,50.021.920/0001-64,DEMAIS,NORTE (AGUAS CLARAS),3,1,500000.0,(61) 85108302,clinica_institucional,0.76,0.6
0.7265,CENTRO ODONTOLOGICO SORRISO,05.045.512/0001-98,EPP,TAGUATINGA SUL (TAGUATINGA),24,2,0.0,(61) 33513283,multi_unidade,0.71,0.6
0.7265,DENTAL CARE,52.008.069/0001-65,EPP,ASA NORTE,3,1,20000.0,(61) 84992839,especialista_alto_ticket,0.56,1.0
0.7260,SAUDE MASTER CLINICA MEDICA E ODONTOLOGICA,19.503.310/0001-57,DEMAIS,ASA SUL,12,1,10000.0,(61) 33484812,clinica_geral,0.64,0.35
0.7260,CIFAIS,01.580.192/0002-04,DEMAIS,ASA SUL,21,1,0.0,(61) 30489184,clinica_geral,0.64,0.35
0.7250,SIRIUS ODONTOLOGIA,04.610.336/0001-27,EPP,ASA NORTE,25,1,110000.0,(61) 33270415,clinica_geral,0.75,0.35
0.7250,RZ ODONTOLOGIA,02.080.013/0001-43,EPP,ASA NORTE,28,1,100000.0,(61) 33210999,clinica_geral,0.75,0.35
0.7250,UNIFACE,01.004.643/0001-76,EPP,ASA NORTE,30,1,100000.0,(61) 33269902,clinica_geral,0.75,0.35
0.7245,ODONTO SAM,20.876.422/0001-32,DEMAIS,SAMAMBAIA SUL (SAMAMBAIA),12,1,40000.0,(61) 33582188,clinica_geral,0.68,0.6
0.7245,INOV ODONTOLOGIA ESPECIALIZADA,18.223.435/0001-60,DEMAIS,SETOR INDUSTRIAL (TAGUATINGA),13,1,40000.0,(61) 32019899,clinica_institucional,0.68,0.6
0.7245,CLINICA ODONTOLOGICA ORTODENTE UNIDADE RIACHO FUNDO II,25.117.708/0001-58,DEMAIS,RIACHO FUNDO II,10,1,30000.0,(61) 33587485,clinica_geral,0.68,0.6
0.7245,ALEGRA ORTODONTIA,10.235.177/0001-20,ME,TAGUATINGA SUL,18,1,205000.0,(61) 32017422,especialista_alto_ticket,0.48,1.0
0.7245,IMPLORTHO CENTER,12.688.066/0001-03,ME,RIACHO FUNDO I,15,1,102000.0,(61) 33215187,especialista_alto_ticket,0.48,1.0
0.7245,DF IMPLANTE,10.245.243/0001-43,ME,SAMAMBAIA SUL (SAMAMBAIA),18,1,100000.0,(61) 32564060,especialista_alto_ticket,0.48,1.0
0.7245,ORTHODONTIC,43.228.043/0001-31,EPP,SETOR HABITACIONAL VICENTE PIRES,5,1,10000.0,(61) 34355240,especialista_alto_ticket,0.48,1.0
0.7240,TRIADE ODONTOLOGIA INTEGRADA,05.826.865/0001-25,ME,ASA SUL,23,1,99000.0,(61) 95910990,clinica_institucional,0.51,0.6
0.7240,MELINA ALMEIDA ODONTOLOGIA ESPECIALIZADA,09.439.676/0001-50,ME,ASA NORTE,18,1,95400.0,(61) 33407480,clinica_institucional,0.51,0.6
0.7240,ODONTOCENTER AGUAS CLARAS,09.409.306/0001-70,ME,AGUAS CLARAS,18,1,80000.0,(61) 30391929,clinica_geral,0.51,0.6
0.7240,IEEP ODONTOLOGIA,08.329.432/0001-52,ME,ASA SUL,19,1,76000.0,(61) 33231644,clinica_institucional,0.51,0.6
0.7240,CLINPRO,08.882.327/0001-46,ME,AREAL (AGUAS CLARAS),19,1,50000.0,(61) 30474090,clinica_geral,0.51,0.6
0.7240,I.O.B - INSTITUTO ODONTOLOGICO BRASILIA,13.548.159/0001-97,ME,ASA SUL,15,1,50000.0,(61) 81659608,clinica_institucional,0.51,0.6
0.7240,CLINICA ODONTOLOGICA DRA. LANI RODRIGUES CARNEIRO LTDA,06.277.104/0001-24,EPP,ASA NORTE,22,1,20000.0,,clinica_geral,0.51,0.6
0.7240,DUE ODONTOLOGIA ESTETICA,17.039.425/0001-07,ME,ASA SUL,13,1,10000.0,(61) 93336180,especialista_alto_ticket,0.31,1.0
0.7235,INDOR,11.106.067/0001-21,DEMAIS,SETOR DE HABITACOES INDIVIDUAIS SUL,16,1,100000.0,(61) 33643908,clinica_institucional,0.59,1.0
0.7235,CARACAS ORTODONTIA,11.458.414/0001-85,DEMAIS,SETOR DE HABITACOES INDIVIDUAIS SUL,16,1,10000.0,(61) 30340090,especialista_alto_ticket,0.59,1.0
0.7230,IBO CLINICA E PLANTAO 24 HORAS,00.852.632/0001-83,DEMAIS,ASA SUL,41,1,200000.0,,clinica_institucional,0.62,0.6
0.7225,AMICI ODONTOLOGIA,42.658.588/0001-15,EPP,SUL (AGUAS CLARAS),5,1,200000.0,(61) 98180077,clinica_geral,0.8,0.35
0.7225,BRAVIN ODONTOLOGIA,44.190.444/0001-02,DEMAIS,ASA SUL,4,1,30000.0,(61) 32345995,especialista_alto_ticket,0.55,1.0
0.7225,DR PEDRO DE CARVALHO IMPLANTODONTIA & ESTETICA AVANCADA,47.380.411/0001-13,EPP,ASA NORTE,4,1,15000.0,(61) 32421250,marca_pessoal,0.55,1.0
0.7220,CASTELO BRANCO ODONTOLOGIA E CONSULTORIA,11.060.287/0001-61,DEMAIS,ASA NORTE,17,1,20000.0,(61) 84507558,clinica_geral,0.63,0.35
0.7220,DENTQUALITY,13.638.600/0001-21,DEMAIS,ASA NORTE,15,1,20000.0,(61) 32442276,clinica_geral,0.63,0.35
0.7220,CASTRO VALLE ODONTOLOGIA,07.990.346/0001-23,EPP,ASA NORTE,20,1,10000.0,(61) 33289837,clinica_geral,0.63,0.35
0.7220,CONSULTORIO ODONTOLOGICO ORTO-VITTA,11.294.836/0001-62,EPP,AGUAS CLARAS,16,1,10000.0,(61) 98425412,clinica_geral,0.63,0.35
0.7220,DUAL ODONTOLOGIA AVANCADA,07.135.223/0001-05,EPP,ASA SUL,21,1,5000.0,(61) 3219503,clinica_geral,0.63,0.35
0.7220,PERSONALE ODONTOLOGIA,08.856.792/0001-02,EPP,ASA NORTE,19,1,5000.0,(61) 30394965,clinica_geral,0.63,0.35
0.7205,FABIO CUNHA ODONTOLOGIA ESPECIALIZADA,30.937.579/0001-84,EPP,SETOR HABITACIONAL VICENTE PIRES,8,1,110000.0,(61) 30462026,marca_pessoal,0.67,0.6
0.7205,INSTITUTO GUSTAVO CRUZ,34.318.338/0001-08,EPP,ASA NORTE,7,1,100000.0,(61) 31313131,clinica_institucional,0.67,0.6
0.7205,ROYAL SMILE,35.535.092/0001-99,EPP,SETOR HABITACIONAL VICENTE PIRES,6,1,100000.0,(61) 92742699,clinica_geral,0.67,0.6
0.7205,MAIADOC' ODONTOLOGIA & ESTETICA,05.769.224/0001-86,ME,SOBRADINHO,23,1,30000.0,(61) 34873081,especialista_alto_ticket,0.47,1.0
0.7205,LAC- VITAE,08.263.838/0001-80,ME,SETOR TRADICIONAL (PLANALTINA),20,1,30000.0,(61) 30282500,especialista_alto_ticket,0.47,1.0
0.7195,ODONTOLIFE CLINICA ODONTOLOGICA LTDA,33.472.416/0001-61,EPP,TAGUATINGA,36,1,100000.0,(61) 35623550,clinica_geral,0.78,0.6
0.7190,CLINICA ODONTOLOGICA DANIELE CASTRO,03.271.991/0001-35,EPP,ASA NORTE,27,1,3000.0,(61) 33282118,clinica_geral,0.61,0.6
0.7190,LUISA ELITA CASADO - CLINICA ODONTOLOGICA.,01.418.632/0001-32,EPP,ASA SUL,29,1,1800.0,(61) 39633333,clinica_geral,0.61,0.6
0.7190,CLINICA MARINHO ODONTOLOGIA E ESTETICA FACIAL,01.838.196/0001-50,ME,AREAL (AGUAS CLARAS),29,1,50000.0,(61) 98397905,especialista_alto_ticket,0.41,1.0
0.7180,ODONTO Z ODONTOLOGIA DE A A Z LTDA,24.250.951/0001-87,EPP,NORTE (AGUAS CLARAS),10,1,88000.0,(61) 35619800,clinica_geral,0.62,0.35
0.7180,LIFE ODONTOLOGIA,20.513.858/0001-67,DEMAIS,ASA SUL,12,1,60000.0,(61) 35633163,clinica_geral,0.62,0.35
0.7180,PLENI ODONTOLOGIA,18.260.440/0001-43,EPP,ASA SUL,13,1,40000.0,(61) 99694462,clinica_geral,0.62,0.35
0.7180,LARISSA JUNQUEIRA ODONTOLOGIA,15.812.369/0001-76,EPP,ASA SUL,14,1,20000.0,(61) 32230195,marca_pessoal,0.62,0.35
0.7180,CONSULTORIO ODONTOLOGICO,00.721.175/0003-50,DEMAIS,ASA SUL,10,1,0.0,(61) 30396990,clinica_geral,0.62,0.35
0.7170,SO IMPLANTES - TRATAMENTOS ODONTOLOGICOS,31.264.663/0001-47,EPP,TAGUATINGA NORTE (TAGUATINGA),8,1,95400.0,(61) 32043023,especialista_alto_ticket,0.63,1.0
0.7165,SARKIS ODONTOLOGIA ESPECIALIZADA,34.469.939/0001-11,DEMAIS,SETOR HABITACIONAL VICENTE PIRES,7,1,100000.0,(61) 86612030,clinica_institucional,0.66,0.6
0.7165,ALBUQ ODONTOLOGIA ESPECIALIZADA,27.039.919/0001-45,EPP,ASA NORTE,9,1,93700.0,(61) 91643631,clinica_institucional,0.66,0.6
0.7165,LUNIC ODONTOLOGIA ESPECIALIZADA,26.859.402/0001-30,EPP,AGUAS CLARAS,9,1,50000.0,(61) 84115754,clinica_institucional,0.66,0.6
0.7165,QUALITY CENTRO DE IMPLANTE ORAL,16.806.318/0001-02,ME,PONTE ALTA NORTE (GAMA),14,1,300000.0,(61) 98612199,especialista_alto_ticket,0.46,1.0
0.7165,IMPLANTAT ODONTOLOGIA LTDA,36.420.190/0001-43,ME,ASA NORTE,6,1,105000.0,(61) 96750795,especialista_alto_ticket,0.46,1.0
0.7165,AURUM CLINICA DE ESTETICA,27.252.098/0001-20,ME,ASA SUL,9,1,96000.0,(61) 33338544,especialista_alto_ticket,0.46,1.0
0.7165,ODONTO ESTETICA,26.893.238/0001-87,ME,SETOR SUDOESTE,9,1,93700.0,(61) 92060646,especialista_alto_ticket,0.46,1.0
0.7165,NOVITALI ODONTOLOGIA & HARMONIZACAO FACIAL,35.786.370/0001-80,ME,SUL (AGUAS CLARAS),6,1,70000.0,(61) 35517323,especialista_alto_ticket,0.46,1.0
0.7165,HARMONIZARE ODONTOLOGIA,36.331.512/0001-88,ME,ASA NORTE,6,1,50000.0,(61) 30333332,especialista_alto_ticket,0.46,1.0
0.7165,NOSSA CLINICA,31.715.872/0001-60,ME,ASA SUL,7,1,50000.0,(61) 81998364,especialista_alto_ticket,0.46,1.0
0.7160,INSTITUTO HORIZZON ODONTOLOGIA,15.390.544/0001-84,ME,SUL (AGUAS CLARAS),14,1,93700.0,(61) 35631079,clinica_institucional,0.49,0.6
0.7160,CLINICA ODONTHOS,15.202.901/0001-33,ME,ASA NORTE,14,1,80000.0,(61) 81477002,clinica_geral,0.49,0.6
0.7160,ODONTO CLINICA GISELE LIMA,22.891.516/0001-06,ME,ASA SUL,11,1,78800.0,(61) 92142356,clinica_geral,0.49,0.6
0.7155,EXCELENCIA ORTODONTIA,21.857.574/0001-50,DEMAIS,SETOR DE HABITACOES INDIVIDUAIS SUL,11,1,10000.0,(61) 33478744,especialista_alto_ticket,0.57,1.0
0.7150,RAMOS ODONTOLOGIA INTEGRADA,04.609.912/0001-16,ME,ASA SUL,25,1,20000.0,(61) 32442021,especialista_alto_ticket,0.4,1.0
0.7145,CLINICA VANINI,12.018.855/0001-29,EPP,TAGUATINGA SUL (TAGUATINGA),16,1,93700.0,(61) 83493090,clinica_geral,0.78,0.35
0.7125,CENTRO ODONTOLOGICO CARVALHO & CASTRO,20.181.513/0001-53,DEMAIS,GUARA II,12,1,50000.0,(61) 33012709,clinica_institucional,0.65,0.6
0.7125,CENTRAL ODONTO CLINICA ODONTOLOGICA,24.344.599/0001-49,EPP,NUCLEO BANDEIRANTE,10,1,45000.0,(61) 30220366,clinica_geral,0.65,0.6
0.7120,A & C CLINICA ODONTOLOGICA,09.001.324/0001-19,ME,ASA NORTE,19,1,150000.0,(61) 33477113,clinica_institucional,0.48,0.6
0.7120,FRONTE,05.383.821/0001-78,ME,ASA NORTE,23,1,125000.0,(61) 4432756,clinica_institucional,0.48,0.6
0.7120,CRIE LOUNGE,09.186.129/0001-00,ME,ASA NORTE,18,1,100000.0,(61) 33265566,clinica_geral,0.48,0.6
0.7120,LUME CENTRO ODONTOLOGICO,05.364.882/0001-98,ME,ASA SUL,23,1,100000.0,(061) 3433001,clinica_institucional,0.48,0.6
0.7115,DIRCE NASCIMENTO ODONTOLOGIA,21.306.978/0001-56,DEMAIS,BRASILIA,11,1,164493.0,(11) 51945907,clinica_geral,0.76,0.6
0.7115,ODONTOCLEAN,18.208.743/0001-17,DEMAIS,CEILANDIA NORTE (CEILANDIA),13,1,110000.0,(61) 33724853,clinica_geral,0.76,0.6
0.7115,SORRI CLINIC,19.152.643/0001-89,DEMAIS,SAO SEBASTIAO,12,1,100000.0,(61) 35512097,clinica_geral,0.76,0.6
0.7110,CLINICA ODONTOLOGICA OMAR SILVA SS LTDA,03.636.651/0001-60,DEMAIS,ASA SUL,38,1,20000.0,(61) 33478744,clinica_geral,0.59,0.6
0.7110,ELAINE MARQUES CLINICA ODONTOLOGICA,01.268.155/0001-76,DEMAIS,SETOR SUDOESTE,30,1,15000.0,(61) 35621636,clinica_geral,0.59,0.6
0.7110,CENTRO ODONTOLOGIA,37.991.254/0001-29,DEMAIS,ASA NORTE,33,1,10000.0,(61) 33273606,clinica_institucional,0.59,0.6
0.7110,CLINICA ODONTOLOGICA JOAO VIEIRA E VANUSKA RIBEIRO MELLO LTDA,01.310.284/0001-85,EPP,SETOR SUDOESTE,30,1,10000.0,(61) 82491736,clinica_geral,0.59,0.6
0.7110,CLINICA ODONTOLOGICA SAO MARCOS S/S LTDA,00.937.470/0001-86,EPP,ASA NORTE,31,1,10000.0,(61) 3287633,clinica_geral,0.59,0.6
0.7110,INSTITUTO DE ODONTOLOGIA GLORIA  DE MELO SS LTDA,02.030.725/0001-58,EPP,LAGO SUL,29,1,10000.0,(61) 3652805,clinica_institucional,0.59,0.6
0.7110,CLINICA ODONTOLOGICA E DE PSICOLOGIA REGINALDO CASTEJON,01.341.293/0001-33,DEMAIS,ASA SUL,30,1,6000.0,(061) 3466112,clinica_geral,0.59,0.6
0.7110,CLINICA ODONTOLOGICA PRO-SAUDE S/S LTDA,38.055.711/0001-36,EPP,ASA NORTE,32,1,6000.0,(61) 33281292,clinica_geral,0.59,0.6
0.7110,CLIACE,01.241.478/0001-76,EPP,ASA SUL,30,1,0.0,(61) 33461193,clinica_geral,0.59,0.6
0.7110,CORO CLINICA ODONTOLOGICA DE REABILITACAO ORAL,38.056.032/0001-81,EPP,ASA NORTE,32,1,0.0,(061) 2269441,clinica_geral,0.59,0.6
0.7105,CENTRO DE ODONTOLOGIA BIOLOGICA,34.784.481/0001-95,EPP,ASA NORTE,6,1,100000.0,(61) 81338893,clinica_institucional,0.77,0.35
0.7105,FRANCESCHINI,31.098.245/0001-27,EPP,ASA NORTE,8,1,100000.0,(61) 32421250,clinica_geral,0.77,0.35
0.7105,LYRIUS ODONTOLOGIA E MEDICINA,31.140.076/0001-46,EPP,ASA NORTE,8,1,100000.0,(61) 21087070,clinica_geral,0.77,0.35
0.7105,OROSS ODONTOLOGIA & ESTETICA,57.163.384/0001-80,DEMAIS,SETOR SUDOESTE,1,1,30000.0,(19) 81834878,especialista_alto_ticket,0.52,1.0
0.7105,IOB ODONTOLOGIA E ESTETICA FACIAL,45.786.992/0001-62,EPP,ASA SUL,4,1,10000.0,(61) 81659608,especialista_alto_ticket,0.52,1.0
0.7105,MOVI REABILITACAO ORAL E ESTETICA,52.830.117/0001-04,EPP,ASA NORTE,2,1,10000.0,(61) 32421250,especialista_alto_ticket,0.52,1.0
0.7105,TULIP ODONTOLOGIA AVANCADA E ESTETICA,52.387.885/0001-27,EPP,SETOR SUDOESTE,2,1,5000.0,(61) 99999999,especialista_alto_ticket,0.52,1.0
0.7105,HIPERRI - ODONTOLOGIA ESTETICA E FUNCIONAL,26.353.381/0001-86,ME,ASA NORTE,9,2,20000.0,(61) 81251528,multi_unidade,0.47,1.0
0.7090,ODONTO PRE CLINICA DE PREVENCAO E REABILITACAO LTDA,24.912.131/0001-03,EPP,ASA NORTE,38,1,100000.0,(61) 33278815,clinica_geral,0.71,0.35
0.7090,DENTCARE,01.506.950/0001-55,EPP,ASA SUL,29,1,72400.0,(61) 30321488,clinica_institucional,0.71,0.35
0.7090,INOR,01.273.182/0001-37,EPP,ASA SUL,30,1,50000.0,(61) 33220533,clinica_geral,0.71,0.35
0.7085,CONSULTORIOS ODONTOLOGICOS DOUTOR AUGUSTO,05.395.154/0003-05,ME,PLANALTINA,12,1,520000.0,(61) 33881175,clinica_geral,0.64,0.6
0.7085,ODONTO ISO,13.144.741/0001-98,DEMAIS,TAGUATINGA,15,1,97000.0,(61) 30325477,clinica_institucional,0.64,0.6
0.7085,CLINICA ODONTOLOGICA DR WERMERSON,11.179.511/0001-39,DEMAIS,SETOR LESTE (GAMA),16,1,50000.0,(61) 41411106,clinica_geral,0.64,0.6
0.7085,ODONTO TIME,10.217.581/0001-71,EPP,TAGUATINGA,18,1,30000.0,(61) 81785272,clinica_geral,0.64,0.6
0.7085,ORTHO DENT.,11.976.981/0001-23,ME,TAGUATINGA SUL,16,1,95400.0,(61) 91555087,especialista_alto_ticket,0.44,1.0
0.7085,ORTHODENTALLES,07.488.910/0001-04,ME,TAGUATINGA,21,1,90000.0,(61) 30454910,especialista_alto_ticket,0.44,1.0
0.7080,CLINICA ODONTOLOGICA RENOVAR,09.275.351/0001-80,ME,SUL (AGUAS CLARAS),18,1,35000.0,(61) 33520321,clinica_geral,0.47,0.6
0.7080,VIA ODONTOLOGIA,08.078.593/0001-10,ME,ASA SUL,20,1,20000.0,(61) 34477106,clinica_institucional,0.47,0.6
0.7080,CEOM,08.989.763/0001-19,ME,ASA SUL,19,1,20000.0,(61) 32028981,clinica_institucional,0.47,0.6
0.7080,TALIE ODONTOLOGIA ESPECIALIZADA,09.138.610/0001-20,ME,ASA NORTE,18,1,20000.0,(61) 33549921,clinica_institucional,0.47,0.6
0.7080,INSTITUTO ODONTOLOGICO NEWTON BRAGA,07.267.845/0001-97,EPP, LAGO SUL,21,1,0.0,,clinica_institucional,0.47,0.6
0.7075,CENTRO ODONTOLOGICO MIRRANDA,02.574.101/0001-00,EPP,TAGUATINGA,31,1,175000.0,(61) 33517274,clinica_institucional,0.75,0.6
0.7065,ABIGALIL ODONTOLOGIA HUMANIZADA AOH,21.295.248/0001-05,EPP,SAMAMBAIA NORTE,11,1,73000.0,(61) 32029002,clinica_geral,0.76,0.35
0.7060,CLINICA VALLADAO,13.352.289/0001-50,DEMAIS,ASA NORTE,15,1,10000.0,(61) 37048640,clinica_geral,0.59,0.35
0.7060,ENDORALLI,13.224.260/0001-92,DEMAIS,SUDOESTE,15,1,10000.0,(61) 30429664,clinica_geral,0.59,0.35
0.7060,VSM ODONTOLOGIA,10.442.386/0001-45,DEMAIS,ASA SUL,17,1,6000.0,(61) 32428688,clinica_geral,0.59,0.35
0.7060,ARTEODONTO ESPECIALIDADES,08.740.347/0001-82,DEMAIS,ASA NORTE,19,1,5000.0,(61) 32724273,clinica_geral,0.59,0.35
0.7050,TAGUATINGA CENTRO ODONTOLOGIA,34.176.393/0001-00,EPP,TAGUATINGA CENTRO (TAGUATINGA),7,1,200000.0,(61) 35730945,clinica_institucional,0.8,0.6
0.7050,ORAL SIN IMPLANTES,42.518.173/0001-46,EPP,SOBRADINHO,5,1,300000.0,(61) 39707904,especialista_alto_ticket,0.6,1.0
0.7050,ORAL UNIC IMPLANTES,37.319.678/0001-41,EPP,TAGUATINGA NORTE (TAGUATINGA),6,1,100000.0,(61) 35221010,especialista_alto_ticket,0.6,1.0
0.7050,CENTRO ODONTOLOGICO MULTIDISCIPLINAR BUCALIS S/S LTDA,03.447.267/0001-10,EPP,ASA SUL,26,2,0.0,(61) 33352829,multi_unidade,0.6,0.6
0.7045,INSTITUTO LUCIANA DIAZ HOF,30.862.706/0001-23,DEMAIS,ASA SUL,8,1,100000.0,(61) 81177690,clinica_institucional,0.63,0.6
0.7045,VOITO ODONTOLOGIA,31.105.852/0001-77,EPP,ASA NORTE,8,1,95400.0,(61) 33712230,clinica_geral,0.63,0.6
0.7045,PRECISION ODONTOLOGIA,29.126.791/0001-82,EPP,ASA NORTE,8,1,95000.0,(61) 33261344,clinica_institucional,0.63,0.6
0.7045,CECIN ODONTOLOGIA ESPECIALIZADA,41.451.896/0001-02,EPP,ASA SUL,5,1,50000.0,(61) 32442020,clinica_institucional,0.63,0.6
0.7045,CLINICA ODONTOLOGICA RESTAURE,09.108.767/0001-03,DEMAIS,TAGUATINGA SUL (TAGUATINGA),18,1,40000.0,(61) 30218959,clinica_geral,0.63,0.6
0.7045,ELLEVA ODONTOLOGIA E ESTETICA AVANCADA,35.302.663/0001-45,ME,SUL (AGUAS CLARAS),6,1,474500.0,(61) 84585823,especialista_alto_ticket,0.43,1.0
0.7045,ESPECIALLI IMPLANTES & ORTODONTIA,18.643.225/0001-21,ME,SETOR TRADICIONAL (PLANALTINA),13,1,100000.0,(61) 82133700,especialista_alto_ticket,0.43,1.0
0.7030,SAUDE PLENA MEDICINA E ODONTOLOGIA ESPECIALIZADA,29.935.821/0001-00,EPP,SAMAMBAIA SUL,8,2,150000.0,(61) 30554040,multi_unidade,0.82,0.6
0.7030,EXATA IMAGEM ODONTOLOGICA,17.877.149/0001-56,DEMAIS,ASA NORTE,13,6,70000.0,(61) 33495634,multi_unidade,0.72,0.35
0.7030,CLINICA ALAISE VASCONCELOS PERIODONTIA E IMPLANTE,02.142.072/0001-07,ME,ASA NORTE,28,1,20000.0,(61) 81242014,especialista_alto_ticket,0.37,1.0
0.7025,DRA. LUDIANE CARVALHO ODONTOLOGIA E HARMONIZACAO FACIAL,48.001.348/0001-20,EPP,ASA NORTE,3,1,1000.0,(61) 92218366,marca_pessoal,0.5,1.0
0.7020,VITAL ODONTOLOGIA E SAUDE,13.812.729/0001-04,ME,AGUAS CLARAS,15,1,350000.0,(61) 37977559,clinica_geral,0.58,0.35
0.7020,ENDOPRIME,25.045.580/0001-64,DEMAIS,ASA NORTE,10,1,30000.0,(61) 82300413,clinica_geral,0.58,0.35
0.7015,ODONTODENT ODONTOLOGIA ESPECIALIZADA,03.219.684/0001-05,EPP,TAGUATINGA,27,2,50000.0,(61) 33523703,multi_unidade,0.76,0.6
0.7010,ORTHOCLIN,42.146.038/0001-17,EPP,TAGUATINGA NORTE (TAGUATINGA),5,1,40000.0,(61) 33729786,especialista_alto_ticket,0.59,1.0
0.7005,AVANT ODONTOLOGIA,17.701.357/0001-08,EPP,TAGUATINGA,13,2,30000.0,(61) 83380918,multi_unidade,0.77,0.35
0.7005,ALLIPI - ODONTOLOGIA ESPECIALIZADA LTDA,34.983.129/0001-89,DEMAIS,ASA SUL,6,1,100000.0,(61) 33210999,clinica_institucional,0.62,0.6
0.7005,HABILIS ODONTOLOGIA ESPECIALIZADA,33.860.364/0001-09,DEMAIS,ASA SUL,7,1,99800.0,(61) 85059473,clinica_institucional,0.62,0.6
0.7005,MJ ODONTOLOGIA E ESTETICA AVANCADA LTDA,42.367.523/0001-10,ME,SUL (AGUAS CLARAS),5,1,50000.0,(61) 81188060,especialista_alto_ticket,0.42,1.0
0.7005,LUANA DUARTE - HARMONIZACAO DE FACE & SORRISO,41.146.967/0001-63,ME,ASA NORTE,5,1,40000.0,(61) 32013320,especialista_alto_ticket,0.42,1.0
0.7005,CARE ODONTOLOGIA ESTETICA,41.419.489/0001-18,ME,NORTE (AGUAS CLARAS),5,1,30000.0,(61) 32633312,especialista_alto_ticket,0.42,1.0
0.7005,CLINICA TASSIO MACIEL,40.151.925/0001-58,ME,ASA NORTE,5,1,30000.0,(61) 82879924,especialista_alto_ticket,0.42,1.0
0.7005,ZION ODONTOLOGIA ESTETICA,36.680.590/0001-98,ME,ASA SUL,6,1,30000.0,(61) 85821354,especialista_alto_ticket,0.42,1.0
0.7000,PLENA SAUDE INTEGRADA,10.702.242/0001-80,ME,ASA SUL,17,2,100000.0,(61) 93035929,multi_unidade,0.6,0.35
0.7000,INSTITUTO ODONTOLOGICO COELHO MARTINS,10.428.698/0001-02,ME,ASA NORTE,17,1,100000.0,(61) 32735898,clinica_institucional,0.45,0.6
0.7000,IPO - INSTITUTO PIRES DE ODONTOLOGIA,24.903.147/0001-50,ME,ASA NORTE,10,1,20000.0,(61) 39696768,clinica_institucional,0.45,0.6
0.7000,CLINICA ODONTOLOGICA VILANOVA,17.206.380/0001-18,ME,ASA NORTE,13,1,20000.0,(61) 96160629,clinica_geral,0.45,0.6
0.6995,ORTODONTIC CENTER RECANTO,22.527.004/0001-65,ME,RECANTO DAS EMAS,11,1,100000.0,(61) 82846428,especialista_alto_ticket,0.53,1.0
0.6990,ESTHETICS ODONTOLOGIA E ESTETICA,45.127.678/0001-78,EPP,TAGUATINGA NORTE (TAGUATINGA),4,1,20000.0,(61) 91784427,especialista_alto_ticket,0.66,1.0
0.6990,ORTHODONTIC,38.439.525/0001-09,EPP,SETOR TRADICIONAL (PLANALTINA),5,3,49500.0,(38) 99999999,multi_unidade,0.61,1.0
0.6990,CLIPO - CLINICA ODONTOLOGICA,03.762.148/0001-51,EPP,ASA SUL,26,1,0.0,(61) 30393112,clinica_geral,0.56,0.6
0.6990,TIVERON ODONTOLOGIA,37.155.082/0001-53,ME,ASA SUL,33,1,10000.0,(61) 32263284,especialista_alto_ticket,0.36,1.0
0.6990,IBIP,03.766.647/0001-17,ME,ASA SUL,26,1,10000.0,(61) 33219023,especialista_alto_ticket,0.36,1.0
0.6990,PREMIER ODONTOLOGIA INTEGRADA,73.375.982/0001-70,ME,ASA NORTE,32,1,10000.0,(61) 33263322,especialista_alto_ticket,0.36,1.0
0.6990,ORTOSABIN,37.173.077/0001-73,ME,ASA SUL,33,1,10000.0,(61) 33456565,especialista_alto_ticket,0.36,1.0
0.6985,ESPECIALLI BURITIS ODONTOLOGIA,10.954.412/0001-14,DEMAIS,PLANALTINA,17,1,75000.0,(61) 33082034,clinica_geral,0.74,0.35
0.6985,INSTITUTO ZERBINI,52.712.971/0001-68,EPP,NORTE (AGUAS CLARAS),2,1,10000.0,(61) 85100270,especialista_alto_ticket,0.49,1.0
0.6980,CLINICA DE ODONTOLOGIA FERNANDO COSTA DA CRUZ S/S LTDA,14.325.910/0001-59,DEMAIS,ASA SUL,14,1,30000.0,(61) 35480140,clinica_geral,0.57,0.35
0.6980,LC MENDONCA ODONTOLOGIA LTDA,19.433.869/0001-58,DEMAIS,ASA NORTE,12,1,20000.0,(61) 33262028,clinica_geral,0.57,0.35
0.6980,THAIS MELLO ODONTOLOGIA LTDA,25.156.903/0001-97,DEMAIS,ASA SUL,10,1,20000.0,(61) 34355500,marca_pessoal,0.57,0.35
0.6980,CLINICA W ODONTOLOGIA,15.829.358/0001-07,DEMAIS,ASA SUL,14,1,19000.0,(61) 84289227,clinica_geral,0.57,0.35
0.6980,DELOI ODONTOLOGIA HUMANIZADA,20.205.877/0001-26,DEMAIS,ASA NORTE,12,1,14000.0,(61) 33263364,clinica_geral,0.57,0.35
0.6980,CENTRO DE PERIODONTIA CINTIA GUERCIO,18.114.120/0001-85,DEMAIS,ASA NORTE,13,1,10000.0,(61) 30430043,clinica_institucional,0.57,0.35
0.6980,CONCEITO ODONTOLOGIA,17.637.136/0001-00,DEMAIS,ASA NORTE,13,1,10000.0,(61) 33278113,clinica_geral,0.57,0.35
0.6980,SORRENALE,24.675.023/0001-64,DEMAIS,ASA SUL,10,1,10000.0,(61) 32534599,clinica_geral,0.57,0.35
0.6980,RCC - RESTAURACOES DE CERAMICA COMPUTADORIZADAS,22.349.015/0001-00,DEMAIS,ASA NORTE,11,1,10000.0,(61) 33228672,clinica_geral,0.57,0.35
0.6980,IORR CIRURGIA ODONTOLOGICA,16.658.169/0001-73,DEMAIS,ASA SUL,14,1,5000.0,(61) 32240931,clinica_geral,0.57,0.35
0.6970,IORB,01.034.453/0002-82,EPP,ASA NORTE,31,1,257000.0,,clinica_geral,0.68,0.35
0.6965,ORTOSHOW SAMAMBAIA,07.408.625/0001-36,EPP,SAMAMBAIA,21,2,50000.0,(61) 35610025,multi_unidade,0.76,0.35
0.6965,CLINICA ODONTOLOGICA ORTODENTE,14.453.375/0001-11,DEMAIS,SAMAMBAIA NORTE (SAMAMBAIA),14,1,30000.0,(61) 33587485,clinica_geral,0.61,0.6
0.6965,IOP - INSTITUTO ODONTOLOGICO DE PAULA,17.964.276/0001-92,DEMAIS,GUARA II,13,1,20000.0,(61) 33817546,clinica_institucional,0.61,0.6
0.6965,NB IMPLANTES LTDA,13.128.101/0001-94,ME,NUCLEO BANDEIRANTE,15,1,100000.0,(61) 35525255,especialista_alto_ticket,0.41,1.0
0.6965,INOVAR ODONTOLOGIA,09.299.741/0001-90,ME,CRUZEIRO,18,1,90000.0,(61) 32337371,especialista_alto_ticket,0.41,1.0
0.6965,IOT ORTODONTIA,15.674.630/0001-19,ME,TAGUATINGA CENTRO,14,1,8000.0,(61) 33813989,especialista_alto_ticket,0.41,1.0
0.6960,IMPLANTEC LAGO SUL LTDA,38.393.990/0001-48,EPP,SETOR DE HABITACOES INDIVIDUAIS SUL,5,1,20000.0,(61) 35616080,especialista_alto_ticket,0.69,1.0
0.6960,INNOVARE ODONTOLOGIA ESPECIALIZADA,06.859.950/0001-52,ME,ASA SUL,22,1,95400.0,(61) 32421250,clinica_institucional,0.44,0.6
0.6955,VOITO ODONTOLOGIA,09.399.339/0001-87,EPP,CEILANDIA,18,1,100000.0,(61) 35817883,clinica_geral,0.72,0.6
0.6955,HARMODONTO,07.510.057/0001-80,ME,RIACHO FUNDO I,21,1,40000.0,(61) 33995468,especialista_alto_ticket,0.47,1.0
0.6950,ENDOBLOM,37.174.430/0001-30,EPP,ASA NORTE,33,1,20000.0,,clinica_institucional,0.55,0.6
0.6950,INSTITUTO DE ODONTOLOGIA MARQUES LTDA,01.867.623/0001-29,EPP,ASA NORTE,29,1,0.0,(61) 32457411,clinica_institucional,0.55,0.6
0.6950,TRIDA ODONTOLOGIA ESPECIALIZADA LTDA,04.119.663/0001-80,EPP,ASA NORTE,25,1,0.0,(61) 2255144,clinica_institucional,0.55,0.6
0.6945,CLINICA BEZERRA,23.400.590/0001-45,EPP,RIACHO FUNDO I,10,1,100000.0,(61) 85548888,clinica_geral,0.73,0.35
0.6945,ODONTO ALFA INFINITY,32.850.606/0001-02,EPP,ASA NORTE,7,1,72400.0,(61) 30363230,clinica_geral,0.73,0.35
0.6945,BSB SMILE,40.954.626/0001-51,EPP,ASA NORTE,5,1,50000.0,(61) 91951731,clinica_geral,0.73,0.35
0.6945,RODRIGUES ODONTOLOGIA E ESTETICA LTDA,48.368.511/0001-97,EPP,SUL (AGUAS CLARAS),3,1,10000.0,(61) 82671072,especialista_alto_ticket,0.48,1.0
0.6940,ODONTOCLASS,07.631.497/0001-95,EPP,ASA NORTE,20,1,80000.0,(61) 32020428,clinica_geral,0.56,0.35
0.6940,DENTAL CONCEPT,22.672.230/0001-30,DEMAIS,ASA NORTE,11,1,20000.0,(61) 98150818,clinica_geral,0.56,0.35
0.6940,CIRO ODONTOLOGIA,05.698.901/0001-12,DEMAIS,ASA SUL,23,1,15000.0,(61) 34435452,clinica_geral,0.56,0.35
0.6940,ACHEI ODONTOLOGIA,08.254.063/0001-86,DEMAIS,ASA NORTE,20,1,10000.0,(61) 99751181,clinica_geral,0.56,0.35
0.6940,PETRA SAUDE ORAL LTDA,06.879.444/0001-25,EPP,ASA SUL,22,1,7000.0,(61) 30369026,clinica_geral,0.56,0.35
0.6930,CENTROVIDA ODONTOLOGIA E SAUDE INTEGRATIVA,04.386.511/0001-44,DEMAIS,ASA NORTE,25,1,60000.0,(61) 94451313,clinica_institucional,0.67,0.35
0.6925,ORTODENT'S,13.653.295/0001-47,DEMAIS,GAMA,15,1,20000.0,(61) 33844488,clinica_institucional,0.6,0.6
0.6925,IRMO- INSTITUTO RATIB MEDREI DE ODONTOLOGIA,11.568.092/0001-27,DEMAIS,SOBRADINHO,16,1,20000.0,(61) 91153124,clinica_institucional,0.6,0.6
0.6925,RISI ODONTOLOGIA,08.349.358/0001-36,EPP,SOBRADINHO,19,1,10000.0,(61) 84180037,clinica_geral,0.6,0.6
0.6925,CLINICA TRATTI SAUDE E ESTETICA,37.153.957/0001-88,ME,ASA SUL,6,1,110000.0,(61) 82607577,especialista_alto_ticket,0.4,1.0
0.6925,ADRIANA PORTO,35.546.697/0001-85,ME,ASA SUL,6,1,105000.0,(61) 32576770,marca_pessoal,0.4,1.0
0.6925,PERIO IMPLANTAR ODONTOLOGIA,37.700.541/0001-32,ME,NORTE (AGUAS CLARAS),6,1,104500.0,(61) 82070216,especialista_alto_ticket,0.4,1.0
0.6925,SORRISO CAPITAL CLINICA ODONTOLOGICA E ESTETICA,28.257.034/0001-85,ME,ASA SUL,9,1,100000.0,(61) 85632300,especialista_alto_ticket,0.4,1.0
0.6920,A.C DE ALMEIDA - IPIB ODONTOLOGIA,18.695.614/0001-09,ME,ASA NORTE,13,1,120000.0,(61) 35488268,clinica_institucional,0.43,0.6
0.6920,IOOG,17.278.638/0001-91,ME,AGUAS CLARAS,13,1,100000.0,(61) 34476079,clinica_institucional,0.43,0.6
0.6920,M BASTOS ODONTOLOGIA,08.874.940/0001-11,ME,ASA SUL,19,1,15000.0,(61) 33274887,clinica_geral,0.43,0.6
0.6920,FENELON ODONTOLOGIA INTEGRADA,08.972.027/0001-58,ME,SETOR DE MANSOES DOM BOSCO (LAGO SUL),19,1,10000.0,(61) 33661225,clinica_geral,0.43,0.6
0.6920,CLINICA ODONTOLOGICA SUSEN MAUREN,08.909.472/0001-73,ME,ASA NORTE,19,1,10000.0,(61) 33262449,clinica_geral,0.43,0.6
0.6920,INSTITUTO BRASILEIRO DE SAUDE,08.427.184/0001-82,ME,SETOR SUDOESTE,19,1,10000.0,(61) 30346662,clinica_institucional,0.43,0.6
0.6910,IMPLANTARTE ODONTOLOGIA,44.690.433/0001-91,EPP,SETOR NORTE (GAMA),4,1,110000.0,(61) 91211576,especialista_alto_ticket,0.64,1.0
0.6910,PREODONTO,04.266.309/0001-89,ME,ASA SUL,25,1,2000.0,(61) 33451042,especialista_alto_ticket,0.34,1.0
0.6910,UNIMPLANTE,04.450.266/0001-97,ME,ASA NORTE,25,1,2000.0,(061) 9327599,especialista_alto_ticket,0.34,1.0
0.6905,DADIVA ODONTOLOGIA,45.578.599/0001-83,EPP,NORTE (AGUAS CLARAS),4,1,350000.0,(61) 81539214,clinica_geral,0.67,0.6
0.6905,ORTHOS CLINIC,50.249.175/0001-05,ME,ASA NORTE,3,1,100000.0,(61) 82358400,especialista_alto_ticket,0.47,1.0
0.6905,DR. HENRIQUE NOGUEIRA ODONTOLOGIA E ESTETICA,45.915.011/0001-30,ME,ASA NORTE,4,1,100000.0,(61) 81242657,marca_pessoal,0.47,1.0
0.6900,MAGO SORRISO,05.855.310/0001-01,ME,ASA NORTE,23,1,110000.0,(62) 98584999,clinica_geral,0.55,0.35
0.6885,CLINICA ODONTOLOGICA PREMIUM,33.283.040/0001-47,EPP,SETOR HABITACIONAL VICENTE PIRES,7,1,33000.0,(61) 82835831,clinica_geral,0.59,0.6
0.6885,IAO ODONTOLOGIA,06.172.833/0001-16,DEMAIS,CRUZEIRO NOVO,22,1,10000.0,(61) 92030606,clinica_institucional,0.59,0.6
0.6885,CENTRO BRASILEIRO DE CIRUGIA FACIAL,29.425.728/0001-47,ME,ASA SUL,8,1,95000.0,(61) 99445558,especialista_alto_ticket,0.39,1.0
0.6885,RAFAEL MOURA ODONTOLOGIA ESTETICA,15.544.690/0001-17,ME,GUARA 01,14,1,88000.0,(61) 32265390,marca_pessoal,0.39,1.0
0.6885,BENVE ODONTOLOGIA E ESTETICA,37.302.350/0001-12,ME,AREAL (AGUAS CLARAS),6,1,80000.0,(61) 32640066,especialista_alto_ticket,0.39,1.0
0.6880,GOE,25.173.753/0001-20,ME,ASA SUL,10,1,88000.0,(61) 32026160,clinica_institucional,0.42,0.6
0.6875,HODOSDF,12.492.089/0001-30,DEMAIS,SIA,15,1,30000.0,(61) 30392511,clinica_institucional,0.7,0.6
0.6875,ODONTOGAM,03.871.051/0001-87,EPP,TAGUATINGA NORTE (TAGUATINGA),26,1,17950.0,(61) 33450769,clinica_geral,0.7,0.6
0.6875,DENTOCLINICA,02.532.655/0001-36,EPP,SAMAMBAIA NORTE (SAMAMBAIA),28,1,10000.0,(61) 33587765,clinica_geral,0.7,0.6
0.6875,CONFIALLE ODONTOLOGIA ESPECIALIZADA,09.537.122/0001-96,EPP,CEILANDIA,18,1,10000.0,(61) 33762224,clinica_institucional,0.7,0.6
0.6875,ORTHO 10 - ODONTOLOGIA INTEGRADA,15.318.349/0001-43,ME,SETOR CENTRAL (GAMA),14,1,40000.0,(61) 84367074,especialista_alto_ticket,0.45,1.0
0.6870,CLINICA FABER,01.467.801/0001-24,EPP,ASA NORTE,30,2,6000.0,(61) 32250745,multi_unidade,0.68,0.35
0.6870,ORTHODENS,00.069.952/0001-61,ME,ASA NORTE,32,1,10000.0,(61) 30393326,especialista_alto_ticket,0.33,1.0
0.6870,CLINICA ESTETIC DENTE,00.694.532/0001-76,ME,ASA SUL,31,1,5000.0,(61) 30463188,especialista_alto_ticket,0.33,1.0
0.6870,DC DOBRANSZKI & CORDEIRO ORTODONTIA E ESTETICA,04.221.731/0001-18,ME,ASA SUL,25,1,5000.0,(61) 33217010,especialista_alto_ticket,0.33,1.0
0.6865,ILO INSTITUTO LEMOS DE ODONTOLOGIA,14.424.967/0001-05,EPP,CEILANDIA SUL,14,1,50000.0,(61) 81531564,clinica_institucional,0.76,0.6
0.6865,ODONTONAVES,12.505.461/0001-03,DEMAIS,TAGUATINGA NORTE,15,1,100000.0,(61) 96549344,clinica_geral,0.71,0.35
0.6865,CLINICA ZELUS ODONTOLOGIA SAUDE E BEM-ESTAR,43.889.996/0001-40,EPP,ASA SUL,4,1,30000.0,(61) 99608860,clinica_geral,0.66,0.6
0.6865,AFOE,43.944.983/0001-27,EPP,SETOR DE MANSOES DOM BOSCO (LAGO SUL),4,1,20000.0,(61) 81065515,clinica_institucional,0.66,0.6
0.6865,ORTOBRAS,07.612.717/0001-33,ME,TAGUATINGA,21,2,10000.0,(61) 33514781,multi_unidade,0.41,1.0
0.6860,4M ODONTOLOGIA,15.323.393/0001-41,DEMAIS,ASA NORTE,14,1,10000.0,(61) 32245698,clinica_geral,0.54,0.35
0.6860,ODONTOLEGAL,15.355.473/0001-89,DEMAIS,SETOR HABITACIONAL VICENTE PIRES,14,1,10000.0,(61) 30280444,clinica_geral,0.54,0.35
0.6860,SMART ODONTOLOGIA AVANCADA,11.545.425/0001-00,DEMAIS,ASA SUL,16,1,3000.0,(61) 32244744,clinica_geral,0.54,0.35
0.6860,MARCELO NEGREIROS REABILITACAO ORAL,10.948.985/0001-35,DEMAIS,ASA SUL,17,1,3000.0,(61) 34364162,marca_pessoal,0.54,0.35
0.6860,QUALITY ODONTOLOGIA,11.780.198/0001-90,DEMAIS,ASA SUL,16,1,1200.0,(61) 33453216,clinica_geral,0.54,0.35
0.6845,ICONE - INSTITUTO CRESCER DE ODONTOLOGIA ESPECIALIZADA,20.548.138/0001-37,DEMAIS,TAGUATINGA SUL (TAGUATINGA),12,1,40000.0,(61) 30263016,clinica_institucional,0.58,0.6
0.6845,KHROMO ODONTOLOGIA,15.186.870/0001-74,DEMAIS,GAMA,14,1,40000.0,(61) 91348244,clinica_institucional,0.58,0.6
0.6845,I O R A ODONTOLOGIA ESPECIALIZADA,18.719.936/0001-32,DEMAIS,NUCLEO BANDEIRANTE,13,1,20000.0,(61) 94617414,clinica_institucional,0.58,0.6
0.6845,SIMETRIA ODONTOLOGIA E ESTETICA LTDA,27.510.922/0001-03,ME, (AGUAS CLARAS),9,1,30000.0,(61) 81110950,especialista_alto_ticket,0.38,1.0
0.6845,INSTITUTO DBF.,34.361.464/0001-45,ME,ASA SUL,7,1,10000.0,(61) 81011441,especialista_alto_ticket,0.38,1.0
0.6845,GABRIELA SA ODONTOLOGIA REABILITADORA E ESTETICA,37.408.732/0001-25,ME,ASA NORTE,6,1,10000.0,(61) 98583518,marca_pessoal,0.38,1.0
0.6845,IMPLANTAR ODONTOLOGIA MODERNA,39.572.187/0001-33,ME,ASA SUL,5,1,5000.0,(61) 83029191,especialista_alto_ticket,0.38,1.0
0.6840,CLINICA ODONTOLOGICA ORTO PLENA,10.678.970/0001-02,ME,ASA NORTE,17,1,60000.0,(61) 33223496,clinica_geral,0.41,0.6
0.6840,RODRIGO ABUD ODONTOLOGIA ESPECIALIZADA,12.251.378/0001-47,ME,ASA NORTE,16,1,1000.0,(61) 99749497,marca_pessoal,0.41,0.6
0.6835,CLINICA ORTHORIO,16.979.115/0001-00,ME,CEILANDIA,14,1,80000.0,(61) 41417926,especialista_alto_ticket,0.49,1.0
0.6835,IMORE IMPLANTES,15.218.813/0001-20,ME,RECANTO DAS EMAS,14,1,60000.0,(61) 30451311,especialista_alto_ticket,0.49,1.0
0.6830,CENTRO ODONTOLOGICO CELSO SILVA SS LTDA,04.371.364/0001-39,DEMAIS,ASA SUL,25,1,10000.0,(61) 32252822,clinica_institucional,0.52,0.6
0.6825,ODONTOCOMPANY,41.195.922/0001-89,EPP,NORTE (AGUAS CLARAS),5,1,300000.0,(61) 92799307,clinica_geral,0.7,0.35
0.6825,CLINICA CONCEPT ODONTOLOGIA E MEDICINA,40.269.762/0001-02,EPP,NORTE (AGUAS CLARAS),5,1,105000.0,(61) 81760468,clinica_geral,0.7,0.35
0.6825,REALIZAR ODONTOLOGIA,15.299.713/0001-75,EPP,RIACHO FUNDO I,14,1,100000.0,(61) 30332409,clinica_geral,0.7,0.35
0.6825,INSTITUTO DE REABILITACAO ORAL DE BRASILIA,56.979.955/0001-97,EPP,ASA SUL,2,1,500000.0,(61) 98170664,clinica_institucional,0.65,0.6
0.6820,CARISMA CLINIC & SPA,14.906.336/0001-22,ME,SUL (AGUAS CLARAS),14,1,120000.0,(61) 99690737,clinica_geral,0.53,0.35
0.6810,CICLOMED,00.365.613/0001-22,EPP,ASA NORTE,31,1,90000.0,(61) 3289582,clinica_institucional,0.64,0.35
0.6805,IVVA ODONTO ESTETICA,09.541.039/0001-90,ME,TAGUATINGA,18,1,40000.0,(61) 30424848,especialista_alto_ticket,0.37,1.0
0.6805,INSTITUTO HARMONIZE,09.154.863/0001-98,ME,RIACHO FUNDO,18,1,20000.0,(61) 33995854,especialista_alto_ticket,0.37,1.0
0.6800,CIR HARMONIZACAO OROFACIAL,40.017.574/0001-97,EPP,SETOR DE HABITACOES INDIVIDUAIS SUL,5,1,10000.0,(61) 92778807,especialista_alto_ticket,0.65,1.0
0.6800,INSTITUTO ODONTOLOGICO SIMONE PAIVA,11.227.911/0001-72,ME,SETOR HABITACIONAL JARDIM BOTANICO,16,1,40000.0,(61) 34273533,clinica_institucional,0.4,0.6
0.6800,UNIQUE ODONTOLOGIA,07.482.837/0001-63,ME,ASA SUL,21,1,30000.0,(61) 30395443,clinica_geral,0.4,0.6
0.6800,AMARAL ODONTOLOGIA,10.660.391/0001-24,ME,ASA SUL,17,1,20000.0,(61) 33813989,clinica_geral,0.4,0.6
0.6800,ODONTO WELZEL,09.343.523/0001-05,ME,AGUAS CLARAS,18,1,20000.0,(61) 99787570,clinica_institucional,0.4,0.6
0.6795,ORAL CARE CONSULTORIO ODONTOLOGICO,09.530.706/0001-30,EPP,SAMAMBAIA NORTE (SAMAMBAIA),18,1,10000.0,(61) 33572300,clinica_geral,0.63,0.6
0.6795,ORTODONTICCENTER,09.120.266/0001-42,ME,CEILANDIA,18,1,120000.0,(61) 35610334,especialista_alto_ticket,0.48,1.0
0.6790,INSTITUTO GUIDOLIN,04.044.900/0001-91,ME,ASA NORTE,25,1,96000.0,(61) 33288707,clinica_institucional,0.51,0.6
0.6790,MAGNUS ODONTOLOGIA ESPECIALIZADA,26.424.960/0001-72,ME,ASA NORTE,36,1,95400.0,(61) 99284407,clinica_institucional,0.51,0.6
0.6790,COB - CENTRO ODONTOLOGICO BRASILIENSE S/S LTDA,01.035.146/0001-35,DEMAIS,ASA NORTE,41,1,0.0,(61) 39648523,clinica_institucional,0.51,0.6
0.6785,ASA BSB ODONTOLOGIA,36.656.021/0001-07,DEMAIS,ASA SUL,6,1,300000.0,(61) 92214730,clinica_geral,0.69,0.35
0.6785,PEREIRA REABILITACAO ORAL,32.097.801/0001-03,DEMAIS,ASA NORTE,7,1,95400.0,(61) 33478744,clinica_geral,0.69,0.35
0.6785,CISO CLINICA INTEGRADA DE SAUDE ODONTOLOGICA,25.025.483/0001-00,EPP,TAGUATINGA SUL,10,1,88000.0,(61) 92927640,clinica_geral,0.69,0.35
0.6785,M CAMPOS ODONTO,36.299.533/0001-63,EPP,ASA SUL,6,1,20000.0,(61) 30110811,clinica_geral,0.69,0.35
0.6780,DR. CRISTIANO ESTRELA H.,18.350.288/0001-90,DEMAIS,ASA NORTE,13,1,3000.0,(61) 81538156,marca_pessoal,0.52,0.35
0.6780,INTERFACE ODONTOLOGIA,06.013.523/0001-59,DEMAIS,ASA NORTE,22,1,0.0,(61) 33268064,clinica_geral,0.52,0.35
0.6780,FACETECH ODONTOLOGIA E BEM ESTAR,13.203.418/0001-48,ME,NORTE (AGUAS CLARAS),15,2,30000.0,(61) 35813294,multi_unidade,0.42,0.6
0.6770,CLEAN DENT CONSULTORIO ODONTOLOGICO LTDA,02.005.849/0001-83,DEMAIS,ASA NORTE,29,1,58370.0,(61) 33280193,clinica_geral,0.63,0.35
0.6770,ODONTOLOGIA NARCISO S/S LTDA,03.403.713/0001-94,EPP,ASA NORTE,27,1,30000.0,(61) 33271240,clinica_geral,0.63,0.35
0.6770,NEW INPLANTS BRASILIA,33.519.349/0001-93,EPP,ASA SUL,36,1,10000.0,(61) 32249647,clinica_geral,0.63,0.35
0.6770,ORALPED,01.297.750/0001-30,EPP,ASA NORTE,30,1,10000.0,(61) 33267900,clinica_geral,0.63,0.35
0.6770,PERIO CLIN,00.987.274/0001-16,EPP,ASA NORTE,30,1,6000.0,(061) 3286399,clinica_geral,0.63,0.35
0.6770,ALBUQUERQUE ODONTOLOGIA E ACUPUNTURA,17.247.190/0001-49,DEMAIS,ASA NORTE,13,1,30000.0,(61) 33264071,clinica_geral,0.58,0.35
0.6765,RISUS ATELIE OROFACIAL,33.294.691/0001-32,ME,SETOR HABITACIONAL VICENTE PIRES,7,1,99800.0,(61) 33973545,clinica_institucional,0.36,1.0
0.6765,DRA VANESSA BUIATI ODONTOLOGIA ESTETICA,31.462.605/0001-28,ME,ASA SUL,7,1,95400.0,(61) 34428442,marca_pessoal,0.36,1.0
0.6765,RAFAELLA MACEDO ODONTOLOGIA E HARMONIZACAO FACIAL,42.298.847/0001-44,ME,NORTE (AGUAS CLARAS),5,1,93000.0,(61) 85641020,especialista_alto_ticket,0.36,1.0
0.6765,HARMONIZZE,31.316.351/0001-30,ME,AGUAS CLARAS,8,1,86000.0,(61) 91522464,especialista_alto_ticket,0.36,1.0
0.6765,ERETUZA LIMA,40.443.094/0001-98,ME,ASA SUL,5,1,80000.0,(61) 99123232,especialista_alto_ticket,0.36,1.0
0.6765,PRO IMPLANTES,33.786.818/0001-30,ME,ASA NORTE,7,1,60000.0,(61) 33273238,especialista_alto_ticket,0.36,1.0
0.6765,CIOG CENTRO DE IMPLANTODONTIA E ODONTOLOGIA DO GAMA,05.549.037/0001-97,ME,GAMA,23,1,15000.0,(61) 34842697,especialista_alto_ticket,0.36,1.0
0.6765,ORTOLIFE,07.746.416/0001-00,ME,SOBRADINHO,20,1,15000.0,(61) 33511491,especialista_alto_ticket,0.36,1.0
0.6760,CLINICA ODONTOLOGICA ORAL VIP,22.208.218/0001-79,ME,SETOR HABITACIONAL VICENTE PIRES,11,1,98800.0,(61) 82670191,clinica_geral,0.39,0.6
0.6760,FLEURY ODONTOLOGIA,21.819.137/0001-42,ME,SETOR HABITACIONAL VICENTE PIRES - TRECHO 3,11,1,88000.0,(61) 81870936,clinica_geral,0.39,0.6
0.6760,LUMINI ODONTOLOGIA,24.755.556/0001-56,ME,AREAL (AGUAS CLARAS),10,1,88000.0,(61) 35478436,clinica_institucional,0.39,0.6
0.6760,MM ODONTOLOGIA ESPECIALIZADA,19.788.403/0001-75,ME,ASA NORTE,12,1,80000.0,(61) 99688269,clinica_institucional,0.39,0.6
0.6760,MASTER DENTE CENTRO ODONTOLOGICO,20.238.612/0001-24,ME,NORTE (AGUAS CLARAS),12,1,72400.0,(61) 33522288,clinica_institucional,0.39,0.6
0.6760,INSTITUTO CLAUDIA ALEXANDRE,16.820.384/0001-29,ME,ASA NORTE,14,1,62200.0,(61) 32738663,clinica_institucional,0.39,0.6
0.6760,ODONTO VITAE,22.618.918/0001-31,ME,AREAL (AGUAS CLARAS),11,1,50000.0,(61) 81180647,clinica_geral,0.39,0.6
0.6760,VANESSA GOUVEA ODONTOLOGIA ESPECIALIZADA E SAUDE INTEGRATIVA LTDA,09.332.554/0001-60,ME,ASA NORTE,20,1,10000.0,(61) 91167740,marca_pessoal,0.39,0.6
0.6760,DF ODONTOCLINICA,04.924.249/0001-44,ME,SETOR SUDOESTE,24,1,0.0,(61) 81228110,clinica_institucional,0.39,0.6
0.6760,ODONTO ARTE,07.013.928/0001-50,ME,ASA SUL,21,1,0.0,(61) 32268993,clinica_institucional,0.39,0.6
0.6755,ODONTO CENTER,05.975.334/0001-02,DEMAIS,SANTA MARIA,22,1,50000.0,(61) 33938875,clinica_geral,0.67,0.6
0.6755,CLINICA ODONTOLOGICA MAANAIM,05.003.860/0001-00,EPP,CEILANDIA NORTE (CEILANDIA),24,1,20000.0,(61) 33739537,clinica_geral,0.67,0.6
0.6755,PATRICIA ZAMBONATO ORTODONTIA PERSONALIZADA,04.924.568/0001-50,ME,OTOGONAL,24,1,30000.0,(61) 32349440,marca_pessoal,0.47,1.0
0.6750,CENTRO CLINICO DE ORTODONTIA E ENDODONTIA DE BSB LTDA,01.646.199/0001-92,ME,LAGO NORTE,41,1,2000.0,(61) 84123500,especialista_alto_ticket,0.3,1.0
0.6745,ELLO ODONTOLOGIA,11.349.793/0001-75,EPP,TAGUATINGA SUL (TAGUATINGA),16,1,50000.0,(61) 35637307,clinica_geral,0.68,0.35
0.6745,A S CASALEGNO & CIA,19.779.507/0001-13,DEMAIS,TAGUATINGA SUL,12,1,20000.0,(61) 32420192,clinica_geral,0.68,0.35
0.6745,ODONTO UNIDAS,14.425.620/0001-87,DEMAIS,TAGUATINGA CENTRO (TAGUATINGA),14,1,20000.0,(61) 35621240,clinica_geral,0.68,0.35
0.6745,FAT INSTITUTO,47.335.761/0001-68,DEMAIS,NORTE (AGUAS CLARAS),4,1,100000.0,(61) 33891214,clinica_institucional,0.63,0.6
0.6745,ART ORAL ODONTOLOGIA ESPECIALIZADA LTDA,58.973.095/0001-00,EPP,ASA NORTE,1,1,50000.0,(61) 82629820,clinica_institucional,0.63,0.6
0.6745,CDB CENTRO ORTODONTIA DE BRASILIA,45.431.868/0001-84,ME,ASA NORTE,4,1,200000.0,(61) 91672455,especialista_alto_ticket,0.43,1.0
0.6745,AURUS ODONTOLOGIA E ESTETICA,48.517.079/0001-59,ME,SUL (AGUAS CLARAS),3,1,50000.0,(61) 82875277,especialista_alto_ticket,0.43,1.0
0.6740,HARMONIE ORAL,09.654.362/0001-70,ME,ASA SUL,18,1,220000.0,(61) 32020408,clinica_geral,0.51,0.35
0.6740,FEDERAL ODONTO,09.385.146/0001-77,ME,ASA NORTE,18,1,50000.0,(61) 33260215,clinica_geral,0.51,0.35
0.6740,D LOUNGE,11.781.794/0001-94,ME,ASA NORTE,16,1,50000.0,(61) 35429936,clinica_geral,0.51,0.35
0.6740,CLINICA ODONTOLOGICA MARCIA SANTIAGO,06.307.595/0001-09,ME,ASA NORTE,22,2,10000.0,(61) 3264289,multi_unidade,0.41,0.6
0.6725,ODONTOGAMA,10.575.443/0001-64,ME,GAMA,17,1,120000.0,(61) 35610334,clinica_geral,0.55,0.6
0.6725,LG CLINICA ODONTOLOGICA LTDA,40.226.974/0001-02,EPP,ASA SUL,5,1,30000.0,(61) 99966178,clinica_geral,0.55,0.6
0.6725,CLINICA ODONTOLOGICA VILLANOVA LTDA,29.588.747/0001-94,EPP,ASA NORTE,8,1,10000.0,(61) 96841378,clinica_geral,0.55,0.6
0.6725,MORETI ATELIE FACIAL,34.319.191/0001-70,EPP,ASA SUL,7,1,10000.0,(61) 33456726,clinica_geral,0.55,0.6
0.6725,TRO ODONTOLOGIA E ESTETICA OROFACIAL,26.840.404/0001-87,ME,SETOR NOROESTE,9,1,25000.0,(61) 33682572,especialista_alto_ticket,0.35,1.0
0.6725,ODONTOIMPLANTE,20.176.314/0001-57,ME,TAGUATINGA,12,1,20000.0,(61) 91185259,especialista_alto_ticket,0.35,1.0
0.6725,ORTHO CLINICA BRASILIA,18.731.989/0001-79,ME,SETOR TRADICIONAL (PLANALTINA),13,1,20000.0,(61) 33272479,especialista_alto_ticket,0.35,1.0
0.6725,SUNRISE ODONTOLOGIA E ESTETICA,19.701.997/0001-35,ME,TAGUATINGA,12,1,20000.0,(61) 99348418,especialista_alto_ticket,0.35,1.0
0.6720,CEORTH - CLINICA ODONTOLOGICA,17.864.336/0001-03,ME,AGUAS CLARAS,13,1,20000.0,(61) 32221833,clinica_geral,0.38,0.6
0.6705,PERFIL FACE ODONTOLOGIA,29.667.438/0001-00,EPP,AREAL (AGUAS CLARAS),8,1,120000.0,(61) 33990333,clinica_geral,0.67,0.35
0.6705,ARTEMIS ODONTOLOGIA,42.782.148/0001-75,EPP,ASA SUL,5,1,110000.0,(61) 81199604,clinica_geral,0.67,0.35
0.6705,HUMBERTO ALVES ODONTOLOGIA,35.830.176/0001-55,EPP,ASA NORTE,6,1,100000.0,(61) 32021918,clinica_geral,0.67,0.35
0.6705,CLINICA ALMEIDA & VELOSO ODONTOLOGIA ESPECIALIZADA,45.880.533/0001-43,DEMAIS,SETOR SUDOESTE,4,1,20000.0,(61) 92717875,clinica_institucional,0.62,0.6
0.6695,ODONTOLOGIA INTEGRADA ALCANCAR,08.839.454/0001-62,EPP,RECANTO DAS EMAS,19,1,99800.0,(61) 33333332,clinica_geral,0.78,0.35
0.6690,ODONTOPLUS,13.839.483/0001-64,DEMAIS,ASA SUL,15,1,10000.0,(61) 30346911,clinica_geral,0.56,0.35
0.6685,VERTHO LENS,47.294.948/0001-60,EPP,NORTE (AGUAS CLARAS),4,1,100000.0,(61) 92212555,clinica_geral,0.74,0.35
0.6685,ESTILO CLINICA ODONTOLOGICA LTDA,28.065.264/0001-42,DEMAIS,ASA NORTE,9,1,30000.0,(61) 33477000,clinica_geral,0.54,0.6
0.6685,QUALIDENT CLINICA ODONTOLOGICA,14.949.798/0001-27,DEMAIS,TAGUATINGA,14,1,10000.0,(61) 30325588,clinica_geral,0.54,0.6
0.6680,FACE ODONTOLOGIA ESTETICA,36.987.223/0001-31,DEMAIS,SETOR DE HABITACOES INDIVIDUAIS SUL,6,1,50000.0,(61) 33478744,especialista_alto_ticket,0.62,1.0
0.6680,CLINICA VELASCO HOSKEN,09.454.670/0001-52,ME,ASA NORTE,18,1,40000.0,(61) 33159483,clinica_geral,0.37,0.6
0.6680,CLINICA ODONTOLOGICA VIA SUPREMA,10.237.596/0001-00,ME,ASA SUL,18,1,30000.0,(61) 92219856,clinica_geral,0.37,0.6
0.6680,PG TORRES ODONTOLOGIA & BEM ESTAR - INSTITUTO,04.895.051/0001-80,ME,AREA OCTOGONAL,24,1,30000.0,(61) 33522050,clinica_institucional,0.37,0.6
0.6680,IRS - INSTITUTO RENATA SALERNO,06.149.059/0001-22,ME,ASA SUL,22,1,24000.0,(61) 81276424,clinica_institucional,0.37,0.6
0.6680,PRO ORTWS,05.218.456/0001-46,ME,ASA SUL,24,1,23000.0,(61) 2245666,clinica_geral,0.37,0.6
0.6680,LUZ - ART & DENTE,09.456.683/0001-60,ME,ASA NORTE,18,1,20000.0,(61) 33814426,clinica_geral,0.37,0.6
0.6680,CLINICA ODONTOLOGICA DO LAGO - COL,11.739.852/0001-11,ME,LAGO SUL,16,1,20000.0,(61) 32026222,clinica_geral,0.37,0.6
0.6680,RENOVARE ODONTOLOGIA ESPECIALIZADA,06.118.090/0001-04,ME,ASA SUL,22,1,20000.0,(61) 39633555,clinica_institucional,0.37,0.6
0.6680,ODONTOS,08.599.958/0001-52,ME,AGUAS CLARAS,19,1,20000.0,(61) 34361214,clinica_geral,0.37,0.6
0.6670,SINGULARE ODONTOLOGIA,04.631.163/0001-23,ME,NORTE (AGUAS CLARAS),25,1,120000.0,(61) 33545347,clinica_institucional,0.48,0.6
0.6670,CLINICA SOI,03.070.473/0001-53,ME,ASA NORTE,27,1,100000.0,(61) 92231592,clinica_geral,0.48,0.6
0.6670,CLINICA ODONTOLOGICA PAULO DUTRA S/C LTDA,00.519.962/0001-51,DEMAIS,ASA SUL,31,1,0.0,(61) 33462664,clinica_geral,0.48,0.6
0.6670,CLINICA DE ORTODONTIA JOSILCE GASPERIN SS,01.381.059/0001-30,ME,ASA NORTE,30,1,0.0,(61) 33285855,especialista_alto_ticket,0.28,1.0
0.6665,FOX ODONTO,29.571.069/0001-57,DEMAIS,LAGO NORTE,8,1,100000.0,(61) 93754345,clinica_geral,0.66,0.35
0.6665,MEDIKA POLICLINICA DE GESTAO DE SERVICOS DE SAUDE,33.518.310/0001-51,DEMAIS,ASA SUL,7,1,100000.0,(61) 34686900,clinica_geral,0.66,0.35
0.6665,MEDICINA ODONTOLOGICA,12.054.355/0001-42,DEMAIS,SAMAMBAIA NORTE (SAMAMBAIA),16,1,10000.0,(61) 34585444,clinica_geral,0.66,0.35
0.6660,MASTER PRIMER ODONTOLOGIA LTDA,25.957.665/0001-19,ME,ASA NORTE,10,1,180000.0,(61) 94075926,clinica_geral,0.49,0.35
0.6660,VERSATO ODONTOLOGIA INDIVIDUALIZADA LTDA,24.651.813/0001-00,ME,ASA SUL,10,1,100000.0,(61) 81221965,clinica_geral,0.49,0.35
0.6660,ODONTOCLINICA JUSSARA NOBREGA,21.519.924/0001-79,ME,ASA NORTE,11,1,80000.0,(61) 32013100,clinica_geral,0.49,0.35
0.6660,SCURY ODONTOLOGIA,22.348.220/0001-43,ME,SUL (AGUAS CLARAS),11,1,78800.0,(61) 81353767,clinica_geral,0.49,0.35
0.6660,CLINICA HUMANNA,17.320.073/0001-63,ME,ASA NORTE,13,1,65000.0,(61) 30396990,clinica_geral,0.49,0.35
0.6660,ART ODONTOLOGIA,23.176.830/0001-70,ME,SUL (AGUAS CLARAS),11,1,50000.0,(61) 35782200,clinica_geral,0.49,0.35
0.6650,SINDICATO DOS EMPREGADOS DE EMPRESAS DE SEG E VIG DO DF,01.634.039/0003-95,DEMAIS,ASA SUL,28,1,0.0,(061) 2242259,clinica_geral,0.6,0.35
0.6650,ARTE NA BOCA - ESTETICA DENTAL,32.150.186/0001-51,ME,SETOR CENTRAL (GAMA),7,1,120000.0,(61) 84021089,especialista_alto_ticket,0.5,1.0
0.6650,BRUNA CLINICA ODONTOLOGICA E ESTETICA AVANCADA,35.651.498/0001-37,ME,GUARA I,6,1,100000.0,(61) 32425631,especialista_alto_ticket,0.5,1.0
0.6650,DR DENTE ODONTO E ESTETICA,43.004.116/0001-01,ME,TAGUATINGA SUL (TAGUATINGA),5,1,100000.0,(61) 81351804,marca_pessoal,0.5,1.0
0.6650,IMPLANTEC TAGUATINGA,34.581.740/0001-80,ME,TAGUATINGA CENTRO (TAGUATINGA),7,1,100000.0,(61) 35260507,especialista_alto_ticket,0.5,1.0
0.6650,CLINICA ORTHOLIFE JK,35.360.169/0001-37,ME,TAGUATINGA NORTE (TAGUATINGA),6,1,100000.0,(61) 30328082,especialista_alto_ticket,0.5,1.0
0.6645,INSTITUTO ALLURE ODONTOLOGIA,36.779.495/0001-46,ME,SETOR SUDOESTE,6,1,309000.0,(61) 82021883,clinica_institucional,0.53,0.6
0.6645,R & P ODONTO,21.186.037/0001-26,ME,TAGUATINGA NORTE (TAGUATINGA),11,1,120000.0,(61) 72130550,clinica_geral,0.53,0.6
0.6645,ODONTOMAR,20.775.910/0001-53,ME,SETOR SUL (GAMA),12,1,110000.0,(61) 33858334,clinica_geral,0.53,0.6
0.6645,RENOVE ODONTOLOGIA E HARMONIZACAO FACIAL,10.811.403/0001-74,ME,SETOR LESTE (GAMA),17,1,15000.0,(61) 39633181,especialista_alto_ticket,0.33,1.0
0.6645,IEO ODONTOLOGIA,08.834.992/0001-64,ME,CRUZEIRO VELHO,19,1,10000.0,(61) 32250120,especialista_alto_ticket,0.33,1.0
0.6645,IMPERIO ODONTOLOGIA ESTETICA,09.636.193/0001-46,ME,PLANALTINA,18,1,10000.0,(61) 33888384,especialista_alto_ticket,0.33,1.0
0.6645,IBI - INSTITUTO BRASILIENSE DE IMPLANTE,08.361.591/0001-34,ME,TAGUATINGA,19,1,10000.0,(61) 34756416,especialista_alto_ticket,0.33,1.0
0.6640,ODONTO NORTE 712,07.511.068/0001-84,ME,ASA NORTE,21,1,110000.0,,clinica_geral,0.36,0.6
0.6640,VITAL CLINICA ODONTOLOGICA,08.259.637/0001-09,ME,ASA NORTE,20,1,15000.0,(61) 30331122,clinica_geral,0.36,0.6
0.6640,CENTRO ODONTOLOGICO DR. RODRIGO PONCE LEON,07.440.659/0001-08,ME,SETOR SUDOESTE,21,1,10000.0,(61) 33424159,clinica_institucional,0.36,0.6
0.6640,ODONTO AGUAS CLARAS,10.502.921/0001-06,ME,NORTE (AGUAS CLARAS),17,1,10000.0,(61) 34367105,clinica_geral,0.36,0.6
0.6640,SORRIR ODONTOLOGIA,09.264.997/0001-61,ME,ASA NORTE,18,1,10000.0,(61) 99082349,clinica_geral,0.36,0.6
0.6640,ODONTOCLINICA ORAL ESTHETIC,10.421.117/0001-00,ME,AGUAS CLARAS,17,1,10000.0,(61) 84780157,clinica_geral,0.36,0.6
0.6640,KLASS ODONTOLOGIA ESPECIALIZADA,10.333.562/0001-00,ME,ASA SUL,18,1,10000.0,(61) 84210566,clinica_institucional,0.36,0.6
0.6640,LOE ODONTOLOGIA ESPECIALIZADA,09.218.446/0001-61,ME,ASA SUL,18,1,10000.0,(61) 39633333,clinica_institucional,0.36,0.6
0.6640,MR ODONTOLOGIA,09.129.918/0001-00,ME,ASA NORTE,18,1,10000.0,(61) 33265922,clinica_geral,0.36,0.6
0.6640,NOMURA INSTITUTO ODONTOLOGICO,06.234.792/0001-45,ME,ASA NORTE,22,1,10000.0,(61) 98164444,clinica_institucional,0.36,0.6
0.6640,ODONTOLOGIA ESPECIALIZADA CRAESMEYER,08.908.122/0001-92,ME,ASA NORTE,19,1,10000.0,(61) 39633333,clinica_institucional,0.36,0.6
0.6640,CLINICA ESPECIALIZADA EM ODONTOLOGIA,09.065.085/0001-60,ME,SUL (AGUAS CLARAS),19,1,10000.0,(61) 31313131,clinica_institucional,0.36,0.6
0.6640,CLINICA ODONTOLOGICA DR VINICIUS,07.742.625/0001-78,ME,ASA NORTE,20,1,5000.0,(61) 33495689,clinica_institucional,0.36,0.6
0.6640,ALLIETARE ODONTOLOGIA,07.617.066/0001-74,ME,ASA SUL,21,1,5000.0,(61) 34421040,clinica_geral,0.36,0.6
0.6630,H.A-FACE INSTITUTO ODONTOLOGICO,01.481.774/0001-44,ME,ASA SUL,29,1,40000.0,(61) 32245698,clinica_institucional,0.47,0.6
0.6630,INSTITUTO ODONTOLOGICO R & R RIBEIRO,02.776.389/0001-97,ME,ASA SUL,27,1,30000.0,(61) 33468463,clinica_institucional,0.47,0.6
0.6630,CLINICA ODONTOLOGICA BIO INTEGRADA,03.963.855/0001-06,ME,ASA NORTE,26,1,20000.0,(61) 33270203,clinica_geral,0.47,0.6
0.6630,CLINICA ODONTOLOGICA DW,01.165.776/0001-24,ME,ASA NORTE,30,1,20000.0,(61) 33260122,clinica_geral,0.47,0.6
0.6630,ODONTOSUL CLINICA ODONTOLOGICA LTDA,37.088.572/0001-84,EPP,ASA SUL,34,1,10254.0,,clinica_geral,0.47,0.6
0.6630,INTERAGE INSTITUTO ODONTOLOGICO,00.696.488/0001-33,EPP,ASA NORTE,31,1,0.0,,clinica_institucional,0.47,0.6
0.6625,MACHADO CRUZ,01.297.963/0001-61,EPP,SETOR DE HABITACOES INDIVIDUAIS SUL,30,1,120000.0,(61) 32486400,clinica_institucional,0.75,0.6
0.6625,DENTALIS,03.384.675/0001-70,EPP,CEILANDIA SUL (CEILANDIA),27,1,100000.0,(61) 33737021,clinica_institucional,0.75,0.6
0.6625,MF ODONTOLOGIA,33.619.045/0001-06,DEMAIS,ASA NORTE,7,1,40000.0,(61) 33272427,clinica_geral,0.65,0.35
0.6625,LIRIO ODONTOLOGIA INTEGRADA,27.285.831/0001-03,DEMAIS,SETOR SUDOESTE,9,1,30000.0,(61) 81250291,clinica_geral,0.65,0.35
0.6625,ODONTOLOGIA CASA DO MARANHAO,35.160.270/0001-44,DEMAIS,ASA SUL,6,1,20000.0,(61) 99150880,clinica_geral,0.65,0.35
0.6625,PATRICIA REGINA ACADEMY,41.772.562/0001-30,EPP,ASA NORTE,5,1,10000.0,(61) 99545556,marca_pessoal,0.65,0.35
0.6625,SPS CIRURGIA BUCOMAXILOFACIAL,40.660.596/0001-70,EPP,ASA NORTE,5,1,10000.0,(61) 35612449,clinica_geral,0.65,0.35
0.6625,DENTHALHE PINHEIRO,36.309.959/0001-50,EPP,ASA SUL,6,1,5000.0,(61) 81267078,clinica_geral,0.65,0.35
0.6625,MAISON ODONTOLOGIA ESPECIALIZADA,44.584.328/0001-78,EPP,ASA SUL,4,1,50000.0,(61) 35625112,clinica_institucional,0.6,0.6
0.6625,UNIKA ODONTOLOGIA ESTETICA E FUNCIONAL LTDA,54.245.596/0001-19,ME,AGUAS CLARAS,2,1,100000.0,(61) 98669432,especialista_alto_ticket,0.4,1.0
0.6625,HF ODONTOLOGIA ESTETICA,57.156.948/0001-58,ME,ASA SUL,1,1,50000.0,(61) 95101163,especialista_alto_ticket,0.4,1.0
0.6620,D G ODONTOLOGIA,11.714.452/0001-51,ME,ASA NORTE,16,1,100000.0,(61) 33402331,clinica_geral,0.48,0.35
0.6615,ODONTO MIZIARA,21.125.926/0001-83,EPP,SAO SEBASTIAO,11,1,88000.0,(61) 82338411,clinica_geral,0.76,0.35
0.6615,PREV ORAL,18.350.433/0001-32,EPP,CEILANDIA NORTE (CEILANDIA),13,1,50000.0,(61) 30470040,clinica_geral,0.76,0.35
0.6610,INSTITUTO QUEVEDO ODONTOLOGIA E MEDICINA INTEGRADA,42.003.787/0001-95,EPP,TAGUATINGA SUL (TAGUATINGA),5,1,20000.0,(61) 81429750,clinica_institucional,0.69,0.6
0.6610,MC MOND CLINIC,38.002.572/0001-82,DEMAIS,ASA NORTE,33,1,10000.0,(61) 82223110,clinica_geral,0.59,0.35
0.6610,AVAN CENTRO CLINICO ODONTOLOGICO LTDA,03.634.854/0001-18,EPP,ASA SUL,38,1,10000.0,(61) 32249910,clinica_institucional,0.59,0.35
0.6610,DANIELE NOBREGA ODONTOLOGIA,38.045.738/0001-48,DEMAIS,ASA SUL,32,1,10000.0,(61) 30398078,clinica_geral,0.59,0.35
0.6610,ORIS,04.252.408/0001-01,DEMAIS,ASA NORTE,25,1,10000.0,(61) 33272223,clinica_institucional,0.59,0.35
0.6610,GOMES E FELIX ODONTOLOGIA,02.949.053/0001-89,DEMAIS,AREAL (AGUAS CLARAS),27,1,10000.0,(61) 33523075,clinica_geral,0.59,0.35
0.6610,ODONTOLOGIA RICARDO TELES,02.474.025/0001-52,DEMAIS,ASA NORTE,28,1,10000.0,(61) 33276361,clinica_geral,0.59,0.35
0.6610,ESTHETICAL ODONTOLOGIA LTDA,01.036.702/0001-98,EPP,ASA NORTE,30,1,5000.0,(61) 33272170,clinica_geral,0.59,0.35
0.6610,ORAL CLINIC,04.292.236/0001-08,EPP,ASA NORTE,25,1,0.0,(61) 33285688,clinica_geral,0.59,0.35
0.6605,AB ODONTOLOGIA E ESTETICA AVANCADA,30.259.785/0001-82,ME,ASA NORTE,8,1,30000.0,(61) 81277310,especialista_alto_ticket,0.32,1.0
0.6605,AM ODONTOLOGIA E ESTETICA FACIAL,34.590.041/0001-05,ME,ASA SUL,7,1,30000.0,(61) 32022032,especialista_alto_ticket,0.32,1.0
0.6605,SORRISO IMPLANTES,32.233.989/0001-70,ME,AGUAS CLARAS,7,1,30000.0,(61) 82641013,especialista_alto_ticket,0.32,1.0
0.6605,CLINICA AVILA ESTETICA E ODONTOLOGIA ESPECIALIZADA,41.719.032/0001-29,ME,ASA SUL,5,1,30000.0,(61) 32448639,especialista_alto_ticket,0.32,1.0
0.6605,ODONTO MASTER,37.978.797/0001-06,ME,NORTE (AGUAS CLARAS),6,1,30000.0,(61) 35261460,especialista_alto_ticket,0.32,1.0
0.6605,LIZ ODONTOLOGIA & ESTETICA,32.548.699/0001-15,ME,NORTE (AGUAS CLARAS),7,1,30000.0,(61) 81802788,especialista_alto_ticket,0.32,1.0
0.6605,IANARA PINHO - ODONTOLOGIA,31.295.260/0001-65,ME,NORTE (AGUAS CLARAS),8,1,20000.0,(61) 30430043,especialista_alto_ticket,0.32,1.0
0.6600,I9 ODONTOLOGIA,18.563.399/0001-84,ME,AGUAS CLARAS,13,1,40000.0,(61) 41025123,clinica_geral,0.35,0.6
0.6600,FLAIR ODONTOLOGIA,22.326.804/0001-18,ME,ASA NORTE,11,1,20000.0,(61) 33265299,clinica_geral,0.35,0.6
0.6600,INSTITUTO CAROLINA CARAZZA,18.606.762/0001-00,ME,ASA NORTE,13,1,20000.0,(61) 92758525,clinica_institucional,0.35,0.6
0.6600,INSTITUTO SORRIDERE DE ODONTOLOGIA,23.640.427/0001-50,ME,NORTE (AGUAS CLARAS),10,1,20000.0,(61) 35612002,clinica_institucional,0.35,0.6
0.6600,ALFA PRIME ODONTOLOGIA,16.861.002/0001-05,ME,SUL (AGUAS CLARAS),13,1,20000.0,(61) 30272203,clinica_geral,0.35,0.6
0.6600,CLINICA ODONTOLOGICA PATRICIA CASTRO LTDA,05.350.659/0001-91,ME,ASA SUL,23,1,0.0,(61) 33444418,clinica_geral,0.35,0.6
0.6595,IMPLADENT CLINICA ODONTOLOGICA LTDA,04.478.454/0001-23,EPP,TAGUATINGA,25,1,20000.0,(61) 35612449,clinica_geral,0.63,0.6
0.6595,CLINICA DI-PAULA,03.011.333/0001-04,EPP,GUARA I,27,1,10000.0,(61) 96277300,clinica_geral,0.63,0.6
0.6595,INSTITUTO DALTON MARINHO,37.108.321/0001-14,EPP,TAGUATINGA SUL (TAGUATINGA),34,1,10000.0,(61) 33514601,clinica_institucional,0.63,0.6
0.6595,INSTITUTO DE IMPLANTODONTIA DAYSE RODRIGUES,15.638.949/0001-99,ME,TAGUATINGA,14,1,30000.0,(61) 32028382,especialista_alto_ticket,0.38,1.0
0.6585,LOSC ODOTOLOGIA,10.618.222/0001-26,DEMAIS,GUARA I,17,1,73000.0,(61) 99774731,clinica_geral,0.64,0.35
0.6585,TIBERY E DIAS ODONTOLOGIA LTDA,24.743.508/0001-48,DEMAIS,TAGUATINGA SUL (TAGUATINGA),10,1,30000.0,(61) 81654151,clinica_geral,0.64,0.35
0.6585,ODONTO CAPITAL ODONTOLOGIA ESPECIALIZADA,59.342.784/0001-89,EPP,ASA NORTE,1,1,10000.0,(61) 99552910,clinica_institucional,0.59,0.6
0.6585,DRA PAMYLLA GERONCO ODONTOLOGIA ESTETICA,49.154.949/0001-35,ME,NORTE (AGUAS CLARAS),3,1,22500.0,(61) 84657116,marca_pessoal,0.39,1.0
0.6585,HARMONIZZA,47.093.408/0001-19,ME,ASA NORTE,4,1,20000.0,(61) 81357300,especialista_alto_ticket,0.39,1.0
0.6580,CLINICA DE PERIODONTIA PRISCILA MARTINS DUARTE,10.572.811/0001-10,ME,ASA NORTE,17,1,20000.0,(61) 34263210,clinica_geral,0.47,0.35
0.6580,ODONTOCLINICA MORETI,07.622.683/0001-68,ME,ASA SUL,20,1,20000.0,(61) 33464894,clinica_geral,0.47,0.35
0.6570,NEO,04.538.421/0001-21,EPP,ASA NORTE,25,1,3000.0,(61) 3283003,clinica_geral,0.58,0.35
0.6565,IDEALLIS ODONTOLOGIA,09.177.994/0001-90,ME,SOBRADINHO,18,1,65000.0,(61) 81418223,clinica_geral,0.51,0.6
0.6565,CENTRO ODONTOLOGICO VITALI,12.925.675/0001-20,ME,TAGUATINGA,15,1,60000.0,(61) 33517134,clinica_institucional,0.51,0.6
0.6565,CLINICA ODONTOLOGICA INTRA ORAL,10.572.712/0001-39,ME,SAMAMBAIA,17,1,50000.0,(61) 33585105,clinica_geral,0.51,0.6
0.6565,INSTITUTO ODONTOLOGICO DR. DAVID CARVALHO,11.108.033/0001-76,ME,TAGUATINGA,17,1,50000.0,(61) 30328875,clinica_institucional,0.51,0.6
0.6565,INOBRAS - INSTITUTO DE ODONTOLOGIA E IMPLANTOLOGIA DE BRASILIA LTDA,24.365.337/0001-60,ME,TAGUATINGA NORTE (TAGUATINGA),10,1,20000.0,(61) 33360115,especialista_alto_ticket,0.31,1.0
0.6560,OROFACIAL,35.535.725/0001-69,EPP,SETOR DE HABITACOES INDIVIDUAIS SUL,6,1,30000.0,(61) 84970836,clinica_geral,0.59,1.0
0.6560,RL ODONTOLOGIA,08.580.740/0001-56,ME,ASA SUL,19,1,2000.0,(61) 32747612,clinica_geral,0.34,0.6
0.6555,ODONTO ART CLINICA ODONTOLOGICA,24.443.429/0001-11,DEMAIS,CEILANDIA NORTE (CEILANDIA),10,1,78800.0,(61) 33212471,clinica_geral,0.62,0.6
0.6555,CLINICA ODONTOLOGICA TEIXEIRA MARQUES,03.575.390/0001-16,DEMAIS,SAMAMBAIA NORTE (SAMAMBAIA),26,1,0.0,(61) 33587122,clinica_geral,0.62,0.6
0.6555,EMFACE INSTITUTO OROFACIAL,35.230.060/0002-66,ME,ASA NORTE,6,1,20000.0,(92) 32234991,clinica_institucional,0.37,1.0
0.6545,ATELIE ODONTOLOGIA,39.234.256/0001-07,DEMAIS,ASA NORTE,5,1,105000.0,(61) 32025422,clinica_geral,0.63,0.35
0.6545,BUZAR ODONTOLOGIA,28.162.020/0001-88,EPP,ASA SUL,9,1,93700.0,(61) 93194030,clinica_geral,0.63,0.35
0.6545,RISIS ODONTOLOGIA,32.821.552/0001-57,EPP,AREAL (AGUAS CLARAS),7,1,50000.0,(61) 30340690,clinica_geral,0.63,0.35
0.6545,CLINISUL - CLINICA INTEGRADA ASA SUL,28.899.447/0001-63,EPP,ASA SUL,8,1,50000.0,(61) 91489843,clinica_geral,0.63,0.35
0.6545,MOLINA ODONTOLOGIA INTEGRADA,11.103.988/0001-30,DEMAIS,TAGUATINGA,17,1,20000.0,(61) 33548876,clinica_geral,0.63,0.35
0.6535,DUTRA CLINIC ODONTOLOGIA INTEGRADA LTDA,00.059.265/0001-65,EPP,GUARA,32,1,270000.0,(61) 35678700,clinica_geral,0.74,0.35
0.6525,VENITI ODONTOLOGIA,44.550.342/0001-50,EPP,NORTE (AGUAS CLARAS),4,1,800000.0,(61) 91198306,clinica_geral,0.7,0.35
0.6525,BUCHER ODONTOLOGIA,48.417.294/0001-88,EPP,ASA NORTE,3,1,50000.0,(61) 93811390,clinica_geral,0.7,0.35
0.6525,BE SURGERY,45.673.094/0001-06,EPP,ASA NORTE,4,1,50000.0,(61) 91951731,clinica_geral,0.7,0.35
0.6525,AZULAY ODONTOLOGIA,44.225.989/0001-07,EPP,ASA SUL,4,1,50000.0,(98) 92387395,clinica_geral,0.7,0.35
0.6525,ODONTONORTE AGUAS CLARAS,45.716.942/0001-09,EPP,NORTE (AGUAS CLARAS),4,1,50000.0,(61) 34473045,clinica_geral,0.7,0.35
0.6525,ENLEVE CENTRO DE ODONTOLOGIA ESPECIALIZADA,32.926.046/0001-22,ME,ASA NORTE,7,1,180000.0,(61) 96673986,clinica_institucional,0.5,0.6
0.6525,ORAL VIP ODONTOLOGIA,36.626.716/0001-46,ME,SETOR HABITACIONAL VICENTE PIRES,6,1,110000.0,(61) 82670191,clinica_geral,0.5,0.6
0.6525,ODONTO SANCHES,31.245.818/0001-06,ME,AREAL (AGUAS CLARAS),8,1,105000.0,(61) 33568174,clinica_geral,0.5,0.6
0.6525,DM ODONTOLOGIA ESPECIALIZADA,36.737.569/0001-81,ME,SETOR SUDOESTE,6,1,104500.0,(61) 35460512,clinica_institucional,0.5,0.6
0.6525,IFO ODONTOLOGIA,33.693.901/0001-65,ME,SETOR HABITACIONAL VICENTE PIRES - TRECHO 3,7,1,100000.0,(61) 81784456,clinica_institucional,0.5,0.6
0.6525,JH CENTRO ESPECIALIZADO DE ODONTOLOGIA,33.736.712/0001-22,ME,ASA SUL,7,1,100000.0,(61) 81575612,clinica_institucional,0.5,0.6
0.6525,INSTITUTO SHEILA CAMPOS,33.385.853/0001-48,ME,ASA SUL,7,1,100000.0,(61) 84210018,clinica_institucional,0.5,0.6
0.6520,CLINICA ORTHOVIPI,29.208.119/0001-36,ME,GAMA,8,1,200000.0,(61) 32631764,especialista_alto_ticket,0.53,1.0
0.6520,ALLEGRA ODONTOLOGIA INTEGRADA,06.145.590/0001-27,ME,ASA NORTE,22,1,10000.0,(61) 33451225,clinica_geral,0.33,0.6
0.6520,CENTRO ODONTOLOGICO CUIDAR,09.231.139/0001-10,ME,ASA SUL,18,1,10000.0,(61) 34430213,clinica_institucional,0.33,0.6
0.6520,CEOC-CENTRO ESPECIALIZADO EM ODONTOPEDIATRIA E CIRURGIA,08.218.486/0001-40,ME,ASA NORTE,20,1,10000.0,(61) 33273235,clinica_institucional,0.33,0.6
0.6520,INEO INSTITUTO EM EXCELENCIA ODONTOLOGICA,09.911.738/0001-85,ME,ASA SUL,18,1,10000.0,(61) 32452487,clinica_institucional,0.33,0.6
0.6520,PERFETTO ODONTOLOGIA,10.886.809/0001-16,ME,ASA NORTE,17,1,10000.0,(61) 39640691,clinica_institucional,0.33,0.6
0.6520,ODONTOESTE ODONTOLOGIA ESPECIALIZADA SUDOESTE,06.232.238/0001-29,ME,OCTOGONAL,22,1,10000.0,(61) 3610337,clinica_institucional,0.33,0.6
0.6520,ORAL DESIGN,05.382.830/0001-44,ME,ASA SUL,23,1,9000.0,(61) 96642059,clinica_geral,0.33,0.6
0.6520,ODONTOLOGIA ESPECIALIZADA DR. LUIS GUSTAVO,11.960.064/0001-50,ME,ASA NORTE,16,1,5000.0,(61) 92453266,clinica_institucional,0.33,0.6
0.6515,ORAL CLIN,14.811.827/0001-90,DEMAIS,SANTA MARIA,14,1,20000.0,(61) 33931765,clinica_geral,0.61,0.6
0.6505,PRIMUS ODONTOLOGIA LTDA,27.523.204/0001-63,EPP,ASA NORTE,9,1,93700.0,(61) 39640691,clinica_geral,0.62,0.35
0.6505,CONIC ODONTOLOGIA,42.904.736/0001-34,DEMAIS,ASA SUL,5,1,50000.0,(61) 91553963,clinica_geral,0.62,0.35
0.6505,ORALLASER,40.566.038/0001-40,EPP,ASA SUL,5,1,36000.0,(61) 32421250,clinica_geral,0.62,0.35
0.6505,BRANDAO CLINICAS INTEGRADAS,36.176.853/0001-26,EPP,ASA SUL,6,1,30000.0,(61) 33463346,clinica_geral,0.62,0.35
0.6505,CLIOB ODONTOLOGIA,26.536.019/0001-40,EPP,ASA NORTE,9,1,30000.0,(61) 39630012,clinica_geral,0.62,0.35
0.6505,CLIDAE ODONTOLOGIA,33.013.332/0001-60,EPP,ASA SUL,7,1,20000.0,(61) 39689150,clinica_geral,0.62,0.35
0.6505,ORAL UNIC,54.205.819/0001-14,EPP,SUL (AGUAS CLARAS),2,1,200000.0,(61) 98429926,clinica_geral,0.57,0.6
0.6505,ORALE ODONTOLOGIA ESPECIALIZADA,57.782.980/0001-49,EPP,AREAL (AGUAS CLARAS),1,1,90000.0,(61) 94380110,clinica_institucional,0.57,0.6
0.6505,CENTRO ESTETICO MAIS ODONTOLOGIA,13.602.884/0001-04,ME,PARANOA,15,1,25000.0,(61) 33696435,especialista_alto_ticket,0.47,1.0
0.6505,ANGELIM ODONTOLOGIA E ESTETICA FACIAL,58.230.347/0001-00,ME,ASA SUL,1,1,320000.0,(61) 93977316,especialista_alto_ticket,0.37,1.0
0.6505,CLINICA SPECCHIO,55.497.683/0001-26,ME,ASA NORTE,2,1,200000.0,(61) 81278962,especialista_alto_ticket,0.37,1.0
0.6505,D. LINEA ODONTOLOGIA,48.749.348/0001-02,ME,ASA NORTE,3,1,150000.0,(61) 99251110,especialista_alto_ticket,0.37,1.0
0.6505,INSTITUTO RN DE ODONTOLOGIA E ESTETICA ESPECIALIZADA.,43.931.841/0001-25,ME,AREAL (AGUAS CLARAS),4,1,150000.0,(61) 37974000,especialista_alto_ticket,0.37,1.0
0.6505,CLINICA KELEN URURAHY,48.882.092/0001-07,ME,ASA NORTE,3,1,130000.0,(61) 99490106,especialista_alto_ticket,0.37,1.0
0.6505,BENVENUTI ODONTOPEDIATRIA E ORTODONTIA,44.634.396/0001-02,ME,SUL (AGUAS CLARAS),4,1,120000.0,(61) 98507480,especialista_alto_ticket,0.37,1.0
0.6500,PERIOLIFE ODONTOLOGIA,07.586.616/0001-35,ME,ASA NORTE,21,1,170000.0,(61) 84247764,clinica_geral,0.45,0.35
0.6500,ODONTOLOGIA ARAUJO E BINHA LTDA,24.663.158/0001-00,ME,ASA SUL,10,1,90000.0,(61) 32020082,clinica_geral,0.45,0.35
0.6500,ESSENCIAL ODONTOMED,22.086.651/0001-89,ME,ASA SUL,11,1,30000.0,(61) 32456120,clinica_geral,0.45,0.35
0.6500,COUTO CESAR ODONTOLOGIA,18.253.664/0001-28,ME,ASA NORTE,13,1,21000.0,(61) 98162430,clinica_geral,0.45,0.35
0.6490,TORRES ODONTOLOGIA ESTETICA,33.293.700/0001-70,ME,TAGUATINGA CENTRO (TAGUATINGA),7,1,99800.0,(61) 91231263,especialista_alto_ticket,0.46,1.0
0.6490,RIZZI ODONTOLOGIA ESTETICA,37.258.655/0001-74,ME,TAGUATINGA,6,1,60000.0,(61) 84746817,especialista_alto_ticket,0.46,1.0
0.6485,CENTRO ODONTOLOGICO DENTE SAO LTDA,24.324.404/0001-07,ME,TAGUATINGA NORTE (TAGUATINGA),10,1,120000.0,(61) 82714730,clinica_institucional,0.49,0.6
0.6485,CLINICA ODONTOLOGICA SINAPSE,25.025.498/0001-78,ME,VILA VICENTINA (PLANALTINA),10,1,90000.0,(61) 33887998,clinica_geral,0.49,0.6
0.6485,ART ORAL CENTRO ODONTOLOGICO ESPECIALIZADO,22.678.342/0001-06,ME,TAGUATINGA NORTE (TAGUATINGA),11,1,78800.0,(61) 82469596,clinica_institucional,0.49,0.6
0.6485,REDEORTO,18.326.655/0001-10,ME,GAMA,13,1,50000.0,(61) 35324664,clinica_geral,0.49,0.6
0.6485,ORTHODONTIC MAGIC,22.238.370/0001-02,ME,RIACHO FUNDO I,11,1,78800.0,(61) 33996153,especialista_alto_ticket,0.29,1.0
0.6480,ODONTO NERES,41.543.593/0001-10,EPP,CENTRO (SAO SEBASTIAO),5,1,110000.0,(61) 92752864,clinica_geral,0.77,0.6
0.6480,CLIMEA CLINICA ODONTOLOGICA S/S LTDA,08.753.734/0001-53,ME,ASA NORTE,19,1,10000.0,(61) 33261282,clinica_geral,0.32,0.6
0.6480,CLINICA ODONTOLOGICA MIGLIO,06.208.825/0001-82,ME,ASA NORTE,22,1,0.0,(61) 3295505,clinica_geral,0.32,0.6
0.6480,CONSULTORIO SAO JOSE,05.603.027/0001-92,ME,ASA NORTE,23,1,0.0,(61) 33215187,clinica_geral,0.32,0.6
0.6475,ORTOPRIME ODONTOLOGIA ESPECIALIZADA,11.037.816/0001-06,DEMAIS,CEILANDIA SUL (CEILANDIA),17,1,20000.0,(61) 35814194,clinica_institucional,0.6,0.6
0.6475,ORAL VITA - CLINICA ODONTOLOGICA,11.500.713/0001-30,DEMAIS,CANDANGOLANDIA,16,1,20000.0,(61) 32258832,clinica_geral,0.6,0.6
0.6475,ODONTOMEDICA BRASIL,09.570.263/0001-00,EPP,CEILANDIA,18,1,15000.0,(61) 33758884,clinica_geral,0.6,0.6
0.6475,CLINICA MIAKE,01.257.016/0001-47,ME,TAGUATINGA,30,1,20000.0,(61) 35624826,especialista_alto_ticket,0.4,1.0
0.6475,CENTRAL IMPLANTES,25.258.109/0001-54,ME,SOBRADINHO,10,1,40000.0,(61) 86033330,especialista_alto_ticket,0.35,1.0
0.6475,ORTHO FACE,20.364.359/0001-55,ME,NUCLEO BANDEIRANTE,12,1,30000.0,(61) 35521063,especialista_alto_ticket,0.35,1.0
0.6475,DEAMICI ORTODONTIA E IMPLANTODONTIA,22.456.427/0001-31,ME,TAGUATINGA CENTRO (TAGUATINGA),11,1,20000.0,(61) 83390001,especialista_alto_ticket,0.35,1.0
0.6470,TORMIM ESTETICA E SAUDE,55.201.607/0001-21,EPP,TAGUATINGA NORTE (TAGUATINGA),2,1,20000.0,(61) 99236969,especialista_alto_ticket,0.53,1.0
0.6470,COC CENTRO ODONTOLOGICO CAETANO LTDA,26.437.194/0001-80,ME,ASA SUL,36,1,40000.0,(61) 32245698,clinica_institucional,0.43,0.6
0.6470,CLINICA SAUDE ORAL SUDOESTE,04.375.854/0001-03,ME,SETOR SUDOESTE,25,1,15000.0,(61) 33444134,clinica_geral,0.43,0.6
0.6470,INSTITUTO CAMPOLINA,01.096.986/0001-08,ME,ASA NORTE,30,1,10000.0,(61) 33285806,clinica_institucional,0.43,0.6
0.6470,IBEPO - CLINICA ODONTOLOGICA,72.577.190/0001-15,ME,ASA NORTE,32,1,10000.0,(61) 33283535,clinica_geral,0.43,0.6
0.6470,LIRA ODONTOLOGIA ESPECIALIZADA,37.071.404/0001-86,ME,ASA NORTE,34,1,6000.0,(61) 33269643,clinica_institucional,0.43,0.6
0.6465,DENTAL CONCEPT,47.324.965/0001-01,DEMAIS,ASA NORTE,4,1,50000.0,(61) 32579135,clinica_institucional,0.56,0.6
0.6465,CV ODONTOLOGIA,55.684.848/0001-79,EPP,ASA NORTE,2,1,40000.0,(61) 98134431,clinica_institucional,0.56,0.6
0.6465,GUIOTTI CLINICA ODONTOLOGICA,51.548.454/0001-32,EPP,AGUAS CLARAS,3,1,25000.0,(61) 83655150,clinica_geral,0.56,0.6
0.6465,MAX DENT ODONTOLOGIA ESPECIALIZADA,45.089.649/0001-69,EPP,AREAL (AGUAS CLARAS),4,1,20000.0,(61) 84163242,clinica_institucional,0.56,0.6
0.6465,ICOB - INSTITUTO DE CIRURGIA ORTOGNATICA DE BRASILIA,45.212.645/0001-26,EPP,ASA NORTE,4,1,20000.0,(61) 99843500,clinica_institucional,0.56,0.6
0.6465,CEPI,26.438.028/0001-07,EPP,ASA NORT/DF,36,1,13000.0,,especialista_alto_ticket,0.51,1.0
0.6460,MAESTRIA ODONTOLOGIA,06.905.895/0001-90,ME,LAGO SUL,22,1,72400.0,(61) 33645050,clinica_geral,0.44,0.35
0.6460,RIDERE ODONTOLOGIA,09.687.573/0001-00,ME,ASA NORTE,18,1,60000.0,(61) 21948446,clinica_geral,0.44,0.35
0.6460,HOSPITAL DO DENTE,07.725.305/0001-00,ME,NORTE (AGUAS CLARAS),20,1,50000.0,(61) 35360444,clinica_geral,0.44,0.35
0.6460,NEOVITA ODONTOLOGIA,12.887.407/0001-61,ME,AGUAS CLARAS,15,1,50000.0,(61) 35364004,clinica_geral,0.44,0.35
0.6460,ASSOCIACAO NACIONAL DOS SERVIDORES DA CARREIRA DE PLANEJAMENTO E ORCAMENTO,03.657.095/0002-90,DEMAIS,ASA NORTE,21,1,0.0,,clinica_geral,0.44,0.35
0.6455,CT CAROLINA TRINDADE SAUDE,24.900.254/0001-24,EPP,SETOR DE HABITACOES INDIVIDUAIS SUL,10,1,30000.0,(61) 32481140,clinica_geral,0.72,0.35
0.6450,INSTITUTO RIOLI DE REABILITACAO ORAL LTDA,28.234.304/0001-32,DEMAIS,TAGUATINGA NORTE (TAGUATINGA),9,1,60000.0,(61) 32024974,clinica_institucional,0.65,0.6
0.6450,INTEGRALIZZE ODONTOLOGIA ESPECIALIZADA,31.624.032/0001-91,EPP,TAGUATINGA NORTE (TAGUATINGA),7,1,5000.0,(61) 82011736,clinica_institucional,0.65,0.6
0.6450,PRONTODONTO CLINICA DENTARIA S/S LTDA,72.589.468/0001-74,DEMAIS,ASA SUL,32,1,10000.0,(61) 32454781,clinica_geral,0.55,0.35
0.6445,IDEALLE STUDIO ORAL,29.619.930/0001-00,DEMAIS,ASA SUL,8,2,30000.0,(61) 95594143,multi_unidade,0.63,0.35
0.6445,ORTO VIDA - CLINICA ODONTOLOGICA,11.983.083/0001-00,ME,PLANALTINA,16,1,100000.0,(61) 33896155,clinica_geral,0.48,0.6
0.6445,CLINICA DE IMPLANTODONTIA PERIODONTIA E ORTODONTIA,35.748.057/0001-58,ME,ASA NORTE,6,1,10000.0,(61) 99784533,especialista_alto_ticket,0.28,1.0
0.6445,INSTITUTO CATIELI GIRARDI,39.923.445/0001-89,ME,ASA SUL,5,1,10000.0,(61) 32026160,especialista_alto_ticket,0.28,1.0
0.6445,REABILITACAO ORAL ESTETICA FUNCIONAL CALCAGNO GRILLO,36.666.382/0001-34,ME,ASA NORTE,6,1,10000.0,(61) 33262720,especialista_alto_ticket,0.28,1.0
0.6445,FACIAL ODONTO ESTETICA,42.496.840/0001-37,ME,SETOR SUDOESTE,5,1,10000.0,(61) 91472830,especialista_alto_ticket,0.28,1.0
0.6445,VERSO - ODONTOLOGIA E ESTETICA,39.773.856/0001-35,ME,ASA SUL,5,1,10000.0,(61) 33263005,especialista_alto_ticket,0.28,1.0
0.6445,ART VISAGE,39.241.374/0001-34,ME,ASA NORTE,5,1,5000.0,(61) 96545050,especialista_alto_ticket,0.28,1.0
0.6445,RAQUEL RIZZA ODONTOLOGIA ESTETICA,41.830.674/0001-09,ME,ASA SUL,5,1,5000.0,(61) 37110600,marca_pessoal,0.28,1.0
0.6440,CIM ODONTOLOGIA,19.942.307/0001-30,ME,AGUAS CLARAS,12,1,8000.0,(61) 30367600,clinica_geral,0.31,0.6
0.6440,S.A SORRISO CLINICA ODONTOLOGICA,19.897.522/0001-66,ME,ASA SUL,12,1,5000.0,(61) 84153163,clinica_geral,0.31,0.6
0.6435,CENTRO DE ODONTOLOGIA ESPECIALIZADA PREVENT LTDA,01.336.810/0001-86,DEMAIS,TAGUATINGA NORTE (TAGUATINGA),30,1,20000.0,(61) 33527930,clinica_institucional,0.59,0.6
0.6435,A & B ODONTOLOGIA ESPECIALIZADA LTDA,04.097.194/0001-46,EPP,TAGUATINGA NORTE (TAGUATINGA),25,1,15000.0,(61) 33529460,clinica_institucional,0.59,0.6
0.6435,NOSSA CLINICA ODONTOLOGICA LTDA,00.702.167/0001-02,EPP,NUCLEO BANDEIRANTE,43,1,10000.0,(61) 30372192,clinica_geral,0.59,0.6
0.6435,CLINICA ODONTOLOGICA HD,10.264.470/0001-16,DEMAIS,SAO SEBASTIAO,18,1,5000.0,(61) 33393098,clinica_geral,0.59,0.6
0.6435,INODONTO,02.576.577/0001-71,EPP,TAGUATINGA NORTE (TAGUATINGA),32,1,0.0,(61) 81339287,clinica_institucional,0.59,0.6
0.6430,MAIS SORISSUS,30.408.776/0001-06,EPP,SETOR RESIDENCIAL LESTE (PLANALTINA),8,1,100000.0,(61) 33396696,clinica_geral,0.77,0.35
0.6425,CARVALHO ODONTOLOGIA,13.512.870/0001-91,DEMAIS,GUARA II,15,1,20000.0,(61) 33820455,clinica_geral,0.6,0.35
0.6425,MAURICIO ALVES CLINICA,47.075.499/0001-60,EPP,ASA SUL,4,1,5000.0,(61) 95734310,marca_pessoal,0.55,0.6
0.6425,ISO-INSTITUTO DE SAUDE ORAL 191DF LTDA,24.554.408/0001-73,ME,SETOR CENTRAL (GAMA),10,2,88000.0,(61) 35639242,multi_unidade,0.5,0.6
0.6425,ORTHO FACIL,21.053.414/0001-59,ME,ITAPOA,11,1,35000.0,(61) 33694654,especialista_alto_ticket,0.45,1.0
0.6420,ATELIE ORAL,23.395.455/0001-59,ME,ASA SUL,10,1,150000.0,(61) 32428603,clinica_geral,0.43,0.35
0.6420,A.G. ODONTOLOGIA AVANCADA,24.831.107/0001-40,ME,ASA SUL,10,1,100000.0,(61) 81925762,clinica_geral,0.43,0.35
0.6420,LEMANI - DESING DE SORRISOS,06.270.399/0001-07,ME,ASA SUL,22,1,12600.0,(61) 33228393,clinica_geral,0.43,0.35
0.6420,ELIAS CARVALHO ODONTOLOGIA,08.265.235/0001-17,ME,ASA NORTE,20,1,10000.0,(61) 33273607,clinica_geral,0.43,0.35
0.6420,ODONTO BRASILIS,07.931.087/0001-60,ME,ASA NORTE,20,1,10000.0,(61) 33276542,clinica_geral,0.43,0.35
0.6420,S&A ODONTOLOGIA INTEGRADA,09.494.756/0001-09,ME,ASA NORTE,18,1,10000.0,(61) 34428394,clinica_geral,0.43,0.35
0.6415,ODONTO SAUDE,11.666.446/0001-76,DEMAIS,DEL LAGO I (ITAPOA),16,1,100000.0,(61) 33453344,clinica_geral,0.71,0.35
0.6415,CISB,37.067.584/0001-22,EPP,TAGUATINGA,34,1,50000.0,,clinica_institucional,0.71,0.35
0.6410,RENATA REVERTE ODONTOLOGIA,24.385.975/0001-43,ME,NORTE (AGUAS CLARAS),10,1,50000.0,(61) 91763829,marca_pessoal,0.49,0.35
0.6405,ODONTOCOMPANY ASA NORTE - BRASILIA/DF,44.121.045/0001-90,EPP,ASA NORTE,4,1,250000.0,(34) 97721460,clinica_geral,0.67,0.35
0.6405,CLINICA ODONTOLOGICA JK,12.838.011/0001-24,ME,GUARA II,15,1,20000.0,(61) 30374126,clinica_geral,0.47,0.6
0.6395,CLINICA MONTE CARLOS,24.915.209/0001-43,ME,TAGUATINGA,38,1,200000.0,(061) 3712510,clinica_institucional,0.58,0.6
0.6395,CLINICA ODONTOLOGICA RISO,14.738.749/0001-45,DEMAIS,CEILANDIA SUL,14,1,20000.0,(61) 91465061,clinica_institucional,0.58,0.6
0.6395,IMPERIO DOCTOR,19.541.258/0001-23,DEMAIS,SANTA MARIA,12,1,20000.0,(61) 33944530,clinica_geral,0.58,0.6
0.6395,INSTITUTO ESPECIALIZADO DA FACE,33.024.259/0001-21,EPP,ASA SUL,7,1,2000.0,(61) 99943919,clinica_institucional,0.53,0.6
0.6385,REVITA ODONTOLOGIA,33.010.563/0001-10,DEMAIS,ASA SUL,7,1,50000.0,(61) 39677350,clinica_geral,0.59,0.35
0.6385,CYANO ODONTOLOGIA,41.664.128/0001-37,EPP,ASA SUL,5,1,30000.0,(61) 91844794,clinica_institucional,0.59,0.35
0.6385,NEOCARE ODONTOLOGIA LTDA,09.288.794/0001-05,EPP,GUARA II,18,1,10000.0,(61) 35680001,clinica_geral,0.59,0.35
0.6385,DRA. FABIULLA,55.188.071/0001-51,ME,ASA SUL,2,1,100000.0,(61) 98283800,marca_pessoal,0.34,1.0
0.6380,ARAUJO ODONTOLOGIA,24.845.609/0001-20,ME,ASA NORTE,10,1,88000.0,(61) 96099998,clinica_geral,0.42,0.35
0.6380,LUCIANA LUSTOSA ODONTOLOGIA,15.578.742/0001-76,ME,ASA SUL,14,1,80000.0,(61) 84897777,marca_pessoal,0.42,0.35
0.6380,CLICKDENT,23.528.261/0001-84,ME,SETOR SUDOESTE,10,1,60000.0,(61) 81241745,clinica_geral,0.42,0.35
0.6375,CLINO-DF/VISO,02.316.770/0001-73,EPP,GUARA II,28,1,10000.0,(61) 95918902,clinica_institucional,0.7,0.35
0.6375,REDE ODONTO,09.264.591/0001-89,EPP,CEILANDIA SUL (CEILANDIA),18,1,10000.0,(61) 35815051,clinica_geral,0.7,0.35
0.6375,INSTITUTO RESENDE,02.958.872/0001-92,EPP,TAGUATINGA CENTRO (TAGUATINGA),27,3,10000.0,(61) 39640691,multi_unidade,0.6,0.6
0.6370,MR ODONTOLOGIA ESPECIALIZADA,40.103.118/0001-60,DEMAIS,TAGUATINGA NORTE (TAGUATINGA),5,1,100000.0,(61) 37732000,clinica_institucional,0.63,0.6
0.6370,ZENITE,41.911.315/0001-78,EPP,TAGUATINGA SUL (TAGUATINGA),5,1,55000.0,(61) 99180407,clinica_institucional,0.63,0.6
0.6370,MELHOR IMPLANTES,34.386.782/0001-60,ME,ZONA INDUSTRIAL (GUARA),7,1,130000.0,(61) 81955161,especialista_alto_ticket,0.43,1.0
0.6370,CLINICA BORGES ODONTOLOGIA E ESTETICA,40.007.229/0001-72,ME,SETOR TRADICIONAL (PLANALTINA),5,1,100000.0,(61) 33890121,especialista_alto_ticket,0.43,1.0
0.6365,HOLLYWOOD ODONTO,57.801.731/0001-53,DEMAIS,ASA SUL,1,1,550000.0,(61) 39624073,clinica_geral,0.66,0.35
0.6365,LEGIS ODONTOLOGIA,49.957.437/0001-07,EPP,ASA SUL,3,1,49000.0,(61) 81039359,clinica_geral,0.66,0.35
0.6365,CLINICA ORALM ODONTOLOGIA,50.550.462/0001-50,EPP,ASA SUL,3,1,20000.0,(61) 32446780,clinica_geral,0.66,0.35
0.6365,LRS ODONTOLOGIA AVANCAD,50.827.587/0001-85,EPP,ASA NORTE,3,1,20000.0,(61) 98322838,clinica_geral,0.66,0.35
0.6365,NEO ODONTOLOGIA,44.287.204/0001-20,EPP,AREAL (AGUAS CLARAS),4,1,20000.0,(61) 30267933,clinica_geral,0.66,0.35
0.6365,ODONTO PAU BRASIL,43.309.105/0001-30,ME,ASA NORTE,5,1,400000.0,(83) 88701234,clinica_geral,0.46,0.6
0.6365,INSTITUTO ODONTOLOGICO CAMILA REIS,37.337.033/0001-31,ME,ASA NORTE,6,1,250132.0,(61) 35326259,clinica_institucional,0.46,0.6
0.6365,IDF ODONTOLOGIA,21.992.890/0001-35,ME,SETOR SUL (GAMA),11,1,200000.0,(61) 33852305,clinica_geral,0.46,0.6
0.6365,CLINICA ODONTOLOGICA SALUTE LTDA,34.102.773/0001-09,ME,AREAL (AGUAS CLARAS),7,1,100000.0,(61) 81859149,clinica_geral,0.46,0.6
0.6365,DIO - DOURADO INSTITUTO ODONTOLOGICO,34.101.822/0001-80,ME,ASA SUL,7,1,99800.0,(61) 81938783,clinica_institucional,0.46,0.6
0.6365,INSTITUTO TEATINI DIAS,40.454.371/0001-68,ME,ASA NORTE,5,1,60000.0,(61) 33284911,clinica_institucional,0.46,0.6
0.6365,LF ODONTO,29.663.841/0001-60,ME,ASA SUL,8,1,50000.0,(61) 81143444,clinica_institucional,0.46,0.6
0.6365,NOVO DENTE,31.608.464/0001-09,ME,AREAL (AGUAS CLARAS),7,1,50000.0,(61) 95751599,clinica_geral,0.46,0.6
0.6365,SMILLE E FACE ODONTOLOGIA E ESTETICA FACIAL,36.835.565/0001-36,ME,ASA NORTE,6,1,2000.0,(61) 33267155,especialista_alto_ticket,0.26,1.0
0.6365,MARCOS EUGENIO ORTODONTIA,42.701.972/0001-53,ME,SETOR SUDOESTE,5,1,1000.0,(61) 81590555,marca_pessoal,0.26,1.0
0.6360,CLINICA ODONTOLOGICA METROPOLIS LTDA,08.628.103/0001-02,ME,ASA SUL,19,1,10000.0,(61) 33268967,clinica_geral,0.29,0.6
0.6360,FMS ODONTOLOGIA,25.361.396/0001-23,ME,ASA SUL,10,1,2000.0,(61) 32250655,clinica_institucional,0.29,0.6
0.6360,SOE SERVICOS ODONTOLOGICOS ESPECIALIZADOS,18.720.909/0001-80,ME,ASA SUL,13,1,1000.0,(61) 33228359,clinica_institucional,0.29,0.6
0.6360,ORAL CONCEPT,07.250.472/0001-41,ME,ASA NORTE,21,1,0.0,(61) 33458316,clinica_geral,0.29,0.6
0.6360,CLINICA ODONTOLOGICA LUDMILLA MENEZES,06.695.700/0001-24,ME,ASA NORTE,22,1,0.0,(61) 33401002,clinica_geral,0.29,0.6
0.6360,ELO ODONTOLOGIA ESPECIALIZADA,06.987.849/0001-87,ME,ASA SUL,21,1,0.0,(061) 32029960,clinica_institucional,0.29,0.6
0.6360,AGORA ODONTOLOGIA,06.017.742/0001-06,ME,SUDOESTE,22,1,0.0,(61) 32335739,clinica_institucional,0.29,0.6
0.6360,INVICTA ODONTOLOGIA ESPECIALIZADA,05.688.822/0001-20,ME,ASA NORTE,23,1,0.0,(61) 33492403,clinica_institucional,0.29,0.6
0.6360,OROS ODONTOLOGIA ESPECIALIZADA,07.473.482/0001-46,ME,ASA SUL,21,1,0.0,(61) 84419626,clinica_institucional,0.29,0.6
0.6355,RADIOMASTER - RADIOLOGIA ODONTOLOGICA,04.558.329/0001-23,EPP,TAGUATINGA,25,3,400000.0,(61) 35638686,multi_unidade,0.72,0.35
0.6355,RICARDO ATUSHI OKAZIMA ODONTOLOGIA ESPECIALIZADA,30.049.256/0001-54,DEMAIS,ASA SUL,8,1,2000.0,(61) 35224726,marca_pessoal,0.52,0.6
0.6355,NOVA ODONTO CLINICA ODONTOLOGICA & HARMONIZACAO FACIAL,02.642.436/0001-00,ME,NUCLEO BANDEIRANTE,28,1,20000.0,(61) 33867372,especialista_alto_ticket,0.37,1.0
0.6355,VITTA - ODONTOLOGIA E ESTETICA,26.108.371/0001-85,ME,SETOR SUDOESTE,9,1,20000.0,(61) 99816770,especialista_alto_ticket,0.32,1.0
0.6350,INSTITUTO CAMILA RICO,44.786.511/0001-56,EPP,TAGUATINGA SUL (TAGUATINGA),4,1,300000.0,(61) 99999999,clinica_institucional,0.7,0.6
0.6350,AMBAR ODONTOLOGIA ESPECIALIZADA,47.132.179/0001-02,EPP,SAMAMBAIA SUL (SAMAMBAIA),4,1,60000.0,(61) 41415590,clinica_institucional,0.7,0.6
0.6350,INSTITUTO ODONTOLOGICO ARAUJO,43.592.136/0001-40,EPP,SAMAMBAIA NORTE (SAMAMBAIA),4,1,50000.0,(61) 41037553,clinica_institucional,0.7,0.6
0.6350,DIAMOND ODONTOLOGIA E ESTETICA,56.391.565/0001-00,ME,VILA NOSSA SENHORA DE FATIMA (PLANALTINA),2,1,600000.0,(61) 34896109,especialista_alto_ticket,0.5,1.0
0.6350,SAMIR MAMEDE ODONTOLOGIA,01.297.757/0001-51,ME,ASA SUL,30,1,30000.0,(61) 32248003,clinica_institucional,0.4,0.6
0.6350,CLINICA DE ORTODONTIA FABIOLA BAFUTTO LTDA,01.444.625/0001-05,ME,ASA NORTE,29,1,10000.0,,especialista_alto_ticket,0.2,1.0
0.6350,ORTHOMASTER ODONTOLOGIA INTEGRADA,00.710.202/0001-27,ME,ASA NORTE,43,1,0.0,,especialista_alto_ticket,0.2,1.0
0.6345,ODONTOSHOP SAMAMBAIA,18.735.296/0001-54,DEMAIS,SAMAMBAIA NORTE,13,1,30000.0,(61) 99255055,clinica_geral,0.58,0.35
0.6345,IANARA PINHO - ODONTOLOGIA,36.350.404/0001-52,DEMAIS,ASA SUL,6,1,25000.0,(61) 30430043,clinica_geral,0.58,0.35
0.6345,MAURICIO ALVES CLINICA,35.094.642/0001-81,EPP,ASA SUL,6,1,5000.0,(61) 95734310,marca_pessoal,0.58,0.35
0.6345,ADRIANE AMORIM ORTODONTIA,44.759.065/0001-90,ME,NORTE (AGUAS CLARAS),4,1,94500.0,(61) 33512003,especialista_alto_ticket,0.33,1.0
0.6345,GABRIELLA GONZAGA HARMONIZACAO FACIAL E ESTETICA,49.856.935/0001-63,ME,ASA SUL,3,1,80000.0,(61) 86059790,especialista_alto_ticket,0.33,1.0
0.6345,OCCLUSE ODONTOLOGIA E ESTETICA FACIAL,49.405.918/0001-00,ME,SUL (AGUAS CLARAS),3,1,80000.0,(61) 82947372,especialista_alto_ticket,0.33,1.0
0.6345,LEALTA ODONTOLOGIA E ESTETICA AVANCADA,45.381.155/0001-53,ME,SUL (AGUAS CLARAS),4,1,50000.0,(61) 91475555,especialista_alto_ticket,0.33,1.0
0.6345,SANTE CLINIC,47.306.947/0001-99,ME,NORTE (AGUAS CLARAS),4,1,50000.0,(61) 83188565,especialista_alto_ticket,0.33,1.0
0.6340,CAVO CENTRO AVANCADO DE ODOTOLOGIA LTDA,04.679.291/0001-47,ME,ASA SUL,24,1,110000.0,(61) 99636664,clinica_institucional,0.41,0.35
0.6340,C.I.N.N.,08.267.596/0001-00,ME,ASA NORTE,20,1,50000.0,(61) 33265814,clinica_geral,0.41,0.35
0.6340,JOLIE STUDIO ODONTOLOGICO,23.828.755/0001-84,ME,SETOR SUDOESTE,10,1,10000.0,(61) 30429595,clinica_geral,0.41,0.35
0.6340,WRC ODONTOLOGIA,15.639.110/0001-75,ME,ASA SUL,14,1,10000.0,(61) 33948062,clinica_geral,0.41,0.35
0.6335,CARE ODONTOLOGIA HOSPITALAR E DOMICILIAR,22.013.946/0001-25,DEMAIS,SETOR DE HABITACOES INDIVIDUAIS SUL,11,1,110000.0,(61) 82733777,clinica_geral,0.69,0.35
0.6330,BS CLINICA ODONTOLOGICA,33.667.649/0001-10,EPP,SOBRADINHO,7,1,30000.0,(61) 33870401,clinica_geral,0.62,0.6
0.6330,ODONTO FLASH,14.200.697/0001-59,ME,ASA SUL,15,1,20000.0,(61) 32448226,clinica_geral,0.47,0.35
0.6330,ORTODONTIC,27.975.631/0001-82,ME,GAMA,9,1,25000.0,(61) 38770904,especialista_alto_ticket,0.42,1.0
0.6325,SORRIA TAGUATINGA-AQUI TEM DENTISTAS,10.955.886/0001-80,DEMAIS,TAGUATINGA CENTRO (TAGUATINGA),17,1,20000.0,(61) 33513470,clinica_geral,0.7,0.1
0.6325,ODONTO +,09.415.739/0001-39,ME,SAMAMBAIA,18,1,120000.0,(61) 32033481,clinica_geral,0.45,0.6
0.6325,LA VIE CLINICA ODONTOLOGICA LTDA,24.259.221/0001-47,ME,SOBRADINHO,10,1,50000.0,(61) 91128565,clinica_geral,0.45,0.6
0.6325,ODONTOBSB,21.024.032/0001-05,ME,TAGUATINGA SUL,11,1,40000.0,(61) 35629861,clinica_geral,0.45,0.6
0.6325,CVO - CLINICA VIDA ODONTOLOGICA,17.018.594/0001-60,ME,SOBRADINHO,13,1,20000.0,(61) 38798709,clinica_geral,0.45,0.6
0.6320,ODONTO STAR,40.552.600/0001-87,EPP,RECANTO DAS EMAS,5,1,80000.0,(61) 96874720,clinica_geral,0.73,0.6
0.6320,DO LAGO ODONTOLOGIA ESPECIALIZADA,32.488.081/0001-07,EPP,SETOR RESIDENCIAL OESTE (SAO SEBASTIAO),7,1,50000.0,(61) 98815555,clinica_institucional,0.73,0.6
0.6320,RENOVARI ODONTOLOGIA E ESTETICA FACIAL,28.368.995/0001-67,ME,CEILANDIA NORTE (CEILANDIA),9,1,200000.0,(61) 96631647,especialista_alto_ticket,0.53,1.0
0.6320,CLINICA ODONTOLOGICA LODDER LTDA,05.038.368/0001-62,ME,ASA SUL,24,1,0.0,(61) 2265212,clinica_geral,0.28,0.6
0.6320,CLINICA ODONTOLOGICA SAUDE UNIVERSAL LTDA,06.108.965/0001-89,ME,ASA SUL,22,1,0.0,(61) 32249892,clinica_geral,0.28,0.6
0.6315,CLINICA ODONTOLOGICA VIDA,13.461.014/0001-54,DEMAIS,SETOR NORTE BRAZLANDIA,15,1,10000.0,(61) 33915580,clinica_geral,0.56,0.6
0.6315,ODONTO+,09.001.695/0001-09,DEMAIS,SANTA MARIA,19,1,10000.0,(61) 33943906,clinica_geral,0.56,0.6
0.6315,NERY ODONTOLOGIA E ESTETICA,07.018.768/0001-31,ME,SANTA MARIA,21,1,300000.0,,especialista_alto_ticket,0.36,1.0
0.6315,OROFACIAL,04.303.737/0001-34,ME,GUARA,25,1,15000.0,(061) 3816881,clinica_geral,0.36,1.0
0.6310,CLINICA ODONTO BRUNA GONTIJO,49.194.204/0001-08,DEMAIS,SETOR RESIDENCIAL LESTE (PLANALTINA),3,1,500000.0,(21) 72419202,clinica_geral,0.69,0.6
0.6310,CARIE ZERO CLINICA ODONTOLOGICA LTDA,03.383.132/0001-38,ME,SUDOESTE,26,1,110000.0,,clinica_geral,0.39,0.6
0.6310,CEOSS CENTRO ESPECIALIZADO ODONTOLOGICO,04.183.229/0001-60,ME,ASA NORTE,25,1,0.0,(61) 33261482,clinica_institucional,0.39,0.6
0.6305,CIOB - CLINICA INTEGRADA DE ODONTOLOGIA DE BRASILIA,22.543.491/0001-50,DEMAIS,TAGUATINGA CENTRO (TAGUATINGA),11,1,15000.0,(61) 30446060,clinica_geral,0.57,0.35
0.6305,SAUDE BRASIL,14.241.551/0001-51,DEMAIS,TAGUATINGA,14,1,10000.0,(61) 30430003,clinica_institucional,0.57,0.35
0.6305,REDE ODONTO,16.785.783/0001-04,DEMAIS,TAGUATINGA,14,1,10000.0,(61) 35631339,clinica_geral,0.57,0.35
0.6305,INSTITUTO IKARIA B & H LTDA,58.073.984/0001-10,DEMAIS,ASA SUL,1,1,50000.0,(11) 50686011,clinica_institucional,0.52,0.6
0.6305,CLINICA ODONTOLOGICA DRA PATRICIA ROSA,47.624.769/0001-44,EPP,ASA NORTE,4,1,10000.0,(61) 91316596,clinica_geral,0.52,0.6
0.6305,CLINICA DRA VIVIAN AZEVEDO,52.660.540/0001-03,EPP,ASA NORTE,2,1,10000.0,(61) 99753023,clinica_geral,0.52,0.6
0.6300,SIGA ODONTOLOGIA CONJUNTO,11.286.722/0001-70,ME,ASA SUL,16,1,32000.0,(61) 39643434,clinica_geral,0.4,0.35
0.6300,CDF ODONTUS,05.434.096/0001-10,ME,ASA SUL,23,1,30000.0,(61) 33263418,clinica_geral,0.4,0.35
0.6300,VIDA ODONDOLOGIA,09.021.868/0001-42,ME,ASA SUL,19,1,25000.0,(61) 34431235,clinica_geral,0.4,0.35
0.6300,SEMPRE AMIGO ODONTO,08.298.204/0001-62,ME,ASA NORTE,19,1,21000.0,(61) 39702461,clinica_geral,0.4,0.35
0.6300,ODONTO CLINICA GISELE LIMA,06.098.175/0001-60,ME,ASA NORTE,22,1,20000.0,(61) 96453534,clinica_geral,0.4,0.35
0.6300,ESTACAO DO DENTE,09.367.267/0001-96,ME,ASA NORTE,18,1,20000.0,(61) 30340754,clinica_geral,0.4,0.35
0.6295,ODONTOVIDA,10.468.398/0001-49,EPP,PARANOA,17,1,78800.0,(61) 33110404,clinica_institucional,0.68,0.35
0.6290,BIOMICS,04.254.178/0001-10,ME,ASA NORTE,25,1,90000.0,(61) 32731616,clinica_geral,0.51,0.35
0.6285,DIAGNOSE ODONTOLOGIA INTEGRADA,43.678.292/0001-29,EPP,ASA SUL,4,1,150000.0,(61) 92584854,clinica_geral,0.64,0.35
0.6285,ODONTO URZEDA,45.674.409/0001-21,EPP,NORTE (AGUAS CLARAS),4,1,140000.0,(61) 81421551,clinica_geral,0.64,0.35
0.6285,ODONTOMIX,18.719.573/0001-35,DEMAIS,TAGUATINGA,13,2,12000.0,(61) 92836049,multi_unidade,0.59,0.35
0.6285,CLINICA DENTARIA NOVA,13.294.071/0001-96,ME,TAGUATINGA NORTE (TAGUATINGA),15,1,50000.0,(61) 30225445,clinica_institucional,0.44,0.6
0.6285,JGP CLINICA ODONTOLOGICA E SAUDE INTEGRADA,08.687.093/0001-86,ME,GAMA,19,1,50000.0,(61) 86234430,clinica_geral,0.44,0.6
0.6285,FB ORTODONTIA LTDA,43.039.867/0001-63,ME,SETOR DE MANSOES DOM BOSCO (LAGO SUL),5,1,10000.0,(61) 30361137,especialista_alto_ticket,0.24,1.0
0.6280,VITADENT,10.483.257/0001-03,ME,ASA SUL,17,1,30000.0,(61) 32332586,clinica_geral,0.27,0.6
0.6275,ODONTO FAMILIA,02.234.356/0001-15,ME,NUCLEO BANDEIRANTE,28,1,110000.0,(61) 30220407,clinica_geral,0.55,0.6
0.6275,RENNOVE CLINICA,07.664.116/0001-74,ME,CEILANDIA CENTRO (CEILANDIA),20,1,100000.0,(61) 84560326,clinica_geral,0.55,0.6
0.6270,NAOS - ODONTOLOGIA,39.790.122/0001-64,EPP,TAGUATINGA NORTE (TAGUATINGA),5,1,250000.0,(61) 82181764,clinica_geral,0.73,0.35
0.6270,ESSENCIAL ODONTOLOGIA LTDA,39.410.970/0001-09,EPP,TAGUATINGA NORTE (TAGUATINGA),5,1,104500.0,(61) 30420579,clinica_geral,0.73,0.35
0.6270,DR. ARTHUR ARAUJO,40.713.761/0001-05,EPP,TAGUATINGA NORTE (TAGUATINGA),5,1,50000.0,(61) 81681059,marca_pessoal,0.73,0.35
0.6260,MOSCATI ODONTOLOGIA LTDA,25.270.926/0001-28,ME,ASA NORTE,10,1,120000.0,(61) 30450606,clinica_geral,0.39,0.35
0.6260,PERFIL FACE ODONTOLOGIA,20.745.466/0001-23,ME,ASA NORTE,12,1,90000.0,(61) 81572309,clinica_geral,0.39,0.35
0.6260,CLINICA DO SORRISO,23.548.481/0001-70,ME,SETOR HABITACIONAL VICENTE PIRES,10,1,78800.0,(61) 41018229,clinica_institucional,0.39,0.35
0.6260,ARAUJO FALCAO ODONTOLOGIA,17.269.885/0001-21,ME,ASA NORTE,14,1,50000.0,(61) 99937149,clinica_geral,0.39,0.35
0.6260,QUATTRO ODONTOLOGIA,17.370.372/0001-02,ME,AGUAS CLARAS,13,1,50000.0,(61) 98226682,clinica_geral,0.39,0.35
0.6260,SPECIALE ODONTOLOGIA,21.388.188/0001-67,ME,AGUAS CLARAS,11,1,50000.0,(61) 33263005,clinica_geral,0.39,0.35
0.6260,CENTRO DE REABILITACAO ORAL TANIA MAGALHAES,05.814.142/0001-06,ME,ASA SUL,23,1,0.0,(61) 32025322,clinica_institucional,0.39,0.35
0.6260,HUMANIZARE,05.298.529/0001-57,ME,SETOR SUDOESTE,23,1,0.0,(61) 33446465,clinica_geral,0.39,0.35
0.6250,ODONTOCLINICA DINIZ MACHADO S/S LTDA,01.397.722/0001-94,ME,ASA NORTE,30,1,500000.0,(61) 33271617,clinica_geral,0.5,0.35
0.6250,ODONTOMAXX,14.861.836/0001-95,ME,ASA SUL,14,1,20000.0,(61) 33479867,clinica_geral,0.45,0.35
0.6250,GUIMARAES ODONTOLOGIA E ESTETICA,28.889.953/0001-71,ME,GAMA,8,1,180000.0,(61) 33855131,especialista_alto_ticket,0.4,1.0
0.6250,CLINICA ODONTOLOGICA E ESTETICA ESSENCE,30.978.823/0001-57,ME,JARDIM RORIZ (PLANALTINA),8,1,130000.0,(61) 33082266,especialista_alto_ticket,0.4,1.0
0.6250,ORTHON LINE,41.364.558/0001-33,ME,SETOR LESTE (GAMA),5,1,110000.0,(61) 98326019,especialista_alto_ticket,0.4,1.0
0.6250,VIDA ODONTOLOGIA,37.165.467/0001-00,ME,TAGUATINGA SUL (TAGUATINGA),6,1,105000.0,(61) 85864050,especialista_alto_ticket,0.4,1.0
0.6250,FACE A FACE ODONTOLOGIA E ORTODONTIA INTEGRADA,30.132.645/0001-49,ME,SAMAMBAIA NORTE (SAMAMBAIA),8,1,100000.0,(61) 30395656,especialista_alto_ticket,0.4,1.0
0.6250,CENTRO ODONTOLOGICO IMPLANTAR,34.386.111/0001-08,ME,SAMAMBAIA SUL (SAMAMBAIA),7,1,100000.0,(61) 33577598,especialista_alto_ticket,0.4,1.0
0.6250,ORTHOLIKE SAMAMBAIA,41.532.587/0001-67,ME,SAMAMBAIA SUL (SAMAMBAIA),5,1,100000.0,(61) 99511917,especialista_alto_ticket,0.4,1.0
0.6245,BS CLINIC,46.345.086/0001-95,EPP,ASA NORTE,4,1,70000.0,(61) 35487732,clinica_geral,0.63,0.35
0.6245,INSTITUTO MR CIRURGIA E TRAUMATOLOGIA BUCOMAXILOFACIAL,41.815.869/0001-71,ME,ASA SUL,5,1,200000.0,(88) 99247057,clinica_institucional,0.43,0.6
0.6245,LUNA ODONTOLOGIA ESPECIALIZADA,29.590.827/0001-84,ME,NORTE (AGUAS CLARAS),8,1,200000.0,(61) 33530153,clinica_institucional,0.43,0.6
0.6245,ODONTO HOME HOSPITALAR,38.297.490/0001-02,ME,ASA SUL,5,1,104500.0,(61) 38782736,clinica_institucional,0.43,0.6
0.6245,SALUTI ODONTOLOGIA,37.980.267/0001-00,ME,ASA SUL,6,1,104500.0,(61) 92693700,clinica_institucional,0.43,0.6
0.6245,INSTITUTO PAOLA GONZALES,16.815.168/0001-95,ME,SETOR LESTE (GAMA),14,1,100000.0,(61) 95637522,clinica_institucional,0.43,0.6
0.6245,PERON CLINICA ODONTOLOGICA,23.825.022/0001-96,ME,TAGUATINGA NORTE (TAGUATINGA),10,1,100000.0,(61) 30426533,clinica_geral,0.43,0.6
0.6245,REABILITAR ODONTOMASTER,22.767.275/0001-98,ME,NUCLEO BANDEIRANTE,11,1,100000.0,(61) 84843476,clinica_institucional,0.43,0.6
0.6245,FELIZARDO INSTITUTO ODONTOLOGICO,05.490.365/0001-65,ME,GUARA I,23,1,15000.0,(61) 33834729,clinica_institucional,0.43,0.6
0.6245,ODONTOLIFE CLINICA ODONTOLOGICA,08.172.962/0001-30,ME,GAMA,20,1,10000.0,(61) 34847200,clinica_geral,0.43,0.6
0.6245,CLINICA ODONTOLOGICA ORAL ARTE,07.008.340/0001-08,ME,TAGUATINGA,21,1,10000.0,(61) 3518865,clinica_geral,0.43,0.6
0.6245,PS DENTARIO,10.926.727/0001-58,ME,PLANALTINA,17,1,10000.0,(61) 33896162,clinica_geral,0.43,0.6
0.6240,ARTCLIN ODONTOLOGIA E ESTETICA,36.644.531/0001-64,ME,ARAPOANGA (PLANALTINA),6,1,50000.0,(61) 94317998,especialista_alto_ticket,0.46,1.0
0.6230,MOURA E MOURA ODONTOLOGIA LTDA,28.558.540/0001-04,DEMAIS,SAMAMBAIA NORTE (SAMAMBAIA),8,1,400000.0,(61) 33576304,clinica_geral,0.72,0.35
0.6230,ORTHO CLINICA BRASILIA,49.907.093/0001-21,ME,SETOR TRADICIONAL (PLANALTINA),3,1,100000.0,(61) 33886770,especialista_alto_ticket,0.47,1.0
0.6230,CISAB CLINICA ODONTOLOGICA,04.075.812/0001-57,ME,ASA NORTE,26,1,30000.0,(61) 81155600,clinica_geral,0.37,0.6
0.6230,ODONTOCLINICA FELIZDENTE,72.649.973/0001-67,ME,ASA SUL,31,1,30000.0,(61) 35634412,clinica_geral,0.37,0.6
0.6230,ODONTOCENTRO,00.721.282/0001-16,ME,LAGO SUL,42,1,30000.0,,clinica_institucional,0.37,0.6
0.6230,CLINICA ODONTOLOGICA SANTIAGO PAIVA LTDA,01.138.538/0001-20,ME,ASA SUL,30,1,2000.0,(61) 32451841,clinica_geral,0.37,0.6
0.6230,ATM OCLUSAO ESTETICA ODONTOLOGICA LTDA,02.194.765/0001-35,ME,ASA SUL,28,1,10000.0,,especialista_alto_ticket,0.17,1.0
0.6225,PREVINA ODONTOLOGIA,44.268.445/0001-22,EPP,ASA NORTE,4,3,40000.0,(61) 39620000,multi_unidade,0.65,0.35
0.6225,ORTOMAX - CENTRO INTEGRADO DE ODONTOLOGIA,08.234.606/0001-01,ME,TAGUATINGA NORTE (TAGUATINGA),20,1,120000.0,(61) 30367060,clinica_institucional,0.55,0.35
0.6225,MAX DENT,06.239.863/0001-00,ME,TAGUATINGA,22,1,110000.0,(61) 33568628,clinica_geral,0.55,0.35
0.6225,EXPERIENCE ODONTO,07.935.658/0001-34,ME,SETOR TRADICIONAL (PLANALTINA),20,1,100000.0,(61) 98595930,clinica_geral,0.55,0.35
0.6225,MARJORIE EMANUELLE HARMONIZACAO OROFACIAL,57.043.041/0001-82,ME,ASA NORTE,2,1,80000.0,(61) 81720793,especialista_alto_ticket,0.3,1.0
0.6225,MAYA ODONTOLOGIA ESTETICA E HARMONIZACAO FACIAL,53.691.202/0001-93,ME,ASA SUL,2,1,70000.0,(61) 82715888,especialista_alto_ticket,0.3,1.0
0.6225,DRA. REGILENE RODRIGUES ODONTOLOGIA HUMANIZADA,58.658.425/0001-72,ME,SETOR HABITACIONAL ARNIQUEIRA (AGUAS CLARAS),1,1,50000.0,(61) 81778874,marca_pessoal,0.3,1.0
0.6225,AMAZING HOF,54.698.821/0001-72,ME,SUL (AGUAS CLARAS),2,1,50000.0,(61) 82777704,especialista_alto_ticket,0.3,1.0
0.6225,INSTITUTO REALIZZE ODONTOLOGIA & HARMONIZACAO OROFACIA,56.063.721/0001-03,ME,PARK WAY,2,1,50000.0,(61) 35434378,especialista_alto_ticket,0.3,1.0
0.6225,DRA. BRENDA SARKIS ODONTO E ESTETICA FACIAL,58.275.480/0001-83,ME,SETOR HABITACIONAL VICENTE PIRES,1,1,1000.0,(41) 97880145,marca_pessoal,0.3,1.0
0.6220,ODONTO SALUTA LTDA,25.178.833/0001-78,ME,ASA SUL,10,1,90000.0,(61) 32424798,clinica_geral,0.38,0.35
0.6220,CLINICA PLANETA SORRISO,19.982.711/0001-37,ME,ASA SUL,12,1,20000.0,(61) 83141015,clinica_geral,0.38,0.35
0.6220,BIOCYBER ODONT. MASTIGACAO PROPRIOCEPCAO E POSTURA ORAL,09.375.389/0001-24,ME,ASA NORTE,18,1,10000.0,(61) 33268551,clinica_geral,0.38,0.35
0.6215,ODONTOMAIS ODONTOLOGIA,11.233.688/0001-76,DEMAIS,RECANTO DAS EMAS,16,1,15000.0,(61) 33339030,clinica_geral,0.66,0.35
0.6215,GRUPO ODONTOLOGICO DE TAGUATINGA,02.470.905/0001-50,EPP,TAGUATINGA CENTRO (TAGUATINGA),28,1,0.0,(61) 35624859,clinica_geral,0.66,0.35
0.6210,SUBLIME ODONTO,30.381.121/0001-91,DEMAIS,NUCLEO BANDEIRANTE,8,1,60000.0,(61) 33860073,clinica_institucional,0.59,0.6
0.6210,SOHA CLINICA ODONTOLOGICA LTDA,28.076.980/0001-25,EPP,SETOR RESIDENCIAL LESTE (PLANALTINA),9,1,50000.0,(61) 33896155,clinica_geral,0.59,0.6
0.6210,INSTITUTO VIVA,38.227.099/0001-31,EPP,GAMA,6,1,30000.0,(61) 98242642,clinica_institucional,0.59,0.6
0.6210,ATHOS ODONTOLOGIA ESPECIALIZADA,26.392.255/0001-30,EPP,GUARA I,9,1,21000.0,(61) 33813982,clinica_institucional,0.59,0.6
0.6210,EAK ODONTOLOGIA ESPECIALIZADA,26.945.365/0001-82,EPP,TAGUATINGA NORTE (TAGUATINGA),9,1,20000.0,(61) 96361900,clinica_institucional,0.59,0.6
0.6205,ESPACO CRESCER SORRINDO,50.016.428/0001-09,EPP,SETOR SUDOESTE,3,1,10000.0,(61) 99999999,clinica_geral,0.62,0.35
0.6205,FENELON ENDODONTIA,48.438.490/0001-39,EPP,ASA SUL,3,1,10000.0,(61) 99999000,clinica_geral,0.62,0.35
0.6205,INOVE ODONTOLOGIA ESPECIALIZADA LTDA,24.719.752/0001-75,ME,SAMAMBAIA NORTE,10,1,180000.0,(61) 37027887,clinica_institucional,0.42,0.6
0.6205,IMCORP CLINICA ODONTOLOGICA LTDA,29.036.762/0001-20,ME,SETOR HABITACIONAL VICENTE PIRES,8,1,93700.0,(61) 32221302,clinica_geral,0.42,0.6
0.6205,CLINICA ODONTOLOGICA ODONTO-UP,20.035.708/0001-95,ME,TAGUATINGA,12,1,75000.0,(61) 93805152,clinica_geral,0.42,0.6
0.6205,DENTALLE ODONTOLOGIA ESPECIALIZADA LTDA,39.795.325/0001-43,ME,ASA NORTE,5,1,50000.0,(61) 81238630,clinica_institucional,0.42,0.6
0.6205,SMILES CLINICA ODONTOLOGICA LTDA,37.151.656/0001-15,ME,NORTE (AGUAS CLARAS),6,1,50000.0,(61) 96505050,clinica_geral,0.42,0.6
0.6205,CLINICA CENTRAL,16.602.793/0001-59,ME,TAGUATINGA NORTE (TAGUATINGA),14,1,50000.0,(61) 99599570,clinica_geral,0.42,0.6
0.6205,CENTRO ODONTOLOGICO RICARDO MELO,36.297.441/0001-44,ME,NORTE (AGUAS CLARAS),6,1,49000.0,(61) 35469504,clinica_institucional,0.42,0.6
0.6205,OPTIMA ODONTOLOGIA,41.631.955/0001-24,ME,AREAL (AGUAS CLARAS),5,1,40000.0,(61) 82119444,clinica_geral,0.42,0.6
0.6205,MA VIE ODONTOLOGIA ESPECIALIZADA,40.908.748/0001-01,ME,ASA SUL,5,1,40000.0,(61) 84317751,clinica_institucional,0.42,0.6
0.6205,INSTITUTO ODONTOLOGICO IOLANDA SCHROEDER,27.456.493/0001-25,ME,ASA NORTE,9,1,30000.0,(61) 33269257,clinica_institucional,0.42,0.6
0.6205,ODONTO VOI,36.013.339/0001-70,ME,ASA SUL,6,1,30000.0,(61) 37113499,clinica_geral,0.42,0.6
0.6205,HARMONY TOTAL CARE ESPECIALIZADA,34.737.274/0001-80,ME,SUL (AGUAS CLARAS),6,1,20000.0,(61) 84299989,clinica_institucional,0.42,0.6
0.6200,CLINICA DE SAUDE BUCAL,00.605.528/0001-94,DEMAIS,ASA SUL,31,1,0.0,(61) 2451313,clinica_geral,0.55,0.35
0.6200,INSTITUTO LR ODONTOLOGIA,42.257.027/0001-04,ME,SETOR DE HABITACOES INDIVIDUAIS SUL,5,1,100000.0,(61) 92620329,especialista_alto_ticket,0.5,1.0
0.6200,RIZZO ODONTOLOGIA E ESTETICA,26.649.917/0001-05,ME,CENTRO (SAO SEBASTIAO),9,1,100000.0,(61) 94119162,especialista_alto_ticket,0.5,1.0
0.6195,CLINICA ODONTOLOGICA BOM JESUS,15.362.651/0001-07,ME,PARANOA,14,1,100000.0,(61) 33697798,clinica_geral,0.53,0.6
0.6195,ODONTO GOLD,22.909.057/0001-40,ME,SANTA MARIA,11,1,100000.0,(61) 33945903,clinica_geral,0.53,0.6
0.6195,NORTOS - NUCLEO DE ORTODONTIA DO SORRISO,04.377.357/0001-44,ME,SOBRADINHO,25,1,5000.0,(61) 30343344,especialista_alto_ticket,0.33,1.0
0.6195,FB SERVICOS DE IMAGEM DA FACE,41.807.052/0001-51,ME,ASA NORTE,5,1,100000.0,(61) 83284705,clinica_geral,0.28,1.0
0.6195,LOSSIO ODONTOLOGIA E ESTETICA,27.169.471/0001-84,ME,ASA NORTE,9,1,10000.0,(61) 99610710,especialista_alto_ticket,0.28,1.0
0.6195,MARIANNA MACEDO HARMONIZACAO FACIAL,41.066.050/0001-59,ME,ASA NORTE,5,1,5000.0,(61) 30248038,especialista_alto_ticket,0.28,1.0
0.6190,ARCO DO SORRISO ODONTOLOGIA,45.589.956/0001-09,EPP,SAMAMBAIA SUL (SAMAMBAIA),4,1,30000.0,(61) 86593026,clinica_geral,0.66,0.6
0.6190,COSB CLINICA ODONTOLOGICA DE SAUDE BUCAL LTDA,00.746.916/0001-95,ME,ASA NORTE,31,1,49999.0,(61) 98888580,clinica_geral,0.36,0.6
0.6190,INSTITUTO ODONTOLOGICO RODRIGO WENDEL,03.563.114/0001-38,ME,ASA NORTE,26,1,15000.0,(61) 33285568,clinica_institucional,0.36,0.6
0.6190,INSTITUTO BERNAT,00.475.561/0001-47,ME,ASA NORTE,31,1,12000.0,(61) 86586589,clinica_institucional,0.36,0.6
0.6190,INSTITUTO ODONTOLOGICO DR IGOR CESAR,02.751.762/0001-55,ME,ASA SUL,27,1,10000.0,(61) 33235684,clinica_institucional,0.36,0.6
0.6190,RICARDO AFFONSO ODONTOLOGIA ESPECIALIZADA,37.130.952/0001-30,ME,ASA SUL,34,1,10000.0,(61) 2449299,marca_pessoal,0.36,0.6
0.6190,INSTIT DE SAUDE ORAL FLAVIA SOARES E PAULO FIGUEIREDO,01.564.832/0001-01,ME,ASA NORTE,29,1,10000.0,(61) 3271783,clinica_institucional,0.36,0.6
0.6190,CLINICA ODONTOPRES,01.317.386/0001-22,ME,SETOR SUDOESTE,30,1,5000.0,(61) 33263233,clinica_geral,0.36,0.6
0.6190,CIICOR - CENTRO INTEGRADO DE IMPLANTODONTIA E CIRURGIA ORAL S/S LTDA,01.291.515/0001-50,ME,ASA NORTE,30,1,0.0,,especialista_alto_ticket,0.16,1.0
0.6185,ESPACO ODONTO,25.422.237/0001-91,DEMAIS,GUARA II,10,1,12000.0,(61) 94454543,clinica_geral,0.54,0.35
0.6185,CLINICA ADELIZE MUNIZ,42.592.325/0001-50,DEMAIS,ASA SUL,5,1,10000.0,(61) 32487024,clinica_geral,0.54,0.35
0.6185,ALQUIMIA ODONTOLOGIA,19.795.771/0001-40,DEMAIS,TAGUATINGA,12,1,10000.0,(61) 30446824,clinica_geral,0.54,0.35
0.6185,LARA ODONTOLOGIA,15.166.047/0001-05,DEMAIS,SAMAMBAIA SUL (SAMAMBAIA),14,1,5000.0,(61) 34588610,clinica_geral,0.54,0.35
0.6185,INSTITUTO PALOMA FERNANDES LTDA,59.185.115/0001-40,EPP,AREAL (AGUAS CLARAS),1,1,30000.0,(61) 96440748,clinica_institucional,0.49,0.6
0.6185,ISABELA SOARES ORTODONTIA E ODONTOLOGIA ESTETICA.,48.150.453/0001-20,ME,SETOR HABITACIONAL JARDIM BOTANICO,3,1,40000.0,(61) 99841868,marca_pessoal,0.29,1.0
0.6185,MARTINS ODONTOLOGIA E HARMONIZACAO,49.205.991/0001-38,ME,NORTE (AGUAS CLARAS),3,1,40000.0,(12) 92259639,especialista_alto_ticket,0.29,1.0
0.6185,DRA NIDALLA FONSECA IMPLANTODONTIA E ESTETICA,50.230.902/0001-92,ME,ASA NORTE,3,1,40000.0,(61) 36273837,marca_pessoal,0.29,1.0
0.6185,BARUC ODONTOLOGIA,50.729.528/0001-74,ME,SETOR SUDOESTE,3,1,30000.0,(61) 22490474,especialista_alto_ticket,0.29,1.0
0.6185,CHROME MEDICINA E ODONTOLOGIA,43.616.864/0001-45,ME,ASA NORTE,4,1,30000.0,(61) 99627272,especialista_alto_ticket,0.29,1.0
0.6185,JULIA VIANA VIEIRA HARMONIZACAO FACIAL,48.256.249/0001-99,ME,ASA SUL,3,1,30000.0,(61) 96301603,especialista_alto_ticket,0.29,1.0
0.6185,ZELO ORTODONTIA E ODONTOPEDIATRIA,48.943.568/0001-72,ME,ASA NORTE,3,1,30000.0,(61) 95789191,especialista_alto_ticket,0.29,1.0
0.6185,A HIPER RISO ODONTOLOGIA E ESTETICA,50.253.018/0001-73,ME,NORTE (AGUAS CLARAS),3,1,20000.0,(61) 99363237,especialista_alto_ticket,0.29,1.0
0.6185,CLINICA JL - ODONTOLOGIA & HARMONIZACAO FACIAL,50.017.800/0001-93,ME,ASA NORTE,3,1,20000.0,(61) 82714681,especialista_alto_ticket,0.29,1.0
0.6185,INTEGRA ODONTOLOGIA E HARMONIZACAO,47.791.745/0001-80,ME,ASA SUL,4,1,20000.0,(61) 92083331,especialista_alto_ticket,0.29,1.0
0.6185,RPG IMPLANTES,44.616.424/0001-50,ME,ASA NORTE,4,1,20000.0,(61) 99797292,especialista_alto_ticket,0.29,1.0
0.6180,CIRANDA ODONTOPEDIATRIA,12.917.367/0001-53,ME,AGUAS CLARAS,15,1,40000.0,(61) 30446873,clinica_geral,0.37,0.35
0.6180,A CENTRAL ODONTOLOGIA,10.792.115/0001-10,ME,ASA SUL,17,1,20000.0,(61) 33231190,clinica_geral,0.37,0.35
0.6180,ODONTOCLINICA CONIC,07.492.350/0001-61,ME,ASA SUL,21,1,20000.0,(061) 3236919,clinica_geral,0.37,0.35
0.6170,CLINICA KOUZAK,29.738.795/0001-11,EPP,TAGUATINGA NORTE (TAGUATINGA),8,1,10000.0,(61) 33543242,clinica_geral,0.58,0.6
0.6170,CLINICA DENTARIA OLIVEIRA RAMAGEM,01.306.857/0001-05,ME,ASA NORTE,30,1,144500.0,(61) 33272710,clinica_geral,0.48,0.35
0.6170,"CLEAN CLINICA DE ESTETICA ORAL, FACIAL E CORPORAL",43.110.346/0001-55,ME,SETOR TRADICIONAL (PLANALTINA),5,1,10000.0,(61) 33887172,especialista_alto_ticket,0.38,1.0
0.6170,ANGELS ODONTOLOGIA & ESTETICA OROFACIAL,41.385.435/0001-89,ME,TAGUATINGA SUL,5,1,10000.0,(61) 84393333,especialista_alto_ticket,0.38,1.0
0.6170,IOESP - INSTITUTO ODONTOLOGICO ESPECIALIZADO,01.262.984/0001-41,ME,ASA NORTE,30,2,5000.0,(61) 30451640,multi_unidade,0.38,0.6
0.6165,BELA FACE BY DR MARCIO ROSSI JUNIOR,56.423.383/0001-65,EPP,AGUAS CLARAS,2,1,150000.0,(61) 84061463,clinica_geral,0.61,0.35
0.6165,CLINIFACE - CENTRO ODONTO-MEDICO INTEGRADO,07.819.053/0001-88,ME,GAMA,20,1,60000.0,(61) 93257895,clinica_institucional,0.41,0.6
0.6165,ADONAI ODONTOLOGIA ESPECIALIZADA,09.061.940/0001-65,ME,SETOR TRADICIONAL (PLANALTINA),19,1,50000.0,(61) 81333960,clinica_institucional,0.41,0.6
0.6165,DENTEART,12.608.706/0001-10,ME,TAGUATINGA NORTE (TAGUATINGA),15,1,50000.0,(61) 33511041,clinica_geral,0.41,0.6
0.6165,COIFFEUR BEAUTY,24.707.792/0001-05,ME,SAMAMBAIA NORTE (SAMAMBAIA),10,1,5000.0,(61) 83427484,clinica_institucional,0.41,0.6
0.6160,VIVA SORRINDO,37.538.739/0001-61,DEMAIS,SETORES COMPLEMENTARES,6,1,99999.0,(61) 84248863,clinica_geral,0.69,0.6
0.6160,SANTA ODONTOLOGIA,37.797.445/0001-54,EPP,SANTA MARIA,6,1,20000.0,(61) 91624737,clinica_institucional,0.69,0.6
0.6155,CENTRO DE ODONTOLOGIA ESTETICA,04.950.893/0001-97,ME,BRASILIA,24,1,0.0,(061) 3645820,especialista_alto_ticket,0.32,1.0
0.6155,ORTOPREV,04.572.048/0001-25,ME,GUARA I,25,1,0.0,(61) 33821146,especialista_alto_ticket,0.32,1.0
0.6155,SCULTORI ESTETICA IMPLANTODONTIA E REABILITACAO ORAL,05.384.112/0001-07,ME,BRASILIA,23,1,0.0,(61) 2262825,especialista_alto_ticket,0.32,1.0
0.6150,DENTAL BR COMERCIO DE PRODUTOS ODONTOLOGICOS,28.950.460/0002-80,EPP,TAGUATINGA CENTRO (TAGUATINGA),7,1,120000.0,(61) 30221557,clinica_geral,0.7,0.35
0.6150,FEME ODONTOLOGIA,39.251.969/0001-70,EPP,SETOR INDUSTRIAL (TAGUATINGA),5,1,105000.0,(61) 92969050,clinica_geral,0.7,0.35
0.6150,GRATONE ODONTOLOGIA ESPECIALIZADA S/C LTDA,01.288.763/0001-42,ME,ASA NORTE,30,1,90000.0,,clinica_institucional,0.35,0.6
0.6145,COE,03.891.625/0001-89,EPP,CEILANDIA SUL (CEILANDIA),26,1,105000.0,(61) 33738704,clinica_institucional,0.63,0.6
0.6145,CLINICA ODONTOLOGICA AURELIO,01.325.153/0001-71,EPP,SCS,30,1,10000.0,(61) 32251212,clinica_geral,0.63,0.6
0.6145,CLINICA VITA,33.113.297/0001-50,ME,ASA SUL,7,1,200000.0,(61) 92618933,clinica_geral,0.53,0.35
0.6145,ODONTO ARTE,21.489.563/0001-65,ME,SETOR SUL (GAMA),11,1,150000.0,(61) 33843456,clinica_geral,0.53,0.35
0.6145,ODONTOLOGIA VITALLE,22.493.741/0001-94,ME,SETOR SUL (GAMA),11,1,100000.0,(61) 30520519,clinica_geral,0.53,0.35
0.6145,TRINNO ODONTOLOGIA,20.347.085/0001-96,ME,TAGUATINGA NORTE (TAGUATINGA),12,1,100000.0,(61) 33361666,clinica_geral,0.53,0.35
0.6145,IMPLANTEDENTAL BRASILIA,48.823.224/0001-20,ME,ASA NORTE,3,1,15000.0,(61) 41410778,especialista_alto_ticket,0.28,1.0
0.6145,CENTRO CLINICO PROFILE FACE,44.273.723/0001-30,ME,ASA SUL,4,1,10000.0,(61) 33235684,especialista_alto_ticket,0.28,1.0
0.6145,OTON ODONTOLOGIA ESTETICA E FACIAL,44.215.229/0001-19,ME,NORTE (AGUAS CLARAS),4,1,10000.0,(61) 84280035,especialista_alto_ticket,0.28,1.0
0.6140,RISOS ODONTOLOGIA E HARMONIZACAO,51.069.244/0001-61,EPP,PARANOA,3,1,45000.0,(61) 91382441,especialista_alto_ticket,0.56,1.0
0.6140,CIA,05.316.238/0001-44,ME,SETOR SUDOESTE,23,1,15000.0,(61) 33447736,clinica_geral,0.36,0.35
0.6140,ORTOPERIO CLINICA,06.318.131/0001-06,ME,ASA SUL,22,1,10000.0,(61) 39643434,clinica_geral,0.36,0.35
0.6140,RV ODONTOLOGIA,10.641.822/0001-05,ME,SETOR SUDOESTE,17,1,10000.0,(61) 33444087,clinica_geral,0.36,0.35
0.6140,UNIPED UNIDADE DE PEDIATRIA E ODONTOLOGIA DE BRASILIA,04.722.798/0001-36,ME,SUDOESTE,24,1,10000.0,(61) 32347109,clinica_geral,0.36,0.35
0.6140,CRESCER ODONTOLOGIA,05.740.123/0001-82,ME,ASA SUL,23,1,9000.0,(61) 84764457,clinica_geral,0.36,0.35
0.6140,ODONTOLOGIA HUGO CARVALHO,11.303.911/0001-04,ME,LAGO SUL,16,1,5000.0,(61) 32248754,clinica_geral,0.36,0.35
0.6135,ODONTO MORATO,09.095.580/0001-12,DEMAIS,RECANTO DAS EMAS,18,1,65000.0,(61) 34343035,clinica_geral,0.64,0.35
0.6135,UNIAO ODONTOLOGICA,01.165.601/0001-17,EPP,GUARA II,30,1,20000.0,(61) 35680865,clinica_geral,0.64,0.35
0.6130,DEDICATUS,02.088.992/0001-86,ME,ASA NORTE,28,1,32000.0,(61) 84275180,clinica_geral,0.47,0.35
0.6125,OLIVEIRA ODONTOLOGIA BONATTI LTDA,57.684.439/0001-06,EPP,NORTE (AGUAS CLARAS),1,1,200000.0,(61) 81771705,clinica_geral,0.6,0.35
0.6125,IANARA PINHO - ODONTOLOGIA,53.940.010/0001-73,DEMAIS,ASA NORTE,2,1,100000.0,(61) 35437723,clinica_geral,0.6,0.35
0.6125,TRIADE ODONTOLOGIA ESPECIALIZADA,37.526.155/0001-76,ME,ASA SUL,6,1,104500.0,(61) 81281286,clinica_institucional,0.4,0.6
0.6125,CLIORD,29.181.493/0001-95,ME,ASA SUL,8,1,100000.0,(61) 82191009,clinica_geral,0.4,0.6
0.6125,CORP - CLINICA ODONTOLOGICA RENATA PUERTA,26.842.082/0001-05,ME,ASA SUL,9,1,100000.0,(61) 32247478,clinica_institucional,0.4,0.6
0.6125,INTERA ODONTOLOGIA ESPECIALIZADA,32.892.373/0001-00,ME,ASA NORTE,7,1,100000.0,(61) 33476641,clinica_institucional,0.4,0.6
0.6125,CLINICA ODONTOLOGICA ODONTOLIFE,07.823.820/0001-22,ME,TAGUATINGA CENTRO (TAGUATINGA),20,1,25000.0,(61) 30343644,clinica_geral,0.4,0.6
0.6125,MAXDENTE,11.803.045/0001-10,ME,TAGUATINGA NORTE (TAGUATINGA),16,1,20000.0,(61) 81985540,clinica_geral,0.4,0.6
0.6115,CLINICA ISSY,13.889.462/0001-53,ME,CEILANDIA SUL (CEILANDIA),15,1,200000.0,(61) 99568011,clinica_geral,0.51,0.6
0.6115,COC- CENTRO ODONTOLOGICO CEILANDIA,13.604.492/0001-76,ME,CEILANDIA,15,1,95400.0,(61) 91799052,clinica_institucional,0.51,0.6
0.6115,ODONTOLOGIA COSTA VIEIRA,24.920.225/0001-24,ME,SOBRADINHO,38,1,50000.0,(61) 35917980,clinica_institucional,0.51,0.6
0.6115,IMAGEM ORTODONTIA E ORTOPEDIA FACIAL LTDA,02.922.781/0001-05,ME,GAMA,27,1,30000.0,(61) 33843727,especialista_alto_ticket,0.31,1.0
0.6115,CRMC HARMONIZACAO ORAL E FACIAL,27.857.223/0001-26,ME,NORTE (AGUAS CLARAS),9,1,2000.0,(61) 82311011,especialista_alto_ticket,0.26,1.0
0.6115,BARBARA BORGES ODONTOLOGIA E HARMONIZACAO FACIAL,42.443.102/0001-21,ME,SUL (AGUAS CLARAS),5,1,1000.0,(61) 82336121,especialista_alto_ticket,0.26,1.0
0.6110,ODONTOLOGIA CIRILO ROSA,40.493.921/0001-58,EPP,TAGUATINGA NORTE (TAGUATINGA),5,1,20000.0,(61) 35627230,clinica_geral,0.69,0.35
0.6110,AVANTT SMILE CENTRO ODONTOLOGICO ESPECIALIZADO LTDA,55.445.922/0001-02,EPP,SETOR LESTE (GAMA),2,1,200000.0,(61) 86642563,clinica_institucional,0.64,0.6
0.6110,ZUPPANI ODONTOLOGIA,49.235.110/0001-21,EPP,SETOR TRADICIONAL (PLANALTINA),3,1,100000.0,(61) 33891185,clinica_institucional,0.64,0.6
0.6110,ODONTOCLINIC,43.827.025/0001-76,EPP,SETOR INDUSTRIAL (GAMA),4,1,100000.0,(21) 68258181,clinica_geral,0.64,0.6
0.6110,INSTITUTO ODONTOLOGICO FABIO TURCO,01.322.989/0001-12,ME,ASA NORTE,30,1,2000.0,(61) 33285769,clinica_institucional,0.34,0.6
0.6105,INSTITUTO GOMES RODRIGUES Y ODONTOLOGIA E FACE,49.453.290/0001-18,ME,ASA SUL,3,1,100000.0,(61) 86286441,clinica_institucional,0.47,0.6
0.6105,PREVDENT CLINICA ODONTOLOGICA,13.450.559/0001-65,ME,SAMAMBAIA SUL,15,2,20000.0,(61) 33598809,multi_unidade,0.42,0.6
0.6100,ABATE ODONTOLOGIA LTDA,25.061.833/0001-93,ME,SETOR HABITACIONAL JARDIM BOTANICO,10,1,90000.0,(61) 98017942,clinica_geral,0.35,0.35
0.6100,CLINICA SCIENTIA - CENTRO DE EXCELENCIA EM SAUDE,24.233.464/0001-06,ME,SETOR SUDOESTE,10,1,48000.0,(61) 82994410,clinica_institucional,0.35,0.35
0.6100,NOC,23.118.831/0001-68,ME,AREAL (AGUAS CLARAS),11,1,40000.0,(61) 33521097,clinica_geral,0.35,0.35
0.6100,DENTRIX ODONTOLOGIA,15.760.310/0001-81,ME,ASA NORTE,14,1,40000.0,(61) 81540600,clinica_geral,0.35,0.35
0.6100,REABILIT'ART ODONTOLOGIA,19.472.253/0001-96,ME,AREAL (AGUAS CLARAS),12,1,40000.0,(61) 30420303,clinica_geral,0.35,0.35
0.6100,SOLUT ODONTOFACIAL,20.983.385/0001-61,ME,ASA SUL,11,1,30000.0,(61) 32267246,clinica_geral,0.35,0.35
0.6100,DANIELA ABREU ODONTOLOGIA,14.863.573/0001-53,ME,SETOR DE MANSOES DOM BOSCO (LAGO SUL),14,1,20000.0,(61) 36273837,marca_pessoal,0.35,0.35
0.6100,MELINA FIRMO ODONTOLOGIA,15.507.107/0001-06,ME,ASA SUL,14,1,20000.0,(61) 32268993,clinica_geral,0.35,0.35
0.6100,CEMOI - CLINICA INTEGRADA LTDA,24.702.331/0001-31,ME,ASA SUL,10,1,5000.0,(61) 83159595,clinica_geral,0.35,0.35
0.6095,ODONTO PREMIER,12.641.840/0001-12,DEMAIS,SETOR DE HABITACOES INDIVIDUAIS SUL,15,1,20000.0,(61) 39640691,clinica_geral,0.63,0.35
0.6095,NUCLEO ODONTOLOGICO RECANTO DA EMAS,08.334.774/0001-60,EPP,RECANTO DAS EMAS,19,1,15000.0,(61) 33510957,clinica_geral,0.63,0.35
0.6090,ODONTORISO,03.654.763/0001-44,ME,ASA NORTE,26,1,95400.0,(61) 33403999,clinica_geral,0.46,0.35
0.6090,ACESSO SORRISO,39.311.544/0001-00,ME,RIACHO FUNDO I,5,1,70000.0,(61) 30225908,especialista_alto_ticket,0.36,1.0
0.6090,ORTHOLIFE,36.580.953/0001-13,ME,TAGUATINGA SUL (TAGUATINGA),6,1,60000.0,(61) 30243090,especialista_alto_ticket,0.36,1.0
0.6090,IMPLANTAR ODONTOLOGIA ESTETICA,43.338.390/0001-17,ME,SETOR CENTRAL (GAMA),5,1,50000.0,(61) 99999999,especialista_alto_ticket,0.36,1.0
0.6090,MENEZES ODONTOLOGIA & ESTETICA,34.461.927/0001-40,ME,SETOR TRADICIONAL (PLANALTINA),7,1,50000.0,(61) 91072221,especialista_alto_ticket,0.36,1.0
0.6090,ORTHOFACE,39.876.258/0001-91,ME,TAGUATINGA CENTRO (TAGUATINGA),5,1,50000.0,(61) 81542327,especialista_alto_ticket,0.36,1.0
0.6090,PIZZOL ODONTOLOGIA E HARMONIZACAO OROFACIAL,42.917.214/0001-77,ME,SETOR TRADICIONAL (PLANALTINA),5,1,50000.0,(61) 33897907,especialista_alto_ticket,0.36,1.0
0.6085,CLINICA VANGUARD,43.760.543/0001-10,DEMAIS,ASA SUL,4,1,60000.0,(61) 31313131,clinica_geral,0.59,0.35
0.6085,+ SORRISO,20.876.304/0001-24,ME,SAMAMBAIA,12,2,50000.0,(61) 30378177,multi_unidade,0.54,0.35
0.6085,PRISMA ODONTOLOGIA,21.903.363/0001-07,ME,SETOR RESIDENCIAL LESTE (PLANALTINA),11,1,90000.0,(61) 33891214,clinica_geral,0.39,0.6
0.6085,INSTITUTO ODONTOLOGICO MARCO CANCADO,21.416.791/0001-05,ME,TAGUATINGA,11,1,72400.0,(61) 33529602,clinica_institucional,0.39,0.6
0.6085,FUTURA CENTRO ODONTOLOGICO,19.151.225/0001-77,ME,GAMA,12,1,67800.0,(61) 33849555,clinica_institucional,0.39,0.6
0.6085,CLINICA BORGES,17.877.282/0001-02,ME,VALE DO AMANHECER (PLANALTINA),13,1,60000.0,(61) 33890121,clinica_geral,0.39,0.6
0.6085,ESSENCE ODONTOLOGIA,16.524.627/0001-81,ME,GUARA II,14,1,50000.0,(61) 36278990,clinica_institucional,0.39,0.6
0.6085,CLINICA CENTRAL ODONTOLOGIA,21.071.443/0001-43,ME,TAGUATINGA NORTE (TAGUATINGA),11,1,50000.0,(61) 35542004,clinica_geral,0.39,0.6
0.6085,DENTE SAO,17.507.192/0001-20,ME,GUARA I,13,1,50000.0,(61) 35513604,clinica_geral,0.39,0.6
0.6085,SORRIA - INSTITUTO ODONTOLOGICO,29.897.601/0001-20,ME,SETOR SUDOESTE,8,1,50000.0,(61) 37972827,clinica_institucional,0.39,0.6
0.6085,RD BUCAL CLINICA ODONTOLOGICA LTDA,05.167.906/0001-19,ME,TAGUATINGA,24,1,10000.0,(061) 3521856,clinica_geral,0.39,0.6
0.6085,ENDOCLINIC,06.134.925/0001-01,ME,TAGUATINGA,22,1,0.0,(61) 5623048,clinica_geral,0.39,0.6
0.6080,GADELHA ODONTOLOGIA,26.193.407/0001-76,EPP,SETOR DE HABITACOES INDIVIDUAIS SUL,9,1,120000.0,(61) 84295509,clinica_geral,0.67,0.6
0.6080,HS SORRISOS,39.939.480/0001-96,EPP,CEILANDIA,5,1,110000.0,(61) 33725466,clinica_institucional,0.67,0.6
0.6080,DR KELLY GOMES ODONTOLOGIA E ESTETICA AVANCADA,36.497.244/0001-79,ME,SETOR RESIDENCIAL LESTE (PLANALTINA),6,1,20000.0,(61) 99484474,marca_pessoal,0.42,1.0
0.6075,CLINICA ODONTOLOGICA SHEILA LETTIERI,16.954.287/0001-29,ME,SOBRADINHO,13,1,20000.0,(61) 35911757,clinica_geral,0.45,0.6
0.6070,APURE SAUDE,46.136.942/0001-00,DEMAIS,TAGUATINGA NORTE (TAGUATINGA),4,1,130000.0,(62) 31570944,clinica_geral,0.63,0.6
0.6070,VAMOS SORRIR,43.809.085/0001-66,EPP,TAGUATINGA CENTRO (TAGUATINGA),4,1,50000.0,(11) 22564486,clinica_institucional,0.63,0.6
0.6070,ESTHETICLIN ODONTOLOGIA E ESTETICA,46.768.539/0001-96,ME,SETOR TRADICIONAL (PLANALTINA),4,1,70000.0,(61) 98822555,especialista_alto_ticket,0.43,1.0
0.6070,DG REABILITACAO ORAL E ESTETICA,45.907.808/0001-95,ME,TAGUATINGA SUL,4,1,60000.0,(61) 82355099,especialista_alto_ticket,0.43,1.0
0.6070,CVO HARMONIZE ODONTOLOGIA E ESTETICA,43.806.390/0001-02,ME,SOBRADINHO,4,1,50000.0,(61) 82251002,especialista_alto_ticket,0.43,1.0
0.6070,CENTRO ODONTOLOGICO NOSSA SENHORA DA MEDALHA MILAGROSA S/S LTDA,00.733.386/0001-40,ME,ASA SUL,42,1,20000.0,(61) 32267991,clinica_institucional,0.33,0.6
0.6070,CLINICA M XAVIER,02.657.546/0001-45,ME,ASA NORTE,28,1,10000.0,(61) 99680798,clinica_geral,0.33,0.6
0.6070,CENTRO ODONTOLOGICO SUL,38.051.371/0001-75,ME,ASA SUL,33,1,6000.0,(61) 33515008,clinica_institucional,0.33,0.6
0.6070,RS ODONTOLOGIA,01.277.181/0001-60,ME,ASA NORTE,30,1,5000.0,(61) 3263377,clinica_institucional,0.33,0.6
0.6065,AUREE CLINIC,42.315.181/0002-76,ME,ASA NORTE,5,1,50000.0,(62) 38771442,clinica_geral,0.51,0.35
0.6065,LOTUS TRATAMENTOS ODONTOLOGICOS,09.607.874/0001-86,ME,TAGUATINGA NORTE (TAGUATINGA),18,1,50000.0,(61) 30272119,clinica_geral,0.51,0.35
0.6065,AODONTO,46.419.546/0001-82,DEMAIS,AREA OCTOGONAL,4,1,1500.0,(61) 39648265,clinica_geral,0.46,0.6
0.6065,CLINICA ODONTOLOGICA LUCIANO BORGES,58.544.831/0001-04,DEMAIS,ASA NORTE,1,1,1.0,(61) 32248754,clinica_geral,0.46,0.6
0.6065,SORRIDI BIANCO ODONTOLOGIA,08.276.854/0001-07,ME,TAGUATINGA CENTRO (TAGUATINGA),20,2,10000.0,(61) 85082207,multi_unidade,0.41,0.6
0.6065,AOSDEIA ESTETICA DENTAL E FACIAL LTDA,57.068.844/0001-91,ME,ASA NORTE,2,1,50000.0,(61) 93871313,especialista_alto_ticket,0.26,1.0
0.6065,IMPLANTODONTIA EXATA LTDA,56.046.098/0001-72,ME,SETOR HABITACIONAL VICENTE PIRES,2,1,50000.0,(61) 85560658,especialista_alto_ticket,0.26,1.0
0.6065,TAVORA ODONTOLOGIA E ESTETICA FACIAL LTDA,54.359.306/0001-68,ME,SUL (AGUAS CLARAS),2,1,50000.0,(61) 96043830,especialista_alto_ticket,0.26,1.0
0.6065,DUE ESTETICA AVANCADA,52.993.939/0001-06,ME,ASA NORTE,2,1,30000.0,(61) 96664237,especialista_alto_ticket,0.26,1.0
0.6065,DRA. FABIELLE AMARO - ODONTOLOGIA ESTETICA,54.406.481/0001-69,ME,SETOR HABITACIONAL JARDIM BOTANICO,2,1,30000.0,(61) 35539949,marca_pessoal,0.26,1.0
0.6065,DANIELA SAMPAIO ORTODONTIA,59.293.979/0001-86,ME,ASA SUL,1,1,20000.0,(61) 81399936,marca_pessoal,0.26,1.0
0.6065,INSTITUTO HARMONIA FACIAL CIRURGICA,56.949.390/0001-03,ME,ASA SUL,2,1,20000.0,(61) 81888086,especialista_alto_ticket,0.26,1.0
0.6065,PATRICIA GALVAO ODONTOLOGIA ESTETICA,55.131.127/0001-31,ME,SETOR HABITACIONAL VICENTE PIRES - TRECHO 3,2,1,20000.0,(61) 81242611,marca_pessoal,0.26,1.0
0.6065,DF IMPLANTES,57.687.206/0001-59,ME,SETOR SUDOESTE,1,1,20000.0,(61) 96333328,especialista_alto_ticket,0.26,1.0
0.6060,ATRIO ODONTOLOGIA LTDA,24.986.995/0001-70,ME,SETOR HABITACIONAL VICENTE PIRES,10,1,20000.0,(61) 33975778,clinica_geral,0.34,0.35
0.6060,CLINICA MEDICA E ODONTOLOGICA ALBERT EINSTEIN,22.757.241/0001-12,ME,ASA NORTE,11,1,10000.0,(61) 91648452,clinica_geral,0.34,0.35
0.6060,RIABILITARE ODONTOLOGIA INTEGRADA,20.612.212/0001-37,ME,NORTE (AGUAS CLARAS),12,1,10000.0,(61) 33549858,clinica_geral,0.34,0.35
0.6060,ORTOMASTER ODONTOLOGIA INTEGRADA LTDA,04.891.661/0001-05,ME,ASA SUL,24,1,1000.0,(61) 33110404,clinica_geral,0.34,0.35
0.6055,ATELIE FACIAL ODONTOLOGIA LTDA,24.249.343/0001-52,EPP,ZONA INDUSTRIAL,10,1,50000.0,(61) 33468080,clinica_geral,0.62,0.35
0.6055,ODONTO ROCHA,02.558.182/0001-46,DEMAIS,TAGUATINGA CENTRO (TAGUATINGA),28,1,0.0,(61) 35621521,clinica_geral,0.62,0.35
0.6055,"CLINICA LARC-SAUDE, HARMONIZACAO E CIRURGIAS ESTETICAS",44.890.497/0001-36,ME,NORTE (AGUAS CLARAS),4,1,20000.0,(61) 84246466,especialista_alto_ticket,0.32,1.0
0.6050,VEMCA ODONTO,32.385.377/0001-00,EPP,SAMAMBAIA NORTE (SAMAMBAIA),7,1,10000.0,(61) 81569888,clinica_geral,0.55,0.6
0.6050,INSTITUTO HERA,32.928.924/0001-49,EPP,TAGUATINGA,7,1,10000.0,(61) 33544659,clinica_institucional,0.55,0.6
0.6045,ODONTOLUME CLINICA ODONTOLOGICA LTDA,25.275.797/0001-60,ME,SETOR OESTE (SOBRADINHO II),10,1,88000.0,(61) 30377700,clinica_geral,0.38,0.6
0.6045,ION INSTITUTO ODONTOLOGICO NEVES,35.537.485/0001-31,ME,ASA NORTE,6,1,15000.0,(61) 99724565,clinica_institucional,0.38,0.6
0.6045,INSTITUTO ODONTOLOGICO AME,27.466.018/0001-30,ME,ASA SUL,9,1,10000.0,(61) 33396677,clinica_institucional,0.38,0.6
0.6045,DRA KELLY MACHADO,40.259.355/0001-14,ME,ASA NORTE,5,1,10000.0,(21) 81126796,marca_pessoal,0.38,0.6
0.6045,INSTITUTO GUIDE,32.757.241/0001-76,ME,SETOR SUDOESTE,7,1,10000.0,(61) 98322791,clinica_institucional,0.38,0.6
0.6045,INSTITUTO BRASILEIRO DE ODONTOLOGIA INTEGRATIVA,41.754.487/0001-85,ME,ASA NORTE,5,1,5000.0,(61) 81165237,clinica_institucional,0.38,0.6
0.6035,CISO ODONTO,10.955.246/0001-70,DEMAIS,RECANTO DAS EMAS,17,2,10000.0,(61) 33335280,multi_unidade,0.64,0.35
0.6035,CJ CLINICA ODONTOLOGICA,22.377.315/0001-95,ME,CEILANDIA SUL (CEILANDIA),11,1,80000.0,(61) 98354236,clinica_geral,0.49,0.6
0.6035,CLINICA IMPLANTE UM SORRISO,00.846.444/0001-42,ME,GUARA,42,1,0.0,(61) 35670707,especialista_alto_ticket,0.29,1.0
0.6030,ODONTOCOMPANY,33.323.228/0001-71,EPP,TAGUATINGA NORTE (TAGUATINGA),7,1,150000.0,(61) 39640691,clinica_geral,0.67,0.35
0.6030,ODONTOCOMPANY,31.267.069/0001-00,EPP,TAGUATINGA,8,1,150000.0,(61) 35470210,clinica_geral,0.67,0.35
0.6030,ODONTOCOMPANY,29.763.509/0001-78,EPP,GAMA,8,1,120000.0,(61) 32563334,clinica_geral,0.67,0.35
0.6030,CENTRO ODONTOLOGICO HUMANITA,48.724.570/0001-50,DEMAIS,SOBRADINHO,3,1,30000.0,(61) 82352492,clinica_institucional,0.62,0.6
0.6030,ALC CLINICA ODONTOLOGICA LTDA,46.660.923/0001-70,EPP,TAGUATINGA NORTE (TAGUATINGA),4,1,20000.0,(61) 84769775,clinica_geral,0.62,0.6
0.6030,CLINICA ODONTOLOGICA SAO FRANCISCO DE ASSIS LTDA,33.454.695/0001-30,ME,ASA NORTE,37,1,17000.0,(61) 32732754,clinica_geral,0.32,0.6
0.6030,CLINICA ODONTOLOGICA BOCA E SAUDE LTDA,26.445.890/0001-39,ME,ASA NORTE,36,1,16000.0,(61) 84826480,clinica_geral,0.32,0.6
0.6030,CLINICA ODONTOLOGICA IVALDO REIS SS LTDA,32.913.261/0001-99,ME,ASA NORTE,37,1,10000.0,(61) 32748150,clinica_geral,0.32,0.6
0.6030,CORES CENTRO ODONTOLOGICO LTDA,01.790.998/0001-38,ME,ASA NORTE,29,1,10000.0,(61) 32747227,clinica_institucional,0.32,0.6
0.6030,CLINICA ODONTOLOGICA FABIOLA DE MELLO E JANAINA DE HOLANDA SS LTDA,01.519.886/0001-47,ME,ASA NORTE,29,1,6000.0,(61) 33264373,clinica_geral,0.32,0.6
0.6030,CLINICA ODONTOLOGICA JOAO MACEDO LTDA,37.138.922/0001-70,ME,ASA SUL,34,1,6000.0,(061) 3452258,clinica_geral,0.32,0.6
0.6030,ODONX ODONTOLOGIA INTEGRADA,01.397.726/0001-72,ME,ASA SUL,30,1,0.0,(61) 32457863,clinica_institucional,0.32,0.6
0.6030,INSTITUTO JAMMAL,02.314.956/0001-93,ME,SETOR SUDOESTE,28,1,0.0,(61) 33444808,clinica_institucional,0.32,0.6
0.6030,STUDIO BUCAL,01.262.981/0001-08,ME,ASA SUL,30,1,0.0,(061) 2442400,clinica_geral,0.32,0.6
0.6030,UNIFACE ORTO & KIDS,03.301.208/0001-39,ME,ASA NORTE,27,1,0.0,(61) 33263410,clinica_geral,0.32,0.6
0.6030,ODONTO EMPIRE CENTER,01.879.471/0001-84,ME,ASA SUL,29,1,0.0,(61) 32256720,clinica_geral,0.32,0.6
0.6030,NOE,02.557.470/0001-86,ME,ASA SUL,28,1,0.0,(61) 30341164,clinica_institucional,0.32,0.6
0.6030,NUCLEODONTO,03.191.701/0001-43,ME,ASA NORTE,27,1,0.0,(61) 33283551,clinica_geral,0.32,0.6
0.6025,OI ODONTOLOGIA INTELIGENTE,37.079.130/0001-71,ME,ASA NORTE,6,1,150000.0,(61) 91735249,clinica_geral,0.5,0.35
0.6025,DRA MARIANA OLIVEIRA,41.313.084/0001-09,ME,NORTE (AGUAS CLARAS),5,1,110000.0,(61) 95904050,marca_pessoal,0.5,0.35
0.6025,CAPITAL ODONTO,36.239.668/0001-33,ME,ASA SUL,6,1,103900.0,(61) 81736083,clinica_geral,0.5,0.35
0.6025,ADONA ODONTOLOGIA,32.911.585/0001-98,ME,ASA SUL,7,1,100000.0,(61) 81447612,clinica_geral,0.5,0.35
0.6025,TAO - TRATAMENTO AVANCADO EM ODONTOLOGIA,39.731.803/0001-51,ME,SETOR SUDOESTE,5,1,100000.0,(61) 81191444,clinica_geral,0.5,0.35
0.6025,ORTHOS ODONTOLOGIA,48.482.766/0001-86,ME,ASA NORTE,3,1,10000.0,(61) 96060777,especialista_alto_ticket,0.25,1.0
0.6025,GRAZIENE FERNANDES ODONTOLOGIA OROFACIAL,48.117.242/0001-96,ME,ASA NORTE,3,1,10000.0,(61) 82601717,clinica_geral,0.25,1.0
0.6025,CINTHIA LISBOA,49.643.112/0001-50,ME,ASA SUL,3,1,10000.0,(61) 95989675,especialista_alto_ticket,0.25,1.0
0.6025,DUDA HARMONIZACAO FACIAL E ESTETICA AVANCADA,50.015.030/0001-40,ME,NORTE (AGUAS CLARAS),3,1,10000.0,(61) 98859987,especialista_alto_ticket,0.25,1.0
0.6025,ORTHOS BRASILIA,52.447.523/0001-84,ME,NORTE (AGUAS CLARAS),2,1,10000.0,(30) 30000000,especialista_alto_ticket,0.25,1.0
0.6025,ORTHODONTIC,09.069.182/0001-21,ME,TAGUATINGA,18,2,20000.0,(61) 82018999,multi_unidade,0.2,1.0
0.6020,RIZZO IMPLANTES,57.080.841/0001-73,EPP,CENTRO (SAO SEBASTIAO),2,1,20000.0,(61) 92153641,especialista_alto_ticket,0.53,1.0
0.6020,BETA ODONTOLOGIA,08.929.334/0001-56,ME,ASA NORTE,19,1,15000.0,(61) 39638484,clinica_geral,0.33,0.35
0.6020,ALYNNE MACEDO ODONTOLOGIA,07.415.362/0001-92,ME,ASA SUL,21,1,10000.0,(61) 85045132,clinica_geral,0.33,0.35
0.6020,RISO,08.235.862/0001-05,ME,ASA NORTE,20,1,10000.0,(61) 32025422,clinica_geral,0.33,0.35
0.6020,ODONTOMASTER,07.482.879/0001-02,ME,ASA SUL,21,1,9000.0,(61) 81655527,clinica_geral,0.33,0.35
0.6020,CICLO ODONTOLOGIA,07.681.003/0001-87,ME,ASA NORTE,20,1,5000.0,(61) 33266985,clinica_geral,0.33,0.35
0.6010,CLINICA CENTRAL,46.828.261/0001-03,EPP,GUARA I,4,1,120000.0,(61) 99599570,clinica_geral,0.74,0.35
0.6010,ODONTOCLINICA PARRO LTDA,01.361.519/0001-68,ME,ASA SUL,30,1,100000.0,(61) 33461793,clinica_geral,0.44,0.35
0.6010,CROL SUDOESTE,02.176.652/0001-07,ME,OCTOGONAL,28,1,59000.0,(61) 2342221,clinica_institucional,0.44,0.35
0.6005,CAPIXABA ODONTOLOGIA,54.901.788/0001-36,EPP,ASA SUL,2,1,50000.0,(61) 99124149,clinica_geral,0.57,0.35
0.6005,FG SMILE CONSULTORIO ODONTOLOGICO,04.966.801/0001-67,ME,SOBRADINHO,24,2,32000.0,(61) 32221983,multi_unidade,0.52,0.35
0.6005,ISBI,05.678.868/0001-69,ME,TAGUATINGA,23,1,30000.0,(61) 35632368,clinica_institucional,0.37,0.6
0.6005,INSTITUTO DE SAUDE ORAL MIRANDA,09.191.538/0001-03,ME,TAGUATINGA,18,1,20000.0,(61) 33515053,clinica_institucional,0.37,0.6
0.6005,3DR DUTRA RIZZO ODONTOLOGIA ESPECIALIZADA LTDA,24.473.109/0001-04,ME,GUARA I,10,1,10000.0,(61) 35330800,clinica_institucional,0.37,0.6
0.6000,CENTRO ODONTOLOGICO ESPECIALIZADO,05.208.295/0001-00,ME,ASA SUL,24,1,0.0,,clinica_institucional,0.2,0.6
0.6000,WILTON ALVARENGA ENDONDONTIA ESPECIALIZADA,07.542.136/0001-72,ME,ASA NORTE,21,1,0.0,,clinica_institucional,0.2,0.6
0.5995,ODONTONORTE,11.699.581/0001-18,ME,CEILANDIA,16,1,110000.0,(61) 34361597,clinica_geral,0.48,0.6
0.5995,CENTRO INTEGRADO DE SAUDE,26.480.137/0001-84,ME,TAGUATINGA,36,1,100000.0,(61) 39636639,clinica_institucional,0.48,0.6
0.5995,REVITTA CLINICA ODONTOLOGICA,14.814.367/0001-53,ME,RIACHO FUNDO II,14,1,150000.0,(61) 33921283,clinica_geral,0.43,0.6
0.5990,ODONTALCLINIC,01.364.656/0001-56,ME,ASA SUL,30,1,5000.0,,clinica_geral,0.31,0.6
0.5985,ODONTO NEW LTDA,25.156.904/0001-31,ME,TAGUATINGA NORTE (TAGUATINGA),10,1,110000.0,(61) 32084928,clinica_geral,0.49,0.35
0.5985,LUIZ GUSTAVO DE MELO LTDA,24.270.012/0001-02,ME,SETOR OESTE (SOBRADINHO II),10,1,100000.0,(61) 34857743,marca_pessoal,0.49,0.35
0.5985,SAUDE E BEM ESTAR ODONTOLOGICO LTDA,17.999.379/0001-98,ME,TAGUATINGA SUL (TAGUATINGA),13,1,100000.0,(61) 81509998,clinica_geral,0.49,0.35
0.5985,ODONTO EXCELLENCE,24.365.408/0001-25,ME,TAGUATINGA NORTE (TAGUATINGA),10,1,95400.0,(61) 82093900,clinica_geral,0.49,0.35
0.5985,ODONTO CM,19.721.825/0001-23,ME,SETOR LESTE (GAMA),12,1,88000.0,(61) 36084821,clinica_geral,0.49,0.35
0.5985,BEM ESTAR ODONTOLOGIA,22.091.764/0001-72,ME,SETOR SUL (GAMA),11,1,80000.0,(61) 84140398,clinica_geral,0.49,0.35
0.5985,DRASMILE EIRELI,22.780.666/0001-42,ME,SETOR CENTRAL (GAMA),11,1,78800.0,(61) 30229700,clinica_geral,0.49,0.35
0.5985,SORRIMANIA,20.884.218/0001-63,ME,SAMAMBAIA,12,1,72400.0,(61) 33638972,clinica_geral,0.49,0.35
0.5985,PREMIUM ODONTOLOGIA,23.625.698/0001-36,ME,RIACHO FUNDO II,10,1,60000.0,(61) 84154604,clinica_geral,0.49,0.35
0.5980,WE ODONTO,42.940.473/0001-19,EPP,CEILANDIA NORTE (CEILANDIA),5,1,110000.0,(61) 84437573,clinica_geral,0.77,0.35
0.5980,LEONARDO SALES ODONTOLOGIA,05.749.033/0001-52,ME,ASA NORTE,23,1,0.0,(61) 99810648,marca_pessoal,0.32,0.35
0.5980,CIRB CENTRO INTEGRADO DE REABILITACAO BUCOFACIAL,07.478.916/0001-09,ME,ASA NORTE,21,1,0.0,(61) 41411224,clinica_institucional,0.32,0.35
0.5980,USE ODONTOLOGIA,07.494.488/0001-08,ME,ASA SUL,21,1,0.0,(61) 32265817,clinica_geral,0.32,0.35
0.5975,UNOVITTA CLINICAS,10.869.134/0001-05,DEMAIS,VILA SAO JOSE (BRAZLANDIA),17,1,35000.0,(61) 34794514,clinica_geral,0.6,0.35
0.5975,S&R ODONTOLOGIA,26.434.159/0001-08,DEMAIS,TAGUATINGA NORTE (TAGUATINGA),36,1,30000.0,(61) 34754106,clinica_geral,0.6,0.35
0.5970,ANGEL ODONTOLOGIA,01.243.758/0001-13,ME,ASA SUL,30,1,12000.0,(61) 82445307,clinica_geral,0.43,0.35
0.5970,PRISCILLA FERREIRA ODONTOLOGIA,19.812.305/0001-26,ME,AREAL (AGUAS CLARAS),12,1,20000.0,(61) 39651880,clinica_geral,0.38,0.35
0.5965,ORAL UNIC,45.052.822/0001-54,DEMAIS,ASA SUL,4,1,200000.0,(62) 81358989,clinica_geral,0.56,0.35
0.5965,DOUTOR SAUDE LTDA,51.844.794/0001-00,EPP,AREAL (AGUAS CLARAS),3,1,80000.0,(61) 30476177,clinica_geral,0.56,0.35
0.5965,BOSS MEDICINA ODONTOLOGICA INTEGRATIVA LTDA,55.647.920/0001-98,EPP,ASA NORTE,2,1,50000.0,(61) 35506868,clinica_geral,0.56,0.35
0.5965,STUDIO ORAL GOLD PLANO PILOTO LTDA,57.993.993/0001-67,EPP,ASA SUL,1,1,50000.0,(11) 22564486,clinica_geral,0.56,0.35
0.5965,RAFAELA PEIXOTO ODONTOPEDIATRIA,51.097.292/0001-63,EPP,ASA SUL,3,1,40000.0,(61) 32249074,clinica_geral,0.56,0.35
0.5965,ODONTO LED ODONTOLOGIA INTEGRADA,45.461.124/0001-02,EPP,AREAL (AGUAS CLARAS),4,1,20000.0,(61) 98193341,clinica_geral,0.56,0.35
0.5965,SORRISO ABERTO,30.197.527/0001-19,ME,AGUAS CLARAS,8,1,95400.0,(61) 85757834,clinica_geral,0.36,0.6
0.5965,OSTEODONTO,30.763.672/0001-10,ME,SUL (AGUAS CLARAS),8,1,95400.0,(61) 99744353,clinica_geral,0.36,0.6
0.5965,CLINICA ODONTOFACE,27.208.209/0001-00,ME,SETOR HABITACIONAL VICENTE PIRES,9,1,93700.0,(61) 82509240,clinica_geral,0.36,0.6
0.5965,D'CASTRO ODONTOLOGIA ESPECIALIZADA,36.722.610/0001-46,ME,AREAL (AGUAS CLARAS),6,1,80000.0,(61) 92938593,clinica_institucional,0.36,0.6
0.5965,ERGON FACE - ODONTOLOGIA ESPECIALIZADA,36.279.645/0001-52,ME,AREAL (AGUAS CLARAS),6,1,50000.0,(21) 20514900,clinica_institucional,0.36,0.6
0.5965,APTUS- ODONTOLOGIA ESPECIALIZADA,07.388.015/0001-18,ME,TAGUATINGA,21,1,10000.0,(61) 39640691,clinica_institucional,0.36,0.6
0.5965,CLINICA ODONTOLOGICA FE,08.893.666/0001-28,ME,TAGUATINGA CENTRO,19,1,10000.0,(61) 33511220,clinica_geral,0.36,0.6
0.5955,ODONTO NORTE,10.363.980/0001-40,ME,CEILANDA NORTE,17,1,20000.0,(61) 81446021,clinica_geral,0.47,0.6
0.5955,LUCIANO MIZIARA ODONTOLOGIA ESPECIALIZADA,33.765.818/0001-54,ME,NORTE (AGUAS CLARAS),7,1,30000.0,(61) 99999999,clinica_institucional,0.42,0.6
0.5950,ALLEGRA ODONTOLOGIA,41.495.752/0001-58,DEMAIS,GUARA I,5,1,30000.0,(61) 82007102,clinica_geral,0.65,0.35
0.5950,TAGUACENTER ODONTOLOGIA,43.077.509/0001-45,EPP,TAGUATINGA NORTE (TAGUATINGA),5,1,10000.0,(61) 35730945,clinica_geral,0.65,0.35
0.5950,ICR - ODONTOLOGIA INTEGRADA,50.400.511/0001-79,DEMAIS,GUARA I,3,1,110000.0,(61) 84664212,clinica_institucional,0.6,0.6
0.5950,CLINICA ODONTOLOGICA REALLYZA,46.066.121/0001-37,EPP,SOBRADINHO,4,1,50000.0,(61) 95133000,clinica_geral,0.6,0.6
0.5950,ODONTO VAS,51.615.586/0001-30,EPP,SETOR RESIDENCIAL LESTE (PLANALTINA),3,1,50000.0,(61) 98902272,clinica_institucional,0.6,0.6
0.5950,BRASIL IMPLANTES,49.601.715/0001-99,ME,TAGUATINGA,3,1,100000.0,(61) 81574346,especialista_alto_ticket,0.4,1.0
0.5950,PRIORIZE ODONTOLOGIA E ESTETICA,53.562.486/0001-18,ME,TAGUATINGA CENTRO (TAGUATINGA),2,1,80000.0,(61) 86190612,especialista_alto_ticket,0.4,1.0
0.5950,ARTE NA BOCA,59.185.300/0001-35,ME,SETOR CENTRAL GAMA,1,1,50000.0,(61) 81942728,especialista_alto_ticket,0.4,1.0
0.5945,LUIZ CARLOS ODONTOLOGIA,08.419.960/0001-00,ME,TAGUATINGA SUL (TAGUATINGA),19,1,100000.0,(61) 32022400,marca_pessoal,0.48,0.35
0.5945,RB RADIOLOGIA,13.563.991/0001-62,EPP,SETOR CENTRAL (GAMA),15,1,18000.0,(61) 30371787,clinica_geral,0.48,0.35
0.5945,RZ & R SCP,39.611.814/0001-06,DEMAIS,ASA NORTE,5,1,500.0,(61) 33210999,clinica_geral,0.48,0.35
0.5945,CLINICA MULTIDISCIPLINAR + SAUDE,50.351.149/0001-93,ME,SETOR SUDOESTE,3,1,50000.0,(61) 99932508,clinica_geral,0.43,0.6
0.5945,MESTRYA ODONTOLOGIA ESPECIALIZADA,46.791.195/0001-36,ME,NORTE (AGUAS CLARAS),4,1,50000.0,(61) 95543187,clinica_institucional,0.43,0.6
0.5945,INSTITUTO GAIA,43.624.482/0001-63,ME,ASA SUL,4,1,50000.0,(61) 32260854,clinica_institucional,0.43,0.6
0.5940,DOM ODONTOLOGIA LTDA,24.344.585/0001-25,ME,ASA NORTE,10,1,20000.0,(61) 81346131,clinica_geral,0.31,0.35
0.5930,IMPLANTUS CLINICA ODONTOLOGICA LTDA,27.363.150/0001-16,ME,GUARA I,9,1,95000.0,(61) 81351393,especialista_alto_ticket,0.32,1.0
0.5930,CLINICA DE REABILITACAO E HARMONIZACAO OROFACIAL CRHOS,37.828.390/0001-00,ME,TAGUATINGA NORTE (TAGUATINGA),6,1,48000.0,(61) 92762222,especialista_alto_ticket,0.32,1.0
0.5930,KAROLINE CARVALHO ODONTOLOGIA ESTETICA,40.899.600/0001-58,ME,TAGUATINGA NORTE (TAGUATINGA),5,1,45000.0,(61) 92968931,especialista_alto_ticket,0.32,1.0
0.5930,ODONTOCLINICA ESTETICA DO DENTE LTDA,41.640.626/0001-40,ME,SAMAMBAIA NORTE (SAMAMBAIA),5,1,40000.0,(61) 86011132,especialista_alto_ticket,0.32,1.0
0.5930,CROE CLINICA DE REABILITACAO ORAL E ESTETICA,35.712.482/0001-97,ME,SOBRADINHO,6,1,40000.0,(61) 84394742,especialista_alto_ticket,0.32,1.0
0.5930,LUMINE ODONTOLOGIA E ESTETICA,35.771.990/0001-46,ME,TAGUATINGA NORTE (TAGUATINGA),6,1,40000.0,(61) 82012249,especialista_alto_ticket,0.32,1.0
0.5930,CLINICA UNITA ODONTOLOGIA E ESTETICA,30.878.459/0001-53,ME,GUARA II,8,1,30000.0,(61) 35686845,especialista_alto_ticket,0.32,1.0
0.5930,IMPLANTODENTE,38.123.861/0001-30,ME,SAMAMBAIA SUL (SAMAMBAIA),6,1,30000.0,(61) 85836629,especialista_alto_ticket,0.32,1.0
0.5930,DRA MARIANA PORFIRIO HARMONIZACAO FACIAL E ODONTOLOGIA,40.749.775/0001-89,ME,GUARA I,5,1,20000.0,(61) 86225246,marca_pessoal,0.32,1.0
0.5930,ORTHO TRAUMA,37.364.986/0001-99,ME,TAGUATINGA SUL (TAGUATINGA),6,1,20000.0,(61) 82282082,especialista_alto_ticket,0.32,1.0
0.5925,AMD ODONTOLOGIA,48.970.223/0001-08,EPP,SUL (AGUAS CLARAS),3,1,5000.0,(61) 96622928,clinica_geral,0.55,0.35
0.5925,LIDIA SOUZA ODONTOLOGIA,44.176.241/0001-61,EPP,ASA SUL,4,1,5000.0,(61) 32421250,clinica_geral,0.55,0.35
0.5925,ODONTOCENTRO,37.163.249/0001-28,ME,ASA NORTE,6,1,40000.0,(61) 84653263,clinica_institucional,0.35,0.6
0.5925,"FABRICA DE SORRISOS, ODONTOLOGIA ESPECIALIZADA",41.538.023/0001-31,ME,ASA NORTE,5,1,30000.0,(61) 20173133,clinica_institucional,0.35,0.6
0.5925,ACOLHER INSTITUTO ODONTOLOGICO,37.156.463/0001-57,ME,AREAL (AGUAS CLARAS),6,1,20000.0,(61) 99654722,clinica_institucional,0.35,0.6
0.5925,SINGOLARE ESPECIALIDADES ODONTOLOGICAS,22.905.076/0001-07,ME,SETOR HABITACIONAL CONTAGEM (SOBRADINHO),11,1,20000.0,(61) 35467986,clinica_institucional,0.35,0.6
0.5925,CLINICA ODONTOLOGICA DE PLANALTINA LTDA,05.043.113/0001-98,ME,PLANALTINA,24,1,0.0,(61) 33891880,clinica_geral,0.35,0.6
0.5920,LAGO DENTAL DESIGN,40.318.316/0001-40,EPP,SETOR DE HABITACOES INDIVIDUAIS NORTE,5,1,60000.0,(61) 99483828,clinica_geral,0.63,0.6
0.5920,DIVINO CESAR ANDRAUS,00.942.179/0001-04,DEMAIS,ASA SUL,30,1,0.0,(61) 34439542,clinica_geral,0.48,0.35
0.5920,FA- IMPLANTE E ODONTOLOGIA,39.564.393/0001-00,ME,SETOR CENTRA,5,1,300000.0,(61) 30219394,especialista_alto_ticket,0.43,1.0
0.5920,BELLA ODONTOLOGIA E ORTODONTIA AVANCADA,31.408.986/0001-67,ME,CEILANDIA,7,1,200000.0,(61) 30323402,especialista_alto_ticket,0.43,1.0
0.5920,REABILITTA ODONTOLOGIA E HARMONIZACAO FACIAL,41.063.955/0001-75,ME,TAGUATINGA NORTE (TAGUATINGA),5,1,10000.0,(61) 81910328,especialista_alto_ticket,0.38,1.0
0.5915,IZO INSTITUTO ODONTOLOGICO,25.337.790/0001-26,ME,CEILANDIA SUL (CEILANDIA),10,1,250000.0,(61) 30113647,clinica_institucional,0.46,0.6
0.5915,PREMIER ODONTOLOGIA,15.757.889/0001-23,ME,CEILANDIA,14,1,100000.0,(61) 33751045,clinica_institucional,0.46,0.6
0.5915,ODONTO DREAM,10.377.669/0001-50,ME,GUARA II,17,1,50000.0,(61) 81271920,clinica_geral,0.41,0.6
0.5915,SMILYN CLINICA ODONTOLOGICA,22.503.306/0001-01,ME,TAGUATINGA NORTE (TAGUATINGA),11,1,10000.0,(61) 85464759,clinica_geral,0.41,0.6
0.5910,VAMOS SORRIR,47.639.675/0001-49,DEMAIS,NUCLEO BANDEIRANTE,4,1,50000.0,(11) 22564486,clinica_institucional,0.59,0.6
0.5910,YOUR INSTITUTO ODONTOLOGICO,46.697.599/0001-65,ME,GUARA II,4,1,40000.0,(61) 82699619,especialista_alto_ticket,0.39,1.0
0.5910,FLEX ODONTOLOGIA,47.178.990/0001-16,ME,TAGUATINGA,4,1,20000.0,(61) 35621154,especialista_alto_ticket,0.39,1.0
0.5910,ORTOFACE IMPLANTES,44.664.270/0001-72,ME,ZONA INDUSTRIAL (GUARA),4,1,20000.0,(61) 32343638,especialista_alto_ticket,0.39,1.0
0.5910,INSTITUTO DE ODONTOLOGIA INFANTIL LTDA,00.835.769/0001-20,ME,ASA NORTE,42,1,10000.0,(61) 82371377,clinica_institucional,0.29,0.6
0.5910,CENTRO ESPECIALIZADO DE ENDODONTIA,01.098.841/0001-46,ME,ASA NORTE,30,1,0.0,(61) 33264365,clinica_institucional,0.29,0.6
0.5910,BLANC ODONTOLOGIA PERSONALIZADA,03.223.006/0001-16,ME,LAGO SUL,27,1,0.0,(61) 2487432,clinica_geral,0.29,0.6
0.5910,ESTHETIC DENTAL CLINIC,02.031.382/0001-46,ME,NORTE (AGUAS CLARAS),29,1,0.0,(61) 33528423,clinica_geral,0.29,0.6
0.5910,UNIDENT,72.582.018/0001-50,ME,ASA NORTE,32,1,0.0,(61) 32249700,clinica_geral,0.29,0.6
0.5910,CLINICA LARIXHIA,37.161.130/0001-16,ME,LAGO SUL,33,1,0.0,(61) 9833705,clinica_geral,0.29,0.6
0.5910,COTAP,00.844.704/0001-40,ME,ASA NORTE,42,1,0.0,(61) 33268085,clinica_institucional,0.29,0.6
0.5910,L & R CLINICA ODONTOLOGICA,38.077.509/0001-05,ME,ASA SUL,32,1,0.0,(61) 32248754,clinica_institucional,0.29,0.6
0.5910,INSTITUTO ODONTOLOGICO RONEI GUIDAO,04.001.439/0001-90,ME,ASA NORTE,26,1,0.0,(061) 3282924,clinica_institucional,0.29,0.6
0.5905,CLINICA NOBREGA DE ODONTOLOGIA,08.263.781/0001-19,ME,TAGUATINGA NORTE,20,1,30000.0,(61) 32232763,clinica_geral,0.47,0.35
0.5905,ODONTO FIALHO,09.028.485/0001-04,ME,NUCLEO BANDEIRANTE,19,1,20000.0,(61) 35522276,clinica_geral,0.47,0.35
0.5905,ODONTOCLINICA PERSONA,09.541.024/0001-22,ME,TAGUATINGA NORTE (TAGUATINGA),18,1,20000.0,(61) 30473838,clinica_geral,0.47,0.35
0.5905,SUZANA NOGUCHI ODONTOLOGIA ESTETICA,55.163.822/0001-85,ME,ASA SUL,2,1,10000.0,(61) 81422413,especialista_alto_ticket,0.22,1.0
0.5905,CIRURGIA E ESTETICA FACIAL,53.945.585/0001-89,ME,ASA SUL,2,1,5000.0,(61) 93236686,especialista_alto_ticket,0.22,1.0
0.5905,MARCELA PAZ ODONTOLOGIA E HARMONIZACAO FACIAL LTDA,49.973.861/0001-45,ME,ASA SUL,3,1,3000.0,(61) 81192165,especialista_alto_ticket,0.22,1.0
0.5900,BARBOSA E SILVA ODONTOLOGIA LTDA,07.617.890/0001-24,ME,ASA NORTE,20,1,1000.0,(61) 34451716,clinica_geral,0.3,0.35
0.5895,PS ODONTO- PRONTO SOCORRO ODONTOLOGICO,36.720.801/0001-79,ME,AREAL (AGUAS CLARAS),6,1,250000.0,(61) 30219394,clinica_geral,0.53,0.35
0.5895,CLINICA ODONTOLOGICA DR LEOPOLDO,01.189.940/0001-33,ME,TAGUATINGA SUL (TAGUATINGA),30,2,10000.0,(61) 33515198,multi_unidade,0.48,0.6
0.5895,DR SERGIO GIANVECHIO ORTODONTIA DIGITAL,48.608.931/0001-01,ME,AGUAS CLARAS,3,1,10000.0,(61) 81737098,marca_pessoal,0.28,1.0
0.5890,ODONTOLOGIA PAIVA MEDEIROS,09.513.237/0001-40,ME,SETOR SUDOESTE,18,1,10000.0,(61) 33447752,clinica_geral,0.36,0.35
0.5890,KAIROS ODONTOLOGIA E ESTETICA,41.318.966/0001-59,ME,TAGUATINGA,5,1,10000.0,(61) 83694873,especialista_alto_ticket,0.31,1.0
0.5885,EVIDENCE ODONTOLOGIA ESPECIALIZADA LTDA,28.319.791/0001-36,ME,ASA NORTE,9,1,15000.0,(61) 81290845,clinica_institucional,0.34,0.6
0.5885,CLINICA ODONTOLOGICA DANIELA ANDRADE,17.479.322/0001-68,ME,SOBRADINHO,13,1,5000.0,(61) 84982879,clinica_geral,0.34,0.6
0.5880,VAMOS SORRIR,40.085.277/0001-89,DEMAIS,PARANOA,5,1,50000.0,(11) 22564486,clinica_institucional,0.62,0.6
0.5880,INTEGRALLE ODONTOLOGIA E ESTETICA,42.447.046/0001-01,ME,SETOR RESIDENCIAL OESTE (SAO SEBASTIAO),5,1,40000.0,(61) 96426218,especialista_alto_ticket,0.42,1.0
0.5880,CEDR,06.127.964/0001-81,ME,ASA NORTE,22,1,0.0,,clinica_institucional,0.17,0.6
0.5875,CLINORTO,05.140.119/0001-83,ME,BRASILIA,24,1,187000.0,(61) 2245698,clinica_geral,0.45,0.6
0.5875,CLINICA ODONTOLOGICA JC,37.127.297/0001-60,ME,TAGUATINGA NORTE (TAGUATINGA),34,1,100000.0,(61) 81506525,clinica_geral,0.45,0.6
0.5875,INOSS INSTITUTO DE ODONTOLOGIA DE SAO SEBASTIAO,09.104.493/0001-84,ME,SETOR TRADICIONAL (SAO SEBASTIAO),18,1,100000.0,(61) 98501395,clinica_institucional,0.45,0.6
0.5870,CLINICA ODONTOLOGICA LEME LTDA,01.330.496/0001-24,ME,ASA NORTE,30,1,0.0,(61) 33260314,clinica_geral,0.28,0.6
0.5865,HERO HOSPITAL DE ENDODONTIA E REABILITACAO ORAL LTDA,29.212.780/0001-15,ME,ASA SUL,8,1,100000.0,(61) 91856146,clinica_geral,0.46,0.35
0.5865,PERFECTION ODONTOLOGIA,33.146.107/0001-00,ME,ASA NORTE,7,1,99800.0,(61) 33619192,clinica_geral,0.46,0.35
0.5865,KARLA EMERICK ODONTOLOGIA,30.861.176/0001-07,ME,ASA NORTE,8,1,96000.0,(61) 91998209,clinica_geral,0.46,0.35
0.5865,ESPACOI9 ODONTOLOGIA INTEGRADA E DIAGNOSTICO,31.302.783/0001-91,ME,ASA SUL,8,1,95400.0,(61) 32029820,clinica_geral,0.46,0.35
0.5865,ODONTO VIDA E SAUDE,31.596.655/0001-06,ME,ASA NORTE,7,1,95400.0,(61) 30371914,clinica_geral,0.46,0.35
0.5865,BRASILIA ORTOG,39.659.091/0001-07,ME,SETOR NOROESTE,5,1,50000.0,(61) 81601001,clinica_geral,0.46,0.35
0.5865,CLINIC FG,38.658.565/0001-33,ME,ASA SUL,5,1,50000.0,(61) 83148000,clinica_geral,0.46,0.35
0.5865,JL ODONTOLOGIA RECONSTRUTIVA,43.094.426/0001-64,ME,NORTE (AGUAS CLARAS),5,1,50000.0,(11) 65960781,clinica_geral,0.46,0.35
0.5865,ORAL SPA,30.578.580/0001-60,ME,ASA NORTE,8,1,50000.0,(61) 30417323,clinica_geral,0.46,0.35
0.5865,PLENA ODONTOLOGIA E SAUDE INTEGRADA,40.989.480/0001-80,ME,ASA SUL,5,1,50000.0,(61) 93035919,clinica_geral,0.46,0.35
0.5865,STUDIO HOF SORRISO E FACE,42.896.014/0001-85,ME,ASA SUL,5,1,50000.0,(61) 96444688,clinica_geral,0.46,0.35
0.5865,VANESSA NINIA ODONTOLOGIA,35.808.560/0001-51,ME,ASA SUL,6,1,50000.0,(61) 83454344,marca_pessoal,0.46,0.35
0.5865,VILELA & RIBEIRO ODONTOLOGIA LTDA,24.426.610/0001-10,ME,TAGUATINGA CENTRO (TAGUATINGA),10,1,20000.0,(61) 85340060,clinica_geral,0.46,0.35
0.5860,TITANIUM ODONTOLOGIA INTEGRADA LTDA,10.423.892/0001-97,ME,SETOR SUDOESTE,17,1,10000.0,(61) 33440273,clinica_geral,0.29,0.35
0.5860,LK ODONTOLOGIA,22.463.473/0001-68,ME,ASA SUL,11,1,2000.0,(61) 99029787,clinica_geral,0.29,0.35
0.5860,DENT MIX CONSULTORIO ODONTOLOGICO LTDA,05.395.305/0001-63,ME,ASA SUL,23,1,0.0,(61) 32444667,clinica_geral,0.29,0.35
0.5860,VITTA ODONTOLOGIA INTEGRADA,07.415.387/0001-96,ME,ASA NORTE,21,1,0.0,(61) 30319444,clinica_geral,0.29,0.35
0.5850,AVANCE ODONTOLOGIA INTEGRADA,48.795.592/0001-01,EPP,GUARA I,3,1,87000.0,(61) 99652474,clinica_geral,0.7,0.35
0.5850,RAFAELA FERNANDES ODONTOLOGIA ESPECIALIZADA,42.762.747/0001-27,ME,RIACHO FUNDO I,5,1,150000.0,(61) 93779477,clinica_institucional,0.5,0.6
0.5850,FACE DESIGN,37.831.292/0001-14,ME,SETOR CENTRAL (GAMA),6,1,110000.0,(61) 30337969,clinica_institucional,0.5,0.6
0.5850,CRIADENT,32.928.668/0001-90,ME,SAMAMBAIA,7,1,110000.0,(61) 94109689,clinica_institucional,0.5,0.6
0.5850,ORTODAMA,40.172.600/0001-51,ME,SETOR CENTRAL (GAMA),5,1,105000.0,(61) 33840450,clinica_institucional,0.5,0.6
0.5850,THAYS BRITO ODONTOLOGIA ESPECIALIZADA,38.366.454/0001-53,ME,SETOR RESIDENCIAL LESTE (PLANALTINA),5,1,104500.0,(61) 92652894,clinica_institucional,0.5,0.6
0.5850,GIGLIANE SANCHES ODONTOLOGIA,26.272.747/0001-92,ME,TAGUATINGA SUL (TAGUATINGA),9,1,100000.0,(61) 99639646,clinica_geral,0.5,0.6
0.5850,ORALART CLINICA ODONTOLOGICA ESPECIALIZADA,41.148.509/0001-63,ME,SETOR LESTE (GAMA),5,1,100000.0,(61) 93011293,clinica_institucional,0.5,0.6
0.5850,HOSPITAL DO SORRISO,30.610.020/0001-45,ME,SETOR CENTRAL (GAMA),8,1,100000.0,(61) 30323432,clinica_geral,0.5,0.6
0.5850,MB ODONTOLOGIA,41.777.570/0001-70,ME,TAGUATINGA SUL (TAGUATINGA),5,1,100000.0,(61) 82644000,clinica_institucional,0.5,0.6
0.5850,CLINICA ODONTOLOGICA ODONTOEMERY,34.625.484/0001-86,ME,RIACHO FUNDO I,7,1,100000.0,(61) 34653032,clinica_geral,0.5,0.6
0.5850,CLINICA DE PERIODONTIA RACHEL BELLO LTDA,02.417.992/0001-82,ME,ASA NORTE,28,1,88000.0,(0610) 3217987,clinica_geral,0.4,0.35
0.5850,BIOFACE - CIRURGIA ORAL E MAXILOFACIAL LTDA,02.280.379/0001-66,ME,ASA NORTE,28,1,75000.0,(61) 30337067,clinica_geral,0.4,0.35
0.5850,CLINIFACE.DF CIRURGIA BUCO-MAXILO-FACIAL,03.241.743/0001-41,ME,OCTOGONAL,27,1,30000.0,(61) 98187208,clinica_geral,0.4,0.35
0.5850,CORDIALLE ODONTOLOGIA,02.422.892/0001-44,ME,ASA SUL,28,1,30000.0,(61) 33443535,clinica_geral,0.4,0.35
0.5850,FACE-OCTO,03.234.052/0001-10,ME,OCTOGONAL,27,1,20000.0,(61) 33406013,clinica_geral,0.4,0.35
0.5850,GHISI CENTRO CLINICO ODONTOLOGICO,00.664.441/0001-98,ME,ASA SUL,40,1,20000.0,(61) 99445880,clinica_institucional,0.4,0.35
0.5850,VIA ODONTOLOGIA,37.173.655/0001-71,ME,ASA NORTE,33,1,20000.0,(061) 3280796,clinica_geral,0.4,0.35
0.5845,SELETTA ODONTOLOGIA,57.268.665/0001-06,EPP,ASA SUL,1,1,30000.0,(61) 32029443,clinica_geral,0.53,0.35
0.5845,ODONTOCLINIC,29.826.002/0001-16,ME,NORTE (AGUAS CLARAS),8,1,400000.0,(61) 35483060,clinica_geral,0.33,0.6
0.5845,VS ODONTO,10.449.525/0001-62,ME,GUARA II,17,1,18000.0,(61) 81102751,clinica_geral,0.33,0.6
0.5845,INNOVATI ODONTOLOGIA,08.707.991/0001-59,ME,TAGUATINGA,19,1,14000.0,(61) 35320629,clinica_geral,0.33,0.6
0.5845,CLIDENT ODONTOLOGIA ESPECIALIZADA,07.648.000/0001-41,ME,TAGUATINGA CENTRO,20,1,12000.0,(61) 30480333,clinica_institucional,0.33,0.6
0.5845,ESPECIALLI ODONTOLOGIA ESPECIALIZADA,11.724.784/0001-17,ME,TAGUATINGA SUL (TAGUATINGA),16,1,10000.0,(61) 33535253,clinica_institucional,0.33,0.6
0.5845,CLINICA SIMINO,08.234.509/0001-00,ME,TAGUATINGA,20,1,10000.0,(61) 35610800,clinica_geral,0.33,0.6
0.5845,ODONTOBRASILIA,13.815.939/0001-56,ME,TAGUATINGA NORTE,15,1,10000.0,(61) 35629800,clinica_geral,0.33,0.6
0.5845,SEMBLANT ODONTOLOGIA INTEGRADA,08.086.174/0001-20,ME,TAGUATINGA NORTE (TAGUATINGA),20,1,10000.0,(61) 30361221,clinica_geral,0.33,0.6
0.5840,MACEDO ODONTOLOGIA E ESTETICA,37.750.917/0001-13,ME,FAZENDA MESTRE D'ARMAS (ETAPA II - PLANALTINA),6,1,60000.0,(61) 91017255,especialista_alto_ticket,0.36,1.0
0.5840,CLINICA ODONTOLOGICA ORTHOCLINIC,37.771.810/0001-51,ME,SETOR OESTE (GAMA),6,1,50000.0,(61) 86739057,especialista_alto_ticket,0.36,1.0
0.5840,ALFA X CLINICA ODONTOLOGICA LTDA,06.910.696/0001-70,ME,ASA NORTE,22,1,0.0,,clinica_geral,0.16,0.6
0.5835,ARTE CLINICA ODONTOLOGICA,19.584.775/0001-80,ME,SETOR OESTE (GAMA),12,1,2000.0,(61) 39672244,clinica_geral,0.39,0.6
0.5830,ESTHETIC ODONTOLOGIA E HARMONIZACAO OROFACIL,46.603.278/0001-54,ME,SETOR SUL (GAMA),4,1,120000.0,(61) 92940505,especialista_alto_ticket,0.37,1.0
0.5830,AVANCE ODONTOLOGIA E HARMONIZACAO FACIAL,43.928.949/0001-69,ME,TAGUATINGA NORTE (TAGUATINGA),4,1,100000.0,(61) 92133849,especialista_alto_ticket,0.37,1.0
0.5830,ELLEVA ODONTOLOGIA E ESTETICA FACIAL,46.153.588/0001-14,ME,ARAPOANGA (PLANALTINA),4,1,100000.0,(61) 96401556,especialista_alto_ticket,0.37,1.0
0.5830,ELYSIUM ODONTOLOGIA E ESTETICA,51.509.690/0001-40,ME,SETOR CENTRAL (GAMA),3,1,100000.0,(61) 81074003,especialista_alto_ticket,0.37,1.0
0.5830,LUZZI ODONTOLOGIA & ESTETICA,44.588.745/0001-99,ME,SOBRADINHO,4,1,100000.0,(61) 85965136,especialista_alto_ticket,0.37,1.0
0.5830,REALCE IMPLANTES,50.624.919/0001-24,ME,RIACHO FUNDO I,3,1,100000.0,(61) 84000449,especialista_alto_ticket,0.37,1.0
0.5830,SORRIA IMPLANTES,50.448.259/0001-78,ME,SETOR RESIDENCIAL LESTE (PLANALTINA),3,1,100000.0,(61) 95557060,especialista_alto_ticket,0.37,1.0
0.5825,INTERFACE ODONTOLOGIA,02.224.542/0001-73,DEMAIS,CEILANDIA,28,1,0.0,(61) 33724114,clinica_institucional,0.55,0.6
0.5825,MULTI ODONTO,07.020.215/0001-13,ME,TAGUATINGA,21,1,100000.0,(61) 30338090,clinica_geral,0.45,0.35
0.5825,CARMO ROSA ODONTOLOGIA LTDA,24.356.238/0001-12,ME,ARAPOANGA (PLANALTINA),10,1,90000.0,(61) 33264171,clinica_geral,0.45,0.35
0.5825,EVIDENT ODONTOLOGIA,22.258.337/0001-36,ME,TAGUATINGA,11,1,20000.0,(61) 33520226,clinica_geral,0.45,0.35
0.5825,CLINICA ODONTOLOGICA HENDGES AC,50.658.989/0001-01,ME,NORTE (AGUAS CLARAS),3,1,250000.0,(61) 99050710,clinica_geral,0.4,0.6
0.5825,INSTITUTO ALBERT ANDRADE,49.924.528/0001-46,ME,SETOR HABITACIONAL VICENTE PIRES,3,1,250000.0,(61) 95438080,clinica_institucional,0.4,0.6
0.5825,INTENSE ODONTOLOGIA INTEGRADA,50.336.792/0001-48,ME,NORTE (AGUAS CLARAS),3,1,200000.0,(61) 35443386,clinica_institucional,0.4,0.6
0.5825,INSTITUTO AVANZO ODONTOLOGIA E MEDICINA ESPECIALIZADA,50.973.503/0001-11,ME,NORTE (AGUAS CLARAS),3,1,100000.0,(61) 99524482,clinica_institucional,0.4,0.6
0.5825,CLINICA ORAL ESTHETIC,56.010.996/0001-70,ME,ASA SUL,2,1,70000.0,(61) 30601815,clinica_geral,0.4,0.6
0.5825,DRA LARA GREGO,59.073.511/0001-86,ME,ASA NORTE,1,1,1000.0,(61) 95004639,marca_pessoal,0.2,1.0
0.5820,CEILANDIA ODONTOLOGIA,35.540.950/0001-93,EPP,CEILANDIA NORTE (CEILANDIA),6,1,300000.0,(61) 33758693,clinica_geral,0.73,0.35
0.5820,CEI ODONTOLOGIA S/C LTDA,05.546.041/0001-00,ME,ASA NORTE,23,1,0.0,(61) 3261691,clinica_geral,0.28,0.35
0.5820,ODONTOCLINICA LEANDRO GUIMARAES S/C LTDA,05.558.255/0001-98,ME,ASA NORTE,23,1,0.0,(061) 3409397,clinica_geral,0.28,0.35
0.5815,DENT MAIS DENTISTAS,06.039.780/0001-60,EPP,SIA,22,1,0.0,(61) 33613152,clinica_geral,0.56,0.35
0.5810,ODONTO CLINICA MAUAD S/S LTDA,26.479.006/0001-87,ME,ASA NORTE,36,1,10000.0,(61) 81652908,clinica_geral,0.39,0.35
0.5810,CLIDENT,72.593.114/0001-01,ME,ASA NORTE,32,1,0.0,(061) 3273044,clinica_geral,0.39,0.35
0.5810,ODONTOCLINICA CARNEIRO,00.680.962/0001-39,ME,ASA SUL,31,1,0.0,(61) 32249115,clinica_geral,0.39,0.35
0.5810,PROFIL LINIE SERVICOS ODONTOLOGICOS,01.644.304/0001-54,ME,ASA SUL,29,1,0.0,(61) 34431005,clinica_geral,0.39,0.35
0.5805,RITA TRINDADE SPA MEDICO ODONTOLOGICO,36.770.626/0001-24,EPP,SETOR DE HABITACOES INDIVIDUAIS SUL,34,1,40000.0,(61) 32481140,clinica_geral,0.67,0.35
0.5805,MAJORIE ODONTOLOGIA LTDA,47.830.811/0001-83,EPP,AGUAS CLARAS,3,1,30000.0,(61) 82601932,clinica_geral,0.52,0.35
0.5805,RARE ODONTOLOGIA,51.146.610/0001-39,EPP,ASA SUL,3,1,10000.0,(61) 81684775,clinica_geral,0.52,0.35
0.5805,OLIVIO LEOPOLDO NAVA NETO ODONTOLOGIA,45.761.561/0001-41,EPP,ASA SUL,4,1,5000.0,(61) 32421250,clinica_geral,0.52,0.35
0.5805,SPECIAL - ODONTOLOGIA NOS CICLOS DA VIDA,27.614.578/0001-94,ME,ASA NORTE,9,2,20000.0,(61) 99731779,multi_unidade,0.47,0.35
0.5805,JULIANA CANABRAVA - ODONTOLOGIA ESPECIALIZADA,27.353.985/0001-95,ME,NORTE (AGUAS CLARAS),9,1,42000.0,(61) 35519005,marca_pessoal,0.32,0.6
0.5805,PADUA ODONTOLOGIA ESPECIALIZADA,30.270.951/0001-41,ME,ASA SUL,8,1,40000.0,(61) 33842963,clinica_institucional,0.32,0.6
0.5805,ENJOY ODONTOLOGIA ESPECIALIZADA,28.984.242/0001-86,ME,NORTE (AGUAS CLARAS),8,1,30000.0,(61) 38798130,clinica_institucional,0.32,0.6
0.5805,IMCORP CLINICA ODONTOLOGICA LTDA,34.252.384/0001-51,ME,ASA SUL,7,1,20000.0,(61) 85232361,clinica_geral,0.32,0.6
0.5805,CONSULTORIO ODONTOLOGICO DR. SAULO FERRAZ E DRA. BRUNA,42.107.432/0001-46,ME,ASA SUL,5,1,20000.0,(61) 83301711,clinica_institucional,0.32,0.6
0.5805,IDEA INSTITUTO DENTAL DE EXCELENCIA APLICADA,38.494.898/0001-74,ME,ASA NORTE,5,1,20000.0,(61) 99655767,clinica_institucional,0.32,0.6
0.5805,CLINICA ODONTOLOGICA VILELA PEREIRA,29.684.127/0001-59,ME,ASA SUL,8,1,20000.0,(61) 83668383,clinica_institucional,0.32,0.6
0.5805,ETOS - EXCELENCIA EM TRATAMENTOS ODONTOLOGICOS,05.271.461/0001-12,ME,SAMAMBAIA SUL,24,1,0.0,(61) 32345995,clinica_institucional,0.32,0.6
0.5800,NOVA IMPLANTES,36.175.258/0001-76,ME,CEILANDIA NORTE (CEILANDIA),6,1,104500.0,(61) 35811750,especialista_alto_ticket,0.4,1.0
0.5800,IMS ODONTOLOGIA E ESTETICA,34.720.025/0001-81,ME,SETOR HABITACIONAL SOL NASCENTE (CEILANDIA),7,1,100000.0,(61) 83645696,especialista_alto_ticket,0.4,1.0
0.5800,ORTHODONTIC,29.846.351/0001-08,ME,SANTA MARIA,8,1,100000.0,(61) 33332490,especialista_alto_ticket,0.4,1.0
0.5795,COEX CLINICA ODONTOLOGICA ESPECIALIZADA,17.079.240/0001-26,ME,SETOR NORTE (BRAZLANDIA),14,1,100000.0,(61) 34794183,clinica_institucional,0.43,0.6
0.5795,REDE ORTO CLINICAS ODONTOLOGICAS,03.929.423/0001-89,ME,SOBRADINHO,26,1,15000.0,(61) 84670932,clinica_geral,0.43,0.6
0.5795,PONTO DO SORRISO,10.846.216/0001-26,ME,SAO SEBASTIAO,17,1,10000.0,(61) 33352097,clinica_geral,0.43,0.6
0.5790,ODONTO DENTE,50.935.657/0001-19,DEMAIS,SAMAMBAIA SUL (SAMAMBAIA),3,1,90000.0,(61) 98280796,clinica_geral,0.56,0.6
0.5790,HA ODONTOLOGIA ESPECIALIZADA,50.766.407/0001-00,EPP,SAMAMBAIA NORTE (SAMAMBAIA),3,1,30000.0,(61) 95846411,clinica_institucional,0.56,0.6
0.5790,LUCAS TELES ODONTOLOGIA ESTETICA,46.549.573/0001-70,ME,SETOR OESTE (SOBRADINHO II),4,1,80000.0,(61) 34535766,marca_pessoal,0.36,1.0
0.5790,DRA KELLY GOMES ODONTOLOGIA ESTETICA AVANCADA,55.458.134/0001-42,ME,SETOR RESIDENCIAL LESTE (PLANALTINA),2,1,20000.0,(41) 97880145,marca_pessoal,0.36,1.0
0.5785,SIMETRIC ODONTOLOGIA,07.841.518/0001-05,ME,GAMA,20,1,88000.0,(61) 33851776,clinica_geral,0.44,0.35
0.5785,ODONTOCLINICA GAMA,11.463.292/0001-15,ME,SETOR CENTRAL GAMA,16,1,62200.0,(61) 81402777,clinica_geral,0.44,0.35
0.5785,MS CLINICA ODONTOLOGICA,47.792.581/0001-05,ME,AGUAS CLARAS,4,1,40000.0,(61) 35479538,clinica_geral,0.39,0.6
0.5785,COF (CENTRO ODONTOLOGICO FAMILIAR),46.382.510/0001-71,ME,VICENTE PIRES,4,1,30000.0,(61) 91909794,clinica_institucional,0.39,0.6
0.5785,CLINICA ODONTOLOGICA INTEGRATIVA SS,55.414.608/0001-54,DEMAIS,AREA OCTOGONAL,2,1,1500.0,(61) 39648265,clinica_geral,0.39,0.6
0.5780,ODONTO FAMILLE,45.395.978/0001-38,EPP,SANTA MARIA,4,1,200000.0,(61) 30381220,clinica_geral,0.67,0.6
0.5780,ORTHOVITAL ODONTOLOGIA,51.342.959/0001-46,ME,SANTA MARIA,3,1,150000.0,(61) 33942232,especialista_alto_ticket,0.47,1.0
0.5780,CLINICA ODONTOLOGICA PINHEIRO,72.588.619/0001-70,ME,ASA SUL,32,1,0.0,(0061) 3465850,clinica_geral,0.32,0.6
0.5775,CLINICA MOLARIS,13.478.806/0001-31,ME,PARANOA,15,1,104500.0,(61) 33692840,clinica_geral,0.55,0.35
0.5775,VITALIS ODONTOLOGIA,01.522.262/0001-89,ME,GUARA I,29,1,100000.0,(61) 33813391,clinica_institucional,0.55,0.35
0.5775,RADIOLIFE RADIOLOGIA,07.487.349/0004-91,DEMAIS,CEILANDIA SUL,16,1,0.0,(61) 35612449,clinica_geral,0.55,0.35
0.5775,CLINICA DENTARIA SAO LUIS,00.520.767/0001-41,DEMAIS,TAGUATINGA,47,1,0.0,(61) 3511536,clinica_geral,0.55,0.35
0.5775,REDE ODONTOLINE,01.963.291/0001-86,DEMAIS,TAGUATINGA,29,1,0.0,(61) 33535333,clinica_geral,0.55,0.35
0.5775,CLINICA ODONTOLOGICA FABRONEI,09.324.560/0001-76,ME,CEILANDIA NORTE,18,2,20000.0,(61) 85996686,multi_unidade,0.45,0.6
0.5770,ALEGRIA ODONTOLOGICA,08.973.567/0001-56,ME,LAGO SUL,19,1,15000.0,(61) 33822645,clinica_geral,0.33,0.35
0.5770,DRA DJANE RODRIGUES ORTODONTIA,43.204.512/0001-82,ME,ZONA INDUSTRIAL (GUARA),5,1,10000.0,(61) 33263005,marca_pessoal,0.28,1.0
0.5765,ALFREDO MAGATTI CIRURGIA BUCOMAXILOFACIAL,44.500.549/0001-10,DEMAIS,ASA NORTE,4,1,10000.0,(61) 81140050,clinica_geral,0.51,0.35
0.5765,DENTECLIN,08.140.310/0001-13,ME,SETOR TRADICIONAL (PLANALTINA),20,2,50000.0,(61) 32245122,multi_unidade,0.46,0.35
0.5765,CLINICA ODONTOLOGICA ELIZABETH YAMAMOTO,19.198.255/0001-39,ME,TAGUATINGA NORTE,12,1,10000.0,(61) 30483235,clinica_geral,0.31,0.6
0.5765,INSTITUTO SOUKEF,15.506.407/0001-62,ME,TAGUATINGA NORTE (TAGUATINGA),14,1,10000.0,(61) 30343311,clinica_institucional,0.31,0.6
0.5765,BIOS ODONTOLOGIA ESPECIALIZADA,28.076.987/0001-47,ME,LAGO SUL,9,1,5000.0,(61) 30334944,clinica_institucional,0.31,0.6
0.5765,EXCELLENCE ODONTOLOGIA ESPECIALIZADA,15.195.170/0001-46,ME,GUARA II,14,1,5000.0,(61) 33460667,clinica_institucional,0.31,0.6
0.5760,GM ODONTOLOGIA,36.144.576/0001-70,EPP,CEILANDIA NORTE (CEILANDIA),6,1,20000.0,(61) 99999999,clinica_geral,0.59,0.6
0.5755,INSTITUTO ODONTOLGICO FABIO DIAS,08.990.944/0001-65,ME,SOBRADINHO,19,1,40000.0,(61) 33878217,clinica_institucional,0.37,0.6
0.5750,ALLIBY ODONTOLOGIA E ESTETICA,47.199.040/0001-78,ME,TAGUATINGA NORTE (TAGUATINGA),4,1,10000.0,(61) 38779409,especialista_alto_ticket,0.35,1.0
0.5750,CLINDONTO CLINICA ODONTOLOGICA SC LTDA,37.983.004/0001-47,ME,ASA NORTE,33,1,0.0,(0061) 3222576,clinica_geral,0.25,0.6
0.5750,CLINICA ODONTOLOGICA MONTENEGRO LTDA,37.156.197/0001-62,ME,ASA NORTE,33,1,0.0,(61) 33278506,clinica_geral,0.25,0.6
0.5750,ITO-DF INSTITUTO DE TRATAMENTO ODONTOLGICO DO DISTRITO FEDERAL LTDA,01.085.201/0001-00,ME,ASA SUL,30,1,0.0,(61) 85391160,clinica_institucional,0.25,0.6
0.5745,LUEUR CLINIQUE,40.277.165/0001-20,ME,ASA NORTE,5,1,250000.0,(61) 91882055,clinica_geral,0.43,0.35
0.5745,MERAKI ODOTONLOGIA,43.288.713/0001-05,ME,NORTE (AGUAS CLARAS),5,1,250000.0,(61) 99175318,clinica_geral,0.43,0.35
0.5745,ODONTOMAGIC,42.656.154/0001-86,ME,ASA SUL,5,1,200000.0,(61) 84088408,clinica_geral,0.43,0.35
0.5745,ATR ODONTOLOGIA,32.890.652/0001-35,ME,SUL (AGUAS CLARAS),7,1,120000.0,(61) 83757555,clinica_geral,0.43,0.35
0.5745,DRA. CAROLINE FONTENELE,16.789.038/0001-25,ME,GUARA II,14,1,120000.0,(61) 94282828,marca_pessoal,0.43,0.35
0.5745,DAIA ODONTOLOGIA,15.339.618/0001-58,ME,GUARA II,14,1,100000.0,(61) 84895454,clinica_geral,0.43,0.35
0.5745,ODONTO AQUI CLINICAS ODONTOLOGICAS,30.539.184/0001-23,ME,ASA NORTE,8,1,100000.0,(61) 30348999,clinica_geral,0.43,0.35
0.5745,IMPRO CLINICA REABILITACAO ORAL,34.368.311/0001-20,ME,ASA SUL,7,1,100000.0,(91) 94166058,clinica_geral,0.43,0.35
0.5730,PATRICIA PEREIRA CLINICA ODONTOLOGICA LTDA,26.502.683/0001-79,DEMAIS,TAGUATINGA SUL (TAGUATINGA),9,1,10000.0,(61) 35620136,marca_pessoal,0.47,0.6
0.5730,COB CENTRO ORAL DE BRASILIA LTDA,01.763.417/0001-79,ME,ASA NORTE,29,1,80000.0,(61) 33274941,clinica_institucional,0.37,0.35
0.5730,ORTOFACE CLINICA DE ODONTOLOGIA PREVENTIVA LTDA,37.119.005/0001-48,ME,AREA OCTOGONAL,34,1,67000.0,(61) 32343638,clinica_geral,0.37,0.35
0.5730,CIPRO,03.668.667/0001-55,ME,ASA SUL,26,1,49000.0,(61) 2245698,clinica_institucional,0.37,0.35
0.5730,WFR ODONTO CLINICA,02.871.769/0001-00,ME,ASA NORTE,27,1,37000.0,(61) 3266834,clinica_geral,0.37,0.35
0.5730,CLINICA DE PREVENCAO ORAL E CONSULTORIA,37.138.690/0001-50,ME,ASA NORTE,34,1,20000.0,(61) 33288838,clinica_geral,0.37,0.35
0.5730,CLINICA OLIVEIRA DE ODONTOLOGIA,01.626.095/0001-16,ME,ASA NORTE,29,1,20000.0,(061) 2241485,clinica_geral,0.37,0.35
0.5730,ODOUS CENTER LTDA,00.709.766/0001-40,ME,ASA NORTE,43,1,15000.0,(61) 3280083,clinica_geral,0.37,0.35
0.5725,ODONTO IMAGEM,48.089.208/0001-55,EPP,ASA NORTE,3,1,6000.0,(61) 32251767,clinica_geral,0.5,0.35
0.5720,CLINICA ODONTOLOGICA RICARDO SALZANO DE OLIVEIRA LTDA,05.555.100/0001-06,ME,LAGO SUL,23,1,0.0,,clinica_geral,0.13,0.6
0.5715,ODONTONORTE,12.620.752/0001-34,ME,BRAZLANDIA,15,2,50000.0,(61) 33917043,multi_unidade,0.56,0.35
0.5715,RAME ODONTOLOGIA,07.322.367/0001-70,ME,CEILANDIA NORTE (CEILANDIA),21,1,80000.0,(61) 33731413,clinica_geral,0.41,0.6
0.5715,ODONTO PRIME CENTRO ODONTOLOGICO,08.889.002/0001-95,ME,CEILANDIA SUL (CEILANDIA),19,1,80000.0,(61) 30219150,clinica_institucional,0.41,0.6
0.5715,CEOG,03.727.091/0001-50,ME,GUARA II,26,1,60000.0,(61) 33831224,clinica_institucional,0.41,0.6
0.5715,CLARO ODONTOLOGIA,10.461.629/0001-92,ME,CEILANDIA SUL (CEILANDIA),17,1,50000.0,(61) 33715936,clinica_geral,0.41,0.6
0.5715,ODONTOCLINICA CANDANGA,15.483.780/0001-45,ME,CANDANGOLANDIA,14,1,10000.0,(61) 33018466,clinica_geral,0.41,0.6
0.5715,THAIS PINHEIRO ODONTOLOGIA ESPECIALIZADA,42.508.997/0001-35,ME,SUL (AGUAS CLARAS),5,1,60000.0,(61) 92311288,marca_pessoal,0.36,0.6
0.5710,PREMIUM ODONTOLOGIA,40.049.806/0001-99,EPP,SOBRADINHO,5,1,40000.0,(61) 30420579,clinica_geral,0.59,0.35
0.5710,ODONTO PERSONNALITE,43.151.808/0001-82,EPP,GUARA I,5,1,20000.0,(61) 30429595,clinica_geral,0.59,0.35
0.5710,ODONTOCOMPANY RIACHO FUNDO,50.141.133/0001-56,EPP,RIACHO FUNDO I,3,1,100000.0,(61) 81701414,clinica_institucional,0.54,0.6
0.5710,DRA SAMIRIAN NERIS ODONTO E ESTETICA,57.367.896/0001-69,ME,TAGUATINGA NORTE (TAGUATINGA),1,1,100000.0,(61) 98188018,marca_pessoal,0.34,1.0
0.5710,FERNANDA RIBEIRO ODONTOLOGIA E ESTETICA OROFACIAL,56.615.812/0001-04,ME,TAGUATINGA NORTE (TAGUATINGA),2,1,100000.0,(61) 85347167,marca_pessoal,0.34,1.0
0.5710,DR IMPLANTECM,52.439.892/0001-25,ME,SETOR OESTE (GAMA),2,1,100000.0,(61) 35263378,marca_pessoal,0.34,1.0
0.5710,ODONTOCLIN CLINICA ODONTOLOGICA,01.472.532/0001-94,ME,ASA SUL,29,1,10000.0,,clinica_geral,0.24,0.6
0.5710,DOBRA DOCUMENTACAO ORTODONTICA DE BRASILIA S/C LTDA,03.658.861/0001-50,ME,ASA NORTE,37,1,0.0,,especialista_alto_ticket,0.04,1.0
0.5705,GRANDI SORRISO ODONTOLOGIA,17.888.148/0001-07,ME,TAGUATINGA CENTRO (TAGUATINGA),13,1,99800.0,(61) 33511549,clinica_geral,0.42,0.35
0.5705,MEU DENTISTA EM CASA,22.822.326/0001-37,ME,NUCLEO BANDEIRANTE,11,1,95400.0,(61) 92098852,clinica_geral,0.42,0.35
0.5705,SORRISO CLIN,20.113.967/0001-97,ME,TAGUATINGA,12,1,95400.0,(61) 33552398,clinica_geral,0.42,0.35
0.5705,ODONTOVILLE LTDA,27.507.817/0001-07,ME,AREAL (AGUAS CLARAS),9,1,93700.0,(61) 30219394,clinica_geral,0.42,0.35
0.5705,PERIOCLINIC ODONTOLOGIA LTDA,27.943.667/0001-84,ME,SUL (AGUAS CLARAS),9,1,93700.0,(61) 33996736,clinica_geral,0.42,0.35
0.5705,UNI DUNI DENTE 807DF LTDA,27.571.705/0001-15,ME,ASA NORTE,9,1,93700.0,(61) 92072920,clinica_geral,0.42,0.35
0.5705,COSTA OLIVEIRA ODONTOLOGIA,23.028.618/0001-65,ME,SETOR COMERCIAL CENTRAL (PLANALTINA),11,1,90000.0,(61) 33891214,clinica_geral,0.42,0.35
0.5705,BRASILIA ODONTOLOGIA LTDA,27.670.748/0001-58,ME,ASA NORTE,9,1,50000.0,(61) 30391003,clinica_geral,0.42,0.35
0.5705,CLIOS ODONTOLOGIA INTEGRADA,41.992.796/0001-93,ME,ASA SUL,5,1,40000.0,(61) 33235193,clinica_geral,0.42,0.35
0.5705,ODONTOLOGIA MN,34.698.574/0001-05,ME,ASA NORTE,7,1,40000.0,(61) 96899203,clinica_geral,0.42,0.35
0.5705,KALINE ODONTOLOGIA,41.500.900/0001-85,ME,NORTE (AGUAS CLARAS),5,1,30000.0,(61) 92209489,clinica_geral,0.42,0.35
0.5705,ODONTO SPAZIO,35.433.858/0001-24,ME,NORTE (AGUAS CLARAS),6,1,30000.0,(61) 99521102,clinica_geral,0.42,0.35
0.5705,VERTICE ODONTOLOGIA INTEGRADA,36.600.473/0001-77,ME,ASA SUL,6,1,30000.0,(61) 98260657,clinica_geral,0.42,0.35
0.5705,ACCLAMER ODONTOLOGIA,30.337.784/0001-09,ME,ASA SUL,8,1,20000.0,(61) 84591981,clinica_geral,0.42,0.35
0.5705,APICE ODONTOLOGIA,37.904.494/0001-49,ME,ASA SUL,6,1,20000.0,(61) 30324066,clinica_geral,0.42,0.35
0.5705,INSTITUTO ANNA,54.934.523/0001-34,ME,ASA SUL,2,1,200000.0,(61) 96723017,clinica_institucional,0.37,0.6
0.5705,CLINICA ODONTOLOGICA TARGINO,51.144.331/0001-36,ME,SETOR HABITACIONAL VICENTE PIRES,3,1,170000.0,(61) 98879340,clinica_institucional,0.37,0.6
0.5705,ESSENCIALY SORRISO E FACE,47.080.596/0001-40,ME,ASA SUL,4,1,150000.0,(61) 81347611,clinica_geral,0.37,0.6
0.5705,DR. ANDERSON POVOA - ODONTOLOGIA ESPECIALIZADA,45.813.927/0001-89,ME,ASA SUL,4,1,140000.0,(61) 91246484,marca_pessoal,0.37,0.6
0.5705,RENOVARE ODONTOLOGIA ESPECIALIZADA,43.366.311/0001-81,ME,ASA SUL,4,1,110000.0,(61) 32563000,clinica_institucional,0.37,0.6
0.5705,CLINICA ODONTOLOGICA SORRIA SEMPRE,48.849.346/0001-95,ME,ASA SUL,3,1,100000.0,(61) 30332409,clinica_geral,0.37,0.6
0.5705,VIVER SORRISO CLINICA ODONTOLOGICA,51.023.264/0001-00,ME,SETOR HABITACIONAL VICENTE PIRES,3,1,100000.0,(61) 32630618,clinica_geral,0.37,0.6
0.5700,LUCAS VALENTIM ODONTOLOGIA,35.916.939/0001-85,EPP,PLANO PILOTO,6,1,100000.0,(61) 32421250,marca_pessoal,0.7,0.35
0.5695,SBCO CLINICA INTEGRADA,16.852.455/0001-75,ME,CEILANDIA SUL,13,1,141922.0,(61) 33588314,clinica_geral,0.53,0.35
0.5695,ODONTOLOGIA COUTO,21.606.267/0001-05,ME,TAGUATIINGA SUL,11,1,100000.0,(61) 33245555,clinica_geral,0.53,0.35
0.5695,MAIS ODONTO ODONTOLOGIA,24.505.861/0001-90,ME,RECANTO DAS EMAS,10,1,100000.0,(61) 33338714,clinica_geral,0.53,0.35
0.5695,ODONTO PRIME,18.702.554/0001-04,ME,RECANTO DAS EMAS,13,1,100000.0,(61) 33566885,clinica_geral,0.53,0.35
0.5690,INSTITUTO ODONTOLOGICO INOVASI,34.814.713/0001-00,ME,RIACHO FUNDO II,6,1,99800.0,(61) 81362234,clinica_institucional,0.46,0.6
0.5690,ODONTOLINE CLINICA ODONTOLOGICA,31.616.729/0001-10,ME,SETOR CENTRAL (GAMA),7,1,96000.0,(61) 82441752,clinica_geral,0.46,0.6
0.5690,AZEVEDO ODONTOLOGICA,33.042.545/0001-10,ME,SAMAMBAIA NORTE (SAMAMBAIA),7,1,60000.0,(61) 83127952,clinica_geral,0.46,0.6
0.5690,ODONTO PRIME,35.654.897/0001-51,ME,PORTAL DO AMANHECER (PLANALTINA),6,1,50000.0,(61) 33888246,clinica_geral,0.46,0.6
0.5690,BRANDAO ODONTOLOGIA,36.625.411/0001-10,ME,GAMA,6,1,50000.0,(61) 35433028,clinica_geral,0.46,0.6
0.5690,LOPES CENTRO ODONTOLOGICO,35.844.460/0001-80,ME,SETOR CENTRAL GAMA,6,1,50000.0,(61) 99539620,clinica_institucional,0.46,0.6
0.5690,ODONTOCLINICA MENDES,01.237.413/0001-57,ME,ASA SUL,30,1,145000.0,,clinica_geral,0.36,0.35
0.5690,POLICLINICA DENTARIA MARISTELA,00.836.098/0001-11,ME,ASA SUL,42,1,100000.0,,clinica_geral,0.36,0.35
0.5690,CVO - CENTRO AVANCADO EM ODONTOLOGIA,03.523.682/0001-05,ME,ASA NORTE,26,1,10000.0,(61) 33270425,clinica_institucional,0.36,0.35
0.5690,US ODONTOLOGIA,72.580.780/0001-05,ME,ASA NORTE,32,1,10000.0,(61) 33276162,clinica_geral,0.36,0.35
0.5690,L OR SORRISO E FACE.,04.637.016/0001-60,ME,ASA NORTE,25,1,7000.0,(61) 33287947,clinica_geral,0.36,0.35
0.5690,CECB ODONTOLOGIA,02.610.664/0001-06,ME,ASA NORTE,28,1,5000.0,(61) 33815800,clinica_geral,0.36,0.35
0.5690,FLAVIA SCHERRER ODONTOLOGIA,01.317.388/0001-11,ME,ASA NORTE,30,1,5000.0,(61) 33263088,marca_pessoal,0.36,0.35
0.5690,CONSULTORIO MARIA EUGENIA,21.756.554/0001-93,ME,ASA NORTE,11,1,10000.0,(61) 82179445,clinica_geral,0.31,0.35
0.5690,TIA BIBI ODONTOLOGIA,42.596.259/0001-97,ME,SOBRADINHO,5,1,2000.0,(61) 91455977,especialista_alto_ticket,0.26,1.0
0.5685,NUCLEO DE ODONTOLOGIA,01.274.154/0001-34,EPP,CEILANDIA SUL (CEILANDIA),30,1,40000.0,(61) 35811128,clinica_geral,0.64,0.35
0.5685,EUSTORGIO ODONTOLOGIA,58.970.999/0001-81,EPP,NORTE (AGUAS CLARAS),1,1,10000.0,(61) 86468320,clinica_geral,0.49,0.35
0.5685,MV ODONTOLOGIA,53.140.243/0001-91,EPP,NORTE (AGUAS CLARAS),2,1,10000.0,(61) 92769382,clinica_geral,0.49,0.35
0.5685,PATRICIUSORALSURGERY,55.621.836/0001-03,EPP,JARDINS MANGUEIRAL (JARDIM BOTANICO),2,1,10000.0,(61) 81187494,clinica_geral,0.49,0.35
0.5685,VOGAS ODONTOLOGIA,52.476.403/0001-05,EPP,ASA NORTE,2,1,10000.0,(61) 74011558,clinica_geral,0.49,0.35
0.5685,ODONTOSANTOS GAMA,05.610.374/0001-42,ME,GAMA,23,1,0.0,(61) 5562987,clinica_geral,0.29,0.6
0.5685,INSTITUTO ODONTOLOGICO CAMARGOS NEGRAO,07.207.337/0001-13,ME,TAGUATINGA SUL,21,1,0.0,(61) 81273807,clinica_institucional,0.29,0.6
0.5680,RIZZO IMPLANTES E ORTODONTIA,34.333.217/0001-35,ME,SETOR RESIDENCIAL LESTE (PLANALTINA),7,1,20000.0,(61) 93167227,especialista_alto_ticket,0.32,1.0
0.5675,CLINICA ODONTOLOGICA MARAJO,04.214.135/0001-00,ME,TAGUATINGA,25,1,20000.0,(61) 35636487,clinica_geral,0.4,0.6
0.5675,CLINICA NOVO SORRISO,02.098.834/0001-07,ME,GUARA II,28,1,20000.0,(61) 33811464,clinica_geral,0.4,0.6
0.5675,CLINICA S.O.S. DENTE,09.185.743/0001-58,ME,CEILANDIA,18,1,20000.0,(61) 33713008,clinica_geral,0.4,0.6
0.5675,SPECIALITA CLINICA ODONTOLOGICA,10.987.102/0001-04,ME,SANTA MARIA,17,1,20000.0,(61) 35627916,clinica_geral,0.4,0.6
0.5675,CLINICA ODONTOLOGICA ODONTO MARTINS,20.193.739/0001-74,ME,RIACHO FUNDO II,12,1,30000.0,(61) 84728100,clinica_geral,0.35,0.6
0.5670,VALENZZE ODONTOLOGIA,52.782.705/0001-01,EPP,TAGUATINGA SUL,2,1,45000.0,(61) 81601514,clinica_institucional,0.53,0.6
0.5670,CLINICA SAUDE ORAL,54.122.466/0001-99,EPP,SETOR TRADICIONAL (PLANALTINA),2,1,40000.0,(61) 30282500,clinica_institucional,0.53,0.6
0.5670,ESTETIC,48.101.220/0001-38,ME,TAGUATINGA NORTE (TAGUATINGA),3,1,80000.0,(61) 83170750,especialista_alto_ticket,0.33,1.0
0.5670,TRANFORMARE ODONTOLOGICA E ESTETICA,46.776.697/0001-98,ME,SAMAMBAIA SUL (SAMAMBAIA),4,1,70000.0,(61) 33596719,especialista_alto_ticket,0.33,1.0
0.5670,CLIO CLINICA INTEGRADA ODONTOLOGICA,45.076.795/0001-50,ME,SETOR TRADICIONAL (PLANALTINA),4,1,60000.0,(61) 33894288,especialista_alto_ticket,0.33,1.0
0.5670,FACE DESIGN ODONTOLOGIA ESTETICA,44.136.648/0001-65,ME,TAGUATINGA NORTE,4,1,50000.0,(61) 91415026,especialista_alto_ticket,0.33,1.0
0.5670,LOTUS ODONTOLOGIA E ESTETICA,51.391.172/0001-74,ME,GRANDE COLORADO - SOBRADINHO,3,1,2000.0,(61) 99499192,especialista_alto_ticket,0.33,1.0
0.5665,CLINICA VICTORIA,05.880.720/0001-02,ME,TAGUATINGA NORTE,22,1,94000.0,(61) 3361760,clinica_geral,0.41,0.35
0.5665,CISOS CENTRO INTEGRADO DE SAUDE ORAL DE SOBRADINHO,04.779.890/0001-32,ME,SOBRADINHO,24,1,93700.0,(61) 30343777,clinica_institucional,0.41,0.35
0.5665,CEROS,09.318.184/0001-07,ME,GUARA II,18,1,80000.0,(61) 35682041,clinica_institucional,0.41,0.35
0.5665,ODONTOCLINICA SAMAMBAIA,09.525.142/0001-47,ME,SAMAMBAIA NORTE (SAMAMBAIA),18,1,60000.0,(61) 98317288,clinica_geral,0.41,0.35
0.5665,ESTACAO SAUDE ODONTOLOGIA,09.204.571/0001-12,ME,GAMA,18,1,50000.0,(61) 39672292,clinica_geral,0.41,0.35
0.5665,COLINNE ODONTOLOGIA LTDA,24.765.945/0001-62,ME,SOBRADINHO,10,1,40000.0,(61) 85251833,clinica_geral,0.41,0.35
0.5665,LL ODONTO LTDA,22.198.656/0001-01,ME,TAGUATINGA NORTE (TAGUATINGA),11,1,30000.0,(61) 93980833,clinica_geral,0.41,0.35
0.5665,EXPERTEN CLINICA ODONTOLOGICA LTDA,54.890.688/0001-51,ME,ASA SUL,2,1,50000.0,(61) 92485941,clinica_geral,0.36,0.6
0.5660,PARANOA ODONTOLOGIA,43.091.474/0001-07,DEMAIS,PARANOA,5,1,300000.0,(61) 91557590,clinica_geral,0.69,0.35
0.5660,ORTHO VITTA IMPLANTES,53.043.060/0001-58,ME,CEILANDIA,2,1,100000.0,(61) 95830359,especialista_alto_ticket,0.44,1.0
0.5660,ODONTO SAUDE ASSISTENCIA ODONTOLOGICA,09.574.977/0001-97,ME,LAGO SUL,18,1,10000.0,(61) 33644941,clinica_geral,0.24,0.35
0.5655,CETEC CENTRO DE ENSINO DE PROTESE DENTARIA,37.075.900/0001-08,DEMAIS,TAGUATINGA,34,1,95000.0,(061) 5628140,clinica_institucional,0.52,0.35
0.5650,CENTRO DE REABILITACAO ORAL BRASILIA SS LTDA,04.465.610/0001-11,ME,ASA NORTE,25,1,0.0,(61) 2732767,clinica_institucional,0.35,0.35
0.5650,CONSULTORIO ODONTOLOGICO DRA. CASSIA LTDA,01.699.734/0001-73,ME,ASA SUL,29,1,0.0,(61) 32216869,clinica_geral,0.35,0.35
0.5645,CONSULTORIO ODONTOLOGICO DRA. CAMILA,54.531.531/0001-30,DEMAIS,ASA SUL,2,1,10000.0,(61) 39633333,clinica_geral,0.48,0.35
0.5645,INSTITUTO BRITO ODONTOLOGIA ESPECIALIZADA LTDA,28.839.402/0001-01,ME,ASA NORTE,8,1,35000.0,(61) 32640007,clinica_institucional,0.28,0.6
0.5645,CLINICA ODONTOLOGICA SMILE DESIGN,30.009.693/0001-44,ME,NORTE (AGUAS CLARAS),8,1,10000.0,(61) 34356229,clinica_geral,0.28,0.6
0.5645,YNGRED THAYS ODONTOLOGIA ESPECIALIZADA,37.371.727/0001-95,ME,SETOR HABITACIONAL VICENTE PIRES,6,1,10000.0,(61) 82352212,clinica_institucional,0.28,0.6
0.5645,VIVART ODONTOLOGIA,41.877.428/0001-02,ME,SETOR SUDOESTE,5,1,8000.0,(61) 99331531,clinica_geral,0.28,0.6
0.5645,IMPERIUM ODONTOLOGIA ESPECIALIZADA,37.645.921/0001-11,ME,ASA NORTE,6,1,5000.0,(61) 96980262,clinica_institucional,0.28,0.6
0.5640,SARAH MACHADO ODONTOLOGIA E ESTETICA,27.230.397/0001-64,ME,CEILANDIA SUL (CEILANDIA),9,1,50000.0,(61) 32728428,especialista_alto_ticket,0.36,1.0
0.5635,ODONTOLUMA CLINICA ODONTOLOGICA LTDA,24.467.866/0001-75,ME,PARANOA,10,1,100000.0,(61) 81616196,clinica_geral,0.39,0.6
0.5635,ODONTUS CLIN,20.229.240/0001-70,ME,RECANTO DAS EMAS,12,1,90000.0,(61) 33820393,clinica_geral,0.39,0.6
0.5635,INSTITUTO ODONTOLOGICO CAMARGO JUNIOR,23.408.831/0001-00,ME,CEILANDIA NORTE (CEILANDIA),10,1,50000.0,(61) 33745344,clinica_institucional,0.39,0.6
0.5635,IESB - ODONTOLOGIA,18.482.683/0001-26,ME,CEILANDIA CENTRO,13,1,50000.0,(61) 81652082,clinica_institucional,0.39,0.6
0.5635,COIN,06.123.070/0001-13,ME,BAIRRO RESIDENCIAL DO BOSQUE SAO SEBASTIAO,22,1,0.0,(61) 30322669,clinica_institucional,0.39,0.6
0.5630,ODONTOLOGIA ODONTO NEW,50.317.170/0001-72,ME,SETOR TRADICIONAL (PLANALTINA),3,1,100000.0,(61) 94098700,clinica_geral,0.52,0.6
0.5630,IOR INSTITUTO DE ODONTOLOGIA RODRIGUES,53.359.524/0001-30,EPP,GAMA,2,1,10000.0,(61) 99757400,clinica_institucional,0.52,0.6
0.5630,CLINICA ODONTOLOGICA ERGANG,53.984.995/0001-39,EPP,VALE DO AMANHECER (PLANALTINA),2,1,5000.0,(61) 95534615,clinica_geral,0.52,0.6
0.5630,ODONTOMOURA,01.375.301/0001-62,ME,ASA SUL,30,2,0.0,(61) 32264565,multi_unidade,0.37,0.35
0.5630,ORTHOLIFE JK,52.128.300/0001-54,ME,TAGUATINGA NORTE (TAGUATINGA),2,1,10000.0,(61) 34917114,especialista_alto_ticket,0.32,1.0
0.5625,ESPACO JAEGER,37.222.475/0001-32,ME,SETOR SUDOESTE,6,1,127000.0,(61) 94011660,clinica_geral,0.4,0.35
0.5625,ODONTOCROF,41.513.372/0001-07,ME,NORTE (AGUAS CLARAS),5,1,120000.0,(61) 91257243,clinica_institucional,0.4,0.35
0.5625,ODONTO TAKESHI,42.063.454/0001-51,ME,SUL (AGUAS CLARAS),5,1,110000.0,(61) 99298088,clinica_geral,0.4,0.35
0.5625,ORIS ODONTOLOGIA,40.579.061/0001-70,ME,NORTE (AGUAS CLARAS),5,1,110000.0,(61) 34350500,clinica_geral,0.4,0.35
0.5625,QUALIS ODONTOLOGIA,37.331.411/0001-70,ME,AGUAS CLARAS,6,1,105000.0,(61) 84195187,clinica_geral,0.4,0.35
0.5625,INTEGRA MAIS EXCELENCIA DE SERVICOS ODONTOLOGICOS,36.008.974/0001-69,ME,SUL (AGUAS CLARAS),6,1,105000.0,(61) 85172125,clinica_geral,0.4,0.35
0.5625,LUCAS MIZIARA ODONTOLOGIA AVANCADA,37.027.966/0001-22,ME,SETOR HABITACIONAL JARDIM BOTANICO,6,1,104500.0,(61) 81453963,marca_pessoal,0.4,0.35
0.5625,CLAUDIA SATHLER ODONTOLOGIA,36.019.097/0001-21,ME,ASA SUL,6,1,104000.0,(61) 91675180,marca_pessoal,0.4,0.35
0.5625,ODONTOLOGIA ONCO-HEMATOLOGICA,36.047.753/0001-08,ME,ASA NORTE,6,1,103900.0,(61) 82066612,clinica_geral,0.4,0.35
0.5625,DUE ODONTOLOGIA INTEGRADA,31.938.621/0001-44,ME,ASA NORTE,7,1,100000.0,(61) 33267958,clinica_geral,0.4,0.35
0.5625,PRO SORRISO,29.645.440/0001-88,ME,SETOR HABITACIONAL VICENTE PIRES,8,1,100000.0,(61) 95411111,clinica_geral,0.4,0.35
0.5625,EVIDENCE ODONTOLOGIA FACE SAUDE,30.123.652/0001-84,ME,NORTE (AGUAS CLARAS),8,1,100000.0,(61) 38770061,clinica_geral,0.4,0.35
0.5625,IES ODONTOLOGIA,32.984.003/0001-01,ME,ASA NORTE,7,1,100000.0,(61) 33261691,clinica_geral,0.4,0.35
0.5625,SVS ODONTOCLINICA,29.592.455/0001-25,ME,SETOR HABITACIONAL JARDIM BOTANICO,8,1,100000.0,(61) 34271015,clinica_geral,0.4,0.35
0.5625,ORTOVIP,09.350.829/0001-99,ME,SAMAMBAIA,18,1,20000.0,(61) 33521011,clinica_geral,0.4,0.35
0.5620,INSTITUTO WD ODONTOLOGIA E ESTETICA FACIAL,44.876.149/0001-04,ME,SANTA MARIA,4,1,50000.0,(61) 99999999,especialista_alto_ticket,0.43,1.0
0.5620,THAMAR ODONTOLOGIA E ESTETICA,49.317.059/0001-05,ME,ARNIQUEIRA,3,1,50000.0,(61) 92590309,especialista_alto_ticket,0.43,1.0
0.5615,ODONTOCLINICA NOSSA SENHORA D'ABADIA,37.069.226/0001-59,ME,TAGUATINGA,34,1,68000.0,(61) 3360103,clinica_geral,0.51,0.35
0.5615,PREVINI ODONTOLOGIA,01.872.946/0001-00,DEMAIS,GUARA,29,1,20000.0,,clinica_geral,0.51,0.35
0.5610,FACIALL ODONTOLOGIA E HARMONIZACAO FACIAL LTDA,27.425.725/0001-88,ME,SETOR INDUSTRIAL (GAMA),9,1,10000.0,(61) 82950004,especialista_alto_ticket,0.24,1.0
0.5605,LEILA MARIA DUARTE AGUIAR DUTRA CLINICA DE ODONTOLOGIA LTDA,01.225.848/0001-81,DEMAIS,CEILANDIA,30,1,5000.0,(61) 3725050,clinica_geral,0.62,0.35
0.5605,ODONTOLOGIA AVANCADA ALEX CHALABI,54.440.682/0001-82,ME,NORTE (AGUAS CLARAS),2,1,350000.0,(61) 81741482,clinica_geral,0.47,0.35
0.5605,A. ODONTO,48.682.834/0001-50,ME,ASA NORTE,3,1,100000.0,(61) 81462008,clinica_geral,0.47,0.35
0.5605,SALUTE,50.945.727/0001-10,ME,AREAL (AGUAS CLARAS),3,1,100000.0,(61) 81859149,clinica_geral,0.47,0.35
0.5605,LINEA ODONTOLOGIA LTDA,55.766.456/0001-59,EPP,ASA NORTE,2,1,1000.0,(61) 99169586,clinica_geral,0.47,0.35
0.5600,ISOS INSTITUTO DE SAUDE ORAL DO SIA,26.457.272/0001-09,DEMAIS,SIA,9,1,20000.0,(61) 33514971,clinica_institucional,0.55,0.6
0.5600,DNTBRAS,32.385.404/0001-37,EPP,CEILANDIA SUL (CEILANDIA),7,1,10000.0,(61) 82389326,clinica_geral,0.55,0.6
0.5600,LOPES RIBEIRO ODONTOLOGIA ESPECIALIZADA,42.786.218/0001-63,EPP,PLANO PILOTO,5,1,5000.0,(61) 99496070,clinica_institucional,0.55,0.6
0.5595,LAGO MEDEIROS ODONTOLOGIA,55.722.059/0001-85,EPP,ASA NORTE,2,1,30000.0,(61) 84936153,clinica_geral,0.53,0.35
0.5595,CLINICA ODONTOLOGICA META,15.314.935/0001-10,ME,SANTA MARIA,14,1,30000.0,(61) 85594700,clinica_geral,0.38,0.6
0.5595,RIOS CLINICA ODONTOLOGIA,19.562.896/0001-20,ME,AGUAS CLARA,12,1,20000.0,(61) 39630181,clinica_geral,0.38,0.6
0.5595,ISI INSTITUTO DE SAUDE INTEGRADA,12.476.769/0001-60,ME,GUARA I,15,1,10000.0,(61) 30474087,clinica_institucional,0.33,0.6
0.5590,A.Z- CLINICA ODONTOLOGICA LTDA,32.911.711/0001-04,ME,ASA SUL,37,1,34400.0,,clinica_geral,0.21,0.6
0.5590,CLINICA ODONT. ANDRE MENDES,01.527.689/0001-70,ME,ASA NORTE,29,1,15000.0,,clinica_geral,0.21,0.6
0.5590,CLINICA ODONTOLOGICA TOSTES,33.513.227/0001-90,ME, ASA NORTE,36,1,10000.0,,clinica_institucional,0.21,0.6
0.5585,ODONTOLOGIA MARTINS LTDA,24.042.955/0001-70,ME,TAGUATINGA SUL (TAGUATINGA),10,1,100000.0,(61) 83019236,clinica_geral,0.39,0.35
0.5585,IZABELLA BENTES,33.779.411/0001-86,ME,SETOR SUDOESTE,7,1,99800.0,(61) 30251015,clinica_geral,0.39,0.35
0.5585,LIVERA ODONTOLOGIA,20.167.699/0001-96,ME,TAGUATINGA NORTE (TAGUATINGA),12,1,95400.0,(61) 92193575,clinica_geral,0.39,0.35
0.5585,DRA THAY OLIVEIRA,27.241.657/0001-05,ME,ASA SUL,9,1,93700.0,(61) 99999999,marca_pessoal,0.39,0.35
0.5585,F2J ODONTOLOGIA INTEGRADA,30.282.807/0001-25,ME,ASA SUL,8,1,80000.0,(61) 32445566,clinica_geral,0.39,0.35
0.5585,ODONTOLOGIA CARNEIRO TAVARES,29.668.098/0001-31,ME,SETOR HABITACIONAL VICENTE PIRES,8,1,80000.0,(61) 33813802,clinica_geral,0.39,0.35
0.5585,CEOF ODONTOLOGIA,23.277.196/0001-61,ME,SETOR HABITACIONAL FERCAL (SOBRADINHO),10,1,70000.0,(61) 33874194,clinica_geral,0.39,0.35
0.5585,MONTREAL ODONTOLOGIA,18.419.321/0001-90,ME,TAGUATINGA NORTE (TAGUATINGA),13,1,70000.0,(61) 35624863,clinica_geral,0.39,0.35
0.5585,ORALIS,15.415.372/0001-56,ME,SETOR CENTRAL (GAMA),14,1,50000.0,(61) 92900613,clinica_geral,0.39,0.35
0.5585,RANHTS MATOS ODONTOLOGIA,24.007.572/0001-60,ME,SETOR CENTRAL (GAMA),10,1,50000.0,(61) 92410662,clinica_geral,0.39,0.35
0.5585,SORRIMAIS ODONTOLOGIA,22.203.225/0001-88,ME,SETOR SUL (GAMA),11,1,50000.0,(61) 33510932,clinica_geral,0.39,0.35
0.5585,VIVACE ODONTOLOGIA,23.062.247/0001-38,ME,GUARA II,11,1,50000.0,(61) 35684636,clinica_geral,0.39,0.35
0.5585,ODONTOGRIFFE - ODONTOLOGIA LTDA.,04.800.391/0001-80,ME,TAGUATINGA NORTE,24,1,5000.0,(61) 34210024,clinica_geral,0.39,0.35
0.5585,SANTE ODONTOLOGIA,05.202.444/0001-23,ME,SOBRADINHO,24,1,0.0,(61) 33877946,clinica_geral,0.39,0.35
0.5585,INSTITUTO DR. JEREMIAS FEREIRA,53.297.874/0001-19,ME,AREAL (AGUAS CLARAS),2,1,100000.0,(61) 84892373,clinica_institucional,0.34,0.6
0.5580,FOCO ODONTOLOGIA,36.045.985/0001-19,EPP,CEILANDIA SUL (CEILANDIA),6,1,103900.0,(61) 91666961,clinica_geral,0.67,0.35
0.5580,TURMA DA RITINHA,28.318.169/0001-03,EPP,SETOR DE HABITACOES INDIVIDUAIS SUL,9,1,100000.0,(61) 21087070,clinica_geral,0.67,0.35
0.5575,PROSORRISO,12.550.718/0001-30,ME,TAGUATINGA NORTE (TAGUATINGA),15,1,100000.0,(61) 84169277,clinica_geral,0.45,0.35
0.5575,SMILE ODONTOLOGIA,19.013.514/0001-00,ME,SOBRADINHO II,12,1,20000.0,(61) 33287717,clinica_geral,0.45,0.35
0.5570,PRO INOVE ODONTOLOGIA,55.872.347/0001-16,EPP,SETOR RESIDENCIAL LESTE (PLANALTINA),2,1,30000.0,(61) 93558553,clinica_geral,0.63,0.35
0.5570,RAISSA FORNAZIER - ODONTOLOGIA ESPECIALIZADA,39.654.336/0001-03,ME,TAGUATINGA SUL,5,1,300000.0,(61) 91184120,clinica_institucional,0.43,0.6
0.5570,CLINICA NOVO SORRISO,36.209.410/0001-94,ME,GUARA II,6,1,104500.0,(61) 33811464,clinica_institucional,0.43,0.6
0.5570,INSTITUTO MAXILOFACIAL,32.538.893/0001-10,ME,SETOR TRADICIONAL (PLANALTINA),7,1,100000.0,(61) 32630493,clinica_institucional,0.43,0.6
0.5570,NEOCLINIC ODONTOLOGIA,30.701.723/0001-89,ME,NUCLEO BANDEIRANTE,8,1,100000.0,(61) 81692146,clinica_geral,0.43,0.6
0.5570,CIRO CENTRO INTEGRADO DE REABILITACAO ORAL LTDA,37.170.578/0001-04,ME,ASA SUL,33,1,30000.0,(61) 32451661,clinica_institucional,0.33,0.35
0.5570,MEDCOMPLEX ODONTOLOGIA,37.988.532/0001-99,ME,ASA SUL,33,1,15000.0,(61) 33775053,clinica_geral,0.33,0.35
0.5570,ACT - CENTRO DE ODONTOLOGIA INTEGRADO,01.959.085/0001-00,ME,ASA NORTE,29,1,10000.0,(61) 3265210,clinica_institucional,0.33,0.35
0.5570,C.I.O.D,03.414.165/0001-06,ME,ASA SUL,26,1,10000.0,(61) 32260745,clinica_institucional,0.33,0.35
0.5570,SORRISO CLINICA,01.452.040/0001-37,ME,ASA NORTE,29,1,10000.0,(61) 33262116,clinica_geral,0.33,0.35
0.5565,MASTER ODONTOLOGIA,27.468.367/0001-90,ME,SETOR HABITACIONAL VICENTE PIRES,9,2,95400.0,(61) 81135004,multi_unidade,0.41,0.35
0.5560,VITAL ODONTOLOGIA,26.971.598/0002-30,EPP,AREA DE DESENVOLVIMENTO ECONOMICO (CEILA,8,1,0.0,(61) 33521097,clinica_geral,0.54,0.6
0.5560,NAJADIR CRISTINA DE FARIA GONCALVES COSTA,37.980.141/0001-28,DEMAIS,ASA NORTE,33,1,0.0,,clinica_geral,0.39,0.35
0.5560,AESTHESIS ESTETICA E HARMONIZACAO FACIAL LTDA,43.037.666/0001-27,ME,SETOR DE HABITACOES INDIVIDUAIS NORTE,5,1,10000.0,(14) 97790679,especialista_alto_ticket,0.34,1.0
0.5555,CENTRO TECNICO ODONTOLOGICO,04.908.314/0001-48,ME,SANTA MARIA,24,1,40000.0,(61) 33952234,clinica_institucional,0.37,0.6
0.5555,COSB CENTRO ODONTOLOGICO DE SAUDE BUCAL,08.895.199/0001-75,ME,SETOR RESIDENCIAL OESTE (SAO SEBASTIAO),19,1,30000.0,(61) 33393075,clinica_institucional,0.37,0.6
0.5555,CLINICA ODONTOLOGICA MARILIA,72.624.794/0001-75,ME,SETOR LESTE (GAMA),31,1,25000.0,(61) 33847722,clinica_geral,0.37,0.6
0.5555,DJR ODONTOLOGIA,13.417.387/0001-28,ME,CEILANDIA,15,1,20000.0,(61) 33718448,clinica_geral,0.37,0.6
0.5555,RC ODONTOLOGIA ESPECIALIZADA,34.762.804/0001-40,ME,ASA SUL,6,1,40000.0,(61) 99790469,clinica_institucional,0.32,0.6
0.5555,CLINICA ODONTOLOGICA LIMA,31.072.013/0001-08,ME,AGUAS CLARAS,8,1,40000.0,(61) 99708929,clinica_geral,0.32,0.6
0.5555,INSTITUTO RADIANCE,30.546.452/0001-34,ME,ASA SUL,8,1,30000.0,(61) 32567353,clinica_institucional,0.32,0.6
0.5555,COSTA IMPLANTAE,32.916.884/0001-15,ME,GUARA,34,1,0.0,,especialista_alto_ticket,0.17,1.0
0.5550,ODONTO NEW ODONTOLOGIA,34.050.975/0001-46,ME,SETOR TRADICIONAL (PLANALTINA),7,1,100000.0,(61) 33884605,clinica_geral,0.55,0.35
0.5550,RAME,30.636.046/0001-62,ME,TAGUATINGA NORTE (TAGUATINGA),8,1,100000.0,(61) 82846428,clinica_geral,0.55,0.35
0.5550,MARINGOLO ODONTOLOGIA INTEGRADA,32.177.672/0001-63,DEMAIS,GUARA II,7,1,45000.0,(61) 91261170,clinica_geral,0.55,0.35
0.5550,ORAL KER ODONTOLOGIA,26.727.085/0001-06,DEMAIS,SAMAMBAIA NORTE (SAMAMBAIA),9,1,20000.0,(61) 82551212,clinica_geral,0.55,0.35
0.5550,ALLIANCE ODONTOLOGIA E ESTETICA,56.146.011/0001-39,ME,SETOR RESIDENCIAL LESTE (PLANALTINA),2,1,85000.0,(61) 30553535,especialista_alto_ticket,0.3,1.0
0.5550,ILLUMINAR ODONTOLOGIA INTEGRADA E ESTETICA,55.154.682/0001-89,ME,SETOR INDUSTRIAL (SOBRADINHO),2,1,60000.0,(61) 81389232,especialista_alto_ticket,0.3,1.0
0.5550,VL ODONTOLOGIA ESTETICA,53.106.443/0001-28,ME,SAMAMBAIA,2,1,60000.0,(61) 82272552,especialista_alto_ticket,0.3,1.0
0.5550,A&M ODONTOLOGIA ESTETICA,56.387.246/0001-12,ME,CRUZEIRO NOVO,2,1,50000.0,(61) 35434378,especialista_alto_ticket,0.3,1.0
0.5550,ODONTOCOMPANY,56.702.176/0001-40,ME,TAGUATINGA NORTE (TAGUATINGA),2,1,50000.0,(61) 93169810,especialista_alto_ticket,0.3,1.0
0.5550,ORTO MAIS IMPLANTES,54.007.334/0001-16,ME,SETOR CENTRAL (GAMA),2,1,50000.0,(61) 83425333,especialista_alto_ticket,0.3,1.0
0.5550,LONDE ODONTOLOGIA E HARMONIZACAO,54.616.328/0001-66,ME,GUARA I,2,1,50000.0,(61) 84041816,especialista_alto_ticket,0.3,1.0
0.5550,ELOS ESTETICA E REABILITACAO ORAL,55.739.474/0001-41,ME,TAGUATINGA SUL (TAGUATINGA),2,1,50000.0,(61) 91945421,especialista_alto_ticket,0.3,1.0
0.5550,REFINNA HARMONIZACAO FACIAL E ODONTOLOGIA,56.085.679/0001-13,ME,SETOR CENTRAL (GAMA),2,1,50000.0,(61) 86286750,especialista_alto_ticket,0.3,1.0
0.5550,CLINICA ODONTOLOGICA DR HAMILTON FRANCA LTDA,01.381.536/0001-67,ME,ASA SUL,30,1,5000.0,,clinica_geral,0.2,0.6
0.5550,COISA CENTRO ODONTOLOGICO INTEGRADO SANTO APOLONIO LTDA,38.059.242/0001-23,ME,ASA NORTE,32,1,5000.0,,clinica_institucional,0.2,0.6
0.5550,CLINICA ODONTOLOGICA BRILHANTE DO COUTO,03.739.007/0001-18,ME,ASA NORTE,26,1,0.0,,clinica_geral,0.2,0.6
0.5550,COP,03.634.359/0001-09,ME,ASA NORTE,38,1,0.0,,clinica_geral,0.2,0.6
0.5545,LUNIC SERVICOS EM ODONTOLOGIA,39.274.003/0001-59,ME,AGUAS CLARAS,5,1,104500.0,(61) 84115754,clinica_geral,0.38,0.35
0.5545,ESPECIALLI ODONTO DENTE LTDA,24.344.511/0001-99,ME,SETOR TRADICIONAL (PLANALTINA),10,1,90000.0,(61) 34890063,clinica_geral,0.38,0.35
0.5545,DENTRISO SERVICOS ODONTOLOGICOS LTDA,27.425.653/0001-79,ME,AGUAS CLARAS,9,1,40000.0,(61) 99514131,clinica_geral,0.38,0.35
0.5545,PRISMA ODONTOLOGIA,17.267.321/0001-50,ME,SETOR RESIDENCIAL LESTE (PLANALTINA),13,1,40000.0,(61) 30496900,clinica_geral,0.38,0.35
0.5545,CLINICA MEDICA E ODONTOLOGICA DOUTORES DA FACE 104DF LTDA,27.568.857/0001-69,ME,NORTE (AGUAS CLARAS),9,1,30000.0,(61) 35222160,clinica_geral,0.38,0.35
0.5545,DOUTORA CAPRICHO,40.351.267/0001-48,ME,SETOR SUDOESTE,5,1,10000.0,(61) 82135323,clinica_geral,0.38,0.35
0.5545,BELLA CINTRA ODONTOLOGIA,40.448.970/0001-79,ME,NORTE (AGUAS CLARAS),5,1,5000.0,(61) 91370549,clinica_geral,0.38,0.35
0.5545,DISTAL ODONTOLOGIA,47.378.324/0001-21,ME,AREAL (AGUAS CLARAS),4,1,80000.0,(61) 94486720,clinica_institucional,0.33,0.6
0.5545,ORTOFACCIA ODONTOLOGIA ESPECIALIZADA,47.718.939/0001-50,ME,NORTE (AGUAS CLARAS),4,1,70000.0,(61) 83082721,clinica_institucional,0.33,0.6
0.5545,CLINICA ODONTOLOGICA XII PIO,51.195.904/0001-50,ME,ASA SUL,3,1,50000.0,(61) 32242970,clinica_geral,0.33,0.6
0.5545,PRECISA ODONTOLOGIA ESPECIALIZADA,47.585.077/0001-34,ME,ASA SUL,4,1,50000.0,(61) 99120990,clinica_institucional,0.33,0.6
0.5545,INSTITUTO DE ODONTOLOGIA TAUGE DAMACENO,48.484.244/0001-13,ME,ASA SUL,3,1,50000.0,(61) 84688338,clinica_institucional,0.33,0.6
0.5545,INSTITUTO JORDANA HERVAL ODONTOLOGIA,53.557.506/0001-62,ME,SETOR HABITACIONAL VICENTE PIRES,2,1,50000.0,(61) 98662229,clinica_institucional,0.33,0.6
0.5545,IVY INSTITUTO DE ODONTOLOGIA,47.680.516/0001-98,ME,ASA SUL,4,1,50000.0,(61) 98313321,clinica_institucional,0.33,0.6
0.5545,BRIO ODONTOLOGIA,43.493.213/0001-05,ME,JARDINS MANGUEIRAL (JARDIM BOTANICO),4,1,50000.0,(61) 99069913,clinica_geral,0.33,0.6
0.5545,PLENA CLINICA ODONTOLOGICA,49.907.248/0001-20,ME,NORTE (AGUAS CLARAS),3,1,50000.0,(61) 81782041,clinica_geral,0.33,0.6
0.5540,CLINICA ODONTOLOGICA ILUMINARE,59.022.986/0001-43,EPP,CEILANDIA NORTE (CEILANDIA),1,1,100000.0,(61) 86079639,clinica_geral,0.61,0.6
0.5535,ART LOUNGE ODONTOLOGIA,25.246.192/0001-41,ME,SETOR DE HABITACOES INDIVIDUAIS SUL,10,1,50000.0,(61) 32484113,clinica_geral,0.49,0.35
0.5530,CLINICA ODONTOLOGICA ANNESHIRLEY LTDA,26.620.103/0001-48,ME,TAGUATINGA NORTE (TAGUATINGA),9,1,90000.0,(61) 33813989,clinica_geral,0.42,0.6
0.5530,UP ODONTOLOGIA,33.704.104/0001-36,ME,RIACHO FUNDO I,7,1,40000.0,(61) 30461472,clinica_institucional,0.42,0.6
0.5530,ODONTO MARTINS,31.301.279/0001-77,ME,GUARA I,8,1,30000.0,(61) 36248006,clinica_geral,0.42,0.6
0.5530,CLINICA VITTRA,38.438.295/0001-55,ME,SOBRADINHO,5,1,24000.0,(61) 32636879,clinica_institucional,0.42,0.6
0.5530,ODONTO DL ODONTOLOGIA ESPECIALIZADA,32.614.154/0001-60,ME,RIACHO FUNDO II,7,1,20000.0,(61) 30215050,clinica_institucional,0.42,0.6
0.5530,ORO OCLUSAO E REABILITACAO ORAL S/S,37.145.844/0001-30,ME,ASA NORTE,33,1,15000.0,(61) 33221552,clinica_geral,0.32,0.35
0.5530,CLINICA DE PERIODONTIA DR VALTER FREITAS LTDA,03.598.232/0001-81,ME,LAGO SUL,39,1,10000.0,(61) 33409397,clinica_geral,0.32,0.35
0.5530,NIPRO ODONTOLOGIA LTDA,02.343.558/0001-03,ME,ASA NORTE,28,1,10000.0,(61) 32723950,clinica_geral,0.32,0.35
0.5530,RIO REABILITACAO INTEGRADA ODONTOLOGICA LTDA,02.925.226/0001-29,ME,ASA SUL,27,1,6000.0,(61) 33235176,clinica_geral,0.32,0.35
0.5530,CLINCIA ODONTOLOGICA COSTA ROCHA,01.194.017/0001-90,ME,ASA SUL,30,1,0.0,(61) 32451069,clinica_geral,0.32,0.35
0.5530,CONSULTORIO ODONTOLOGICO NESTOR MARTINS,03.979.501/0001-50,ME,ASA NORTE,26,1,0.0,(061) 3474637,clinica_geral,0.32,0.35
0.5530,GRIFE ODONTO,38.073.177/0001-90,ME,ASA SUL,32,1,0.0,(0061) 02267946,clinica_geral,0.32,0.35
0.5530,ODONTAL,04.090.138/0001-80,ME,ASA NORTE,25,1,0.0,(61) 2734219,clinica_geral,0.32,0.35
0.5530,ORAL CLASS,04.010.588/0001-15,ME,ASA NORTE,26,1,0.0,(61) 33278782,clinica_geral,0.32,0.35
0.5530,REVIVERI ODONTOLOGIA,37.159.639/0001-24,ME,ASA NORTE,33,1,0.0,(61) 81177249,clinica_geral,0.32,0.35
0.5515,GOMIDE ODONTOMEDICA,07.681.199/0001-00,ME,CEILANDIA CENTRO,20,1,10000.0,(61) 30323780,clinica_geral,0.36,0.6
0.5515,ESTACAO SORRISO,08.223.147/0001-52,ME,SANTA MARIA NORTE,20,1,10000.0,(61) 81258569,clinica_geral,0.36,0.6
0.5515,QUALITE ODONTOLOGIA ESPECIALIZADA,10.639.350/0001-56,ME,VILA SAO JOSE (SAO SEBASTIAO),17,1,10000.0,(61) 99158940,clinica_institucional,0.36,0.6
0.5515,CLINICA ODONTOLOGICA KOUZAK LTDA,72.618.390/0001-79,DEMAIS,TAGUATINGA,31,1,0.0,,clinica_geral,0.36,0.6
0.5515,C   L   DE ALMEIDA ODONTOLOGIA ESPECIALIZADA,24.618.056/0001-72,ME,TAGUATINGA NORTE (TAGUATINGA),10,1,40000.0,(61) 33746632,clinica_institucional,0.31,0.6
0.5510,CLINICA VASCONCELOS,50.511.400/0001-30,ME,ARAPOANGA (PLANALTINA),3,1,30000.0,(61) 84127661,especialista_alto_ticket,0.29,1.0
0.5510,INSTITUTO HARMONIQUE,46.457.133/0001-92,ME,SETOR LESTE (GAMA),4,1,30000.0,(61) 81902228,especialista_alto_ticket,0.29,1.0
0.5510,ORTHO PRYMER IMPLANTE,49.014.082/0001-12,ME,GAMA,3,1,30000.0,(61) 92663223,especialista_alto_ticket,0.29,1.0
0.5510,SAUDE E ESTETICA ODONTOLOGIA,48.355.263/0001-40,ME,TAGUATINGA NORTE (TAGUATINGA),3,1,30000.0,(61) 99369289,especialista_alto_ticket,0.29,1.0
0.5510,CIOG,55.852.884/0001-02,ME,SETOR LESTE (GAMA),2,1,25000.0,(61) 34842697,especialista_alto_ticket,0.29,1.0
0.5510,TIA JUH ODONTOPEDIATRIA E ORTODONTIA,47.316.819/0001-26,ME,PLANALTINA,4,1,20000.0,(61) 93876232,especialista_alto_ticket,0.29,1.0
0.5510,ORTHO INOVA - IMPLANTES E ORTODONTIA,49.433.570/0001-64,ME,SAMAMBAIA SUL (SAMAMBAIA),3,1,20000.0,(61) 30280444,especialista_alto_ticket,0.29,1.0
0.5510,SAUAVI ODONTOLOGIA E ESTETICA,43.576.969/0001-18,ME,ARAPOANGA (PLANALTINA),4,1,20000.0,(61) 95660674,especialista_alto_ticket,0.29,1.0
0.5510,IMPLANT TRINDADE,50.157.899/0001-29,ME,RIACHO FUNDO I,3,1,20000.0,(61) 84229025,especialista_alto_ticket,0.29,1.0
0.5505,SMILE DENTAL CENTER LTDA,23.163.036/0002-72,ME,ASA NORTE/BRASILIA,5,1,80000.0,(61) 36311968,clinica_geral,0.37,0.35
0.5505,SIQUEIRA COLLI ODONTOLOGIA,07.819.431/0001-23,ME,SETOR TRADICIONAL (PLANALTINA),20,1,48000.0,(61) 33893769,clinica_geral,0.37,0.35
0.5505,VIVA SORRINDO,07.722.167/0001-05,ME,TAGUATINGA SUL (TAGUATINGA),20,1,40000.0,(61) 30336773,clinica_geral,0.37,0.35
0.5505,C.JEBRINE ODONTOLOGIA,12.460.238/0001-89,ME,TAGUATINGA SUL (TAGUATINGA),16,1,20000.0,(61) 30363111,clinica_geral,0.37,0.35
0.5505,SANTOS & FATURETO ODONTOLOGIA,05.008.802/0001-61,ME,TAGUATINGA,24,1,20000.0,(61) 5610038,clinica_geral,0.37,0.35
0.5505,JMS ODONTOLOGIA,07.443.230/0001-74,ME,SOBRADINHO,21,1,20000.0,(61) 33873724,clinica_geral,0.37,0.35
0.5505,CROI ODOTOLOGIA,13.618.839/0001-30,ME,PLANALTINA,15,1,20000.0,(61) 33896050,clinica_geral,0.37,0.35
0.5500,CLIMOR ODONTOLOGIA,06.172.395/0001-96,ME,ASA NORTE,22,1,0.0,,clinica_geral,0.2,0.35
0.5495,ODONTOPOSSE,10.823.769/0001-63,ME,SETOR TRADICIONAL (PLANALTINA),17,1,15000.0,(61) 33880180,clinica_geral,0.43,0.35
0.5490,A C ODONTOLOGIA,54.833.423/0001-11,EPP,SOBRADINHO II,2,1,130000.0,(61) 30000000,clinica_geral,0.61,0.35
0.5490,FERNANDA PORTELA ODONTOLOGIA,57.467.206/0001-43,EPP,GUARA I,1,1,100000.0,(61) 91553150,marca_pessoal,0.61,0.35
0.5490,ISSY ODONTOLOGIA,56.704.829/0001-20,EPP,TAGUATINGA NORTE (TAGUATINGA),2,1,100000.0,(61) 96294331,clinica_geral,0.61,0.35
0.5490,CLIDON,02.852.505/0001-00,ME,ASA SUL,27,1,10000.0,,clinica_geral,0.31,0.35
0.5490,CLINICASTRO ODONTOLOGIA,01.353.062/0001-40,ME,ASA NORTE,30,1,10000.0,,clinica_geral,0.31,0.35
0.5480,ODONTOBRAZ,36.457.243/0001-09,ME,SETOR NORTE (BRAZLANDIA),6,1,47000.0,(61) 98829652,especialista_alto_ticket,0.32,1.0
0.5480,CEIMPLANTES,28.278.010/0001-02,ME,CEILANDIA SUL (CEILANDIA),9,1,30000.0,(61) 30551515,especialista_alto_ticket,0.32,1.0
0.5480,ORTHOELASTIC DENTISTA,35.239.629/0001-73,ME,RECANTO DAS EMAS,6,1,25000.0,(61) 81922720,especialista_alto_ticket,0.32,1.0
0.5480,ACAO ODONTOLOGIA,07.315.984/0001-49,ME,ASA NORTE,21,2,0.0,,multi_unidade,0.22,0.35
0.5475,CLINICA ODONTOLOGICA AMANDA DE FARIA MONTEIRO 446DF LTDA,24.505.863/0001-89,ME,CEILANDIA NORTE (CEILANDIA),10,1,88000.0,(61) 81611532,clinica_geral,0.35,0.6
0.5475,CLINICA ODONTOLOGICA CUNHA & MOREIRA LTDA,24.639.029/0001-86,ME,CEILANDIA SUL (CEILANDIA),10,1,88000.0,(61) 98177070,clinica_geral,0.35,0.6
0.5475,ROZ ODONTOLOGIA ESPECIALIZADA,24.689.576/0001-76,ME,SANTA MARIA,10,1,40000.0,(61) 30122629,clinica_institucional,0.35,0.6
0.5475,CLINICA ODONTOLOGICA BELO DENTE,23.161.554/0001-76,ME,PARANOA,11,1,20000.0,(61) 81400320,clinica_geral,0.35,0.6
0.5470,VITAL IMPLANTES E TRATAMENTOS DENTARIOS,50.071.889/0001-76,ME,SETOR TRADICIONAL (PLANALTINA),3,1,10000.0,(61) 30305757,especialista_alto_ticket,0.28,1.0
0.5465,JDK ODONTOLOGIA LTDA,39.401.738/0001-04,ME,ASA SUL,5,1,110000.0,(61) 85891938,clinica_geral,0.36,0.35
0.5465,FERRARE ODONTOLOGIA LTDA,26.991.572/0001-73,ME,ASA NORTE,9,1,100000.0,(61) 81756215,clinica_geral,0.36,0.35
0.5465,STUDIO UNO ODONTOLOGIA LTDA,27.449.452/0001-01,ME,ASA SUL,9,1,100000.0,(61) 32458526,clinica_geral,0.36,0.35
0.5465,ADVANCED ODONTOLOGIA,33.880.164/0001-00,ME,SETOR SUDOESTE,7,1,99800.0,(61) 35363600,clinica_geral,0.36,0.35
0.5465,VERTICE ODONTOLOGIA AVANCADA,32.995.955/0001-12,ME,ASA SUL,7,1,99800.0,(61) 93331400,clinica_geral,0.36,0.35
0.5465,CARING ODONTOLOGIA,31.624.175/0001-01,ME,SETOR HABITACIONAL VICENTE PIRES,7,1,96000.0,(61) 82417107,clinica_geral,0.36,0.35
0.5465,DANIEL OLIVEIRA ODONTOLOGIA,31.708.422/0001-40,ME,ASA NORTE,7,1,96000.0,(61) 96568516,marca_pessoal,0.36,0.35
0.5465,DR ADRIANO FIALHO SERVICOS ODONTOLOGICOS,31.885.326/0001-77,ME,ASA NORTE,7,1,95400.0,(71) 91889819,marca_pessoal,0.36,0.35
0.5465,SORRISO E FACE EM HARMONIA,30.817.313/0001-06,ME,SUL (AGUAS CLARAS),8,1,95400.0,(61) 81745853,clinica_geral,0.36,0.35
0.5465,DR. FABIO FIUZA DE MORAES,30.721.392/0001-49,ME,ASA NORTE,8,1,95400.0,(61) 33277225,marca_pessoal,0.36,0.35
0.5465,RIDENS ODONTOLOGIA INTEGRADA,31.931.185/0001-81,ME,ASA NORTE,7,1,95400.0,(61) 93772406,clinica_geral,0.36,0.35
0.5465,REABILLIZE ODONTOLOGIA E SAUDE,42.793.549/0001-20,ME,NORTE (AGUAS CLARAS),5,1,80000.0,(61) 38771427,clinica_geral,0.36,0.35
0.5465,EDUARDO GRANJA CLINICA,41.897.799/0001-48,ME,NORTE (AGUAS CLARAS),5,1,75000.0,(61) 96879297,marca_pessoal,0.36,0.35
0.5465,ODONTEC,41.652.525/0001-99,ME,NORTE (AGUAS CLARAS),5,1,70500.0,(61) 99038942,clinica_geral,0.36,0.35
0.5465,DENTE IN FOCO ODONTOLOGIA,30.680.459/0001-44,ME,NORTE (AGUAS CLARAS),8,1,70000.0,(61) 83664141,clinica_geral,0.36,0.35
0.5465,HAPPY DAY ODONTOLOGIA,29.885.079/0001-67,ME,SETOR HABITACIONAL VICENTE PIRES,8,1,70000.0,(61) 96775678,clinica_geral,0.36,0.35
0.5465,IPPO ODONTOLOGIA,36.909.185/0001-07,ME,SETOR HABITACIONAL VICENTE PIRES,6,1,60000.0,(61) 92118030,clinica_geral,0.36,0.35
0.5465,COA CONSULTORIO ODONTOLOGICO AMARAL,33.388.645/0001-00,ME,SETOR HABITACIONAL VICENTE PIRES,7,1,50000.0,(61) 30463188,clinica_geral,0.36,0.35
0.5465,ODONTOLOGIA TRANSDISCIPLINAR,41.245.050/0001-16,ME,ASA SUL,5,1,50000.0,(61) 84203284,clinica_geral,0.36,0.35
0.5465,APTA SAUDE INTEGRAL,32.316.122/0001-88,ME,ASA SUL,7,1,50000.0,(61) 99820463,clinica_geral,0.36,0.35
0.5465,ATTENTO ODONTOLOGIA INTEGRADA,39.259.654/0001-70,ME,ASA SUL,5,1,50000.0,(61) 85560658,clinica_geral,0.36,0.35
0.5465,EVIDENTE ODONTOLOGIA,31.309.267/0001-99,ME,AGUAS CLARAS,8,1,50000.0,(61) 35259322,clinica_geral,0.36,0.35
0.5465,INTTEGRA ODONTOLOGIA HUMANIZADA,40.025.341/0001-36,ME,ASA NORTE,5,1,50000.0,(61) 92593808,clinica_geral,0.36,0.35
0.5465,LINEA ODONTOLOGIA,11.201.577/0001-88,ME,SAMAMBAIA,16,1,15000.0,(61) 30459160,clinica_geral,0.36,0.35
0.5465,FOCO BUCAL ODONTOLOGIA INTEGRADA,11.232.320/0001-93,ME,TAGUATINGA,16,1,15000.0,(61) 33521097,clinica_geral,0.36,0.35
0.5465,ASSORRIR - CLINICA DE ODONTOLOGIA,08.862.171/0001-31,ME,TAGUATINGA,19,1,10000.0,(61) 35623278,clinica_geral,0.36,0.35
0.5465,ISODONTO,07.427.399/0001-30,ME,TAGUATINGA CENTRO (TAGUATINGA),21,1,10000.0,(61) 33525008,clinica_geral,0.36,0.35
0.5465,GRUPO NEW CLINIC,08.302.063/0001-04,ME,TAGUATINGA SUL,19,1,10000.0,(61) 39628064,clinica_geral,0.36,0.35
0.5465,CLINICA PERFIL ODONTOLOGICO,10.575.059/0001-61,ME,TAGUATINGA SUL (TAGUATINGA),17,1,10000.0,(61) 35610103,clinica_geral,0.36,0.35
0.5465,NERIS ODONTOLOGIA INTEGRADA,43.131.279/0001-55,ME,NORTE (AGUAS CLARAS),5,1,1000.0,(61) 91337434,clinica_geral,0.36,0.35
0.5460,A&B ODONTOLOGIA,44.321.265/0001-67,EPP,SETOR DE HABITACOES INDIVIDUAIS SUL,4,1,20000.0,(61) 32421250,clinica_geral,0.59,0.6
0.5460,ORTHOLY ODONTOLOGIA ESPECIALIZADA,45.207.626/0001-01,ME,CEILANDIA NORTE (CEILANDIA),4,1,45000.0,(61) 92907628,especialista_alto_ticket,0.39,1.0
0.5455,CLIPO CLINICA DE PREVENCAO E REABILITACAO ODONTOL LTDA,26.465.500/0001-92,EPP,GUARA I,35,1,5000.0,,clinica_geral,0.47,0.35
0.5450,CREIO ODONTOLOGIA INTEGRADA,47.233.289/0001-52,EPP,ARAPOANGA (PLANALTINA),4,1,60000.0,(61) 30553333,clinica_geral,0.6,0.35
0.5450,CENTRO CLINICO PIAU,49.225.994/0001-33,EPP,TAGUATINGA NORTE (TAGUATINGA),3,1,50000.0,(61) 85541714,clinica_institucional,0.6,0.35
0.5450,VALERIUM CLINICA ODONTOLOGICA,34.699.341/0001-19,ME,SETOR CENTRAL (GAMA),7,1,120000.0,(61) 85964545,clinica_geral,0.4,0.6
0.5450,DR DENTE,41.518.558/0001-40,ME,SAMAMBAIA SUL (SAMAMBAIA),5,1,111000.0,(61) 95692112,marca_pessoal,0.4,0.6
0.5450,LM DRA LUANA MAGALHAES,36.025.985/0001-57,ME,GUARA II,6,1,105000.0,(61) 33813989,clinica_geral,0.4,0.6
0.5450,INSTITUTO XAVIER ODONTOLOGIA,32.754.918/0001-12,ME,NUCLEO BANDEIRANTE,7,1,100000.0,(61) 35525841,clinica_institucional,0.4,0.6
0.5450,CLINICA ODONTOLOGICA MOLARES,28.607.676/0001-67,ME,ARAPOANGA (PLANALTINA),8,1,100000.0,(61) 34882726,clinica_geral,0.4,0.6
0.5450,CLINICA ODONTOLOGICA DTO,34.187.036/0001-48,ME,SAMAMBAIA SUL (SAMAMBAIA),7,1,100000.0,(61) 81257161,clinica_geral,0.4,0.6
0.5450,ODONTO AVILA,34.389.863/0001-14,ME,ARAPOANGA (PLANALTINA),7,1,100000.0,(61) 33881669,clinica_geral,0.4,0.6
0.5450,SORRIR BRASIL ODONTOLOGIA,37.502.092/0001-18,ME,RIACHO FUNDO II,6,1,100000.0,(61) 33587070,clinica_geral,0.4,0.6
0.5450,INSTITUTO ODONTOLOGICO ADRIANO FONTES,34.086.028/0001-05,ME,TAGUATINGA,7,1,100000.0,(61) 81312019,clinica_institucional,0.4,0.6
0.5450,IOSA - INSTITUTO ODONTOLOGICO STEPHANIE ANDRADE,33.206.336/0001-64,ME,TAGUATINGA CENTRO (TAGUATINGA),7,1,100000.0,(61) 86244982,clinica_institucional,0.4,0.6
0.5450,CLINICA ODONTOLOGICA SURPREENDENTE,30.032.458/0001-93,ME,TAGUATINGA NORTE (TAGUATINGA),8,1,100000.0,(61) 30461434,clinica_geral,0.4,0.6
0.5450,SOUTO ODONTOLOGIA ESPECIALIZADA,35.133.543/0001-61,ME,TAGUATINGA,6,1,100000.0,(61) 91985050,clinica_institucional,0.4,0.6
0.5445,ODONTO MAISS,49.912.463/0001-19,ME,ASA SUL,3,1,75000.0,(61) 82684877,clinica_geral,0.43,0.35
0.5445,AV ODONTOLOGIA,48.000.225/0001-74,ME,NORTE (AGUAS CLARAS),3,1,60000.0,(61) 96719916,clinica_geral,0.43,0.35
0.5445,ODONTO CLINICA SALGUEIRO,10.636.022/0001-04,ME,SAMAMBAIA,17,2,10000.0,(61) 30371353,multi_unidade,0.38,0.35
0.5445,PREMIER INSTITUTO,21.891.996/0001-42,ME,TAGUATINGA SUL (TAGUATINGA),11,1,20000.0,(61) 33515071,clinica_institucional,0.23,0.6
0.5435,VIVA ODONTOLOGIA ESPECIALIZADA,20.336.651/0001-64,ME,CEILANDIA SUL (CEILANDIA),12,1,10000.0,(61) 30482020,clinica_institucional,0.34,0.6
0.5430,STUDIO MAIS ODONTO,55.362.739/0001-35,ME,SOBRADINHO,2,1,300000.0,(38) 32232998,clinica_geral,0.47,0.6
0.5430,CLINICA ESTIMA,51.680.358/0001-43,ME,TAGUATINGA NORTE (TAGUATINGA),3,1,150000.0,(61) 99391629,clinica_geral,0.47,0.6
0.5430,ODONTOMAXTER,49.894.159/0001-96,ME,SAMAMBAIA NORTE (SAMAMBAIA),3,1,100000.0,(61) 84082812,clinica_geral,0.47,0.6
0.5430,ISC INSTITUTO ODONTOLOGICO,47.781.159/0001-54,ME,TAGUATINGA,4,1,100000.0,(61) 99158940,clinica_institucional,0.47,0.6
0.5430,ODONTO LIFE,01.963.293/0001-75,ME,ASA NORTE,29,1,0.0,,clinica_geral,0.17,0.6
0.5425,ODONCLINICA PASTEUR,26.451.948/0001-57,DEMAIS,SETOR DE INDUSTRIA,35,2,0.0,(61) 33634112,multi_unidade,0.6,0.35
0.5425,FRIACA ODONTOLOGIA LTDA,27.926.365/0001-06,ME,ASA NORTE,9,1,93700.0,(61) 81427750,clinica_geral,0.35,0.35
0.5425,FIBONACCI ODONTOLOGIA,27.685.118/0001-57,ME,ASA SUL,9,1,48000.0,(61) 96185183,clinica_geral,0.35,0.35
0.5425,ODONTOMASTER BRASILIA,43.077.084/0001-74,ME,ASA SUL,5,1,30000.0,(61) 34421070,clinica_geral,0.35,0.35
0.5425,ODONTO SOL,21.524.625/0001-22,ME,RIACHO FUNDO II,11,1,30000.0,(61) 33385710,clinica_geral,0.35,0.35
0.5425,IANARA PINHO ODONTOLOGIA KIDS,35.852.190/0001-50,ME,NORTE (AGUAS CLARAS),6,1,25000.0,(61) 30430043,clinica_geral,0.35,0.35
0.5425,CONSULTORIO DENTAL CARD,16.649.488/0001-12,ME,TAGUATINGA,14,1,20000.0,(61) 35632490,clinica_geral,0.35,0.35
0.5425,DANIELE DINIZ ODONTOLOGIA,31.774.660/0001-53,ME,ASA SUL,7,1,20000.0,(61) 37110017,clinica_geral,0.35,0.35
0.5425,LPA ODONTOLOGIA,40.782.506/0001-14,ME,ASA NORTE,5,1,20000.0,(61) 92986902,clinica_geral,0.35,0.35
0.5425,BARRETO ODONTOLOGIA,15.641.446/0001-72,ME,SOBRADINHO,14,1,20000.0,(61) 32632302,clinica_geral,0.35,0.35
0.5425,ARKADO CLINICA ODONTOLOGICA,59.418.342/0001-79,ME,SUL (AGUAS CLARAS),1,1,80000.0,(61) 85927220,clinica_geral,0.3,0.6
0.5425,ALTIS ODONTOLOGIA ESPECIALIZADA,55.040.358/0001-30,ME,SETOR SUDOESTE,2,1,70000.0,(62) 93888914,clinica_institucional,0.3,0.6
0.5425,R V S ODONTOLOGIA,53.534.953/0001-04,ME,ASA NORTE,2,1,50000.0,(61) 92244153,clinica_institucional,0.3,0.6
0.5425,NICOLATO ODONTOLOGIA DA FACE,57.525.514/0001-88,ME,ASA SUL,1,1,50000.0,(61) 81562493,clinica_geral,0.3,0.6
0.5425,MAGALHAES CLINICA ODONTOLOGICA,52.834.342/0001-00,ME,SETOR HABITACIONAL ARNIQUEIRA (AGUAS CLARAS),2,1,50000.0,(61) 82250250,clinica_geral,0.3,0.6
0.5420,ESPACO SORRISO,36.210.426/0001-17,EPP,CEILANDIA SUL (CEILANDIA),6,1,50000.0,(61) 81032548,clinica_geral,0.63,0.35
0.5420,IMPLANTO FACE,48.975.702/0001-17,ME,SAMAMBAIA SUL (SAMAMBAIA),3,1,70000.0,(61) 85357613,especialista_alto_ticket,0.33,1.0
0.5420,ARTE ODONTOLOGIA ENSINO E PRATICA ODONTOLOGICA LTDA,18.792.126/0001-01,ME,ASA NORTE,13,1,10000.0,(61) 92685114,clinica_geral,0.18,0.35
0.5415,ARTDENT ODONTOLOGIA,17.317.908/0001-26,ME,CEILANDIA,13,1,250000.0,(61) 91125352,clinica_geral,0.46,0.35
0.5415,DENTELINE,23.049.262/0001-46,ME,TAGUATINGA CENTRO (TAGUATINGA),11,1,10000.0,(61) 35626937,clinica_geral,0.41,0.35
0.5410,ORAL AB ODONTOLOGIA,30.013.842/0001-49,ME,GUARA I,8,1,95400.0,(61) 35675918,clinica_geral,0.39,0.6
0.5410,CLINICA RADIOLOGICA SAFE CARNEIRO,00.709.014/0001-89,ME,ASA NORTE,43,1,50000.0,(61) 30393145,clinica_geral,0.29,0.35
0.5410,ALCANCE ODONTOLOGIA E TERAPIAS INTEGRADAS LTDA,04.154.064/0001-06,ME,ASA SUL,25,1,10000.0,(61) 32029950,clinica_geral,0.29,0.35
0.5410,CLINICA DE PERIODONTIA MONICA AFONSO S/S LTDA,03.714.707/0001-58,ME,ASA NORTE,26,1,10000.0,(61) 33282581,clinica_geral,0.29,0.35
0.5410,DENISE DE PAULA PIRES & CIA LTDA,01.163.873/0001-88,ME,ASA SUL,30,1,10000.0,(61) 32244666,marca_pessoal,0.29,0.35
0.5410,CHAUD ODONTOLOGIA INTEGRADA,38.033.171/0001-90,ME,AGUAS CLARAS,32,1,0.0,(61) 92618497,clinica_geral,0.29,0.35
0.5410,CLINICA DE ENDODONTIA DRA LAUANDA SALUM,01.335.216/0001-70,ME,ASA SUL,30,1,0.0,(61) 33226202,clinica_geral,0.29,0.35
0.5400,CLINICA BRUNA NATALI,58.386.507/0001-05,EPP,SETOR DE HABITACOES INDIVIDUAIS SUL,1,1,500000.0,(61) 83002233,clinica_geral,0.7,0.35
0.5400,VIRTUS ODONTOLOGIA ESPECIALIZADA REABILITACAO ORAL,34.389.698/0001-09,ME,SETORES COMPLEMENTARES,7,1,150000.0,(61) 99971812,clinica_institucional,0.5,0.6
0.5400,INSTITUTO LUCIANA MACHADO,32.013.212/0001-08,ME,SAO BARTOLOMEU (SAO SEBASTIAO),7,1,120000.0,(61) 91492011,clinica_institucional,0.5,0.6
0.5400,CLINICA ODONTOLOGICA ORTOIMPLAN,27.055.575/0001-68,ME,CEILANDIA SUL (CEILANDIA),9,1,100000.0,(61) 33718377,clinica_geral,0.5,0.6
0.5400,ODONTORIBAS,35.491.548/0001-66,ME,SETOR HABITACIONAL POR DO SOL (CEILANDIA),6,1,100000.0,(61) 81224666,clinica_geral,0.5,0.6
0.5400,LEVITA ODONTOLOGIA ESPECIALIZADA,31.856.072/0001-69,ME,RECANTO DAS EMAS,7,1,100000.0,(61) 34344415,clinica_institucional,0.5,0.6
0.5395,CLINICA ODONTOLOGICA OTIM LTDA,37.155.132/0001-00,ME,TAGUATINGA,33,1,30000.0,(061) 99773101,clinica_geral,0.33,0.6
0.5395,FACE ORAL ODONTOLOGIA INTEGRADA,08.295.526/0001-58,ME,CEILANDIA SUL (CEILANDIA),20,1,15000.0,(61) 34715555,clinica_geral,0.33,0.6
0.5395,CLINICA ODONTOLOGICA DENTAL CARD,07.179.833/0001-00,ME,CEILANDIA,21,1,10000.0,(61) 33726296,clinica_geral,0.33,0.6
0.5395,ORAL SAFETY,07.888.284/0001-43,ME,SANTA  MARIA,21,1,10000.0,(61) 33938878,clinica_geral,0.33,0.6
0.5395,CENODENTER,00.570.752/0001-98,ME,GUARA,31,1,5000.0,(061) 5681065,clinica_institucional,0.33,0.6
0.5395,CORE,07.917.641/0001-54,ME,ASA  NORTE,20,1,5000.0,(61) 33618505,clinica_institucional,0.33,0.6
0.5395,CLINICA ODONTOART LTDA,03.582.086/0001-04,ME,GUARA I,26,1,0.0,(61) 35676644,clinica_geral,0.33,0.6
0.5395,EXITUS ODONTOLOGIA,30.150.246/0001-00,ME,ASA SUL,8,1,15000.0,(61) 92392744,clinica_institucional,0.28,0.6
0.5395,ALLURE ODONTOLOGIA ESPECIALIZADA,32.795.834/0001-27,ME,SETOR HABITACIONAL VICENTE PIRES,7,1,10000.0,(61) 96301112,clinica_institucional,0.28,0.6
0.5390,ORTHODONTIC,51.676.935/0001-23,ME,GUARA,3,1,50000.0,(61) 91377370,especialista_alto_ticket,0.26,1.0
0.5390,PERSONALLE ODONTOLOGIA E ESTETICA,55.611.266/0001-62,ME,SETOR RESIDENCIAL OESTE (PLANALTINA),2,1,30000.0,(61) 32028200,especialista_alto_ticket,0.26,1.0
0.5390,DR IMPLANTE,55.867.663/0001-08,ME,SETOR LESTE (GAMA),2,1,20000.0,(61) 99999999,marca_pessoal,0.26,1.0
0.5390,IMPLA VITTA IMPLANTES & ODONTOLOGIA,54.301.862/0001-83,ME,PONTE ALTA NORTE (GAMA),2,1,20000.0,(61) 99940505,especialista_alto_ticket,0.26,1.0
0.5390,CLINICA ODONTOLOGICA GILMAR FERNANDES LTDA,01.636.992/0001-00,ME,ASA NORTE,40,1,0.0,,clinica_geral,0.16,0.6
0.5390,CLINICA ODONTOLOGICA MARIA CRISTINA GUIRADO S/S,01.306.157/0001-02,ME,ASA NORTE,30,1,0.0,,clinica_geral,0.16,0.6
0.5385,CENTRO ODONTOLOGICO JORQUEIRA,21.875.256/0001-12,ME,CEILANDIA NORTE (CEILANDIA),11,1,80000.0,(61) 33746468,clinica_institucional,0.39,0.6
0.5385,INSTITUTO SEIDLER DE ODONTOLOGIA LTDA,55.335.302/0001-02,ME,ASA NORTE,2,1,80000.0,(61) 99878534,clinica_institucional,0.29,0.6
0.5385,CENTRO ODONTOLOGICO SANTA CLARA,49.857.885/0001-39,ME,AREAL (AGUAS CLARAS),3,1,30000.0,(61) 33567469,clinica_institucional,0.29,0.6
0.5385,CLINICA RABELO,47.791.790/0001-34,ME,AGUAS CLARAS,4,1,30000.0,(61) 99773305,clinica_geral,0.29,0.6
0.5385,ODONTARES,50.071.835/0001-00,ME,ASA SUL,3,1,30000.0,(61) 96226699,clinica_geral,0.29,0.6
0.5385,SCODONTO,49.890.911/0001-20,ME,ASA SUL,3,1,30000.0,(61) 32256844,clinica_institucional,0.29,0.6
0.5385,INSTITUTO SANRIRE ODONTOLOGIA E HEALTH CENTER LTDA,45.663.497/0001-66,ME,ASA NORTE,4,1,4000.0,(61) 32429496,clinica_institucional,0.29,0.6
0.5380,ODONTO SANTA MARIA,38.227.283/0001-81,EPP,SANTA MARIA,6,1,20000.0,(61) 81757075,clinica_geral,0.62,0.35
0.5380,CINTRA ODONTOLOGIA E ESTETICA,53.880.868/0001-90,ME,SETOR DE HABITACOES INDIVIDUAIS SUL,2,1,300000.0,(61) 85717887,especialista_alto_ticket,0.37,1.0
0.5380,VARGAS CLINICA ODONTOLOGICA,49.231.935/0001-78,ME,PARANOA,3,1,125000.0,(61) 82058700,especialista_alto_ticket,0.37,1.0
0.5380,ORALFACE ODONTOLOGIA E ESTETICA FACIAL,44.961.314/0001-26,ME,CEILANDIA NORTE (CEILANDIA),4,1,100000.0,(61) 98778506,especialista_alto_ticket,0.37,1.0
0.5375,FREITAS & ARAUJO ODONTOLOGIA,11.082.041/0001-90,ME,SANTA MARIA,17,1,105000.0,(61) 33522001,clinica_geral,0.45,0.35
0.5375,MUNDO SORRISO,11.359.587/0001-46,ME,ITAPOA II,16,1,100000.0,(61) 35258061,clinica_geral,0.45,0.35
0.5375,ORAL ESSENCE,23.176.637/0001-39,ME,VILA NOVA (SAO SEBASTIAO),11,1,40000.0,(61) 33394549,clinica_geral,0.45,0.35
0.5375,HD ODONTOLOGIA,15.612.723/0001-19,ME,CEILANDIA,14,1,30000.0,(61) 33727690,clinica_geral,0.45,0.35
0.5375,SORRIMANIA,23.670.504/0001-14,ME,CEILANDIA SUL (CEILANDIA),10,1,20000.0,(61) 37108228,clinica_geral,0.45,0.35
0.5375,BELUNE ODONTOLOGIA,31.249.670/0001-70,ME,ASA NORTE,8,1,140000.0,(61) 81461978,clinica_geral,0.4,0.35
0.5375,BRUM ODONTOCLINICA,10.392.378/0001-31,ME,SOBRADINHO,17,1,30000.0,(61) 35915719,clinica_geral,0.4,0.35
0.5375,MICHELLE,12.395.457/0001-21,ME,GUARA-II,16,1,20000.0,(61) 33825883,clinica_geral,0.4,0.35
0.5370,CLINICA ODONTOFLESH,36.031.447/0001-75,ME,SAMAMBAIA NORTE (SAMAMBAIA),6,1,5000.0,(61) 95007570,clinica_geral,0.38,0.6
0.5370,GRUPO ODONTOLOGICO ARRUDA SIMPLES LTDA,02.628.331/0001-04,ME,ASA NORTE,28,1,78800.0,,clinica_geral,0.28,0.35
0.5365,PERSONAL DENT,13.569.796/0001-40,ME,CEILANDIA SUL (CEILANDIA),15,1,50000.0,(61) 35614238,clinica_geral,0.51,0.35
0.5355,CENTRO ODONTOLOGICO ALVES LTDA,24.888.513/0001-49,ME,TAGUATINGA,38,1,100000.0,,clinica_institucional,0.32,0.6
0.5355,CLINICA ODONTO-PREVENTIVA DE TAGUATINGA SS LTDA,01.203.086/0001-12,ME,TAGUATINGA,30,1,15000.0,(61) 33512446,clinica_geral,0.32,0.6
0.5355,CLINICA ODONTOLOGICA MARCIO TORRECILLAS,05.355.701/0001-67,ME,ASA AUL,23,1,0.0,(061) 4434747,clinica_geral,0.32,0.6
0.5355,CLINICA PERSONAL,06.188.330/0001-39,ME,BRASILIA,22,1,0.0,(61) 33448103,clinica_geral,0.32,0.6
0.5350,DARAS ODONTOLOGIA,35.558.489/0001-04,ME,SETOR INDUSTRIAL (GAMA),6,1,140000.0,(61) 35263378,clinica_geral,0.5,0.35
0.5350,ESPACO ODONTOLOGICO BRUNO BARRETO,34.789.532/0001-71,ME,SETOR RESIDENCIAL LESTE (PLANALTINA),6,1,120000.0,(61) 33891521,clinica_geral,0.5,0.35
0.5350,EXODO ODONTOLOGIA,41.646.221/0001-19,ME,SOBRADINHO,5,1,120000.0,(61) 92660302,clinica_geral,0.5,0.35
0.5350,ALL PRIME ODONTOLOGIA,30.835.606/0001-08,ME,GUARA II,8,1,110000.0,(61) 84544044,clinica_geral,0.5,0.35
0.5350,J VIEIRA ODONTOLOGIA,41.236.201/0001-70,ME,SOBRADINHO,5,1,110000.0,(61) 30510569,clinica_geral,0.5,0.35
0.5350,DENTISTA DE TODOS,36.722.599/0001-14,ME,SETOR OESTE (SOBRADINHO II),6,1,110000.0,(61) 91651601,clinica_geral,0.5,0.35
0.5350,DENTISTA DA FAMILIA,37.697.340/0001-23,ME,SETOR OESTE (GAMA),6,1,105000.0,(61) 92228015,clinica_geral,0.5,0.35
0.5350,RENOVAR ODONTOLOGIA,39.409.869/0001-20,ME,JARDIM RORIZ (PLANALTINA),5,1,104500.0,(61) 93147700,clinica_geral,0.5,0.35
0.5350,THOMAS ITOOTH,34.051.362/0001-23,ME,SAMAMBAIA SUL (SAMAMBAIA),7,1,100000.0,(61) 33898359,clinica_geral,0.5,0.35
0.5350,CONSULTORIO ODONTOLOGICO DR. JACSON,30.530.178/0001-05,ME,PLANALTINA,8,1,100000.0,(61) 33083778,clinica_geral,0.5,0.35
0.5350,HOSPITAL ODONTOLOGICO DE SOBRADINHO,38.006.727/0001-59,ME,SOBRADINHO,6,1,100000.0,(61) 83318075,clinica_geral,0.5,0.35
0.5350,CKLASS REABILITACAO ORAL,35.073.262/0001-60,ME,TAGUATINGA NORTE (TAGUATINGA),6,1,100000.0,(61) 98069111,clinica_geral,0.5,0.35
0.5350,ODONTOLAGOS ODONTOLOGIA,35.434.055/0001-94,ME,REGIAO DOS LAGOS (SOBRADINHO),6,1,100000.0,(61) 99655541,clinica_geral,0.5,0.35
0.5350,ODONTOJUNIOR,29.806.947/0001-76,ME,PLANALTINA,8,1,100000.0,(61) 33882200,clinica_geral,0.5,0.35
0.5350,LE VISAGE ODONTOLOGIA E HARMONIZACAO OROFACIAL LTDA,50.640.801/0001-90,ME,TAGUATINGA NORTE (TAGUATINGA),3,1,30000.0,(61) 39650000,especialista_alto_ticket,0.25,1.0
0.5350,VS ODONTO ODONTOLOGIA & ESTETICA,46.219.544/0001-40,ME,GUARA,4,1,10000.0,(61) 81102751,especialista_alto_ticket,0.25,1.0
0.5350,PORFIRIO ODONTOLOGIA ESTETICA,49.939.365/0001-75,ME,TAGUATINGA NORTE (TAGUATINGA),3,1,10000.0,(61) 99500488,especialista_alto_ticket,0.25,1.0
0.5350,ORTHOLIFE,46.970.222/0001-38,ME,SETOR CENTRAL (GAMA),4,1,10000.0,(61) 34841708,especialista_alto_ticket,0.25,1.0
0.5350,ORTHOLIFE,46.959.207/0001-99,ME,SETOR TRADICIONAL (PLANALTINA),4,1,10000.0,(61) 33882024,especialista_alto_ticket,0.25,1.0
0.5350,AG ODONTOLOGIA ESTETICA,50.133.714/0001-46,ME,TAGUATINGA CENTRO (TAGUATINGA),3,1,5000.0,(61) 96734425,especialista_alto_ticket,0.25,1.0
0.5345,QUALITY ODONTOLOGIA,09.419.028/0001-32,ME,TAGUATINGA SUL (TAGUATINGA),18,1,10000.0,(61) 35610556,clinica_geral,0.33,0.35
0.5345,REVITALLE,13.543.628/0001-85,ME,TAGUATINGA NORTE (TAGUATINGA),15,1,10000.0,(61) 96504844,clinica_geral,0.33,0.35
0.5345,ODONTO&ARTE,09.250.316/0001-06,ME,NUCLEO BANDEIRANTE,18,1,5000.0,(61) 33862981,clinica_geral,0.33,0.35
0.5345,INSTITUTO ODONTOLOGICO CARLOS FROTA,48.188.950/0001-18,ME,ASA SUL,3,1,10000.0,(61) 82605087,clinica_institucional,0.28,0.6
0.5340,ALLEGRA ODONTOLOGIA,37.889.519/0001-82,DEMAIS,SETOR NORTE (BRAZLANDIA),6,1,10000.0,(61) 85480659,clinica_geral,0.61,0.35
0.5340,HB INSTITUTO ODONTOLOGICO,49.522.798/0001-20,DEMAIS,SETOR DE HABITACOES INDIVIDUAIS NORTE,3,1,50000.0,(61) 39681020,clinica_institucional,0.56,0.6
0.5340,UZZI ODONTOLOGIA,51.803.828/0001-19,ME,SANTA MARIA,3,1,70000.0,(61) 98309030,especialista_alto_ticket,0.36,1.0
0.5335,CASA DO DENTE,09.051.473/0001-92,ME,SAO SEBASTIAO,19,1,80000.0,(61) 35610025,clinica_geral,0.44,0.35
0.5335,ODONTOCLINICA HOMEOPATICA,00.893.366/0001-37,ME,SOBRADINHO,30,1,78800.0,(61) 34753775,clinica_geral,0.44,0.35
0.5335,OSVALDO JUNIOR,23.395.355/0001-22,ME,SETOR LESTE (VILA ESTRUTURAL - GUARA),10,1,60000.0,(61) 94109213,clinica_geral,0.39,0.35
0.5330,ODONTOSTAR TAGUATINGA,52.605.038/0001-91,EPP,TAGUATINGA NORTE (TAGUATINGA),2,1,80000.0,(61) 96874720,clinica_geral,0.57,0.35
0.5325,BM LOCACOES E CONSTRUCOES,52.453.144/0001-05,ME,SETOR HABITACIONAL VICENTE PIRES,2,1,800000.0,(61) 82959837,clinica_geral,0.4,0.35
0.5325,CLINICA VILELA ODONTOLOGIA,48.884.524/0001-19,ME,SETOR HABITACIONAL VICENTE PIRES,3,1,250000.0,(61) 81568744,clinica_geral,0.4,0.35
0.5325,UNIVERSAL ODONTOLOGIA E CONSULTORIA,53.290.181/0001-02,ME,ASA SUL,2,1,50000.0,(61) 96113001,clinica_geral,0.4,0.35
0.5320,ABI ODONTOCLINICA,39.877.321/0001-04,ME,PARANOA,5,1,10000.0,(61) 86641126,especialista_alto_ticket,0.28,1.0
0.5320,ORTHO CHIQUI,35.350.959/0001-31,ME,PARANOA,6,1,10000.0,(61) 35484200,especialista_alto_ticket,0.28,1.0
0.5320,ORTHOIMPLANTES,39.870.265/0001-86,ME,CEILANDIA SUL (CEILANDIA),5,1,6000.0,(61) 34716693,especialista_alto_ticket,0.28,1.0
0.5315,ODONTOCLINICA CEILANDIA,08.107.750/0001-79,ME,CEILANDIA,20,2,50000.0,(61) 35817074,multi_unidade,0.46,0.35
0.5315,H N CLINICA ODONTOLOGICA LTDA,24.313.773/0001-96,ME,CEILANDIA NORTE (CEILANDIA),10,1,40000.0,(61) 81591215,clinica_geral,0.31,0.6
0.5315,ODONTUS,17.343.156/0001-78,ME,CENTRO (SAO SEBASTIAO),13,1,5000.0,(61) 81716620,clinica_institucional,0.31,0.6
0.5315,COB - CLINICA ODONTOLOGICA BRASILIA,10.373.585/0001-49,ME,QUADRAS ECONOMICAS LUCIO COSTA,17,1,3000.0,(61) 30375778,clinica_geral,0.31,0.6
0.5310,ODONTOCOMPANY NUCLEO BANDEIRANTE,41.894.446/0001-94,DEMAIS,NUCLEO BANDEIRANTE,5,1,90000.0,(61) 96971888,clinica_geral,0.49,0.35
0.5305,PRIORY ODONTOLOGIA LTDA,28.064.404/0001-68,ME,NORTE (AGUAS CLARAS),9,1,95400.0,(61) 99620033,clinica_geral,0.32,0.35
0.5305,JL BERNARDES ODONTOLOGIA LTDA,26.821.323/0001-30,ME,ASA SUL,9,1,93700.0,(61) 32445099,clinica_geral,0.32,0.35
0.5305,PREMIER ATELIE ORAL 115DF LTDA,28.039.256/0001-21,ME,NORTE (AGUAS CLARAS),9,1,93700.0,(61) 93143538,clinica_geral,0.32,0.35
0.5305,FCT ODONTO LTDA,41.828.834/0001-77,ME,ASA NORTE,5,1,70000.0,(61) 86259907,clinica_geral,0.32,0.35
0.5305,MATHIAS ODONTOLOGIA,34.551.255/0001-64,ME,ASA SUL,7,1,49000.0,(61) 30373396,clinica_geral,0.32,0.35
0.5305,SCHILD ODONTOLOGIA FAMILIAR,41.951.315/0001-00,ME,SUL (AGUAS CLARAS),5,1,49000.0,(61) 91126451,clinica_geral,0.32,0.35
0.5305,DOM ODONTOLOGIA,38.479.430/0001-00,ME,ASA NORTE,5,1,40000.0,(61) 37030505,clinica_geral,0.32,0.35
0.5305,ODONTO ABREU,28.950.342/0001-91,ME,SUL (AGUAS CLARAS),8,1,40000.0,(61) 33731408,clinica_geral,0.32,0.35
0.5305,ORYA STUDIO ODONTOLOGICO,41.301.211/0001-41,ME,ASA NORTE,5,1,40000.0,(61) 81542911,clinica_geral,0.32,0.35
0.5305,SMILE ODONTOLOGIA,42.039.317/0001-81,ME,SETOR HABITACIONAL VICENTE PIRES - TRECHO 3,5,1,40000.0,(61) 93948322,clinica_geral,0.32,0.35
0.5305,ESFERA ODONTOLOGIA INTEGRADA,35.250.897/0001-96,ME,ASA NORTE,6,1,30000.0,(61) 81319930,clinica_geral,0.32,0.35
0.5305,LENITA AMORIM ODONTOLOGIA,34.524.941/0001-46,ME,AGUAS CLARAS,7,1,30000.0,(61) 84842675,clinica_geral,0.32,0.35
0.5305,RESAB,39.652.377/0001-60,ME,SETOR HABITACIONAL VICENTE PIRES,5,1,30000.0,(61) 85250054,clinica_geral,0.32,0.35
0.5305,DELLORTO ODONTO,41.193.941/0001-76,ME,NORTE (AGUAS CLARAS),5,1,20000.0,(61) 81220957,clinica_geral,0.32,0.35
0.5305,BAP ATIVIDADE ODONTOLOGICA LTDA,38.308.341/0001-00,ME,NORTE (AGUAS CLARAS),5,1,500.0,(61) 82191722,clinica_geral,0.32,0.35
0.5300,ODONTO SIMOES,35.896.016/0001-09,EPP,TAGUATINGA,6,1,10000.0,(61) 33543965,clinica_geral,0.55,0.35
0.5295,OFICINA DO DENTE,14.437.924/0001-64,ME,SAO SEBASTIAO,14,1,100000.0,(61) 33357999,clinica_geral,0.43,0.35
0.5295,MAIS SORRISO,22.404.734/0001-79,ME,PARANOA,11,1,100000.0,(61) 33940111,clinica_geral,0.43,0.35
0.5295,DENTHIIS,24.552.509/0001-05,ME,SETOR NORTE (BRAZLANDIA),10,1,40000.0,(61) 84819902,clinica_geral,0.43,0.35
0.5295,DISCOUNT CARD,02.104.436/0001-56,DEMAIS,SOBRADINHO,28,1,0.0,,clinica_geral,0.43,0.35
0.5295,TOMAZ ODONTOLOGIA,22.351.905/0001-49,ME,GUARA I,11,1,20000.0,(61) 84173544,clinica_geral,0.38,0.35
0.5295,AMPLA SAUDE,41.011.150/0001-88,ME,AREA OCTOGONAL,5,1,10000.0,(61) 92497975,clinica_geral,0.38,0.35
0.5295,ORAL PARK ODONTOLOGIA,28.340.324/0001-98,ME,SETOR HABITACIONAL VICENTE PIRES,9,1,10000.0,(61) 32540108,clinica_geral,0.38,0.35
0.5295,FT - ODONTOLOGIA,36.596.494/0001-66,ME,SETOR HABITACIONAL ARNIQUEIRA (AGUAS CLARAS),6,1,5000.0,(61) 33263005,clinica_geral,0.38,0.35
0.5290,MAIS DR DENTE,50.811.271/0001-03,EPP,SAMAMBAIA NORTE (SAMAMBAIA),3,1,48000.0,(61) 33548067,clinica_geral,0.56,0.35
0.5290,CONSULTORIO ODONTOLOGICO SUCUPIRA,43.946.043/0001-77,EPP,TAGUATINGA NORTE (TAGUATINGA),4,1,30000.0,(61) 35622188,clinica_geral,0.56,0.35
0.5290,PATRICIA COLODETTI HOF,58.058.319/0001-58,EPP,ZONA INDUSTRIAL (GUARA),1,1,30000.0,(61) 98915054,marca_pessoal,0.56,0.35
0.5290,SUBLIME ODONTOLOGIA BRASILIA,51.681.258/0001-31,EPP,TAGUATINGA NORTE,3,1,20000.0,(61) 81760623,clinica_geral,0.56,0.35
0.5290,NEOO NUCLEO DE EXCELENCIA EM OFTALMOLOGIA E ODONTOLOGIA,23.026.484/0002-24,DEMAIS,GUARA II,4,1,10000.0,(61) 81349001,clinica_geral,0.56,0.35
0.5290,ODONTO FERNANDES,29.904.114/0001-48,ME,RESIDENCIAL NOVA PLANALTINA (PLANALTINA),8,1,95400.0,(61) 86651713,clinica_institucional,0.36,0.6
0.5290,UNIVERSO BUCAL ODONTOLOGIA ESPECIALIZADA,28.228.684/0001-00,ME,TAGUATINGA NORTE (TAGUATINGA),9,1,93700.0,(61) 30284747,clinica_institucional,0.36,0.6
0.5290,UNIC - ODONTOLOGIA ESPECIALIZADA,35.595.129/0001-74,ME,SETOR TRADICIONAL (PLANALTINA),6,1,60000.0,(61) 93109352,clinica_institucional,0.36,0.6
0.5290,ODONTONAVES,36.767.463/0001-20,ME,TAGUATINGA SUL (TAGUATINGA),6,1,50000.0,(61) 33512270,clinica_geral,0.36,0.6
0.5290,IMCORP CLINICA ODONTOLOGICA,41.705.214/0001-40,ME,GUARA II,5,1,50000.0,(61) 98523236,clinica_geral,0.36,0.6
0.5290,ODONTO EXCELLENCE,34.892.550/0001-84,ME,SAMAMBAIA SUL (SAMAMBAIA),6,1,50000.0,(61) 82634175,clinica_geral,0.36,0.6
0.5290,HR ODONTOLOGIA ESPECIALIZADA,34.995.297/0001-94,ME,VILA VICENTINA (PLANALTINA),6,1,50000.0,(61) 33895641,clinica_institucional,0.36,0.6
0.5290,TRINITA ODONTOLOGIA ESPECIALIZADA,38.052.037/0001-36,ME,SETOR TRADICIONAL (PLANALTINA),6,1,50000.0,(61) 94038978,clinica_institucional,0.36,0.6
0.5285,AMANDA PONCIO ODONTOLOGIA,44.026.222/0001-59,ME,ASA SUL,4,1,30000.0,(61) 35467273,marca_pessoal,0.39,0.35
0.5285,DRA. TATIANA BANDEIRA ODONTOLOGIA,48.813.035/0001-76,ME,ASA NORTE,3,1,30000.0,(61) 99050535,marca_pessoal,0.39,0.35
0.5285,DRA LAIZA RAKEL ODONTOLOGIA LTDA,47.698.050/0001-58,ME,SETOR HABITACIONAL ARNIQUEIRA (AGUAS CLARAS),4,1,25000.0,(61) 99855248,marca_pessoal,0.39,0.35
0.5285,CARAS CENTRO CLINICO DE ODONTOLOGIA,45.146.055/0001-42,ME,ASA NORTE,4,1,20000.0,(99) 99999999,clinica_institucional,0.39,0.35
0.5285,CTEO CENTRO DE TRATAMENTO ODONTOLOGICO,49.275.579/0001-94,ME,ASA SUL,3,1,20000.0,(61) 83992131,clinica_institucional,0.39,0.35
0.5285,SAGA ODONTO,47.837.963/0001-08,ME,ASA NORTE,3,1,20000.0,(61) 96131815,clinica_geral,0.39,0.35
0.5280,ATENDIMENTO 24 HORAS,47.770.872/0001-00,EPP,CEILANDIA SUL (CEILANDIA),4,1,200000.0,(61) 85450764,clinica_institucional,0.67,0.35
0.5280,DANELUCCI ODONTOLOGIA,59.295.560/0001-63,EPP,CEILANDIA,1,1,50000.0,(61) 81795456,clinica_geral,0.67,0.35
0.5270,INSTITUTO ODONTOLOGICO GAMA SUL,29.845.414/0001-01,ME,SETOR SUL COMERCIAL,8,1,300000.0,(61) 92967102,clinica_institucional,0.53,0.6
0.5270,LUMIERE ODONTOLOGIA ESPECIALIZADA LTDA,49.769.528/0001-19,ME,SAMAMBAIA SUL (SAMAMBAIA),3,1,140000.0,(61) 98132757,clinica_institucional,0.43,0.6
0.5270,DOMANNO ODONTOLOGIA ESPECIALIZADA,47.455.130/0001-82,ME,TAGUATINGA SUL (TAGUATINGA),4,1,50000.0,(61) 81117634,clinica_institucional,0.43,0.6
0.5270,DRA FABIANA SOUZA CLINICA ODONTOLOGICA,46.671.743/0001-94,ME,SETOR INDUSTRIAL (GAMA),4,1,50000.0,(61) 99390847,marca_pessoal,0.43,0.6
0.5270,CAMILA GONTIJO ODONTOLOGIA E ESTETICA,48.763.219/0001-79,ME,ZONA INDUSTRIAL (GUARA),3,1,1200.0,(61) 98809989,marca_pessoal,0.23,1.0
0.5270,LARISSA ALMEIDA PERIODONTIA E ESTETICA,46.584.609/0001-56,ME,CRUZEIRO NOVO,4,1,1000.0,(61) 83250086,marca_pessoal,0.23,1.0
0.5265,ODONTOCLIN - ADULTOS E CRIANCAS,04.212.488/0001-71,ME,CEILANDIA NORTE (CEILANDIA),25,1,95400.0,(61) 96494790,clinica_geral,0.41,0.6
0.5265,LSW ODONTOLOGIA 733DF LTDA,27.582.271/0001-59,ME,NORTE (AGUAS CLARAS),9,1,30000.0,(61) 81709639,clinica_geral,0.31,0.35
0.5265,ODONTOCLIN,18.104.615/0001-23,ME,SAMAMBAIA NORTE (SAMAMBAIA),13,1,10000.0,(61) 35637757,clinica_geral,0.31,0.35
0.5265,ODONTOLINEA,23.273.833/0001-21,ME,TAGUATINGA CENTRO (TAGUATINGA),10,1,10000.0,(61) 96336175,clinica_geral,0.31,0.35
0.5265,REDE CASAL20 SERVICOS,18.732.288/0001-54,ME,SOBRADINHO,13,1,10000.0,(61) 84014011,clinica_geral,0.31,0.35
0.5265,ALFA BAGNATO ODONTOLOGIA,41.008.594/0001-64,ME,ASA NORTE,5,1,5000.0,(61) 33273205,clinica_geral,0.31,0.35
0.5265,IB ODONTOLOGIA - UNIDADE GAMA,16.548.744/0001-85,ME,SETOR SUL GAMA,14,1,5000.0,(61) 36224525,clinica_geral,0.31,0.35
0.5265,CLINICA INOVAR ODONTOLOGIA HUMANIZADA,58.801.575/0001-93,ME,NORTE (AGUAS CLARAS),1,1,47500.0,(61) 96851690,clinica_geral,0.26,0.6
0.5265,ODONTOMED,57.912.543/0001-00,ME,SUL (AGUAS CLARAS),1,1,30000.0,(61) 96651980,clinica_geral,0.26,0.6
0.5265,TONCHEFF DENTAL CLINIC,54.267.677/0001-10,ME,SETOR HABITACIONAL VICENTE PIRES,2,1,30000.0,(61) 83830755,clinica_institucional,0.26,0.6
0.5265,BARONI,57.670.389/0001-08,ME,ASA NORTE,1,1,20000.0,(61) 35545626,clinica_institucional,0.26,0.6
0.5265,ECCO FACE,52.295.119/0001-32,ME,ASA SUL,2,1,20000.0,(61) 84021366,clinica_institucional,0.26,0.6
0.5265,DRA. JAMINE ORRICO ODONTOLOGIA ESPECIALIZADA,54.562.708/0001-65,ME,SUL (AGUAS CLARAS),2,1,20000.0,(61) 83420006,marca_pessoal,0.26,0.6
0.5265,RAZAK ODONTOLOGIA ESPECIALIZADA,53.941.635/0001-50,ME,AREA DE DESENVOLVIMENTO ECONOMICO (AGUAS CLARAS),2,1,20000.0,(61) 99702434,clinica_institucional,0.26,0.6
0.5260,CLINICA NATUS,28.803.240/0001-43,EPP,CEILANDIA NORTE (CEILANDIA),8,1,45000.0,(61) 34714861,clinica_geral,0.59,0.35
0.5260,VITAL ODONTOLOGIA E PSICOLOGIA,27.868.115/0001-59,EPP,AREA DE DESENVOLVIMENTO ECONOMICO (CEILANDIA),9,1,40000.0,(61) 96060315,clinica_geral,0.59,0.35
0.5260,SEED ODONTO ESTETICA,59.309.535/0001-91,ME,RECANTO DAS EMAS,1,1,150000.0,(61) 99362984,especialista_alto_ticket,0.34,1.0
0.5255,DAYANA DANELUCCI ODONTOLOGIA,20.095.149/0001-09,ME,CEILANDIA NORTE,12,1,93700.0,(61) 33748699,clinica_geral,0.42,0.35
0.5255,HOSPITAL DOS DENTES ODONTOLOGIA INTEGRADA,20.947.117/0001-94,ME,CENTRO (SAO SEBASTIAO),12,1,50000.0,(61) 33210999,clinica_geral,0.42,0.35
0.5250,DRA. ANGELICA CARVALHO,05.628.997/0002-23,EPP,TAGUATINGA CENTRO (TAGUATINGA),3,1,3000.0,(61) 81789530,marca_pessoal,0.55,0.35
0.5250,CLINICA ODONTOLOGICA PRADO,27.007.009/0001-80,ME,SETOR TRADICIONAL (PLANALTINA),9,1,30000.0,(61) 33895590,clinica_geral,0.35,0.6
0.5250,ARTE ODONTOLOGIA INTEGRAL LTDA,02.777.988/0001-25,ME,OCTOGONAL,27,1,0.0,(61) 32331861,clinica_geral,0.25,0.35
0.5245,SECONCI,03.656.261/0007-48,DEMAIS,ASA NORTE,6,1,0.0,(61) 33991888,clinica_geral,0.43,0.1
0.5240,CROOL BY RIOS ODONTOLOGIA E MEDICINA INTEGRADA,55.506.983/0001-24,DEMAIS,SETOR DE HABITACOES INDIVIDUAIS SUL,2,1,1000000.0,(61) 81751833,clinica_geral,0.66,0.35
0.5240,CLINICA ODONTOLOGICA ODONTOLY,27.904.693/0001-01,ME,CEILANDIA SUL (CEILANDIA),9,1,65000.0,(61) 84617099,clinica_geral,0.46,0.6
0.5240,TOPRISO ODONTOLOGIA,33.201.532/0001-46,ME,RECANTO DAS EMAS,7,1,50000.0,(61) 34345544,clinica_institucional,0.46,0.6
0.5240,ODONTO+SORRISO,40.651.091/0001-40,ME,RECANTO DAS EMAS,5,1,50000.0,(61) 33321689,clinica_geral,0.46,0.6
0.5235,CLINICA LC,01.029.452/0001-69,ME,SOBRADINHO,30,1,50000.0,,clinica_geral,0.29,0.6
0.5235,ODONTOLOGIA ESPECIALIZADA UNIVERSAL LTDA,03.187.445/0001-10,ME,TAGUATINGA,27,1,10100.0,(61) 33527463,clinica_institucional,0.29,0.6
0.5235,CLINICA ODONTOLOGICA ORAL 5 LTDA,02.417.108/0001-00,ME,GUARA I,28,1,9000.0,(61) 81537451,clinica_geral,0.29,0.6
0.5235,CENTRO ODONTOLOGICO MILLENNIUM,03.826.828/0001-91,ME,GAMA,26,1,0.0,(061) 5564554,clinica_institucional,0.29,0.6
0.5235,VIVA SORRINDO,06.968.295/0001-70,ME,CEILANDIA,22,1,0.0,(61) 33724124,clinica_geral,0.29,0.6
0.5235,ODONTO-CENTER,02.826.726/0001-03,ME,TAGUATINGA NORTE (TAGUATINGA),27,1,0.0,(61) 33542463,clinica_geral,0.29,0.6
0.5235,CLINICA ODONTOLOGICA RIBEIRO,03.705.699/0001-83,ME,SOBRADINHO,26,1,0.0,(61) 81856815,clinica_geral,0.29,0.6
0.5235,CLINICA ODONTOLOGICA LOUBACH,02.356.105/0001-03,ME,GUARA II,28,1,0.0,(061) 5672892,clinica_geral,0.29,0.6
0.5235,CORE - CLINICA ODONTOLOGICA,04.571.636/0001-44,ME,SAMAMBAIA NORTE,25,1,0.0,(61) 34599346,clinica_geral,0.29,0.6
0.5235,INSTITUTO ODONT.DR.HENRIQUE SILVA SILVEIRA,01.181.737/0001-10,ME,TAGUATINGA,30,1,0.0,(61) 35633789,clinica_institucional,0.29,0.6
0.5235,SORRIA +,02.055.993/0001-24,ME,GUARA II,29,1,0.0,(61) 32268244,clinica_geral,0.29,0.6
0.5230,BS ODONTOLOGIA E ESTETICA LTDA,58.500.499/0001-86,ME,TAGUATINGA,1,1,25000.0,(61) 81934483,especialista_alto_ticket,0.22,1.0
0.5230,ALLT DENTAL HARMONIZACAO,55.245.919/0001-37,ME,TAGUATINGA SUL,2,1,10000.0,(61) 82554763,especialista_alto_ticket,0.22,1.0
0.5230,RIVERE ODONTOLOGIA & ESTETICA,58.512.839/0001-99,ME,SETOR INDUSTRIAL (GAMA),1,1,10000.0,(61) 81865311,especialista_alto_ticket,0.22,1.0
0.5230,INSTITUTO HORUS PRIME DE ODONTOLOGIA & ESTETICA,54.333.146/0001-88,ME,TAGUATINGA SUL,2,1,10000.0,(61) 84748474,especialista_alto_ticket,0.22,1.0
0.5230,LUMINA ODONTOLOGIA E ESTETICA AVANCADA,55.747.201/0001-49,ME,SETOR CENTRAL (GAMA),2,1,5000.0,(61) 93692694,especialista_alto_ticket,0.22,1.0
0.5225,CLINICA DANIELA SILVEIRA,04.071.316/0001-25,ME,ST COML NORTE,25,1,20000.0,(61) 82358585,clinica_geral,0.4,0.6
0.5225,ODONTO SUPREMO,15.638.450/0001-81,ME,ESTRUTURAL,14,1,40000.0,(61) 39645656,clinica_geral,0.35,0.6
0.5225,CLINICA ODONTOVITA,49.860.327/0001-22,ME,AREAL (AGUAS CLARAS),3,1,10000.0,(61) 99225550,clinica_geral,0.25,0.6
0.5225,DR. LUIZ FELIPE - ODONTOLOGIA ESPECIALIZADA,48.846.060/0001-56,ME,AREAL (AGUAS CLARAS),3,1,10000.0,(61) 96290725,marca_pessoal,0.25,0.6
0.5225,ODONTO HARMONY,49.411.310/0001-98,ME,SETOR HABITACIONAL VICENTE PIRES,3,1,10000.0,(61) 92111643,clinica_geral,0.25,0.6
0.5225,SMILE SENSE,49.400.143/0001-80,ME,SETOR SUDOESTE,3,1,10000.0,(61) 96692283,clinica_institucional,0.25,0.6
0.5225,CARNEIRO ODONTOLOGIA,45.767.713/0001-13,ME,SETOR HABITACIONAL VICENTE PIRES,4,1,5000.0,(61) 33976996,clinica_geral,0.25,0.6
0.5220,FAZ SORRISOS CEILANDIA LTDA,33.416.624/0001-43,DEMAIS,CEILANDIA NORTE (CEILANDIA),7,1,80000.0,(11) 29506761,clinica_geral,0.58,0.35
0.5220,ORAL PERSONA ODONTOLOGIA LTDA.,34.728.505/0001-99,DEMAIS,SETOR DE HABITACOES INDIVIDUAIS SUL,7,1,50000.0,(61) 33210999,clinica_geral,0.58,0.35
0.5220,SAINT CLARA ODONTOLOGIA LTDA,33.206.091/0001-75,EPP,GRANJA DO TORTO,7,1,20000.0,(61) 86359892,clinica_geral,0.58,0.35
0.5220,IMPLANTAR ODONTOLOGIA ESPECIALIZADA,46.500.092/0001-70,ME,VEREDAS (BRAZLANDIA),4,1,60000.0,(61) 83460785,especialista_alto_ticket,0.33,1.0
0.5220,VIANA ODONTOLOGIA ESTETICA,43.890.451/0001-54,ME,DEL LAGO I (ITAPOA),4,1,50000.0,(61) 91304268,especialista_alto_ticket,0.33,1.0
0.5220,MORAES ODONTOLOGIA,45.084.537/0001-15,ME,CANDANGOLANDIA,4,1,50000.0,(61) 83782107,especialista_alto_ticket,0.33,1.0
0.5220,OKAMOTO ODONTOLOGIA E ESTETICA,50.296.782/0001-26,ME,SETOR DE HABITACOES INDIVIDUAIS SUL,3,1,50000.0,(61) 98865415,especialista_alto_ticket,0.33,1.0
0.5215,REABILITAR ODONTOLOGIA,02.578.607/0001-89,ME,TAGUATINGA NORTE (TAGUATINGA),31,1,50000.0,(61) 55855203,clinica_geral,0.41,0.35
0.5215,ODONTOCLINICA SORRISO PERFEITO,08.718.604/0001-80,ME,CEILANDIA CENTRO (CEILANDIA),19,1,50000.0,(61) 98053725,clinica_geral,0.41,0.35
0.5215,ODONTO PAIVA,10.379.174/0001-60,ME,CEILANDIA NORTE (CEILANDIA),17,1,50000.0,(61) 33725919,clinica_geral,0.41,0.35
0.5215,KASSOIN ASSISTENCIA ODONTOLOGICA INTEGRADA,00.674.029/0001-59,ME,SETOR CENTRAL GAMA,31,1,50000.0,(61) 92272006,clinica_geral,0.41,0.35
0.5215,ABRITTA ODONTOLOGIA LTDA,25.300.135/0001-01,ME,PARANOA,10,1,20000.0,(61) 81056000,clinica_geral,0.41,0.35
0.5215,ODONTOCLINICA RECANTO DAS EMAS,22.473.712/0001-60,ME,RECANTO DAS EMAS,11,1,10000.0,(61) 36224525,clinica_geral,0.41,0.35
0.5215,ODONTO CLEAIN,08.574.839/0001-45,ME,GAMA,19,1,15000.0,(61) 33841405,clinica_geral,0.36,0.35
0.5205,CONSULTORIO ODONTOLOGICO LUMINOS,52.865.168/0001-63,ME,NORTE (AGUAS CLARAS),2,1,420000.0,(61) 35262785,clinica_geral,0.37,0.35
0.5205,N P ODONTOLOGIA AVANCADA,46.965.506/0001-36,ME,ASA NORTE,4,1,120000.0,(77) 99568785,clinica_geral,0.37,0.35
0.5205,JARDIM ODONTO,51.332.713/0001-93,ME,SETOR HABITACIONAL JARDIM BOTANICO,3,1,114684.0,(61) 30430043,clinica_geral,0.37,0.35
0.5205,PRIME+ ODONTOLOGIA,51.470.048/0001-02,ME,SETOR HABITACIONAL VICENTE PIRES,3,1,109000.0,(61) 93339065,clinica_geral,0.37,0.35
0.5205,QUALITY ODONTOLOGIA,49.255.332/0001-06,ME,ASA SUL,3,1,100000.0,(61) 84697984,clinica_geral,0.37,0.35
0.5205,COB,46.973.316/0001-60,ME,AREAL (AGUAS CLARAS),4,1,100000.0,(61) 39770880,clinica_geral,0.37,0.35
0.5205,CLINICA MBASTOS,44.580.559/0001-03,ME,ASA SUL,4,1,100000.0,(61) 34428303,clinica_geral,0.37,0.35
0.5205,PINHEIRO SAMPAIO ODONTOLOGIA,44.269.175/0001-74,ME,ASA SUL,4,1,100000.0,(61) 33421639,clinica_geral,0.37,0.35
0.5205,SERENOS ODONTOLOGIA,51.761.826/0001-04,ME,AREAL (AGUAS CLARAS),3,1,100000.0,(61) 92201212,clinica_geral,0.37,0.35
0.5195,CLINICA ODONTOLOGICA ELABORATORIO GARCIA LTDA,02.880.759/0001-31,ME,PLANALTINA,27,1,0.0,(61) 3894420,clinica_geral,0.28,0.6
0.5190,JS MANZI ODONTOLOGIA,41.252.581/0001-36,ME,TAGUATINGA SUL (TAGUATINGA),5,1,600000.0,(61) 35632368,clinica_geral,0.46,0.35
0.5190,KINDERLLY ANA DA SILVA LTDA,41.713.060/0001-39,ME,SETOR RESIDENCIAL LESTE (PLANALTINA),5,1,110000.0,(61) 93713602,clinica_geral,0.46,0.35
0.5190,A. C. A. FREIRE LTDA,29.212.870/0001-06,ME,RIACHO FUNDO II,8,1,100000.0,(61) 98302877,clinica_geral,0.46,0.35
0.5190,TIO LU ODONTOLOGIA DA FAMILIA,34.186.978/0001-01,ME,TAGUATINGA NORTE (TAGUATINGA),7,1,99800.0,(61) 33552024,clinica_geral,0.46,0.35
0.5190,ORALFIX TAGUATINGA,26.512.714/0001-72,ME,TAGUATINGA SUL (TAGUATINGA),9,1,88000.0,(61) 82024196,clinica_geral,0.46,0.35
0.5190,VISIA ODONTOLOGIA,34.322.718/0001-16,ME,RIACHO FUNDO I,7,1,80000.0,(61) 33996246,clinica_geral,0.46,0.35
0.5190,BARSOU ODONTOLOGIA AVANCADA,42.239.333/0001-18,ME,TAGUATINGA,5,1,50000.0,(61) 99081881,clinica_geral,0.46,0.35
0.5190,DIORI ODONTOLOGIA,41.569.452/0001-76,ME,TAGUATINGA NORTE (TAGUATINGA),5,1,50000.0,(61) 96346096,clinica_geral,0.46,0.35
0.5190,LEONCIO ODONTOLOGIA,37.945.616/0001-45,ME,TAGUATINGA,6,1,50000.0,(61) 98443428,clinica_geral,0.46,0.35
0.5190,LIFE CENTRO MEDICO ODONTOLOGICO,37.374.236/0001-06,ME,SETOR CENTRAL (GAMA),6,1,50000.0,(61) 91263866,clinica_institucional,0.46,0.35
0.5190,DUO ODONTOLOGIA INTEGRADA,34.561.813/0001-72,ME,SAMAMBAIA SUL (SAMAMBAIA),7,1,50000.0,(61) 83490449,clinica_geral,0.46,0.35
0.5185,CHECK UP ORAL,13.530.598/0001-72,ME,RIACHO FUNDO I,15,1,50000.0,(61) 39676137,clinica_geral,0.29,0.35
0.5180,ODONTOLOGIA CANAL CLEAN,51.182.697/0001-08,EPP,BRASILIA,3,1,10000.0,(61) 33287934,clinica_geral,0.52,0.6
0.5180,ORAL VITALLE,48.045.671/0001-03,EPP,CEILANDIA NORTE (CEILANDIA),3,1,10000.0,(61) 95012264,clinica_geral,0.52,0.6
0.5175,ODONTOCLINICA PRO-SAUDE,02.221.359/0001-14,ME,SOBRADINHO,28,1,30000.0,(61) 36860708,clinica_geral,0.4,0.35
0.5170,ALESSANDRA GERALDA ODONTOLOGIA,59.328.437/0001-00,EPP,SAMAMBAIA SUL (SAMAMBAIA),1,1,30000.0,(61) 96870628,clinica_geral,0.53,0.35
0.5170,TESSIA NEVES ODONTOLOGIA,59.302.056/0001-43,EPP,TAGUATINGA NORTE (TAGUATINGA),1,1,30000.0,(61) 96050394,clinica_geral,0.53,0.35
0.5165,DRA THAYCE ARAUJO ODONTOLOGIA,44.034.131/0001-65,ME,ASA SUL,4,1,50000.0,(61) 93368504,marca_pessoal,0.36,0.35
0.5165,LUMINA VITA ENDODONTIA,53.591.734/0001-59,ME,SETOR NOROESTE,2,1,30000.0,(61) 35367492,clinica_geral,0.36,0.35
0.5165,LUMINA POLLY,53.480.592/0001-52,ME,SETOR NOROESTE,2,1,30000.0,(61) 81913271,clinica_geral,0.36,0.35
0.5155,CLINICA ODONTOLOGICA MARIA DA LUZ LTDA,37.172.053/0001-08,ME,GUARA,33,1,10000.0,,clinica_geral,0.27,0.6
0.5150,HB INSTITUTO ODONTOLOGICO,47.631.617/0001-79,ME,SETOR TRADICIONAL (PLANALTINA),4,1,100000.0,(61) 39681020,clinica_institucional,0.4,0.6
0.5145,CLINICA ODONTOLOGICA DEL LAGO,12.395.906/0001-31,ME,ITAPOA II,16,1,15000.0,(61) 33696846,clinica_geral,0.33,0.6
0.5145,EZLAB CAD SOLUTIONS,32.926.327/0001-85,ME,ASA SUL,7,1,100000.0,(61) 93724230,clinica_geral,0.28,0.35
0.5145,CONSOLARI ODONTOLOGIA LTDA,28.385.804/0001-75,ME,SUL (AGUAS CLARAS),9,1,40000.0,(61) 81026127,clinica_geral,0.28,0.35
0.5145,LIVIA KALIL ODONTOLOGIA LTDA,32.617.783/0001-43,ME,ASA NORTE,7,1,40000.0,(61) 92470872,marca_pessoal,0.28,0.35
0.5145,A&E ODONTOLOGIA INTEGRATIVA,34.930.935/0001-99,ME,ASA NORTE,6,1,10000.0,(61) 98777612,clinica_geral,0.28,0.35
0.5145,IDEALE SORRISO E FACE,41.831.469/0001-50,ME,SUL (AGUAS CLARAS),5,1,10000.0,(61) 81969099,clinica_geral,0.28,0.35
0.5145,PRIMAR ODONTOLOGIA,40.652.955/0001-48,ME,AREAL (AGUAS CLARAS),5,1,10000.0,(61) 81719833,clinica_geral,0.28,0.35
0.5145,RM ODONTOLOGIA,34.923.944/0001-52,ME,ASA NORTE,6,1,10000.0,(61) 33283744,clinica_geral,0.28,0.35
0.5145,ODONTOCLINIC ASA NORTE,40.279.395/0001-28,ME,ASA NORTE,5,1,5000.0,(61) 91194299,clinica_geral,0.28,0.35
0.5145,MARCOS GASPARETO ODONTOLOGIA E REABILITACAO,39.793.663/0001-46,ME,SETOR HABITACIONAL VICENTE PIRES,5,1,5000.0,(61) 83313544,marca_pessoal,0.28,0.35
0.5145,PONSSIANO CIRURGIA BUCOMAXILOFACIAL,42.961.561/0001-05,ME,ASA NORTE,5,1,5000.0,(61) 92939036,clinica_geral,0.28,0.35
0.5145,SYSTEMICA ODONTOLOGIA,38.166.383/0001-45,ME,ASA NORTE,6,1,5000.0,(61) 96960759,clinica_geral,0.28,0.35
0.5145,VENTURY ODONTOLOGIA,32.639.606/0001-68,ME,SUL (AGUAS CLARAS),7,1,5000.0,(61) 92925136,clinica_geral,0.28,0.35
0.5145,VIDAL CLINICA ODONTOLOGICA,52.994.005/0001-80,ME,ASA NORTE,2,1,1000.0,(61) 32249074,clinica_geral,0.23,0.6
0.5140,ORAL FACE ODONTOLOGIA E ESTETICA FACIAL,58.390.676/0001-19,ME,SETOR LESTE (GAMA),1,1,40000.0,(61) 91725842,especialista_alto_ticket,0.26,1.0
0.5135,SAITO ODONTOLOGIA LTDA,24.169.846/0001-18,ME,RESIDENCIAL SANTOS DUMONT (SANTA MARIA),10,1,100000.0,(61) 81111400,clinica_geral,0.39,0.35
0.5135,DENTE SAO,22.762.296/0001-10,ME,CEILANDIA SUL (CEILANDIA),11,1,93700.0,(61) 33731502,clinica_geral,0.39,0.35
0.5135,RUFINO ODONTOLOGIA,24.683.631/0001-10,ME,CEILANDIA SUL (CEILANDIA),10,1,88000.0,(61) 99232241,clinica_institucional,0.39,0.35
0.5135,KIDENTE ODONTOLOGIA,22.566.192/0001-30,ME,CEILANDIA NORTE (CEILANDIA),11,1,50000.0,(61) 33731657,clinica_geral,0.39,0.35
0.5135,FABIANO ALMADA SILVA FARIA,27.821.357/0001-97,ME,ASA NORTE,9,1,5000.0,(61) 32726191,clinica_geral,0.34,0.35
0.5130,VENANCIO REABILITACAO ORAL,52.386.582/0001-90,EPP,TAGUATINGA SUL (TAGUATINGA),2,1,10000.0,(61) 96076653,clinica_geral,0.52,0.35
0.5130,GCS SERVICOS ODONTOLOGICOS LTDA,50.282.127/0001-19,EPP,SETOR LESTE (GAMA),3,1,5000.0,(61) 98911999,clinica_geral,0.52,0.35
0.5130,JESSICA GUEDES CLINICA ODONTOLOGICA LTDA,27.560.560/0001-57,ME,GUARA II,9,1,98000.0,(61) 35674042,marca_pessoal,0.32,0.6
0.5130,COLLI,31.995.466/0001-06,ME,SETOR TRADICIONAL (PLANALTINA),7,1,48000.0,(61) 33893769,clinica_institucional,0.32,0.6
0.5130,INOL-INSTITUTO ODONTOLOGICO LIMA,29.823.355/0001-62,ME,TAGUATINGA NORTE (TAGUATINGA),8,1,40000.0,(61) 99744492,clinica_institucional,0.32,0.6
0.5130,CLINICA ODONTOLOGICA TRADICIONAL,29.859.459/0001-27,ME,SETOR TRADICIONAL (PLANALTINA),8,1,40000.0,(61) 33895726,clinica_geral,0.32,0.6
0.5130,CEOP,29.079.214/0001-87,ME,SETOR LESTE (GAMA),8,1,35000.0,(61) 30464761,clinica_institucional,0.32,0.6
0.5130,VMC ODONTOLOGIA,37.976.658/0001-43,ME,TAGUATINGA NORTE (TAGUATINGA),6,1,30000.0,(61) 81454866,clinica_institucional,0.32,0.6
0.5130,COEHL,27.928.527/0001-37,ME,TAGUATINGA,9,1,20000.0,(61) 84955394,clinica_institucional,0.32,0.6
0.5130,INSTITUTO ODONTOLOGICO ESPECIALIZART,37.377.131/0001-00,ME,RIACHO FUNDO I,6,1,20000.0,(61) 35746860,clinica_institucional,0.32,0.6
0.5125,ASTERI GESTAO,43.824.039/0001-36,ME,ASA NORTE,4,1,100000.0,(61) 93045188,clinica_geral,0.35,0.35
0.5125,CONECTA ODONTOLOGIA,47.281.198/0001-92,ME,ASA SUL,4,1,10000.0,(61) 32231235,clinica_geral,0.35,0.35
0.5125,RISPETTARE ODONTOLOGIA,49.687.875/0001-00,ME,ASA SUL,3,1,10000.0,(61) 81909674,clinica_geral,0.35,0.35
0.5125,STIL ODONTO,45.514.655/0001-16,ME,ASA SUL,4,1,10000.0,(61) 98296400,clinica_geral,0.35,0.35
0.5125,LV ODONTOLOGIA,50.481.973/0001-68,ME,ASA NORTE,3,1,10000.0,(61) 98276077,clinica_geral,0.35,0.35
0.5120,AG ODONTOLOGIA,49.082.815/0001-56,DEMAIS,CEILANDIA SUL (CEILANDIA),3,1,200000.0,(61) 82955353,clinica_geral,0.63,0.35
0.5120,ODONTOLOGIA CH PARANOA,48.618.158/0001-56,DEMAIS,PARANOA,3,1,100000.0,(61) 92235387,clinica_geral,0.63,0.35
0.5120,ORTOGNATICA BRASILIA,55.082.088/0001-20,EPP,GRANJA DO TORTO,2,1,30000.0,(61) 35522020,clinica_geral,0.63,0.35
0.5120,JOSE ERNESTO JUNQUEIRA DE BARROS JUNIOR,01.171.029/0001-07,ME,ASA NORTE,30,1,0.0,(61) 33279288,marca_pessoal,0.28,0.35
0.5110,STETIC CENTER,43.441.535/0001-00,ME,SETOR INDUSTRIAL (TAGUATINGA),4,1,40000.0,(61) 82641294,clinica_geral,0.39,0.6
0.5105,CLINICA ODONTOLOGICA DENTE BELO,02.024.789/0001-46,ME,CEILANDIA CENTRO (CEILANDIA),29,1,20882.0,(61) 33732648,clinica_geral,0.37,0.6
0.5105,CENTRO ESPECIALIZADO EM ODONTOLOGIA,03.600.067/0001-55,ME,SANTA MARIA,26,1,20000.0,(61) 33931555,clinica_institucional,0.37,0.6
0.5105,CONSULTORIO DRA FERNANDA DE CASTRO SILVA LTDA,27.695.822/0001-90,ME,ASA NORTE,9,1,10000.0,(61) 32251013,clinica_geral,0.27,0.35
0.5105,ODONTO ART'S,04.779.919/0001-86,ME,PLANALTINA,24,1,0.0,(61) 33891893,clinica_geral,0.27,0.35
0.5105,ODONTOCLINICA,58.438.618/0001-18,ME,ASA NORTE,1,1,15000.0,(61) 32028125,clinica_institucional,0.22,0.6
0.5105,AB INSTITUTO-ODONTOLOGIA E SAUDE,57.874.096/0001-34,ME,ASA SUL,1,1,10000.0,(91) 91120336,clinica_institucional,0.22,0.6
0.5105,CLINICA ODONTOLOG,56.794.293/0001-80,ME,SUL (AGUAS CLARAS),2,1,10000.0,(61) 85562000,clinica_geral,0.22,0.6
0.5105,CLINICA ODONTOLOGICA KENKO,54.644.991/0001-74,ME,ASA NORTE,2,1,10000.0,(61) 81222691,clinica_geral,0.22,0.6
0.5105,CLINICA ODONTOSAT,52.125.092/0001-30,ME,SETOR SUDOESTE,2,1,10000.0,(61) 99998610,clinica_geral,0.22,0.6
0.5105,INSTITUTO DENTAL CHROMA,56.945.174/0001-81,ME,SUL (AGUAS CLARAS),2,1,10000.0,(61) 96070811,clinica_institucional,0.22,0.6
0.5105,IMCB - INSTITUTO MORAIS DE CIRURGIA BUCOMAXILOFACIAL,52.787.745/0001-46,ME,ASA NORTE,2,1,10000.0,(61) 81059405,clinica_institucional,0.22,0.6
0.5105,DR XAVIER ODONTOLOGIA ESPECIALIZADA,59.062.842/0001-10,ME,SETOR HABITACIONAL VICENTE PIRES,1,1,10000.0,(61) 96227893,marca_pessoal,0.22,0.6
0.5100,J & T ORTHO LIDER CONSULTORIO ODONTOLOGICO LTDA,52.779.492/0001-69,ME,CEILANDIA SUL (CEILANDIA),2,1,100000.0,(61) 34711093,especialista_alto_ticket,0.3,1.0
0.5100,IMPLANTALYS,43.602.247/0001-90,ME,ARAPOANGA (PLANALTINA),4,1,5000.0,(61) 95072542,especialista_alto_ticket,0.25,1.0
0.5095,ODONTOCENTER,08.251.488/0001-31,ME,TAGUATINGA,20,1,10000.0,(61) 33526579,clinica_geral,0.33,0.35
0.5090,DOCTORS,03.231.326/0001-18,ME,ASA SUL,27,1,6000.0,(61) 33211594,clinica_geral,0.21,0.35
0.5085,BENE CLINICA,54.476.875/0001-93,ME,ASA NORTE,2,1,150000.0,(61) 35506170,clinica_geral,0.34,0.35
0.5085,IN FIX ODONTOLOGIA PREMIUM,54.105.417/0001-48,ME,NORTE (AGUAS CLARAS),2,1,150000.0,(61) 94170664,clinica_geral,0.34,0.35
0.5085,FACIE ODONTO,57.042.630/0001-46,ME,SETOR HABITACIONAL VICENTE PIRES,2,1,150000.0,(61) 74036307,clinica_geral,0.34,0.35
0.5085,NEXUS ODONTOLOGIA INTEGRADA,59.269.409/0001-50,ME,ASA SUL,1,1,122500.0,(62) 86376717,clinica_geral,0.34,0.35
0.5085,TERRA ODONTOLOGIA,54.021.587/0001-44,ME,NORTE (AGUAS CLARAS),2,1,110000.0,(61) 91364058,clinica_geral,0.34,0.35
0.5085,C-STAR,56.962.740/0001-63,ME,ASA NORTE,2,1,100000.0,(61) 84624226,clinica_geral,0.34,0.35
0.5085,FABRINNE DE CARVALHO ODONTOLOGIA,52.074.847/0001-14,ME,ASA NORTE,2,1,100000.0,(31) 87552239,clinica_geral,0.34,0.35
0.5085,FASES ODONTOLOGIA,55.596.243/0001-26,ME,NORTE (AGUAS CLARAS),2,1,100000.0,(61) 81657047,clinica_geral,0.34,0.35
0.5085,SB PRIME ODONTOLOGIA,54.441.432/0001-67,ME,ASA SUL,2,1,100000.0,(61) 99821885,clinica_geral,0.34,0.35
0.5085,RUSSIAN LIPS SCHOOL E CLINIC,55.065.156/0001-42,ME,ASA NORTE,2,1,100000.0,(61) 82465727,clinica_geral,0.34,0.35
0.5085,VIDA E SORRISOS - SAUDE INTEGRADA,53.888.331/0001-76,ME,ASA SUL,2,1,20000.0,(61) 99851209,clinica_geral,0.34,0.35
0.5080,C.O.P.S,28.532.546/0001-02,ME,CEILANDIA,9,1,30000.0,(61) 33772579,clinica_institucional,0.42,0.6
0.5080,CEMA CLINICA ODONTOLOGICA,30.282.264/0001-46,ME,PARANOA,8,1,30000.0,(61) 99097726,clinica_geral,0.42,0.6
0.5080,IDEAL ODONTOLOGIA,31.293.456/0001-10,ME,CEILANDIA NORTE,8,1,20000.0,(61) 92993707,clinica_geral,0.42,0.6
0.5080,DENTALCLINIC,41.644.644/0001-08,ME,SETOR TRADICIONAL (SAO SEBASTIAO),5,1,20000.0,(61) 82428197,clinica_geral,0.42,0.6
0.5075,INTEGRATTO ODONTOLOGIA,46.919.513/0001-00,ME,SETOR HABITACIONAL VICENTE PIRES,4,1,200000.0,(61) 83436260,clinica_geral,0.4,0.35
0.5070,SORRIR BRASIL ODONTOLOGIA,31.384.293/0001-81,ME,SAMAMBAIA SUL (SAMAMBAIA),8,1,250000.0,(61) 33587070,clinica_geral,0.43,0.35
0.5070,RR- ODONTOLOGIA REABILITADORA,41.179.264/0001-31,ME,SETOR CENTRAL (GAMA),5,1,250000.0,(61) 33723074,clinica_geral,0.43,0.35
0.5065,ERIKA ODONTOLOGIA,31.172.830/0001-20,ME,SETOR HABITACIONAL VICENTE PIRES,8,1,4000.0,(61) 85285729,clinica_geral,0.26,0.35
0.5065,MR3 ODONTOLOGIA,36.123.736/0001-02,ME,ASA SUL,6,1,2000.0,(61) 84379209,clinica_geral,0.26,0.35
0.5065,DRA. NATUREZA DIAS PRATES,43.109.766/0001-11,ME,ASA NORTE,5,1,1000.0,(61) 81026885,marca_pessoal,0.26,0.35
0.5060,ORTHODONTIC,43.922.394/0001-48,ME,SANTA MARIA,4,1,30000.0,(61) 99430575,especialista_alto_ticket,0.29,1.0
0.5060,BEST ESTETICA,48.708.297/0001-70,ME,CENTRO (SAO SEBASTIAO),3,1,20000.0,(61) 99048966,especialista_alto_ticket,0.29,1.0
0.5055,CLINICA DENTARIA SAO LUCAS,05.979.472/0001-51,ME,CEILANDIA,22,1,30000.0,(61) 3745499,clinica_geral,0.37,0.35
0.5055,ANTONINI ODONTOLOGIA,35.210.964/0001-49,ME,ASA SUL,6,1,40000.0,(61) 99997736,clinica_geral,0.32,0.35
0.5055,CLINICA PORTOCARRERO ODONTOLOGIA,36.238.480/0001-70,ME,ASA NORTE,6,1,30000.0,(61) 84970812,clinica_geral,0.32,0.35
0.5055,LOUNGE ODONTOLOGIA,27.445.860/0001-95,ME,NORTE (AGUAS CLARAS),9,1,30000.0,(61) 96611191,clinica_geral,0.32,0.35
0.5055,LUMINATO ODONTO,32.773.040/0001-62,ME,ASA NORTE,7,1,20000.0,(61) 98091910,clinica_geral,0.32,0.35
0.5050,CLINICA ENDODAIA LTDA,24.894.834/0001-56,ME,ASA SUL,38,1,10000.0,,clinica_geral,0.2,0.35
0.5050,RCC DR.EMILIO POUSA,03.115.902/0001-61,ME,ASA NORTE,27,1,0.0,,clinica_geral,0.2,0.35
0.5045,SORRIA ODONTOLOGIA,11.519.084/0001-90,ME,CEILANDIA NORTE (CEILANDIA),16,1,10000.0,(61) 33715510,clinica_geral,0.43,0.35
0.5045,HLK ODONTOLOGIA LTDA,59.062.207/0001-33,ME,ASA SUL,1,1,100000.0,(61) 99999999,clinica_geral,0.33,0.35
0.5045,ALMEIDAYS ODONTOLOGIA,50.712.639/0001-78,ME,SETOR HABITACIONAL VICENTE PIRES - TRECHO 3,3,1,50000.0,(61) 32563000,clinica_geral,0.33,0.35
0.5045,INTEGRALLE ODONTOLOGIA DE ALTA PERFORMANCE,52.692.534/0001-20,ME,ASA NORTE,2,1,50000.0,(62) 96602140,clinica_geral,0.33,0.35
0.5045,BRILLARE ODONTOLOGIA,45.355.470/0001-06,ME,ASA SUL,4,1,50000.0,(61) 81567111,clinica_institucional,0.33,0.35
0.5045,CIOB ODONTOLOGIA,58.495.807/0001-22,ME,AREAL (AGUAS CLARAS),1,1,50000.0,(61) 30286612,clinica_institucional,0.33,0.35
0.5045,SOLAR ODONTOLOGIA,45.618.217/0001-06,ME,ASA SUL,4,1,50000.0,(61) 99757235,clinica_geral,0.33,0.35
0.5045,DRA VANESSA GOMES ODONTOLOGIA,48.891.971/0001-03,ME,NORTE (AGUAS CLARAS),3,1,50000.0,(61) 83505771,marca_pessoal,0.33,0.35
0.5045,FLAVIANE MIDREI LTDA,45.130.756/0001-93,ME,SETOR DE MANSOES DO LAGO NORTE,4,1,50000.0,(61) 92928363,clinica_geral,0.33,0.35
0.5045,HARMONI ODONTO,47.045.852/0001-69,ME,NORTE (AGUAS CLARAS),4,1,50000.0,(61) 93209449,clinica_geral,0.33,0.35
0.5045,JULIANNE PERILLO ODONTOLOGIA,54.782.873/0001-22,ME,SUL (AGUAS CLARAS),2,1,50000.0,(61) 84924945,clinica_geral,0.33,0.35
0.5045,IPO,44.231.981/0001-53,ME,ASA NORTE,4,1,50000.0,(61) 33260411,clinica_geral,0.33,0.35
0.5045,SORRISO 24 HORAS,52.575.729/0001-90,ME,AREAL (AGUAS CLARAS),2,1,50000.0,(61) 98913227,clinica_geral,0.33,0.35
0.5045,ODONTOLOGIA RODRIGUES MOLINAR,48.558.493/0001-06,ME,SUL (AGUAS CLARAS),3,1,50000.0,(61) 83854040,clinica_geral,0.33,0.35
0.5045,SAUDE ODONTOLOGICA COMPLETA,55.795.147/0001-07,ME,SETOR SUDOESTE,2,1,50000.0,(61) 91279662,clinica_geral,0.33,0.35
0.5045,SEVERINO DALLEMOLE ODONTOLOGIA,47.384.321/0001-09,ME,ASA NORTE,4,1,50000.0,(61) 99727563,clinica_geral,0.33,0.35
0.5045,DRA. BEATRIZ CACAO,48.675.479/0001-92,ME,SUL (AGUAS CLARAS),3,1,2000.0,(61) 83772136,marca_pessoal,0.33,0.35
0.5045,ANICETO ODONTOLOGIA,46.092.106/0001-63,ME,ASA SUL,4,1,1200.0,(61) 99966106,clinica_geral,0.33,0.35
0.5045,FRANCISCO CASTRO AVALIACOES,51.396.892/0001-22,ME,AGUAS CLARAS,3,1,1000.0,(61) 99048595,clinica_geral,0.33,0.35
0.5030,BUENO'S ODONTOLOGIA LTDA,33.652.133/0001-00,ME,TAGUATINGA NORTE (TAGUATINGA),7,1,99800.0,(61) 84216700,clinica_geral,0.42,0.35
0.5030,DENTISTAS SORRIDENTE ODONTOLOGIA LTDA,27.994.057/0001-00,ME,SAMAMBAIA SUL (SAMAMBAIA),9,1,94000.0,(61) 96816624,clinica_geral,0.42,0.35
0.5030,BRASILIA SMILE ODONTOLOGIA,35.345.216/0001-73,ME,TAGUATINGA NORTE (TAGUATINGA),6,1,40000.0,(61) 96624396,clinica_geral,0.42,0.35
0.5030,DUO ODONTOLOGIA E MEDICINA,37.263.752/0001-55,ME,ZONA INDUSTRIAL (GUARA),6,1,40000.0,(61) 96638676,clinica_geral,0.42,0.35
0.5030,CLINICA DE ODONTOLOGIA AVANCADA SOBRADINHO,30.695.975/0001-42,ME,SOBRADINHO,8,1,30000.0,(61) 35911497,clinica_geral,0.42,0.35
0.5030,NEW CENTER ODONTOLOGICO,26.093.430/0001-99,ME,SETOR RESIDENCIAL OESTE (PLANALTINA),9,1,30000.0,(61) 33892923,clinica_geral,0.42,0.35
0.5030,CEMEC,34.853.988/0001-53,ME,TAGUATINGA NORTE (TAGUATINGA),6,1,20000.0,(61) 96428796,clinica_institucional,0.42,0.35
0.5030,CLINICA INSTAGUE ODONTOLOGIA E SAUDE,33.680.288/0001-41,ME,SAMAMBAIA SUL (SAMAMBAIA),7,1,20000.0,(61) 95829595,clinica_institucional,0.42,0.35
0.5030,MEDIC ODONTO,30.610.409/0001-90,ME,SAMAMBAIA NORTE (SAMAMBAIA),8,1,20000.0,(61) 37038330,clinica_geral,0.42,0.35
0.5030,NASER ODONTOLOGIA,41.363.483/0001-76,ME,SETOR OESTE (GAMA),5,1,20000.0,(61) 30335172,clinica_geral,0.42,0.35
0.5030,MAKRO ODONTOLOGIA,50.128.882/0001-43,ME,TAGUATINGA NORTE (TAGUATINGA),3,1,100000.0,(61) 33540929,clinica_geral,0.37,0.6
0.5030,CLINICA ODONTO KABI,55.605.002/0001-04,ME,SAMAMBAIA NORTE (SAMAMBAIA),2,1,100000.0,(61) 99999999,clinica_geral,0.37,0.6
0.5030,CLINICA ODONTOLOGICA PLANALTO,48.806.796/0001-09,ME,JARDIM RORIZ (PLANALTINA),3,1,100000.0,(61) 33889183,clinica_geral,0.37,0.6
0.5030,HDH CLINICA ODONTOLOGICA,47.415.867/0001-71,ME,GUARA II,4,1,100000.0,(61) 36864175,clinica_geral,0.37,0.6
0.5030,HR ODONTOLOGIA,50.236.955/0001-10,ME,GAMA,3,1,100000.0,(61) 91239418,clinica_geral,0.37,0.6
0.5030,IMPLAMASTER,50.375.541/0001-72,ME,ARAPOANGA (PLANALTINA),3,1,100000.0,(61) 95072542,clinica_geral,0.37,0.6
0.5030,DRA. JANAINA ALBUQUERQUE - ODONTOLOGIA ESPECIALIZADA,50.112.014/0001-75,ME,ARAPOANGA (PLANALTINA),3,1,100000.0,(61) 33084496,marca_pessoal,0.37,0.6
0.5030,LUMINNI ODONTOLOGIA INTEGRADA,59.176.238/0001-15,ME,SETOR CENTRAL (GAMA),1,1,100000.0,(61) 99274563,clinica_geral,0.37,0.6
0.5025,CLINICA ODONTOMAX,53.166.454/0001-01,ME,ASA NORTE,2,1,1000.0,(41) 97880145,clinica_geral,0.2,0.6
0.5025,UNA CLINIC ODONTOLOGIA,52.047.338/0001-00,ME,SUL (AGUAS CLARAS),2,1,1000.0,(61) 35466074,clinica_institucional,0.2,0.6
0.5020,JARDIM BOTANICO ODONTOLOGIA,38.268.075/0001-20,ME,SETOR DE HABITACOES INDIVIDUAIS SUL,6,1,224684.0,(11) 26711111,clinica_geral,0.53,0.35
0.5020,CONSULTORIO DR. LUCIANO BENELLI MARCONDES DE MELLO,39.732.974/0001-03,ME,VILA NOVA (SAO SEBASTIAO),5,1,200000.0,(61) 98323148,clinica_geral,0.53,0.35
0.5020,PROSPERE ODONTOLOGIA E FACE,42.142.921/0001-39,ME,RECANTO DAS EMAS,5,1,200000.0,(61) 99358813,clinica_geral,0.53,0.35
0.5015,CONSULTORIO ODONTOLOGICO NOVO SORRISO,09.529.031/0001-09,ME,RECANTO DAS EMAS,18,1,10000.0,(61) 30341551,clinica_geral,0.36,0.35
0.5015,DENTALIS ODONTOLOGIA,08.271.674/0001-32,ME,CENTRO SAO SEBASTIAO,20,1,10000.0,(61) 32265817,clinica_geral,0.36,0.35
0.5015,ODONTO-VIDA,02.015.795/0001-37,ME,TAGUATINGA CENTRO (TAGUATINGA),29,1,10000.0,(61) 35634079,clinica_geral,0.36,0.35
0.5015,MOURA ODONTOLOGIA,23.736.378/0001-53,ME,PONTE ALTA NORTE (GAMA),10,1,10000.0,(61) 98476247,clinica_geral,0.31,0.35
0.5010,NEO,55.950.173/0001-62,EPP,TAGUATINGA,2,1,10000.0,(61) 93236712,clinica_geral,0.49,0.35
0.5010,MENDANHA ODONTOLOGIA,58.887.254/0001-53,EPP,SOBRADINHO,1,1,5000.0,(61) 98034960,clinica_geral,0.49,0.35
0.5005,ALIVITTA REABILITACAO ORAL,52.445.272/0001-07,ME,ASA SUL,2,1,16000.0,(61) 85904501,clinica_geral,0.32,0.35
0.5005,TJ. ODONTO,57.072.927/0001-54,ME,SETOR HABITACIONAL VICENTE PIRES,2,1,10000.0,(61) 96258931,clinica_geral,0.32,0.35
0.5005,LUIZ RABELO ODONTO,57.256.039/0001-91,ME,SETOR HABITACIONAL ARNIQUEIRA (AGUAS CLARAS),1,1,10000.0,(61) 82038223,marca_pessoal,0.32,0.35
0.5005,M.A.Z ODONTOLOGIA,54.328.519/0001-22,ME,ASA NORTE,2,1,5000.0,(11) 41183442,clinica_geral,0.32,0.35
0.5000,LUMES ODONTOLOGIA S/S,54.242.588/0001-19,EPP,CENTRAL,2,1,120000.0,(61) 84355140,clinica_geral,0.6,0.35
0.5000,IBO BRASILIA ODONTOLOGIA,55.142.024/0001-77,DEMAIS,SETOR DE HABITACOES INDIVIDUAIS SUL,2,1,100000.0,(62) 30932737,clinica_geral,0.6,0.35
0.5000,AMARAL ODONTOLOGIA,46.117.486/0001-43,EPP,SANTA MARIA,4,1,50000.0,(61) 30396990,clinica_geral,0.6,0.35
0.5000,CLINICA ODONTOLOGICA ORE,28.551.498/0001-08,ME,RECANTO DAS EMAS,9,1,180000.0,(61) 33515400,clinica_geral,0.4,0.6
0.5000,COBTEC,37.132.042/0001-96,ME,SETOR DE HABITACOES INDIVIDUAIS SUL,6,1,110000.0,(61) 92866279,clinica_institucional,0.4,0.6
0.5000,ODONTIKA,36.224.507/0001-76,ME,FAZENDINHA (ITAPOA),6,1,110000.0,(61) 41044415,clinica_geral,0.4,0.6
0.5000,SMART ODONTO,36.612.743/0001-60,ME,DEL LAGO I (ITAPOA),6,1,104500.0,(61) 33494812,clinica_institucional,0.4,0.6
0.5000,CS ODONTOLOGIA ESPECIALIZADA,29.700.957/0001-22,ME,SETOR MEIRELES (SANTA MARIA),8,1,100000.0,(61) 91647494,clinica_institucional,0.4,0.6
0.5000,IMOI,42.469.570/0001-75,ME,BRASILIA,5,1,100000.0,(61) 30553486,clinica_institucional,0.4,0.6
0.5000,MUNDO SORRISO CLINICA ODONTOLOGICA,27.999.058/0001-47,ME,ITAPOA II,9,1,100000.0,(61) 35258061,clinica_geral,0.4,0.6
0.5000,NEO CLINICA NUCLEO ESPECIALIZADO ODONTOLOGICO,42.270.401/0001-01,ME,CENTRO (SAO SEBASTIAO),5,1,100000.0,(61) 91099797,clinica_institucional,0.4,0.6
0.5000,EDUARDO DE SANTOS LESSA,37.124.393/0001-55,ME,ASA NORTE,34,1,0.0,(061) 3280038,marca_pessoal,0.25,0.35
0.4990,CLINICA ODONTOLOGICA DE TAGUATINGA LTDA,51.138.008/0001-50,ME,TAGUATINGA SUL (TAGUATINGA),3,1,300000.0,(68) 99899475,clinica_geral,0.36,0.6
0.4990,INSTITUTO QUEVEDO ODONTOLOGIA E MEDICINA INTEGRADA,53.294.301/0001-31,ME,TAGUATINGA SUL (TAGUATINGA),2,1,20000.0,(61) 81429750,clinica_institucional,0.36,0.6
0.4990,MAXDENTE,54.395.936/0001-98,ME,TAGUATINGA,2,1,20000.0,(61) 81985540,clinica_geral,0.36,0.6
0.4990,ORALSIN IMPLANTES,54.849.987/0001-42,ME,SETOR TRADICIONAL (PLANALTINA),2,1,29000.0,(62) 94839299,especialista_alto_ticket,0.16,1.0
0.4985,SIMETRIZE ODONTOLOGIA INTEGRADA LTDA,28.193.891/0001-69,ME,ASA SUL,9,1,18000.0,(61) 84113926,clinica_geral,0.24,0.35
0.4985,MC REABILITACAO ORAL LTDA,37.232.986/0001-35,ME,ASA NORTE,6,1,10000.0,(61) 96187303,clinica_geral,0.24,0.35
0.4980,ODONTO INVESTT CLINICA ODONTOLOGICA,46.690.620/0001-09,ME,SANTA MARIA,4,1,150000.0,(61) 91740145,clinica_geral,0.47,0.6
0.4975,SANTELE ODONTOLOGIA INTEGRADA,24.189.803/0001-02,ME,MORRO AZUL (SAO SEBASTIAO),10,1,49900.0,(61) 85979640,clinica_geral,0.35,0.35
0.4975,CIA DO SORRISO,23.103.745/0001-81,ME,VILA SAO JOSE (SAO SEBASTIAO),11,1,40000.0,(61) 33352538,clinica_geral,0.35,0.35
0.4975,CLINICA DENTARIA ALEXANDRE SAMPAIO,22.667.835/0001-32,ME,CEILANDIA SUL (CEILANDIA),11,1,30000.0,(61) 33745365,clinica_geral,0.35,0.35
0.4975,WPP ODONTOLOGIA,25.236.297/0001-10,ME,CEILANDIA SUL (CEILANDIA),10,1,20000.0,(61) 96507033,clinica_geral,0.35,0.35
0.4970,CAMILA GARCIA,59.064.729/0001-74,DEMAIS,SOBRADINHO,1,1,10000.0,(61) 91159292,marca_pessoal,0.48,0.35
0.4970,OPM ODONTOLOGIA LTDA,51.462.104/0001-59,EPP,GAMA,3,1,10000.0,(61) 98000368,clinica_geral,0.48,0.35
0.4970,MENEZES ODONTOLOGIA,37.779.182/0001-50,ME,TAGUATINGA NORTE (TAGUATINGA),6,1,15000.0,(61) 30340811,clinica_geral,0.28,0.6
0.4970,NEIDIMAR ODONTOLOGIA,42.367.459/0001-78,ME,TAGUATINGA NORTE (TAGUATINGA),5,1,15000.0,(61) 99880443,clinica_geral,0.28,0.6
0.4970,INSTITUTO IOFE,28.752.162/0001-03,ME,TAGUATINGA NORTE (TAGUATINGA),8,1,15000.0,(61) 39674854,clinica_institucional,0.28,0.6
0.4970,CB ODONTO,32.143.619/0001-41,ME,GUARA II,7,1,10000.0,(61) 30362626,clinica_geral,0.28,0.6
0.4970,CENTRO ODONTOLOGICO M NORTE,29.645.994/0001-85,ME,TAGUATINGA NORTE (TAGUATINGA),8,1,10000.0,(61) 83003663,clinica_institucional,0.28,0.6
0.4970,NATURALE CLINICA ODONTOLOGICA,41.236.161/0001-66,ME,SETOR CENTRAL (GAMA),5,1,10000.0,(61) 98492521,clinica_geral,0.28,0.6
0.4970,LEMOS ODONTOLOGIA ESPECIALIZADA,37.677.518/0001-74,ME,SOBRADINHO II,6,1,10000.0,(61) 33879289,clinica_institucional,0.28,0.6
0.4970,CONFIANCA ODONTOLOGIA ESPECIALIZADA,42.288.619/0001-93,ME,TAGUATINGA NORTE (TAGUATINGA),5,1,5000.0,(61) 93028096,clinica_institucional,0.28,0.6
0.4970,DRA. CAROLINA LEAL- ODONTOLOGIA ESPECIALIZADA,36.770.530/0001-66,ME,GUARA II,6,1,5000.0,(61) 95158616,marca_pessoal,0.28,0.6
0.4970,INSTITUTO ARTFACE,37.902.133/0001-63,ME,TAGUATINGA,6,1,5000.0,(61) 86230203,clinica_institucional,0.28,0.6
0.4965,ODONTONAVA,18.434.888/0001-36,ME,CEILANDIA,13,1,15000.0,(61) 33552858,clinica_geral,0.41,0.35
0.4965,CE SERVICOS ODONTOLOGICOS LTDA,49.003.323/0001-28,ME,ASA SUL,3,1,10000.0,(61) 99725853,clinica_geral,0.31,0.35
0.4965,PRESMIC ODONTOLOGIA LTDA,45.755.546/0001-90,ME,JARDINS MANGUEIRAL (JARDIM BOTANICO),4,1,10000.0,(61) 81676706,clinica_geral,0.31,0.35
0.4960,KAMARTI ODONTOLOGIA,42.026.828/0001-69,ME,CENTRO (SAO SEBASTIAO),5,1,50000.0,(61) 99559920,clinica_institucional,0.39,0.6
0.4950,ODONTO LIS,30.818.613/0001-00,ME,SAMAMBAIA SUL (SAMAMBAIA),8,1,120000.0,(61) 33589954,clinica_geral,0.4,0.35
0.4950,MB ODONTOLOGIA,41.945.055/0001-51,ME,SOBRADINHO,5,1,110000.0,(61) 34876780,clinica_geral,0.4,0.35
0.4950,ODONTO CRED,37.252.732/0001-89,ME,SETOR SUL (GAMA),6,1,110000.0,(61) 84022784,clinica_geral,0.4,0.35
0.4950,DRA. RAYSSA RIBEIRO,36.690.203/0001-02,ME,NUCLEO BANDEIRANTE,6,1,105000.0,(61) 99242901,marca_pessoal,0.4,0.35
0.4950,PHENIX ODONTOLOGIA INTEGRADA,39.805.832/0001-10,ME,SETOR CENTRAL (GAMA),5,1,104500.0,(61) 30520506,clinica_geral,0.4,0.35
0.4950,MOTA ODONTOLOGIA,36.601.408/0001-66,ME,SOBRADINHO,6,1,104500.0,(61) 92444652,clinica_geral,0.4,0.35
0.4950,KI ODONTOLOGIA INTEGRADA,31.919.888/0001-94,ME,NUCLEO BANDEIRANTE,7,1,100000.0,(61) 32642302,clinica_geral,0.4,0.35
0.4950,ODONTOLOGIA KARAJA,32.915.760/0001-15,ME,TAGUATINGA NORTE (TAGUATINGA),7,1,100000.0,(61) 95411444,clinica_geral,0.4,0.35
0.4950,GOU CLINICAS ODONTOLOGICAS,27.023.182/0001-72,ME,TAGUATINGA NORTE (TAGUATINGA),9,1,100000.0,(61) 38790307,clinica_geral,0.4,0.35
0.4950,SAUDE INTEGRADA ODONTOLOGIA,33.016.342/0001-59,ME,TAGUATINGA NORTE,7,1,100000.0,(61) 96010317,clinica_geral,0.4,0.35
0.4950,EPONINA ODONTOLOGIA,51.775.574/0001-72,ME,SETOR LESTE (GAMA),3,1,10000.0,(61) 86718264,clinica_institucional,0.35,0.6
0.4950,ARTHUR CRUCIOL ODONTOLOGIA,50.398.113/0001-65,ME,TAGUATINGA NORTE (TAGUATINGA),3,1,10000.0,(61) 82938442,clinica_institucional,0.35,0.6
0.4940,ODONTO SHOP SOL NASCENTE,27.371.294/0001-14,DEMAIS,CEILANDIA SUL (CEILANDIA),9,1,15000.0,(61) 82680246,clinica_geral,0.51,0.35
0.4940,ODONTOCOMPANY,30.484.017/0001-22,ME,CEILANDIA NORTE (CEILANDIA),8,2,97000.0,(61) 99048906,multi_unidade,0.41,0.6
0.4940,HEVIVA ODONTOLOGIA,57.621.434/0001-26,ME,CENTRO (SAO SEBASTIAO),1,1,45000.0,(61) 92281103,especialista_alto_ticket,0.26,1.0
0.4940,CENTRO ESTETICO MAIS ODONTOLOGIA,54.380.110/0001-55,ME,PARANOA,2,1,25000.0,(61) 82153620,especialista_alto_ticket,0.26,1.0
0.4940,CENTRO ESTETICO MAIS ODONTOLOGIA,54.380.572/0001-72,ME,PARANOA,2,1,25000.0,(61) 33696435,especialista_alto_ticket,0.26,1.0
0.4940,CENTRO ESPECIALIZADO ODONTOLOGIA E ESTETICA CEILANDIA,54.350.344/0001-50,ME,CEILANDIA NORTE (CEILANDIA),2,1,20000.0,(61) 93156564,especialista_alto_ticket,0.26,1.0
0.4940,ORE ODONTOLOGIA DE REABILITACAO E ESTETICA ORAL,45.835.777/0001-04,ME,SETOR DE HABITACOES INDIVIDUAIS SUL,4,1,1000.0,(61) 39672057,especialista_alto_ticket,0.26,1.0
0.4935,ENDODENT - CLINICA DENTARIA,06.195.452/0001-52,ME,SOBRADINHO,22,1,0.0,(61) 4876671,clinica_geral,0.29,0.35
0.4930,MALDI ODONTOLOGIA,43.434.876/0001-59,ME,TAGUATINGA CENTRO (TAGUATINGA),4,1,110000.0,(61) 86460626,clinica_geral,0.47,0.35
0.4930,COAG,44.679.573/0001-69,ME,GUARA I,4,1,101020.0,(61) 35680421,clinica_geral,0.47,0.35
0.4930,"ESPECIALIDADES, ODONTO E MULTIDISCIPLINAR CUIDAR",49.226.585/0001-51,ME,TAGUATINGA SUL (TAGUATINGA),3,1,100000.0,(61) 98614174,clinica_institucional,0.47,0.35
0.4930,CLINICA FONTES,50.311.524/0001-71,ME,TAGUATINGA,3,1,100000.0,(61) 98602079,clinica_geral,0.47,0.35
0.4930,LENK ODONTOLOGIA SAMAMBAIA,47.431.558/0001-95,ME,SAMAMBAIA SUL (SAMAMBAIA),4,1,100000.0,(61) 82164581,clinica_geral,0.47,0.35
0.4930,PRINCIPALE DIGITAL CLINIC,44.100.953/0001-05,ME,SETOR CENTRAL (GAMA),4,1,100000.0,(61) 33850312,clinica_geral,0.47,0.35
0.4930,ODONTOCLINICA MAIUCE LIMA S/C LTDA,01.367.335/0001-05,ME,ASA NORTE,30,1,5000.0,,clinica_geral,0.17,0.35
0.4925,CLINICA SORRIENTE,13.963.017/0001-96,ME,CEILANDIA CENTRO (CEILANDIA),15,1,20000.0,(61) 81715902,clinica_geral,0.4,0.35
0.4925,SATYA ODONTOLOGIA LTDA,55.644.077/0001-96,ME,ASA SUL,2,1,140000.0,(61) 91493644,clinica_geral,0.3,0.35
0.4925,MEP ODONTOLOGIA LTDA,58.130.362/0001-87,ME,NORTE (AGUAS CLARAS),1,1,100000.0,(61) 82026838,clinica_geral,0.3,0.35
0.4925,GHBN ODONTOLOGIA,54.775.724/0001-36,ME,ASA SUL,2,1,70000.0,(61) 99984347,clinica_geral,0.3,0.35
0.4925,IRCOI ODONTOLOGIA INTEGRADA,52.755.670/0001-11,ME,ASA NORTE,2,1,60000.0,(61) 96534403,clinica_geral,0.3,0.35
0.4925,SEMEAR ODONTOLOGIA,54.958.188/0001-04,ME,SETOR HABITACIONAL VICENTE PIRES,2,1,60000.0,(61) 81535406,clinica_geral,0.3,0.35
0.4925,ANA ROSA ODONTOLOGIA,53.261.638/0001-42,ME,ASA NORTE,2,1,55000.0,(61) 99783940,marca_pessoal,0.3,0.35
0.4925,RAMER ODONTOLOGIA,52.657.548/0001-02,ME,ASA NORTE,2,1,50000.0,(61) 99765402,clinica_geral,0.3,0.35
0.4925,STARS CLINICS ODONTO E COWORKING DE SAUDE,55.621.846/0001-30,ME,NORTE (AGUAS CLARAS),2,1,50000.0,(61) 84068124,clinica_geral,0.3,0.35
0.4925,SANRIDETI ODONTOLOGIA,53.257.043/0001-13,ME,AREAL (AGUAS CLARAS),2,1,50000.0,(61) 34013008,clinica_geral,0.3,0.35
0.4925,NAZARIO CLINICAL,58.390.075/0001-06,ME,AREAL (AGUAS CLARAS),1,1,50000.0,(61) 99269191,clinica_geral,0.3,0.35
0.4925,NKL ODONTOLOGIA,57.951.523/0001-30,ME,SETOR HABITACIONAL VICENTE PIRES,1,1,50000.0,(61) 85242446,clinica_geral,0.3,0.35
0.4925,ODONTO AREAL DF,57.049.602/0001-50,ME,AREAL (AGUAS CLARAS),2,1,50000.0,(61) 91975701,clinica_geral,0.3,0.35
0.4925,TAHI ODONTOLOGIA E BEM ESTAR,53.342.592/0001-96,ME,ASA SUL,2,1,50000.0,(61) 32242970,clinica_geral,0.3,0.35
0.4925,EA ODONTOLOGIA,58.646.389/0001-27,ME,SETOR HABITACIONAL VICENTE PIRES,1,1,2000.0,(61) 94160177,clinica_geral,0.3,0.35
0.4925,ZENITE ODONTOLOGIA,57.731.618/0001-49,ME,AREAL (AGUAS CLARAS),1,1,1000.0,(61) 94621322,clinica_geral,0.3,0.35
0.4920,ODONTO REALIZAR,47.318.036/0001-81,ME,RECANTO DAS EMAS,4,2,50000.0,(61) 83464242,multi_unidade,0.48,0.6
0.4920,ODONTOBRASILIA,28.677.092/0001-68,ME,JARDINS MANGUEIRAL,8,1,10000.0,(61) 30377550,clinica_geral,0.38,0.6
0.4920,ORAL SIN IMPLANTES,29.614.663/0001-88,ME,SETOR RESIDENCIAL OESTE (SAO SEBASTIAO),8,1,10000.0,(61) 36224525,especialista_alto_ticket,0.18,1.0
0.4915,CLINICA DENTARIA FARES,01.239.917/0001-06,ME,TAGUATINGA NORTE,30,1,7500.0,,clinica_geral,0.21,0.6
0.4910,PINHEIRO DOS SANTOS ODONTOLOGIA LTDA,41.913.131/0001-47,ME,SOBRADINHO,5,1,130000.0,(61) 84002125,clinica_geral,0.39,0.35
0.4910,CIS - CLINICA INTEGRADA DE SAMAMBAIA,33.286.617/0001-74,ME,SAMAMBAIA SUL (SAMAMBAIA),7,1,99800.0,(61) 81221474,clinica_geral,0.39,0.35
0.4910,CLINICA ODONTOLOGICA ERGANG,53.400.847/0001-20,ME,VALE DO AMANHECER (PLANALTINA),2,1,180000.0,(61) 95534615,clinica_geral,0.34,0.6
0.4910,ENCANTTAR ODONTOLOGIA,55.099.614/0001-64,ME,TAGUATINGA NORTE (TAGUATINGA),2,1,150000.0,(61) 98075284,clinica_institucional,0.34,0.6
0.4910,SANTE ODONTOLOGIA,53.476.092/0001-47,ME,TAGUATINGA SUL (TAGUATINGA),2,1,150000.0,(61) 35730353,clinica_institucional,0.34,0.6
0.4910,DR. GEDSON PAULO ODONTOLOGIA ESPECIALIZADA,53.543.599/0001-76,ME,SETOR RESIDENCIAL LESTE (PLANALTINA),2,1,120000.0,(61) 95251000,marca_pessoal,0.34,0.6
0.4910,INSTITUTO MICHELLE SANTOS,55.511.726/0001-80,ME,TAGUATINGA NORTE (TAGUATINGA),2,1,100000.0,(61) 96613152,clinica_institucional,0.34,0.6
0.4910,CLINICA ODONTOLOGICA TSOLAKIS,53.503.325/0001-53,ME,TAGUATINGA SUL (TAGUATINGA),2,1,100000.0,(61) 82146477,clinica_geral,0.34,0.6
0.4905,CLINICA ODONTOLOGICA DRA DULCINEIA LTDA,01.284.038/0001-04,ME,BRASILIA,30,1,5000.0,(61) 99729905,clinica_geral,0.32,0.6
0.4905,SMILE CENTRO ODONTOLOGICO,03.395.383/0001-32,ME,CEILANDIA SUL,26,1,0.0,(061) 3760201,clinica_institucional,0.32,0.6
0.4905,MOURA SERVICOS E PRODUTOS ODONTOLOGICOS LTDA,42.649.759/0001-40,ME,SETOR SUDOESTE,5,1,10000.0,(61) 81176199,clinica_geral,0.22,0.35
0.4900,DENTISAUDE,38.729.261/0001-10,ME,CEILANDIA SUL (CEILANDIA),5,1,105000.0,(61) 33730200,clinica_geral,0.5,0.35
0.4900,SORRIMAIS,39.731.593/0001-00,ME,CENTRO (SAO SEBASTIAO),5,1,104500.0,(61) 94480877,clinica_geral,0.5,0.35
0.4900,IME+SAUDE,34.986.411/0001-10,ME,SETOR RESIDENCIAL OESTE (SAO SEBASTIAO),6,1,100000.0,(61) 35411444,clinica_institucional,0.5,0.35
0.4900,ODONTOCLINICA P. NORTE,27.901.820/0001-00,ME,CEILANDIA NORTE (CEILANDIA),9,1,100000.0,(61) 81797571,clinica_institucional,0.5,0.35
0.4900,SORRICLIN,31.829.043/0001-08,ME,RECANTO DAS EMAS,7,1,100000.0,(61) 39676157,clinica_geral,0.5,0.35
0.4900,TINTIM,35.884.967/0001-68,ME,SETOR TRADICIONAL (SAO SEBASTIAO),6,1,100000.0,(51) 96402040,clinica_geral,0.5,0.35
0.4895,CLINICA DR DARIO SILVA CIRURGIA BUCO-MAXILO-FACIAL LTDA,03.548.685/0001-01,ME,GAMA,26,1,20000.0,(61) 3844488,clinica_geral,0.33,0.35
0.4895,CONSULTORIO ODONTOLOGICO REGIANE ZULMIRA,08.947.241/0001-54,ME,PARANOA,19,1,5000.0,(61) 33696933,clinica_geral,0.33,0.35
0.4895,MARIANA OLIVEIRA BRITO ODONTOLOGIA,27.830.624/0001-92,ME,NORTE (AGUAS CLARAS),9,1,20000.0,(61) 82259270,marca_pessoal,0.28,0.35
0.4895,PAULA DUARTE ODONTOLOGIA,34.895.140/0001-97,ME,ASA SUL,6,1,10000.0,(61) 33263005,marca_pessoal,0.28,0.35
0.4895,STUDIO ELEVE - ODONTO E SAUDE,31.076.803/0001-53,ME,ASA SUL,8,1,10000.0,(61) 84916712,clinica_geral,0.28,0.35
0.4895,SALUTE ODONTOLOGIA,30.126.562/0001-47,ME,NORTE (AGUAS CLARAS),8,1,10000.0,(61) 32227136,clinica_geral,0.28,0.35
0.4895,BARBARA QUEIROZ OLIVEIRA,40.127.859/0001-80,ME,ASA NORTE,5,1,5000.0,(61) 99999999,clinica_geral,0.28,0.35
0.4895,DM - ODONTOLOGIA,36.612.353/0001-90,ME,SETOR HABITACIONAL ARNIQUEIRA (AGUAS CLARAS),6,1,5000.0,(61) 33263005,clinica_geral,0.28,0.35
0.4895,LFR ODONTO,32.678.960/0001-00,ME,ASA NORTE,7,1,5000.0,(61) 33494812,clinica_geral,0.28,0.35
0.4895,MAURO MANOEL BRAMBILLA FILHO,35.193.822/0001-10,ME,ASA SUL,6,1,5000.0,(61) 33220142,clinica_geral,0.28,0.35
0.4895,T A ODONTOLOGIA,42.564.222/0001-87,ME,SETOR HABITACIONAL JARDIM BOTANICO,5,1,5000.0,(61) 91072885,clinica_geral,0.28,0.35
0.4885,NEW ODONTO,22.245.905/0001-64,ME,SANTA MARIA,11,1,50000.0,(61) 95605677,clinica_geral,0.39,0.35
0.4885,CARAPITO ODONTOLOGIA LTDA,51.528.715/0001-52,ME,ASA SUL,3,1,80000.0,(61) 81939740,clinica_geral,0.29,0.35
0.4885,ODONTO PREMIER BSB LTDA,57.158.492/0001-65,ME,ASA NORTE,1,1,50000.0,(61) 86824000,clinica_geral,0.29,0.35
0.4885,TZC ODONTOLOGIA,49.943.191/0001-14,ME,SETOR NOROESTE,3,1,49000.0,(61) 81364484,clinica_geral,0.29,0.35
0.4885,INB ODONTO,51.310.285/0001-06,ME,AREAL (AGUAS CLARAS),3,1,48000.0,(61) 82765344,clinica_geral,0.29,0.35
0.4885,MENOLI ODONTOLOGIA,47.078.549/0001-62,ME,AGUAS CLARAS,4,1,48000.0,(61) 92581929,clinica_geral,0.29,0.35
0.4885,IBA ODONTOLOGIA,44.392.257/0001-01,ME,SUL (AGUAS CLARAS),4,1,40000.0,(61) 99821787,clinica_geral,0.29,0.35
0.4885,LE BLANC ODONTOLOGIA AVANCADA,50.424.626/0001-01,ME,ASA SUL,3,1,40000.0,(61) 98981199,clinica_geral,0.29,0.35
0.4885,ORALVECK ODONTOLOGIA,50.531.155/0001-22,ME,NORTE (AGUAS CLARAS),3,1,40000.0,(61) 91742504,clinica_geral,0.29,0.35
0.4885,G.A.M SERVICOS,45.962.324/0001-49,ME,NORTE (AGUAS CLARAS),4,1,35000.0,(61) 91698030,clinica_geral,0.29,0.35
0.4885,CASTRO ODONTOLOGIA,51.326.219/0001-16,ME,AREAL (AGUAS CLARAS),3,1,30000.0,(61) 81072002,clinica_geral,0.29,0.35
0.4885,SISSI ODONTOLOGIA DOMICILIAR,43.591.467/0001-66,ME,NORTE (AGUAS CLARAS),4,1,30000.0,(61) 33940321,clinica_geral,0.29,0.35
0.4885,CLINICA BE YOU,45.451.541/0001-74,ME,NORTE (AGUAS CLARAS),4,1,25000.0,(61) 91689835,clinica_geral,0.29,0.35
0.4885,AVANCE CLINICA,47.415.743/0001-96,ME,NORTE (AGUAS CLARAS),4,1,20000.0,(61) 98798037,clinica_geral,0.29,0.35
0.4885,INACIO ODONTOLOGIA,50.375.650/0001-90,ME,NORTE (AGUAS CLARAS),3,1,20000.0,(61) 82215944,clinica_geral,0.29,0.35
0.4885,CAPATTI SERVICOS ODONTOLOGICOS,53.977.519/0001-90,ME,SUL (AGUAS CLARAS),2,1,20000.0,(61) 32440307,clinica_geral,0.29,0.35
0.4885,MIMESIS,46.605.152/0001-19,ME,ASA NORTE,4,1,20000.0,(61) 81218652,clinica_geral,0.29,0.35
0.4885,PEDRO HENRIQUE ODONTOLOGIA LTDA,51.491.127/0001-91,ME,ASA SUL,3,1,20000.0,(61) 83204939,marca_pessoal,0.29,0.35
0.4885,PRIMEIRA CLASSE ODONTOLOGIA,44.616.397/0001-16,ME,ASA NORTE,4,1,20000.0,(61) 98102532,clinica_geral,0.29,0.35
0.4885,ENLEVO ATIVIDADE ODONTOLOGICA LTDA,43.697.460/0001-23,ME,ASA NORTE,4,1,1000.0,(61) 81694903,clinica_geral,0.29,0.35
0.4880,ULISSES ODONTOLOGIA,54.149.011/0001-67,EPP,CEILANDIA SUL (CEILANDIA),2,1,80000.0,(61) 96709009,clinica_geral,0.57,0.35
0.4880,FONSECA ODONTOLOGIA LTDA,53.406.597/0001-35,EPP,VARJAO,2,1,70000.0,(61) 82447012,clinica_geral,0.57,0.35
0.4875,C O G,01.266.247/0001-17,ME,GAMA,30,1,0.0,,clinica_institucional,0.2,0.6
0.4870,SALUTA ODONTOLOGIA,27.523.186/0001-10,ME,TAGUATINGA NORTE (TAGUATINGA),9,1,10000.0,(61) 30476177,clinica_geral,0.38,0.35
0.4870,SANCHES DE OLIVEIRA ODONTOLOGIA,34.616.628/0001-38,ME,SOBRADINHO,7,1,10000.0,(61) 92311009,clinica_geral,0.38,0.35
0.4870,CLINICA ODONTOLOGICA DR LEONARDO ELIAS LTDA,44.037.776/0001-51,ME,GUARA II,4,1,150000.0,(61) 96764959,clinica_geral,0.33,0.6
0.4870,INCISION ODONTOLOGIA ESPECIALIZADA,46.448.327/0001-21,ME,SETOR RESIDENCIAL LESTE (PLANALTINA),4,1,99000.0,(61) 92640474,clinica_institucional,0.33,0.6
0.4870,ORAL DESIGN ODONTOLOGIA ESPECIALIZADA,44.335.580/0001-43,ME,TAGUATINGA NORTE (TAGUATINGA),4,1,80000.0,(61) 82995290,clinica_institucional,0.33,0.6
0.4870,BOCCA ODONTOLOGIA ESPECIALIZADA,49.066.173/0001-00,ME,ARAPOANGA (PLANALTINA),3,1,70000.0,(61) 93811844,clinica_institucional,0.33,0.6
0.4870,EXCELLENT ODONTOLOGIA,44.168.994/0001-25,ME,TAGUATINGA SUL (TAGUATINGA),4,1,60000.0,(61) 85959783,clinica_geral,0.33,0.6
0.4870,WA SMILE ODONTOLOGIA ESPECIALIZADA,50.134.656/0001-75,ME,TAGUATINGA CENTRO (TAGUATINGA),3,1,57000.0,(61) 95517323,clinica_institucional,0.33,0.6
0.4870,ERO DENT,46.411.459/0001-89,ME,SETOR TRADICIONAL (PLANALTINA),4,1,50000.0,(61) 82971687,clinica_geral,0.33,0.6
0.4870,DRA FERNANDA CLINICA ODONTOLOGICA,47.976.806/0001-83,ME,GUARA,3,1,50000.0,(61) 85989594,marca_pessoal,0.33,0.6
0.4870,ILLUS ODONTOLOGIA ESPECIALIZADA,48.936.387/0001-19,ME,TAGUATINGA SUL (TAGUATINGA),3,1,50000.0,(61) 91490002,clinica_institucional,0.33,0.6
0.4870,ODONTOLOGIA ESPECIALIZADA RM,43.602.633/0001-82,ME,TAGUATINGA,4,1,50000.0,(61) 95770905,clinica_institucional,0.33,0.6
0.4870,THAYNARA ALCANTARA - ODONTOLOGIA ESPECIALIZADA,46.633.372/0001-56,ME,GAMA,4,1,50000.0,(61) 84155790,clinica_institucional,0.33,0.6
0.4870,ELEVE ODONTOLOGIA ESPECIALIZADA,51.604.223/0001-07,ME,SETOR CENTRAL (GAMA),3,1,50000.0,(61) 94584010,clinica_institucional,0.33,0.6
0.4865,CIAO ODONTOLOGIA,13.259.115/0001-47,ME,TAGUATINGA CENTRO (TAGUATINGA),15,1,10000.0,(61) 33729413,clinica_institucional,0.21,0.35
0.4860,DUANNY GUEDES ODONTOLOGIA ESPECIALIZADA,53.092.867/0001-80,ME,SETOR DE HABITACOES INDIVIDUAIS NORTE,2,1,100000.0,(61) 81250433,clinica_institucional,0.44,0.6
0.4855,CENTRO INTEGRADO BRASILIENSE DE ODONTOLOGIA LTDA,02.753.841/0001-03,ME,SAMAMBAIA,27,1,15000.0,(061) 3237208,clinica_institucional,0.32,0.35
0.4855,CLINICA DE ODONTOLOGIA E PSICOLOGIA DINIZ LTDA,00.800.115/0001-60,ME,TAGUATINGA NORTE (TAGUATINGA),30,1,15000.0,(61) 33547950,clinica_geral,0.32,0.35
0.4855,EVIDENT - CLINICA DE ODONTOLOGIA INTEGRADA,05.872.554/0001-00,ME,BRASILIA,22,1,0.0,(61) 3451055,clinica_geral,0.32,0.35
0.4855,HOSPITAL DOS DENTES,07.325.820/0001-00,ME,SAO SEBASTIAO,21,1,0.0,(61) 3210999,clinica_geral,0.32,0.35
0.4855,REABILIT ODONTOLOGIA,04.831.556/0001-80,ME,CEILANDIA,24,1,0.0,(61) 3266500,clinica_geral,0.32,0.35
0.4855,FRANCISCO DAS CHAGAS LIMA JUNIOR,17.723.755/0001-17,ME,GAMA,13,1,10000.0,(61) 41028641,clinica_geral,0.27,0.35
0.4855,KARY VIVIANNE GOMES BANDEIRA,11.539.544/0001-42,ME,GUARA II,16,1,1.0,(61) 32453627,clinica_geral,0.27,0.35
0.4850,VIVA IMAGEM E RADIOLOGIA LTDA,58.174.307/0001-99,EPP,SAMAMBAIA,1,1,100000.0,(61) 92945613,clinica_geral,0.45,0.35
0.4850,CLINICA DRA. RAFAELA MOREIRA LTDA,53.614.431/0001-04,EPP,TAGUATINGA,2,1,10000.0,(61) 98783054,clinica_geral,0.45,0.35
0.4845,DRA. NELSE GOMES ODONTOLOGIA,48.356.277/0001-88,ME,ASA NORTE,3,1,10000.0,(61) 33264234,marca_pessoal,0.28,0.35
0.4845,DUETTO CLINICA,43.382.840/0001-79,ME,ASA NORTE,4,1,10000.0,(61) 91578627,clinica_geral,0.28,0.35
0.4845,MARCIO BORGES ODONTOLOGIA,43.945.994/0001-21,ME,ASA NORTE,4,1,10000.0,(61) 33263364,marca_pessoal,0.28,0.35
0.4845,DRª FERNANDA DE PAULA,48.819.344/0001-53,ME,ASA NORTE,3,1,10000.0,(61) 94056910,marca_pessoal,0.28,0.35
0.4840,HOLLYWOOD ODONTO,59.361.249/0001-75,DEMAIS,PARANOA,1,1,50000.0,(61) 38380022,clinica_geral,0.56,0.35
0.4840,STUDIO ORAL PREMIUM,55.942.954/0001-05,DEMAIS,CEILANDIA,2,1,50000.0,(11) 22564486,clinica_geral,0.56,0.35
0.4840,ODONTOCROMA ODONTOLOGIA,51.575.043/0001-36,EPP,SETOR DE HABITACOES INDIVIDUAIS NORTE,3,1,49000.0,(61) 30418554,clinica_geral,0.56,0.35
0.4840,CLINICA NOVA ORTO ODONTOLOGIA,43.965.254/0001-57,EPP,SANTA MARIA,4,1,30000.0,(61) 33936669,clinica_geral,0.56,0.35
0.4840,ESSENCIAL SAUDE CLINICA ODONTOLOGICA LTDA,27.613.220/0001-47,ME,PARANOA,9,1,100000.0,(61) 91260383,clinica_geral,0.36,0.6
0.4840,DENTZ,32.841.266/0001-53,ME,RECANTO DAS EMAS,7,1,99800.0,(61) 88659544,clinica_geral,0.36,0.6
0.4840,CLINICA ODONTOLOGICA N N,29.868.118/0001-18,ME,CEILANDIA NORTE (CEILANDIA),8,1,95400.0,(61) 35854800,clinica_geral,0.36,0.6
0.4840,DUBAI ODONTOLOGIA,33.709.776/0001-34,ME,PARANOA,7,1,60000.0,(61) 95757272,clinica_geral,0.36,0.6
0.4840,ODONTO SMART,42.253.407/0001-70,ME,SANTA MARIA,5,1,50000.0,(61) 95828686,clinica_geral,0.36,0.6
0.4840,CLINICA ODONTOLOGICA SORRIR MAIS,43.276.273/0001-76,ME,RECANTO DAS EMAS,5,1,50000.0,(61) 30214406,clinica_geral,0.36,0.6
0.4840,ERO DENT,33.496.298/0001-21,ME,RECANTO DAS EMAS,7,1,50000.0,(61) 82971687,clinica_geral,0.36,0.6
0.4840,INSTITUTO ODONTOLOGICO DR. DAVID CARVALHO,38.015.700/0001-22,ME,CEILANDIA NORTE (CEILANDIA),6,1,50000.0,(61) 91034881,clinica_institucional,0.36,0.6
0.4830,RENOVA SORRISO CLINICA ODONTOLOGICA,30.546.557/0001-93,ME,CEILANDIA CENTRO (CEILANDIA),8,1,30000.0,(61) 32567353,clinica_geral,0.42,0.6
0.4825,CONSULTORIO ODONTOLOGICO DR. ADRIANA RABELO LABOISSIERE,05.213.664/0001-52,ME,SOBRADINHO,24,1,0.0,,clinica_geral,0.2,0.35
0.4825,CLINICA TAFFNER,04.947.496/0001-66,ME,GUARA I,24,1,0.0,,clinica_geral,0.2,0.35
0.4820,ODONTO PREMIER,45.559.742/0001-90,ME,DEL LAGO I (ITAPOA),4,1,50000.0,(61) 99969726,clinica_geral,0.43,0.6
0.4815,SORRI CLINIC,18.272.488/0001-71,ME,CENTRO (SAO SEBASTIAO),13,1,100000.0,(61) 35512097,clinica_geral,0.31,0.35
0.4815,HFM ODONTOLOGIA LTDA,24.719.746/0001-18,ME,RECANTO DAS EMAS,10,1,30000.0,(61) 82641013,clinica_geral,0.31,0.35
0.4815,CLINICA BELODENTE,18.451.741/0001-54,ME,CENTRO (SAO SEBASTIAO),13,1,10000.0,(61) 32037009,clinica_geral,0.31,0.35
0.4815,D&L REPRESENTACOES COMERCIAIS,22.613.516/0001-44,ME,CEILANDIA NORTE (CEILANDIA),11,1,10000.0,(61) 84261559,clinica_geral,0.31,0.35
0.4815,SORRI DENTE CLINICA DENTARIA,26.495.671/0001-64,ME,SOBRADINHO,35,1,10000.0,,clinica_geral,0.31,0.35
0.4815,ODONTOCLINICA SAO SEBATIAO,18.198.871/0001-27,ME,"RESIDENCIAL OESTE, SAO SEBASTIAO",13,1,5000.0,(61) 36224525,clinica_geral,0.31,0.35
0.4815,ASTRIX ORTOPEDIA FUNCIONAL DOS MAXILARES LTDA,07.802.349/0001-96,ME,SETOR DE HABITACOES INDIVIDUAIS NORTE,20,1,2000.0,(61) 34681255,clinica_geral,0.31,0.35
0.4815,UNIDADE DE TERAPIA ODONTOLOGICA,02.429.349/0001-79,ME,GUARA I,28,1,1000.0,(61) 99821156,clinica_geral,0.31,0.35
0.4815,I DENTIST,41.515.565/0001-99,ME,NORTE (AGUAS CLARAS),5,1,2000.0,(61) 81913963,clinica_geral,0.26,0.35
0.4810,FILEN ODONTOLOGIA AVANCADA,59.145.488/0001-98,ME,TAGUATINGA,1,1,100000.0,(61) 84913217,clinica_geral,0.44,0.35
0.4810,DENTELINE ODONTOLOGIA,52.061.671/0001-66,ME,TAGUATINGA CENTRO (TAGUATINGA),2,1,100000.0,(61) 85385868,clinica_geral,0.44,0.35
0.4810,ORAL PRIME ODONTOLOGIA,54.025.541/0001-01,ME,TAGUATINGA CENTRO (TAGUATINGA),2,1,100000.0,(61) 96161122,clinica_geral,0.44,0.35
0.4810,ASSOCIACAO HOPNE HOMECARE E ODONTOLOGIA,58.676.756/0001-35,DEMAIS,CRUZEIRO VELHO,1,1,0.0,(61) 99138310,clinica_geral,0.44,0.35
0.4810,ALLIANCE ODONTOLOGIA ESPECIALIZADA LTDA,27.296.449/0001-03,ME,TAGUATINGA NORTE (TAGUATINGA),9,1,10000.0,(61) 33396696,clinica_institucional,0.24,0.6
0.4805,ODONTO FERNANDES,12.432.105/0001-07,ME,SANTA MARIA,16,1,20000.0,(61) 86651713,clinica_institucional,0.37,0.35
0.4805,RAME ODONTOLOGIA,06.203.156/0001-56,ME,TAGUATINGA,22,1,0.0,(61) 39651880,clinica_geral,0.32,0.1
0.4800,UNIQUE ODONTOLOGIA,28.449.063/0001-49,ME,CENTRO (SAO SEBASTIAO),9,1,45000.0,(61) 98376090,clinica_institucional,0.35,0.6
0.4795,CAIO RUAN FRANCA DOS SANTOS ODONTOLOGIA,50.009.234/0001-78,ME,NORTE (AGUAS CLARAS),3,1,1000.0,(94) 81175752,clinica_geral,0.33,0.35
0.4790,JWL ODONTOLOGIA LTDA,28.288.729/0001-24,ME,TAGUATINGA CENTRO (TAGUATINGA),9,1,110000.0,(61) 37972222,clinica_geral,0.36,0.35
0.4790,LOI - LABOISSIERE ODONTOLOGIA INTEGRADA LTDA,26.386.908/0001-79,ME,RIACHO FUNDO I,9,1,105000.0,(61) 81336629,clinica_geral,0.36,0.35
0.4790,INDIKE ODONTOLOGIA,35.118.544/0001-37,ME,SETOR TRADICIONAL (PLANALTINA),6,1,99900.0,(61) 30553538,clinica_geral,0.36,0.35
0.4790,REAL SAUDE,33.036.452/0001-82,ME,SETOR SUL (GAMA),7,1,99800.0,(61) 85015526,clinica_geral,0.36,0.35
0.4790,ODONTOLOGIA JOAO CARLOS SOUZA,31.585.654/0001-58,ME,SETOR SUL (GAMA),7,1,98000.0,(61) 99682508,clinica_geral,0.36,0.35
0.4790,ODONTOLOGIA SANTA APOLONIA,28.866.779/0001-41,ME,SETOR CENTRAL (GAMA),8,1,95000.0,(61) 82293148,clinica_geral,0.36,0.35
0.4790,ODONTOCLINICA LUCIANA ALVES,27.250.221/0001-74,ME,SOBRADINHO,9,1,93700.0,(61) 33874194,clinica_geral,0.36,0.35
0.4790,IMPLA ODONTOLOGIA,34.014.503/0001-38,ME,TAGUATINGA NORTE (TAGUATINGA),7,1,70000.0,(61) 83775941,clinica_geral,0.36,0.35
0.4790,ODONTO SIA PREMIUM,33.765.852/0001-29,ME,ZONA INDUSTRIAL (GUARA),7,1,60000.0,(61) 32349661,clinica_geral,0.36,0.35
0.4790,CLINICA ARTE ODONT E SAUDE,43.288.181/0001-06,ME,RIACHO FUNDO I,5,1,50000.0,(61) 86545704,clinica_geral,0.36,0.35
0.4790,ESTAR BELLE SER,34.898.358/0001-03,ME,SOBRADINHO,6,1,50000.0,(61) 39707270,clinica_geral,0.36,0.35
0.4790,NEW ODONTOLOGIA,32.830.240/0001-00,ME,TAGUATINGA NORTE (TAGUATINGA),7,1,50000.0,(61) 85202102,clinica_geral,0.36,0.35
0.4790,CLINICA ORALCARDIO,37.573.876/0001-37,ME,TAGUATINGA NORTE (TAGUATINGA),6,1,50000.0,(61) 85986086,clinica_geral,0.36,0.35
0.4790,PRIMEDENTS SOBRADINHO,34.459.985/0001-30,ME,SOBRADINHO,7,1,50000.0,(61) 99663301,clinica_geral,0.36,0.35
0.4785,MATER CLINICA ODONTOLOGIA,02.047.350/0001-39,ME,CEILANDIA,29,1,0.0,(61) 33545337,clinica_geral,0.29,0.6
0.4785,CLINICA ODONTOLOGICA YASUNAGA,02.419.676/0001-40,ME,SANTA MARIA,28,1,0.0,(61) 33931253,clinica_geral,0.29,0.6
0.4780,ODONTOLOGIA RIBEIRO,29.885.394/0001-94,ME,TAGUATINGA NORTE (TAGUATINGA),8,1,30000.0,(61) 98326718,clinica_geral,0.42,0.35
0.4780,CLINICA ALMEIDA - ODONTOLOGIA ESPECIALIZADA,57.003.689/0001-25,ME,CRUZEIRO VELHO,2,1,300000.0,(61) 96340160,clinica_institucional,0.37,0.6
0.4780,NATURE CLINICA ODONTOLOGICA,56.043.106/0001-27,ME,CONDOMINIO IMPERIO DOS NOBRES (SOBRADINHO),2,1,200000.0,(61) 99442113,clinica_geral,0.37,0.6
0.4780,BIANCA PAULINO ESTETICA E ODONTOLOGIA,57.102.690/0001-07,ME,SETOR DE HABITACOES INDIVIDUAIS NORTE,1,1,10000.0,(61) 96990818,marca_pessoal,0.22,1.0
0.4770,ODONTO HAPPY,45.040.214/0001-20,ME,GUARA II,4,1,70000.0,(61) 96230677,clinica_geral,0.43,0.35
0.4770,CLINICA COUTO,50.088.120/0001-60,ME,SETOR HABITACIONAL MESTRE D'ARMAS (PLANALTINA),3,1,50000.0,(61) 86215517,clinica_geral,0.43,0.35
0.4770,MODERNIZE ODONTOLOGIA,50.035.156/0001-86,ME,SETOR TRADICIONAL (PLANALTINA),3,1,50000.0,(61) 92873288,clinica_geral,0.43,0.35
0.4770,PEIXOTO ODONTOLOGIA,43.551.963/0001-96,ME,TAGUATINGA NORTE (TAGUATINGA),4,1,50000.0,(61) 81055006,clinica_geral,0.43,0.35
0.4770,DUETTO ODONTOLOGIA AVANCADA,49.557.684/0001-16,ME,GUARA I,3,1,50000.0,(61) 95399044,clinica_geral,0.43,0.35
0.4770,ODONTO-MED,45.637.334/0001-09,ME,SETOR INDUSTRIAL (TAGUATINGA),4,1,50000.0,(61) 92660302,clinica_geral,0.43,0.35
0.4770,BELUVE SORRISO E FACE LTDA,57.069.141/0001-88,EPP,TAGUATINGA,2,1,1000.0,(61) 96425503,clinica_geral,0.43,0.35
0.4765,MULTI ODONTO,01.002.188/0001-70,ME,CEILANDIA,30,1,50000.0,(61) 33726678,clinica_geral,0.41,0.35
0.4765,ANA PAULA FONSECA ODONTOLOGIA,55.597.709/0001-08,ME,NORTE (AGUAS CLARAS),2,1,45000.0,(61) 81731444,marca_pessoal,0.26,0.35
0.4765,DRA. MARILIA BORGES,54.253.949/0001-22,ME,NORTE (AGUAS CLARAS),2,1,40000.0,(61) 96156701,marca_pessoal,0.26,0.35
0.4765,ODONTOLOGIA REVERA,53.575.250/0001-16,ME,ASA NORTE,2,1,40000.0,(61) 81997466,clinica_geral,0.26,0.35
0.4765,TOWERS ODONTOLOGIA,56.525.293/0001-85,ME,SETOR HABITACIONAL JARDIM BOTANICO,2,1,40000.0,(61) 83277501,clinica_geral,0.26,0.35
0.4765,VANS ODONTOLOGIA,59.156.515/0001-28,ME,ASA NORTE,1,1,40000.0,(61) 96551238,clinica_geral,0.26,0.35
0.4765,AQUARELA KIDS ODONTOLOGIA,57.219.264/0001-58,ME,SUL (AGUAS CLARAS),1,1,30000.0,(61) 96947623,clinica_geral,0.26,0.35
0.4765,DRA KALYNE MARQUES,59.449.545/0001-22,ME,ASA NORTE,1,1,30000.0,(62) 85132705,marca_pessoal,0.26,0.35
0.4765,DUARTYS CLINIC,55.797.267/0001-43,ME,SETOR HABITACIONAL ARNIQUEIRA (AGUAS CLARAS),2,1,30000.0,(61) 81762497,clinica_geral,0.26,0.35
0.4765,JOANNA COSTA ODONTOLOGIA,52.822.173/0001-99,ME,SETOR HABITACIONAL ARNIQUEIRA (AGUAS CLARAS),2,1,30000.0,(61) 34561204,clinica_geral,0.26,0.35
0.4765,CLEAN DENT DF,56.960.744/0001-02,ME,ASA NORTE,2,1,30000.0,(61) 33280193,clinica_geral,0.26,0.35
0.4765,RIBEIRODONTO,54.030.401/0001-13,ME,SETOR SUDOESTE,2,1,20000.0,(61) 82162634,clinica_geral,0.26,0.35
0.4765,BILLIG ODONTOLOGIA,51.092.920/0001-18,ME,ASA NORTE,3,1,3000.0,(61) 32429496,clinica_geral,0.26,0.35
0.4765,ANA MOTA SAUDE E DESENVOLVIMENTO HUMANO,50.066.279/0001-84,ME,ASA NORTE,3,1,1000.0,(61) 99962566,marca_pessoal,0.26,0.35
0.4765,BARROS BUCO ODONTOLOGIA,44.770.854/0001-22,ME,SETOR HABITACIONAL VICENTE PIRES - TRECHO 3,4,1,500.0,(61) 35615583,clinica_geral,0.26,0.35
0.4760,ANDRE DA SILVA SOUZA,58.400.356/0001-00,EPP,SETOR TRADICIONAL (PLANALTINA),1,1,20000.0,(61) 93628242,marca_pessoal,0.49,0.35
0.4750,M & F ODONTOLOGIA LTDA,28.329.600/0001-17,ME,TAGUATINGA CENTRO (TAGUATINGA),9,1,93700.0,(61) 30264755,clinica_geral,0.35,0.35
0.4750,INNOVATE,39.355.328/0001-66,ME,GUARA I,5,1,40000.0,(61) 81043461,clinica_geral,0.35,0.35
0.4750,FEDERAL ODONTOLOGIA,42.551.814/0001-64,ME,SETOR DE MANSOES DE SOBRADINHO,5,1,30000.0,(61) 99984272,clinica_geral,0.35,0.35
0.4750,ODONTO SERV,38.195.009/0001-78,ME,SETOR SUL (GAMA),6,1,20000.0,(61) 33858903,clinica_institucional,0.35,0.35
0.4750,ODONTOLOGIA CORO,29.463.988/0001-07,ME,TAGUATINGA,8,1,20000.0,(61) 81031276,clinica_geral,0.35,0.35
0.4750,ODONTO MEDICI,31.552.574/0001-04,ME,SAMAMBAIA SUL (SAMAMBAIA),7,1,20000.0,(61) 81517189,clinica_geral,0.35,0.35
0.4750,ORAL UNIC SAMAMBAIA,57.725.601/0001-89,ME,SAMAMBAIA NORTE (SAMAMBAIA),1,1,200000.0,(11) 63036261,clinica_geral,0.3,0.6
0.4750,INSTITUTO ODONTOLOGICO ACM LTDA,55.134.862/0001-07,ME,SOBRADINHO,2,1,150000.0,(61) 81619721,clinica_institucional,0.3,0.6
0.4750,VIVI'S DENTAL CENTRO CLINICO ODONTOLOGICO ESPECIALIZADO,58.284.103/0001-00,ME,SAMAMBAIA SUL (SAMAMBAIA),1,1,90000.0,(61) 85434391,clinica_institucional,0.3,0.6
0.4750,ODONTO SAUDE,59.418.332/0001-33,ME,SETOR OESTE (SOBRADINHO II),1,1,80000.0,(61) 81420610,clinica_institucional,0.3,0.6
0.4750,ZIGOMA ODONTOLOGIA ESPECIALIZADA,58.809.493/0001-95,ME,TAGUATINGA,1,1,80000.0,(61) 33333333,clinica_institucional,0.3,0.6
0.4750,CENTRO ODONTOLOGICO MARIANNA GARCIA,53.633.346/0001-93,ME,RIACHO FUNDO I,2,1,60000.0,(61) 92759121,clinica_institucional,0.3,0.6
0.4750,CLINICA ODONTO ON FACE - GUARA,54.340.917/0001-64,ME,GUARA II,2,1,60000.0,(61) 93381985,clinica_geral,0.3,0.6
0.4750,AVIVA CLINIC CENTRO ODONTOLOGICO,59.269.329/0001-03,ME,GAMA,1,1,50000.0,(61) 99312552,clinica_institucional,0.3,0.6
0.4750,IORA ODONTOLOGIA ESPECIALIZADA,55.581.183/0001-78,ME,NUCLEO BANDEIRANTE,2,1,50000.0,(61) 99730870,clinica_institucional,0.3,0.6
0.4750,IROM,59.023.220/0001-83,ME,TAGUATINGA CENTRO (TAGUATINGA),1,1,50000.0,(61) 84374700,clinica_institucional,0.3,0.6
0.4750,PLENANCY ODONTOLOGIA ESPECIALIZADA,55.116.723/0001-42,ME,TAGUATINGA,2,1,50000.0,(61) 91294278,clinica_institucional,0.3,0.6
0.4750,LM ODONTOLOGIA,55.564.932/0001-59,ME,SOBRADINHO,2,1,50000.0,(61) 82163053,clinica_geral,0.3,0.6
0.4740,CENTRAL SORRISO,31.970.720/0001-03,ME,RECANTO DAS EMAS,7,1,95400.0,(61) 34341528,clinica_geral,0.46,0.35
0.4740,LUCIANA KAYSER,30.322.326/0001-04,ME,SETOR DE HABITACOES INDIVIDUAIS SUL,8,1,95400.0,(61) 35419661,marca_pessoal,0.46,0.35
0.4740,ORTOVIP ODONTOLOGIA,28.071.274/0001-90,ME,CEILANDIA NORTE (CEILANDIA),9,1,93700.0,(61) 86295575,clinica_geral,0.46,0.35
0.4740,RAMALHOS ODONTOLOGIA,40.904.376/0001-45,ME,SETOR RESIDENCIAL OESTE (SAO SEBASTIAO),5,1,75000.0,(61) 99584034,clinica_geral,0.46,0.35
0.4740,ODONTOLOGIA INTEGRADA,37.023.458/0001-76,ME,CEILANDIA SUL (CEILANDIA),6,1,60000.0,(61) 85622044,clinica_geral,0.46,0.35
0.4740,ODONTONAVA,32.928.337/0001-50,ME,CEILANDIA SUL (CEILANDIA),7,1,50000.0,(61) 33721039,clinica_geral,0.46,0.35
0.4740,THE CLINIC ODONTOLOGIA,43.172.909/0001-30,ME,SETOR ESPECIAL (VILA ESTRUTURAL),5,1,50000.0,(61) 81228104,clinica_geral,0.46,0.35
0.4730,CENTERCLIN ODONTOLOGIA,39.644.187/0002-82,ME,TAGUATINGA SUL (TAGUATINGA),4,1,140000.0,(64) 81392901,clinica_geral,0.42,0.35
0.4730,VITTARES ODONTOLOGIA E ESPECIALIDADES EM SAUDE,26.536.418/0001-01,ME,TAGUATINGA NORTE (TAGUATINGA),9,2,30000.0,(61) 34915299,multi_unidade,0.37,0.35
0.4725,BRUNO FATURETO MARQUES,24.842.721/0001-07,ME,SANTA MARIA,10,1,50000.0,(61) 98318051,marca_pessoal,0.35,0.35
0.4725,ODONTO RISO,15.558.792/0001-91,ME, ITAPOA,14,1,25000.0,(61) 33696846,clinica_geral,0.35,0.35
0.4725,ANTONIO RIBEIRO MELO,05.280.864/0001-28,ME,SANTA MARIA,24,1,0.0,(061) 3947774,marca_pessoal,0.35,0.35
0.4725,CRIS QUIRINO STUDIO ODONTOLOGICO LTDA,46.905.278/0001-09,ME,SUL (AGUAS CLARAS),4,1,40000.0,(61) 33563705,clinica_geral,0.25,0.35
0.4725,INTEGRITA ODONTOLOGIA,45.500.605/0001-80,ME,AREAL (AGUAS CLARAS),4,1,17000.0,(61) 96168640,clinica_geral,0.25,0.35
0.4725,ANA PAULA MILHOMEM SERVICOS ODONTOLOGICOS,49.080.498/0001-39,ME,NORTE (AGUAS CLARAS),3,1,10000.0,(61) 81785602,marca_pessoal,0.25,0.35
0.4725,CAMILA GOMES SERVICOS ODONTOLOGICOS,50.727.061/0001-23,ME,SETOR SUDOESTE,3,1,10000.0,(61) 81845868,marca_pessoal,0.25,0.35
0.4725,DANIELA TOLEDO ODONTOLOGIA,48.927.754/0001-18,ME,ASA SUL,3,1,10000.0,(61) 81271201,marca_pessoal,0.25,0.35
0.4725,DRª JULIA MELO,48.536.925/0001-88,ME,ASA NORTE,3,1,10000.0,(61) 96994324,marca_pessoal,0.25,0.35
0.4725,GIOVANA MILITO ODONTOLOGIA,50.604.937/0001-44,ME,ASA NORTE,3,1,10000.0,(61) 81029778,clinica_geral,0.25,0.35
0.4725,ODONTOCASTRO,50.355.426/0001-36,ME,ASA SUL,3,1,10000.0,(61) 33465543,clinica_geral,0.25,0.35
0.4725,ODONTOLARDF SERVICOS ODONTOLOGICOS HOSPITALAR E DOMICIL,51.762.556/0001-56,ME,SETOR HABITACIONAL VICENTE PIRES,3,1,10000.0,(61) 81169833,clinica_geral,0.25,0.35
0.4725,SORRISO SAPECA,43.803.201/0001-30,ME,NORTE (AGUAS CLARAS),4,1,10000.0,(61) 81711331,clinica_geral,0.25,0.35
0.4725,GRUPO COLINI,49.835.782/0001-78,ME,ASA SUL,3,1,5000.0,(61) 82078970,clinica_geral,0.25,0.35
0.4725,MULTI ODONTO,45.383.744/0001-70,ME,NORTE (AGUAS CLARAS),4,1,5000.0,(63) 84577618,clinica_geral,0.25,0.35
0.4725,DRA TAISE PINHEIRO STUDIO ODONTOLOGICO,51.301.558/0001-48,ME,NORTE (AGUAS CLARAS),3,1,5000.0,(61) 99535014,marca_pessoal,0.25,0.35
0.4725,ELLOS DE VIDA ODONTOLOGIA,55.747.165/0001-13,ME,ASA NORTE,2,1,5000.0,(61) 96079648,clinica_geral,0.25,0.35
0.4725,JSL ODONTOLOGIA,58.253.893/0001-67,ME,SETOR HABITACIONAL JARDIM BOTANICO,1,1,5000.0,(61) 82306851,clinica_geral,0.25,0.35
0.4725,ALINHARTE ODONTOLOGIA,47.938.462/0001-18,ME,ASA NORTE,3,1,5000.0,(61) 90443565,clinica_geral,0.25,0.35
0.4725,MY ODONTOLOGIA,46.471.077/0001-40,ME,ASA SUL,4,1,5000.0,(61) 95084093,clinica_geral,0.25,0.35
0.4725,ORALMAX - CIRURGIA ORAL & MAXILOFACIAL,44.045.844/0001-24,ME,AREAL (AGUAS CLARAS),4,1,5000.0,(61) 82220527,clinica_geral,0.25,0.35
0.4725,REALIZZE ODONTOLOGIA HUMANIZADA,50.326.568/0001-75,ME,SUL (AGUAS CLARAS),3,1,5000.0,(61) 82070800,clinica_geral,0.25,0.35
0.4715,CLINICA DENTARIA DO POPULAR SIM LTDA,01.789.422/0001-50,ME,SETOR RESIDENCIAL LESTE (PLANALTINA),29,1,150000.0,(61) 33883041,clinica_geral,0.41,0.1
0.4710,ORTO VIDA - CLINICA ODONTOLOGICA,50.767.032/0001-95,ME,SETOR TRADICIONAL (PLANALTINA),3,1,40000.0,(61) 33894976,clinica_geral,0.29,0.6
0.4710,DR MATHEUS CARVALHO ODONTOLOGIA ESPECIALIZADA,44.101.712/0001-72,ME,SETOR CENTRAL (GAMA),4,1,36000.0,(61) 81576551,marca_pessoal,0.29,0.6
0.4710,CLIO ODONTO PEDIATRIA,44.286.381/0001-92,ME,SOBRADINHO,4,1,35000.0,(61) 35918725,clinica_geral,0.29,0.6
0.4710,INSTITUTO ODONTO INSIGHT,51.568.738/0001-90,ME,TAGUATINGA NORTE (TAGUATINGA),3,1,30000.0,(61) 91198306,clinica_institucional,0.29,0.6
0.4710,INSTITUTO LORENA COUTINHO - ODONTOLOGIA ESPECIALIZADA,45.704.695/0001-20,ME,GAMA,4,1,25000.0,(61) 93536464,clinica_institucional,0.29,0.6
0.4710,ODONTOLOGIA RIBEIRO NAVES,46.124.940/0001-93,ME,TAGUATINGA,4,1,20000.0,(61) 91152010,clinica_geral,0.29,0.6
0.4700,ILUMINART ODONTOLOGIA ESPECIALIZADA,57.007.444/0001-76,ME,CEILANDIA NORTE (CEILANDIA),2,1,250000.0,(61) 82111499,clinica_institucional,0.4,0.6
0.4680,JMLP ODONTOLOGIA LTDA,51.529.836/0001-19,EPP,CEILANDIA CENTRO (CEILANDIA),3,1,40000.0,(61) 96158865,clinica_geral,0.52,0.35
0.4680,MBD ODONTO,51.826.817/0001-54,EPP,BRASILIA,3,1,10000.0,(61) 82061476,clinica_geral,0.52,0.35
0.4680,+ ODONTO ODONTOLOGIA,45.339.840/0001-11,ME,TAGUATINGA NORTE (TAGUATINGA),4,1,100000.0,(61) 94564057,clinica_geral,0.47,0.35
0.4680,CORR CENTRO ODONTOLOGICO RIBEIRO RESENDE LTDA,29.207.257/0001-09,ME,CEILANDIA SUL (CEILANDIA),8,1,95000.0,(61) 85984234,clinica_institucional,0.32,0.6
0.4680,ODONTIC CLINICA ODONTOLOGICA - PARANOA,27.782.285/0001-16,ME,PARANOA,9,1,48000.0,(61) 91744954,clinica_geral,0.32,0.6
0.4680,COES ODONTOLOGIA ESPECIALIZADA,30.072.924/0001-64,ME,CEILANDIA SUL (CEILANDIA),8,1,40000.0,(61) 39658545,clinica_institucional,0.32,0.6
0.4680,INOVA ODONTO,36.698.053/0001-75,ME,SETOR RESIDENCIAL OESTE (SAO SEBASTIAO),6,1,40000.0,(61) 94653644,clinica_geral,0.32,0.6
0.4680,ODONTO GOMES,37.542.847/0001-08,ME,CEILANDIA SUL (CEILANDIA),6,1,40000.0,(61) 30381200,clinica_institucional,0.32,0.6
0.4680,ORALIS CLINICA ODONTOLOGICA,32.265.162/0001-48,ME,RECANTO DAS EMAS,7,1,35000.0,(61) 83753330,clinica_geral,0.32,0.6
0.4680,CLINICA ODONTOLOGICA DENTOP,41.345.698/0001-64,ME,VILA SAO JOSE (BRAZLANDIA),5,1,30000.0,(61) 30521008,clinica_geral,0.32,0.6
0.4680,CLINICA ODONTOLOGICO IMPLAORTO,29.707.286/0001-21,ME,PARANOA,8,1,30000.0,(61) 91540717,clinica_geral,0.32,0.6
0.4680,ATELIE DO SORRISO,34.821.998/0001-07,ME,RECANTO DAS EMAS,6,1,20000.0,(61) 33341815,clinica_geral,0.32,0.6
0.4680,MABE ODONTOLOGIA ESPECIALIZADA,41.533.196/0001-67,ME,CEILANDIA SUL (CEILANDIA),5,1,20000.0,(61) 38798130,clinica_institucional,0.32,0.6
0.4675,TELES E DOURADO ODONTOLOGIA,58.953.599/0001-68,ME,AREAL (AGUAS CLARAS),1,1,50000.0,(61) 35434378,clinica_geral,0.3,0.35
0.4675,CMA ODONTOLOGIA,56.941.417/0001-03,ME,SUL (AGUAS CLARAS),2,1,50000.0,(61) 81866315,clinica_geral,0.3,0.35
0.4675,SR ODONTOLOGIA,55.531.035/0001-49,ME,SUL (AGUAS CLARAS),2,1,1000.0,(61) 98083939,clinica_geral,0.3,0.35
0.4670,CLINICA ODONTOLOGICA GOMES,51.133.488/0001-66,ME,TAGUATINGA,3,1,10000.0,(61) 00000000,clinica_geral,0.28,0.6
0.4660,FACE ODONTOLOGIA ESPECIALIZADA,48.716.159/0001-33,ME,SETOR NORTE (BRAZLANDIA),3,1,40000.0,(61) 98080771,clinica_institucional,0.39,0.6
0.4650,DR CITY IMPLA,43.696.637/0001-77,ME,SAMAMBAIA NORTE (SAMAMBAIA),4,1,150000.0,(61) 35263367,marca_pessoal,0.4,0.35
0.4650,MAG ODONTOLOGIA,48.001.854/0001-19,ME,TAGUATINGA NORTE (TAGUATINGA),3,1,150000.0,(61) 82625089,clinica_geral,0.4,0.35
0.4650,ABCDENTE CLINICA DE ODONTOLOGIA LTDA,55.050.730/0001-99,ME,SOBRADINHO,2,1,145000.0,(61) 30300066,clinica_geral,0.4,0.35
0.4650,NEOCLIN,47.626.683/0001-50,ME,RIACHO FUNDO II,4,1,100000.0,(61) 33524242,clinica_geral,0.4,0.35
0.4650,SORRIMANIA,59.172.275/0001-55,ME,SAMAMBAIA NORTE (SAMAMBAIA),1,1,72400.0,(61) 33638972,clinica_geral,0.4,0.35
0.4650,DRA. BIANCA MOTTA URGENCIA ODONTOLOGIA / URGENCIA 24 H,57.976.295/0001-53,ME,TAGUATINGA CENTRO,1,1,50000.0,(61) 81179734,marca_pessoal,0.4,0.35
0.4645,CONSULTORIO ODONTOLOGICO SORRIART,10.300.378/0001-64,ME,RECANTO DAS EMAS,18,1,10000.0,(61) 35818036,clinica_geral,0.33,0.35
0.4645,BASTOS ODONTOLOGIA,45.837.462/0001-04,ME,SUL (AGUAS CLARAS),4,1,1000.0,(61) 96465684,clinica_geral,0.23,0.35
0.4645,JANAINA MACIEL CIRURGIA DENTISTA,45.444.832/0001-35,ME,PARK WAY,4,1,1000.0,(14) 97177141,clinica_geral,0.23,0.35
0.4645,DR. JOAO PEDRO DANTAS,49.446.490/0001-43,ME,SETOR HABITACIONAL JARDIM BOTANICO,3,1,1000.0,(61) 83654598,marca_pessoal,0.23,0.35
0.4645,"CIENCIA, SAUDE E SERVICOS",49.926.824/0001-86,ME,ASA NORTE,3,1,1000.0,(12) 96223429,clinica_geral,0.23,0.35
0.4645,PEDRO RIBEIRO ODONTOLOGIA,51.694.001/0001-14,ME,ASA SUL,3,1,1000.0,(61) 96124798,marca_pessoal,0.23,0.35
0.4645,TATIANA S. D. GOMES,45.451.480/0001-45,ME,SUL (AGUAS CLARAS),4,1,1000.0,(61) 93014617,marca_pessoal,0.23,0.35
0.4645,WOLLMANN ODONTOLOGIA,48.895.855/0001-54,ME,SUL (AGUAS CLARAS),3,1,1000.0,(61) 81337901,clinica_geral,0.23,0.35
0.4640,HOSPITAL DA FACE LTDA,47.148.818/0001-10,DEMAIS,SAO BARTOLOMEU (SAO SEBASTIAO),4,1,30000.0,(61) 33210999,clinica_geral,0.51,0.35
0.4640,ABILIO RODRIGUES CARDOSO JUNIOR,32.908.733/0001-15,ME,ASA SUL,37,1,0.0,,clinica_geral,0.16,0.35
0.4640,JOSUE RUBIM DE CASTRO,01.269.866/0001-65,ME,ASA SUL,30,1,0.0,,clinica_geral,0.16,0.35
0.4635,SENE E SOUSA ODONTOLOGIA,47.393.767/0001-91,ME,SUL (AGUAS CLARAS),4,1,30000.0,(61) 81405559,clinica_geral,0.29,0.35
0.4630,DENTCLEAR ODONTOLOGIA LTDA,27.423.838/0001-44,ME,SOBRADINHO,9,1,95000.0,(61) 94655847,clinica_geral,0.32,0.35
0.4630,ABRNOG BUCOMAXILO ODONTOLOGIA LTDA,27.712.904/0001-04,ME,ZONA INDUSTRIAL (GUARA),9,1,93700.0,(61) 98231740,clinica_geral,0.32,0.35
0.4630,FABIANO E GISANE PINHEIRO ODONTOLOGIA LTDA,27.316.175/0001-69,ME,SETOR RESIDENCIAL OESTE (PLANALTINA),9,1,80000.0,(61) 33081055,clinica_geral,0.32,0.35
0.4630,ODONTOSANTOS,35.266.932/0001-65,ME,SETOR CENTRAL (GAMA),6,1,40000.0,(61) 33849808,clinica_geral,0.32,0.35
0.4630,HOSPITAL DO DENTE,39.921.998/0001-00,ME,SETOR DE MANSOES MESTRE D'ARMAS (PLANALTINA),5,1,40000.0,(61) 99873587,clinica_geral,0.32,0.35
0.4630,ORAL PREMIUM,36.700.416/0001-60,ME,TAGUATINGA NORTE (TAGUATINGA),6,1,40000.0,(61) 85202124,clinica_geral,0.32,0.35
0.4630,ZEI ODONTOLOGIA,31.859.894/0001-01,ME,GUARA II,7,1,40000.0,(61) 33385580,clinica_geral,0.32,0.35
0.4630,ANDRADE ODONTOLOGIA INTEGRADA,43.338.687/0001-82,ME,SAMAMBAIA SUL (SAMAMBAIA),5,1,30000.0,(61) 98610737,clinica_geral,0.32,0.35
0.4630,DORNELAS NSA ODONTOLOGIA,38.010.851/0001-98,ME,TAGUATINGA SUL (TAGUATINGA),6,1,30000.0,(61) 81403351,clinica_geral,0.32,0.35
0.4630,FACIS CLINICA DE SORRISOS,36.563.545/0001-53,ME,SETOR INDUSTRIAL (TAGUATINGA),6,1,30000.0,(61) 37035570,clinica_geral,0.32,0.35
0.4630,OLYMPIA CLINIC,26.429.513/0001-06,ME,SETOR CENTRAL (GAMA),9,1,30000.0,(61) 33852305,clinica_geral,0.32,0.35
0.4630,ABIM ODONTOLOGIA,31.564.773/0001-24,ME,TAGUATINGA CENTRO (TAGUATINGA),7,1,20000.0,(61) 33514971,clinica_geral,0.32,0.35
0.4630,ORALCENTER,40.078.964/0001-77,ME,TAGUATINGA NORTE (TAGUATINGA),5,1,20000.0,(61) 81247060,clinica_geral,0.32,0.35
0.4620,PRIORIZE ODONTOLOGIA,41.014.270/0001-39,ME,CEILANDIA SUL (CEILANDIA),5,1,250000.0,(61) 93712000,clinica_geral,0.43,0.35
0.4620,BRUNETTI & ROSSI ODONTOLOGIA E SAUDE,40.581.731/0001-92,ME,SETOR DE HABITACOES INDIVIDUAIS SUL,5,1,200000.0,(61) 39634120,clinica_geral,0.43,0.35
0.4620,YASMINNIE DE LUCA PEREIRA SILVA ODONTOLOGIA,34.256.820/0001-60,ME,RIACHO FUNDO I,7,1,30000.0,(61) 30345056,clinica_geral,0.38,0.35
0.4620,LAMAR ODONTOLOGIA HUMANIZADA,36.696.999/0001-00,ME,SETOR CENTRAL (GAMA),6,1,10000.0,(61) 81267323,clinica_geral,0.38,0.35
0.4620,CEOT,26.106.465/0001-15,ME,TAGUATINGA SUL (TAGUATINGA),9,1,10000.0,(61) 39657406,clinica_geral,0.38,0.35
0.4620,BARBARA FIALHO ODONTOLOGIA E ESTETICA LTDA,58.409.307/0001-20,ME,SETOR NORTE (BRAZLANDIA),1,1,10000.0,(61) 82202615,especialista_alto_ticket,0.18,1.0
0.4610,RR ODONTOLOGIA,48.899.638/0001-32,ME,SETOR LESTE (GAMA),3,1,35000.0,(61) 98413851,clinica_geral,0.39,0.35
0.4610,SAUDE E SORRISO,50.286.499/0001-13,ME,SOBRADINHO,3,1,30000.0,(61) 30374126,clinica_geral,0.39,0.35
0.4610,HMS ODONTOLOGIA,49.024.325/0001-01,ME,TAGUATINGA CENTRO (TAGUATINGA),3,1,20000.0,(61) 82098171,clinica_geral,0.39,0.35
0.4610,ODONTOELO,46.989.864/0001-89,ME,SAMAMBAIA SUL (SAMAMBAIA),4,1,20000.0,(61) 30601700,clinica_geral,0.39,0.35
0.4605,LIRIOS ODONTOLOGIA LTDA,55.008.159/0001-44,ME,NORTE (AGUAS CLARAS),2,1,40000.0,(65) 92164251,clinica_geral,0.22,0.35
0.4605,VANESSA COUPE CONSULTORIO ODONTOLOGICO LTDA,55.195.476/0001-17,ME,SETOR SUDOESTE,2,1,30000.0,(61) 33423664,marca_pessoal,0.22,0.35
0.4605,GLENDA RODRIGUES LTDA,57.331.591/0001-05,ME,JARDINS MANGUEIRAL (JARDIM BOTANICO),1,1,20000.0,(61) 33357999,clinica_geral,0.22,0.35
0.4605,AKEMI ISHIKAWA ODONTOLOGIA,54.844.257/0001-59,ME,ASA NORTE,2,1,10000.0,(61) 20026303,clinica_geral,0.22,0.35
0.4605,ARO ODONTOLOGIA,59.003.466/0001-93,ME,ASA NORTE,1,1,10000.0,(61) 99831453,clinica_geral,0.22,0.35
0.4605,BNF ODONTOLOGIA,59.206.598/0001-12,ME,AREA OCTOGONAL,1,1,10000.0,(61) 85215510,clinica_geral,0.22,0.35
0.4605,ODONTOLOGIA SUDOESTE,52.435.110/0001-80,ME,SETOR SUDOESTE,2,1,10000.0,(61) 99999999,clinica_geral,0.22,0.35
0.4605,GENTE BRASILIA,58.185.864/0001-05,ME,ASA NORTE,1,1,10000.0,(61) 94021414,clinica_geral,0.22,0.35
0.4605,KATIANE P SOBREIRA ODONTOLOGIA,57.485.768/0001-10,ME,SUL (AGUAS CLARAS),1,1,10000.0,(61) 98463405,clinica_geral,0.22,0.35
0.4605,LUTHER ODONTOLOGIA,53.526.405/0001-24,ME,ASA SUL,2,1,10000.0,(61) 99012728,clinica_geral,0.22,0.35
0.4605,NOVA ALIANCA ODONTOLOGIA,52.311.237/0001-97,ME,ASA NORTE,2,1,10000.0,(32) 88216401,clinica_geral,0.22,0.35
0.4605,ODONTO MAIS,53.936.887/0001-90,ME,ASA SUL,2,1,10000.0,(61) 98284877,clinica_geral,0.22,0.35
0.4605,RAFAEL AUGUSTO SERVICOS ODONTOLOGICOS,52.364.869/0001-19,ME,AGUAS CLARAS,2,1,10000.0,(61) 83505278,marca_pessoal,0.22,0.35
0.4605,RONCATO ODONTOLOGIA,58.919.650/0001-15,ME,SETOR SUDOESTE,1,1,10000.0,(62) 82845044,clinica_geral,0.22,0.35
0.4605,SIQUIEROLI ABRAO SERVICOS ODONTOLOGICOS,53.074.904/0001-28,ME,SETOR SUDOESTE,2,1,10000.0,(11) 32278879,clinica_geral,0.22,0.35
0.4605,SOCORRODONTO,52.390.060/0001-61,ME,ASA NORTE,2,1,10000.0,(61) 91225571,clinica_geral,0.22,0.35
0.4605,VM ODONTO,53.303.197/0001-02,ME,ASA NORTE,2,1,10000.0,(61) 96971110,clinica_geral,0.22,0.35
0.4605,ATRIUM ODONTOLOGIA,54.103.766/0001-20,ME,ASA SUL,2,1,5000.0,(61) 99851092,clinica_geral,0.22,0.35
0.4605,ODONTO CORONEL PRIME,59.451.541/0001-89,ME,SUL (AGUAS CLARAS),1,1,5000.0,(61) 91901111,clinica_geral,0.22,0.35
0.4605,ODONTOHARMONY,54.653.356/0001-53,ME,SUL (AGUAS CLARAS),2,1,5000.0,(61) 93043832,clinica_geral,0.22,0.35
0.4605,SENA ODONTOLOGIA,55.788.567/0001-66,ME,SUL (AGUAS CLARAS),2,1,5000.0,(61) 83411561,clinica_geral,0.22,0.35
0.4600,ODONTO FAMILLE,47.755.704/0001-38,EPP,SANTA MARIA,4,1,3000.0,(61) 85170185,clinica_geral,0.5,0.35
0.4600,ODONTOCOMPANY CEILANDIA2 DF,43.092.982/0001-00,ME,CEILANDIA NORTE (CEILANDIA),5,1,100000.0,(61) 85553864,clinica_institucional,0.3,0.6
0.4595,CENTRO ODONTOLOGICO DAVID DE CASTRO LTDA,72.598.220/0001-70,ME,GAMA,32,1,0.0,,clinica_institucional,0.13,0.6
0.4595,CLINICA DE ODONTOLOGIA ESPECIALIZADA UPPER LTDA,02.013.034/0001-46,ME,SAMAMBAIA,29,1,0.0,,clinica_institucional,0.13,0.6
0.4595,COR - CLINICA ODONTOLOGICA RABELO S/S LTDA,37.160.231/0001-72,ME,GUARA I,33,1,0.0,,clinica_geral,0.13,0.6
0.4595,ISAB - INSTITUTO DE SAUDE BUCAL S/S,02.575.157/0001-70,ME,TAGUATINGA,33,1,0.0,,clinica_institucional,0.13,0.6
0.4590,RONAN BRAGA ODONTOLOGIA LTDA,42.601.078/0001-01,ME,TAGUATINGA CENTRO (TAGUATINGA),5,1,30000.0,(61) 91177669,clinica_geral,0.31,0.35
0.4590,ODONTOMAX,34.308.694/0001-40,ME,SOBRADINHO,7,1,10000.0,(61) 33870791,clinica_geral,0.31,0.35
0.4590,ODONTO ART,59.433.891/0001-12,ME,RIACHO FUNDO I,1,1,40000.0,(61) 99043341,clinica_institucional,0.26,0.6
0.4590,INSTITUTO ODONTOLOGICO WF,56.874.816/0001-07,ME,RIACHO FUNDO II,2,1,30000.0,(61) 92488539,clinica_institucional,0.26,0.6
0.4590,CLINICA MONTE CARLOS,52.167.916/0001-34,ME,TAGUATINGA,2,1,25000.0,(61) 30263510,clinica_institucional,0.26,0.6
0.4590,CLINICA ODONTOLOGICA DRA THAISE OLIVEIRA,52.126.506/0001-45,ME,GUARA,2,1,20000.0,(61) 99259549,clinica_geral,0.26,0.6
0.4590,CLINICA ODONTOLOGICA PERISSE,52.958.541/0001-20,ME,TAGUATINGA NORTE (TAGUATINGA),2,1,20000.0,(61) 35625400,clinica_geral,0.26,0.6
0.4590,ODONTOMANANCIAL,55.388.782/0001-70,ME,TAGUATINGA NORTE (TAGUATINGA),2,1,20000.0,(61) 83795144,clinica_geral,0.26,0.6
0.4585,ODONTOCLEAN,72.645.567/0001-26,ME,CEILANDIA,31,1,10000.0,,clinica_geral,0.24,0.6
0.4580,INNOVAR ODONTOLOGIA LTDA,27.360.850/0001-57,ME,CANDANGOLANDIA,9,1,95000.0,(61) 85349897,clinica_geral,0.42,0.35
0.4580,ODONTO NEIVA,39.735.309/0001-65,ME,RECANTO DAS EMAS,5,1,40000.0,(61) 39753435,clinica_geral,0.42,0.35
0.4580,ORALCENTER,37.900.318/0001-39,ME,SETOR RESIDENCIAL OESTE (SAO SEBASTIAO),6,1,20000.0,(61) 99023837,clinica_geral,0.42,0.35
0.4580,REGENERA ODONTOLOGIA,38.285.814/0001-92,ME,SETOR DE HABITACOES INDIVIDUAIS SUL,6,1,20000.0,(61) 96281167,clinica_geral,0.42,0.35
0.4580,SMILLES ODONTOLOGIA ESPECIALIZADA,59.449.034/0001-00,ME,RECANTO DAS EMAS,1,1,300000.0,(61) 99540705,clinica_institucional,0.37,0.6
0.4580,CENTRO DE IMPLANTE E ASSISTENCIA A SAUDE BUCAL - CIASB,50.128.277/0001-72,ME,PARANOA,3,1,30000.0,(61) 96334457,especialista_alto_ticket,0.17,1.0
0.4565,NOVA VIDA ODONTOLOGIA LTDA,22.433.523/0001-64,ME,CEILANDIA NORTE (CEILANDIA),11,1,10000.0,(61) 81620877,clinica_geral,0.31,0.35
0.4565,CAROLINA REIS RODRIGUES CAVALCANTI DE OLIVEIRA LTDA,45.702.751/0001-98,ME,SETOR HABITACIONAL JARDIM BOTANICO,4,1,10000.0,(91) 86011077,marca_pessoal,0.21,0.35
0.4565,LUIZ GUSTAVO C.BORGES SERVICOS ODONTOLOGICOS LTDA,49.073.261/0001-20,ME,ASA SUL,3,1,10000.0,(61) 43030803,marca_pessoal,0.21,0.35
0.4565,ONNE CLINICA LTDA,54.342.584/0001-02,ME,AGUAS CLARAS,2,1,10000.0,(61) 32256372,clinica_geral,0.21,0.35
0.4560,MARTINS ODONTOLOGIA,58.770.401/0001-00,EPP,CEILANDIA,1,1,10000.0,(61) 99226714,clinica_geral,0.49,0.35
0.4550,ODONTOCOMPANY FRANCHISING,33.912.190/0001-72,ME,GUARA I,7,1,100000.0,(61) 92235058,clinica_geral,0.3,0.35
0.4550,INSTITUTO ODONTOLOGICO E LABORATORIO DE PROTESE MILLEM,46.960.723/0001-33,ME,RIACHO FUNDO II,4,1,100000.0,(61) 81653885,clinica_institucional,0.25,0.6
0.4550,CENTRO ODONTOLOGICO SORRISO AMIGO LTDA,46.730.987/0001-09,ME,NUCLEO BANDEIRANTE,4,1,30000.0,(61) 92584511,clinica_institucional,0.25,0.6
0.4550,INSTITUTO DOURADO,51.777.047/0001-05,ME,TAGUATINGA NORTE (TAGUATINGA),3,1,15000.0,(61) 41415570,clinica_institucional,0.25,0.6
0.4550,INSTITUTO ODONTOLOGICO CUIDAR (IOC),47.638.917/0001-80,ME,TAGUATINGA SUL (TAGUATINGA),4,1,15000.0,(61) 96750197,clinica_institucional,0.25,0.6
0.4550,NEO SORRISO E FACE,45.051.264/0001-02,ME,NUCLEO BANDEIRANTE,4,1,10000.0,(61) 33861001,clinica_geral,0.25,0.6
0.4550,INSTITUTO ODONTOLOGICO DRA ANA LUCIA CAETANO,53.451.230/0001-33,ME,TAGUATINGA CENTRO (TAGUATINGA),2,1,10000.0,(61) 84048048,clinica_institucional,0.25,0.6
0.4550,CLINICA ODONTOLOGICA FREITAS,51.459.051/0001-17,ME,TAGUATINGA NORTE (TAGUATINGA),3,1,10000.0,(61) 99111243,clinica_geral,0.25,0.6
0.4550,ISBI,44.656.911/0001-47,ME,TAGUATINGA NORTE (TAGUATINGA),4,1,10000.0,(61) 86374946,clinica_institucional,0.25,0.6
0.4550,LF ODONTOLOGIA ESPECIALIZADA,45.663.073/0001-00,ME,SAMAMBAIA SUL (SAMAMBAIA),4,1,10000.0,(61) 81114803,clinica_institucional,0.25,0.6
0.4550,LN CLINIC,54.614.513/0001-11,ME,TAGUATINGA NORTE (TAGUATINGA),2,1,10000.0,(61) 91965445,clinica_institucional,0.25,0.6
0.4545,ALIVIO ODONTOLOGIA LTDA,02.915.623/0001-10,ME,ITAPOA II,27,2,30000.0,(61) 84280597,multi_unidade,0.38,0.35
0.4540,BARROS ODONTOLOGIA ESPECIALIZADA,51.920.058/0001-94,ME,PARANOA,3,1,70000.0,(61) 92803785,clinica_institucional,0.36,0.6
0.4540,KS ODONTOLOGIA ESPECIALIZADA,48.532.744/0001-83,ME,CEILANDIA SUL (CEILANDIA),3,1,50000.0,(61) 86187800,clinica_institucional,0.36,0.6
0.4540,ODONTOMINAS,35.383.338/0001-54,ME,SAMAMBAIA NORTE (SAMAMBAIA),6,1,50000.0,(61) 33580577,clinica_geral,0.36,0.35
0.4540,JG ODONTOLOGIA,36.462.303/0001-73,ME,SOBRADINHO II,6,1,1000.0,(61) 81764620,clinica_geral,0.36,0.35
0.4530,ODONTO LCS,53.603.454/0001-13,ME,GUARA II,2,1,400000.0,(61) 84585884,clinica_institucional,0.37,0.35
0.4530,ODONTO GOLD,54.240.985/0001-51,ME,SETOR TRADICIONAL (PLANALTINA),2,1,300000.0,(62) 93307872,clinica_geral,0.37,0.35
0.4530,AME ODONTOLOGIA,55.435.992/0001-71,ME,GUARA I,2,1,250000.0,(61) 30552882,clinica_geral,0.37,0.35
0.4530,J.L ODONTOLOGIA,49.108.803/0001-53,ME,TAGUATINGA SUL (TAGUATINGA),3,1,150000.0,(61) 83528863,clinica_geral,0.37,0.35
0.4530,MP ATELIE ODONTOLOGICO,57.783.973/0001-61,ME,TAGUATINGA,1,1,100000.0,(61) 91930990,clinica_geral,0.37,0.35
0.4530,HARMONI DENTAL STUDIO,51.726.558/0001-90,ME,SETOR TRADICIONAL (PLANALTINA),3,1,100000.0,(61) 96742897,clinica_geral,0.37,0.35
0.4530,HS ODONTOLOGIA,46.151.203/0001-80,ME,SOBRADINHO,4,1,100000.0,(61) 92225246,clinica_geral,0.37,0.35
0.4530,I.O. ODONTOLOGIA INTEGRADA,44.642.311/0001-20,ME,SAMAMBAIA SUL (SAMAMBAIA),4,1,100000.0,(61) 83101333,clinica_geral,0.37,0.35
0.4530,LR EXCELLENCE ODONTOLOGIA AVANCADA,50.119.760/0001-90,ME,SOBRADINHO,3,1,100000.0,(61) 35364222,clinica_geral,0.37,0.35
0.4530,SOOI,57.202.127/0001-00,ME,SETOR CENTRAL (GAMA),1,1,100000.0,(61) 30429848,clinica_geral,0.37,0.35
0.4530,TRINNO ODONTOLOGIA,49.963.816/0001-00,ME,TAGUATINGA NORTE (TAGUATINGA),3,1,100000.0,(61) 30428080,clinica_geral,0.37,0.35
0.4525,ODONTOCOMPANY BRASILIA CENTRAL,58.106.015/0001-19,ME,ASA SUL,1,1,50000.0,(61) 39702087,clinica_geral,0.2,0.35
0.4525,DENTALBIO PRODUTOS ODONTOLOGICOS LTDA,54.258.097/0001-66,ME,ASA SUL,2,1,25000.0,(61) 99999999,clinica_geral,0.2,0.35
0.4525,BT ODONTOLOGIA,58.015.601/0001-58,ME,ASA SUL,1,1,2000.0,(61) 81127722,clinica_geral,0.2,0.35
0.4525,OLIVEIRA ODONTO,56.687.737/0001-89,ME,NORTE (AGUAS CLARAS),2,1,2000.0,(61) 91944899,clinica_geral,0.2,0.35
0.4525,ODONTOLOGIA CARNEIRO,57.071.519/0001-88,ME,AREA OCTOGONAL,2,1,1500.0,(41) 97880145,clinica_geral,0.2,0.35
0.4525,ANDERSON GIOVANI ODONTOLOGIA,59.347.316/0001-05,ME,SUL (AGUAS CLARAS),1,1,1000.0,(61) 82021883,clinica_geral,0.2,0.35
0.4525,DRA KAMYLA QUEIROZ,57.729.070/0001-00,ME,JARDINS MANGUEIRAL (JARDIM BOTANICO),1,1,1000.0,(61) 82158989,marca_pessoal,0.2,0.35
0.4525,FERNANDA ODONTO & GESTAO,57.496.677/0001-80,ME,SETOR SUDOESTE,1,1,1000.0,(61) 96832115,marca_pessoal,0.2,0.35
0.4525,JESSICA AIRES ODONTOLOGIA LTDA,52.579.068/0001-70,ME,SETOR HABITACIONAL JARDIM BOTANICO,2,1,1000.0,(61) 82753317,marca_pessoal,0.2,0.35
0.4525,JESSICA LENY ODONTOLOGIA,57.052.785/0001-63,ME,SETOR HABITACIONAL VICENTE PIRES,2,1,1000.0,(61) 83497091,marca_pessoal,0.2,0.35
0.4525,JULIA TORRES ODONTOLOGIA,55.497.667/0001-33,ME,NORTE (AGUAS CLARAS),2,1,1000.0,(61) 81012062,clinica_geral,0.2,0.35
0.4525,LM SERVICOS ODONTOLOGICOS E TREINAMENTO,59.211.327/0001-55,ME,ASA SUL,1,1,1000.0,(61) 32420192,clinica_geral,0.2,0.35
0.4525,AMB SERVICOS ODONTOLOGICOS,55.026.126/0001-27,ME,SETOR HABITACIONAL VICENTE PIRES,2,1,1000.0,(61) 91673040,clinica_geral,0.2,0.35
0.4525,ANE CHRISTINE PAES SALOMAO,58.800.841/0001-63,ME,NORTE (AGUAS CLARAS),1,1,50.0,(61) 98845004,clinica_geral,0.2,0.35
0.4520,ADAR SERVICOS ODONTOLOGICOS LTDA,47.377.292/0001-40,EPP,CEILANDIA,4,1,6000.0,(61) 33765884,clinica_geral,0.48,0.35
0.4520,MALDI ODONTO,45.890.961/0001-57,ME,TAGUATINGA CENTRO (TAGUATINGA),4,1,50000.0,(61) 82084685,clinica_geral,0.43,0.35
0.4515,DRA MARIANA OLIVEIRA,59.161.572/0001-03,ME,NORTE (AGUAS CLARAS),1,1,20000.0,(61) 95904050,marca_pessoal,0.26,0.35
0.4515,CLINIC ART ODONTOLOGIA,54.914.770/0001-79,ME,ASA NORTE,2,1,20000.0,(61) 33279827,clinica_geral,0.26,0.35
0.4510,CUIDART ODONTOLOGIA,59.394.319/0001-91,ME,RIACHO FUNDO I,1,2,100000.0,(61) 81087585,multi_unidade,0.39,0.35
0.4500,ODONTOPRESS SERVICOS DENTARIOS,32.018.083/0001-32,ME,SETOR NORTE (BRAZLANDIA),7,1,165000.0,(61) 34798013,clinica_geral,0.4,0.35
0.4500,DRA SORRISO LUCIENE TORRES,40.445.001/0001-64,ME,RECANTO DAS EMAS,5,1,150000.0,(61) 85801229,marca_pessoal,0.4,0.35
0.4500,+ DENTE,42.686.812/0001-82,ME,RECANTO DAS EMAS,5,1,130000.0,(61) 33343028,clinica_geral,0.4,0.35
0.4500,ODONTO MAIA,40.905.791/0001-13,ME,VILA SAO JOSE (SAO SEBASTIAO),5,1,120000.0,(61) 82351510,clinica_geral,0.4,0.35
0.4500,CAMARA LEAO ODONTOLOGIA,41.415.706/0001-00,ME,RECANTO DAS EMAS,5,1,112000.0,(61) 92851001,clinica_geral,0.4,0.35
0.4500,RAMALHOS ODONTOLOGIA,36.650.231/0001-98,ME,SETOR RESIDENCIAL OESTE (SAO SEBASTIAO),6,1,105000.0,(61) 98441766,clinica_geral,0.4,0.35
0.4500,MACRO ODONTOLOGIA INTEGRADA,34.049.045/0001-72,ME,INCRA 8 (BRAZLANDIA),7,1,102000.0,(61) 81788301,clinica_geral,0.4,0.35
0.4500,ODONTO COMPANY CEILANDIA,35.281.390/0001-08,ME,CEILANDIA SUL (CEILANDIA),6,1,100000.0,(61) 96037080,clinica_geral,0.4,0.35
0.4500,DENTAL SERVICOS ODONTOLOGICOS,32.577.197/0001-12,ME,SUL,7,1,100000.0,(61) 98151853,clinica_geral,0.4,0.35
0.4500,REALIZE SORRISOS,28.804.024/0001-12,ME,CEILANDIA SUL (CEILANDIA),8,1,100000.0,(85) 96364499,clinica_geral,0.4,0.35
0.4500,C T O O CONSULTORIO DE TRATAMENTO ODONTOLOGICO E ORTOFA,31.676.808/0001-17,ME,ITAPOA II,7,1,100000.0,(61) 34674371,clinica_geral,0.4,0.35
0.4500,ODONTOFIXX,39.383.147/0001-43,ME,SANTA MARIA,5,1,100000.0,(61) 33951052,clinica_geral,0.4,0.35
0.4500,ODONTOLOGIA MENESES,33.357.663/0001-17,ME,SETOR OESTE,7,1,100000.0,(61) 81738883,clinica_geral,0.4,0.35
0.4500,VENHA SORRIR,27.320.023/0001-30,ME,RECANTO DAS EMAS,9,1,100000.0,(61) 34342688,clinica_geral,0.4,0.35
0.4500,NEW ODONTO,28.612.415/0002-16,ME,CEILANDIA,2,1,80000.0,(61) 81995471,clinica_geral,0.35,0.6
0.4500,HORUS ODONTOLOGIA ESPECIALIZADA,45.744.305/0001-46,ME,CEILANDIA SUL (CEILANDIA),4,1,15000.0,(61) 85832777,clinica_institucional,0.35,0.6
0.4500,JHEYSIANI DENNISI ENDODONTIA ESPECIALIZADA,48.496.107/0001-07,ME,GRANJA DO TORTO,3,1,10000.0,(61) 94349478,clinica_institucional,0.35,0.6
0.4500,PRO NATURE INSTITUTO DE REABILITACAO,51.241.177/0001-10,ME,ASASUL,3,1,10000.0,(61) 91689111,clinica_institucional,0.35,0.6
0.4490,DT SORRISOS,48.241.890/0001-50,ME,SETOR INDUSTRIAL (TAGUATINGA),3,1,50000.0,(61) 37035570,clinica_geral,0.36,0.35
0.4490,JEFFERSON NOGUEIRA DE VASCONCELOS LTDA,54.454.586/0001-93,ME,TAGUATINGA,2,1,30000.0,(61) 84426175,clinica_geral,0.36,0.35
0.4490,UNIAO ODONTOLOGICA,58.580.893/0001-71,ME,GUARA II,1,1,20000.0,(61) 35686508,clinica_geral,0.36,0.35
0.4490,HOS,54.004.156/0001-70,ME,SOBRADINHO,2,1,20000.0,(61) 83318075,clinica_geral,0.36,0.35
0.4490,HOS,54.015.545/0001-09,ME,SOBRADINHO,2,1,20000.0,(61) 81008138,clinica_geral,0.36,0.35
0.4485,MACODONTOLOGIA LTDA,49.497.144/0001-94,ME,JARDINS MANGUEIRAL (JARDIM BOTANICO),3,1,1000.0,(61) 98170664,clinica_geral,0.19,0.35
0.4485,VITOR HENRIQUE LIMA DA COSTA LTDA,48.852.477/0001-21,ME,SETOR HABITACIONAL JARDIM BOTANICO,3,1,1000.0,(61) 81426604,clinica_geral,0.19,0.35
0.4480,ODONTOCOMPANY RECANTO E RIACHO FUNDO,57.642.862/0001-35,EPP,RECANTO DAS EMAS,1,1,50000.0,(61) 39748151,clinica_geral,0.47,0.35
0.4470,ATOS ODONTOLOGIA E SAUDE,37.299.037/0001-72,ME,SETOR TRADICIONAL (PLANALTINA),6,1,110000.0,(61) 33880351,clinica_geral,0.28,0.35
0.4470,D3M ODONTOLOGIA LTDA,28.634.073/0001-54,ME,SETOR RESIDENCIAL LESTE (PLANALTINA),8,1,30000.0,(61) 82220899,clinica_geral,0.28,0.35
0.4470,NOG ODONTOLOGIA LTDA,26.570.944/0001-98,ME,GUARA II,9,1,30000.0,(61) 81944415,clinica_geral,0.28,0.35
0.4470,SAMIR REZEK & CIA LTDA,26.278.699/0001-40,ME,SETOR SUL (GAMA),9,1,30000.0,(61) 33844488,clinica_geral,0.28,0.35
0.4470,CONSULTORIO ODONTOLOGICO DR. VICTOR PETRIN LTDA,28.367.285/0001-12,ME,SETOR OESTE (SOBRADINHO II),9,1,20000.0,(61) 93213389,clinica_geral,0.28,0.35
0.4470,CEO - CLINICA DE EXCELENCIA EM ODONTOLOGIA,39.652.437/0001-45,ME,SAMAMBAIA SUL (SAMAMBAIA),5,1,15000.0,(61) 92005410,clinica_geral,0.28,0.35
0.4470,GRUPO GLAVO,42.028.671/0001-00,ME,TAGUATINGA NORTE (TAGUATINGA),5,1,15000.0,(61) 83380444,clinica_geral,0.28,0.35
0.4470,CENTRO CLINICO ODONTOLOGICO SAMAMBAIA,38.294.798/0001-02,ME,SAMAMBAIA SUL (SAMAMBAIA),5,1,10000.0,(61) 32429496,clinica_institucional,0.28,0.35
0.4470,ODONTOLOGIA INTEGRADA,35.226.753/0001-02,ME,CRUZEIRO VELHO,6,1,10000.0,(61) 32349233,clinica_geral,0.28,0.35
0.4470,HS ODONTO,38.180.538/0001-06,ME,SOBRADINHO II,6,1,5000.0,(61) 91812355,clinica_geral,0.28,0.35
0.4460,ODONTO MAIS SAUDE,33.833.515/0001-21,ME,CEILANDIA NORTE (CEILANDIA),7,1,99800.0,(61) 35853725,clinica_geral,0.39,0.35
0.4460,P & L CLINICA ODONTOLOGICA,59.397.964/0001-68,ME,CEILANDIA NORTE (CEILANDIA),1,1,100000.0,(61) 92775004,clinica_geral,0.34,0.6
0.4460,ODONTO VIDA,52.336.368/0001-29,ME,SETOR LESTE (VILA ESTRUTURAL),2,1,100000.0,(61) 34654968,clinica_institucional,0.34,0.6
0.4460,PREMIER CLINICA ODONTOLOGICA,53.455.479/0001-17,ME,CEILANDIA NORTE (CEILANDIA),2,1,100000.0,(61) 30343536,clinica_geral,0.34,0.6
0.4460,DRA PAULA LETICIA CLINICA ODONTOLOGICA,50.863.114/0001-33,ME,RIACHO FUNDO II,3,1,40000.0,(61) 84585948,marca_pessoal,0.29,0.6
0.4450,DRA. FERNANDA FURTADO ODONTOLOGIA,51.477.440/0001-75,ME,TAGUATINGA,3,1,10000.0,(61) 84185990,marca_pessoal,0.35,0.35
0.4450,FF ODONTOLOGIA,46.230.104/0001-93,ME,SAMAMBAIA,4,1,10000.0,(61) 91778011,clinica_geral,0.35,0.35
0.4450,ESPECIALLE ODONTOLOGIA,51.712.775/0001-20,ME,TAGUATINGA SUL,3,1,10000.0,(61) 99754835,clinica_geral,0.35,0.35
0.4445,RODRIGUES MASSA ODONTOLOGIA LTDA,58.800.883/0001-02,ME,ASA NORTE,1,1,5000.0,(61) 81407722,clinica_geral,0.18,0.35
0.4445,SURIA ODONTOLOGIA LTDA,54.799.781/0001-55,ME,ASA SUL,2,1,5000.0,(61) 33210999,clinica_geral,0.18,0.35
0.4440,ODONTOCOMPANY BRAZLANDIA,42.553.484/0001-46,ME,CEILANDIA NORTE (CEILANDIA),5,1,50000.0,(61) 35462224,clinica_geral,0.26,0.6
0.4440,ODONTO CENTER SANTA MARIA,35.767.727/0001-83,ME,SANTA MARIA,6,1,2000.0,(61) 33938875,clinica_geral,0.26,0.6
0.4430,SIQUEIRA ODONTOLOGIA,49.644.988/0001-10,EPP,RECANTO DAS EMAS,3,1,5000.0,(61) 93758013,clinica_geral,0.52,0.35
0.4430,FINOTTI & DIAS CLINICA ODONTOLOGICA LTDA,53.805.236/0001-61,ME,TAGUATINGA NORTE (TAGUATINGA),2,1,30000.0,(61) 82051111,clinica_geral,0.22,0.6
0.4430,MARFIM ODONTOLOGIA INTEGRADA,56.193.641/0001-64,ME,SETOR CENTRAL (GAMA),2,1,10000.0,(61) 61501805,clinica_geral,0.22,0.6
0.4430,BT ODONTOLOGIA ESPECIALIZADA,59.283.386/0001-39,ME,GUARA II,1,1,10000.0,(61) 30212925,clinica_institucional,0.22,0.6
0.4430,CLINICA ODONTOLOGICA YASMIN MARTINS,54.370.211/0001-45,ME,GAMA,2,1,7000.0,(61) 98773043,clinica_geral,0.22,0.6
0.4430,LIZE ODONTOLOGIA,55.359.420/0001-50,ME,SAMAMBAIA SUL (SAMAMBAIA),2,1,5000.0,(61) 99562011,clinica_geral,0.22,0.6
0.4430,CONSULTORIO DR. LUIZ CARLOS A. PEIXOTO,58.937.589/0001-39,ME,TAGUATINGA NORTE (TAGUATINGA),1,1,5000.0,(61) 33511708,clinica_geral,0.22,0.6
0.4425,CTODONTO - CENTRO TECNOLOGICO DE ODONTOLOGIA,03.670.493/0001-65,ME,SETOR DE INDUSTRIAS AUTONOMAS,26,1,0.0,(61) 30336370,clinica_institucional,0.2,0.6
0.4420,MENDES & MATOS ODONTOLOGIA LTDA,27.306.396/0001-56,ME,CEILANDIA NORTE (CEILANDIA),9,1,30000.0,(61) 34915299,clinica_geral,0.38,0.35
0.4420,ODONTOLOGIA CENTRAL,46.681.039/0001-12,ME,PARANOA,4,1,85000.0,(61) 34085452,clinica_geral,0.33,0.6
0.4420,C.O.B. CENTRO ODONTOLOGICO BORGES,46.054.336/0001-38,ME,CEILANDIA SUL (CEILANDIA),4,1,50000.0,(61) 92536443,clinica_institucional,0.33,0.6
0.4420,ODONTO AGUIAR,45.439.898/0001-37,ME,CEILANDIA SUL (CEILANDIA),4,1,50000.0,(61) 98284489,clinica_geral,0.33,0.6
0.4420,NAODONTO,57.982.603/0001-53,ME,SAO BARTOLOMEU (SAO SEBASTIAO),1,1,50000.0,(61) 91887437,clinica_geral,0.33,0.6
0.4415,ODONTOCASTRO LTDA,00.648.315/0001-40,ME,TAGUATINGA,31,1,30000.0,,clinica_geral,0.21,0.35
0.4415,ELISANDRA ODONTOCLINIC,30.607.230/0001-84,ME,SETOR HABITACIONAL VICENTE PIRES - TRECHO 3,8,1,2000.0,(61) 96017707,clinica_geral,0.16,0.35
0.4410,BSB ODONTOLOGIA,59.027.101/0001-07,ME,TAGUATINGA,1,1,120000.0,(61) 98253931,clinica_geral,0.34,0.35
0.4410,ARCO ODONTOLOGIA,59.397.917/0001-14,ME,TAGUATINGA NORTE (TAGUATINGA),1,1,100000.0,(61) 35632368,clinica_geral,0.34,0.35
0.4410,MOTA ODONTOLOGIA INTEGRADA,58.726.106/0001-57,ME,SAMAMBAIA NORTE (SAMAMBAIA),1,1,100000.0,(61) 99195152,clinica_geral,0.34,0.35
0.4410,SORRIR MAIS ODONTOLOGIA,53.677.245/0001-14,ME,VALE DO AMANHECER (PLANALTINA),2,1,100000.0,(61) 96341006,clinica_geral,0.34,0.35
0.4400,SORRIDENTS CEILANDIA,39.593.307/0001-89,ME,CEILANDIA NORTE (CEILANDIA),5,1,20000.0,(61) 33735163,clinica_institucional,0.25,0.6
0.4395,DRA MAIARA MAIA ALVES,50.490.893/0001-79,ME,SETOR HABITACIONAL JARDIM BOTANICO,3,1,1000.0,(61) 93504122,marca_pessoal,0.23,0.35
0.4395,RENNOVE ODONTOLOGIA,45.661.249/0001-86,ME,ASA SUL,4,1,1000.0,(61) 81007062,clinica_geral,0.23,0.35
0.4390,LOPES GESTEIRA SAUDE,35.948.126/0001-77,ME,SETOR OESTE (GAMA),6,1,1000.0,(61) 99348767,clinica_geral,0.26,0.35
0.4390,LUIZ A. MACHADO ODONTOLOGIA,42.388.607/0001-30,ME,TAGUATINGA SUL (TAGUATINGA),5,1,1000.0,(61) 82120112,marca_pessoal,0.26,0.35
0.4380,FACE ODONTOLOGIA E RADIOLOGIA LTDA,28.532.458/0001-00,ME,SETOR NORTE (BRAZLANDIA),9,1,300000.0,(61) 96487441,clinica_geral,0.37,0.35
0.4380,ODONTO+,33.915.384/0001-21,ME,NUCLEO BANDEIRANTE,7,1,40000.0,(61) 38797037,clinica_geral,0.32,0.35
0.4380,ORAL STUDIOS,30.694.809/0001-21,ME,SETOR CENTRAL (GAMA),8,1,30000.0,(61) 32335659,clinica_geral,0.32,0.35
0.4380,ESSENCE ODONTOLOGIA UNIDADE GAMA,30.068.528/0001-63,ME,SETOR SUL (GAMA),8,1,25000.0,(61) 35673832,clinica_geral,0.32,0.35
0.4380,GIOVANA SOUSA ODONTOLOGIA,38.420.160/0001-62,ME,TAGUATINGA SUL (TAGUATINGA),5,1,20000.0,(61) 33263005,clinica_geral,0.32,0.35
0.4380,SOFISTICATTO ODONTOLOGIA,26.956.728/0001-85,ME,TAGUATINGA NORTE (TAGUATINGA),9,1,20000.0,(61) 92751850,clinica_geral,0.32,0.35
0.4380,MARCELO GUIMARAES ODONTOLOGIA,31.381.055/0001-12,ME,SETOR OESTE (SOBRADINHO II),8,1,20000.0,(61) 34859681,marca_pessoal,0.32,0.35
0.4380,ESTACAO SORRISO,58.283.459/0001-20,ME,SANTA MARIA,1,1,10000.0,(61) 81259062,clinica_geral,0.32,0.6
0.4375,CENTRO DE REABILITACAO ORAL DR WALTER VASQUES,33.512.963/0001-23,ME,TAGUATINGA,36,1,0.0,,clinica_institucional,0.2,0.35
0.4375,DENTE CLINICA CENTRAL,72.599.186/0001-58,ME,SOBRADINHO,32,1,0.0,,clinica_geral,0.2,0.35
0.4375,ODONTO-SAUDE,02.544.222/0001-09,ME,TAGUATINGA SUL,28,1,0.0,,clinica_geral,0.2,0.35
0.4370,SMILESHOW ODONTOLOGIA,45.011.193/0001-14,ME,SETOR CENTRAL (GAMA),4,1,80000.0,(61) 85944887,clinica_geral,0.33,0.35
0.4370,ODONTO ON FACE,47.122.467/0001-78,ME,TAGUATINGA NORTE (TAGUATINGA),4,1,71000.0,(61) 96430545,clinica_geral,0.33,0.35
0.4370,BM CLINIC,57.017.999/0001-07,ME,SAMAMBAIA,2,1,60000.0,(38) 99313206,clinica_geral,0.33,0.35
0.4370,ALESSANDRO CORDEIRO ODONTOLOGIA,54.140.000/0001-16,ME,SAMAMBAIA SUL (SAMAMBAIA),2,1,50000.0,(61) 33521011,clinica_geral,0.33,0.35
0.4370,ALINE FROTA ODONTOLOGIA HUMANIZADA,51.633.712/0001-89,ME,TAGUATINGA CENTRO (TAGUATINGA),3,1,50000.0,(61) 82220298,marca_pessoal,0.33,0.35
0.4370,ALTO NIVEL ODONTOLOGIA,56.795.494/0001-00,ME,TAGUATINGA NORTE (TAGUATINGA),2,1,50000.0,(61) 94564057,clinica_geral,0.33,0.35
0.4370,BLACK TULIP,45.104.527/0001-02,ME,SAMAMBAIA SUL (SAMAMBAIA),4,1,50000.0,(61) 99661299,clinica_geral,0.33,0.35
0.4370,FIRENZZE ODONTOLOGIA,51.517.700/0001-99,ME,GUARA I,3,1,50000.0,(61) 99999999,clinica_geral,0.33,0.35
0.4370,ODONTO VALE,47.204.765/0001-07,ME,VALE DO AMANHECER (PLANALTINA),4,1,50000.0,(61) 95539244,clinica_geral,0.33,0.35
0.4370,CLINICA SR DENTE,53.286.816/0001-90,ME,TAGUATINGA NORTE (TAGUATINGA),2,1,50000.0,(61) 81459985,clinica_geral,0.33,0.35
0.4370,IDEALIZE ODONTOLOGIA INTEGRADA,43.964.435/0001-69,ME,TAGUATINGA NORTE (TAGUATINGA),4,1,50000.0,(61) 84962207,clinica_geral,0.33,0.35
0.4370,MAWE ODONTOLOGIA EIRELI,43.706.311/0001-83,ME,VILA VICENTINA (PLANALTINA),4,1,50000.0,(61) 95355628,clinica_geral,0.33,0.35
0.4370,ODONTO VIDA,48.095.720/0001-04,ME,SETOR INDUSTRIAL (GAMA),3,1,50000.0,(61) 99738867,clinica_geral,0.33,0.35
0.4370,IMCORP,47.035.749/0001-38,ME,GUARA II,4,1,50000.0,(61) 85232361,clinica_geral,0.33,0.35
0.4370,SANTIONI ODONTOLOGIA,44.908.883/0001-08,ME,TAGUATINGA NORTE (TAGUATINGA),4,1,50000.0,(61) 91799019,clinica_geral,0.33,0.35
0.4370,VITALY ODONTOLOGIA,46.693.265/0001-13,ME,SETOR RESIDENCIAL LESTE (PLANALTINA),4,1,50000.0,(61) 95065187,clinica_geral,0.33,0.35
0.4370,X ODONTO,53.251.552/0001-39,ME,RIACHO FUNDO I,2,1,50000.0,(61) 81515075,clinica_geral,0.33,0.35
0.4370,MY DENT,48.312.196/0001-86,ME,SOBRADINHO,3,1,50000.0,(61) 98548950,clinica_geral,0.33,0.35
0.4370,CARTAO DO POVO,48.144.015/0001-50,ME,SOBRADINHO,3,1,3000.0,(61) 92571210,clinica_geral,0.33,0.35
0.4370,DAMASO ODONTOLOGIA,46.243.684/0001-53,ME,GUARA II,4,1,1500.0,(61) 99725113,clinica_geral,0.33,0.35
0.4370,IMO MACHADO ODONTOLOGIA LTDA,46.407.981/0001-97,ME,GUARA II,4,1,1000.0,(61) 82190006,clinica_geral,0.33,0.35
0.4365,LIVIA DA SILVA VIEIRA LTDA,56.948.229/0001-07,ME,SUL (AGUAS CLARAS),2,1,1000.0,(41) 97880145,marca_pessoal,0.16,0.35
0.4365,MILENA PINTO DE CARVALHO LTDA,54.086.060/0001-06,ME,SETOR HABITACIONAL VICENTE PIRES - TRECHO 1,2,1,1000.0,(41) 97880145,clinica_geral,0.16,0.35
0.4365,NATHALIA S. NEIVA LTDA,55.160.218/0001-03,ME,AGUAS CLARAS,2,1,1000.0,(61) 98369646,marca_pessoal,0.16,0.35
0.4360,DOUTOR CAMILO ODONTOLOGIA AVANCADA,54.236.487/0001-35,ME,CEILANDIA NORTE (CEILANDIA),2,1,100000.0,(6) 35816745,clinica_geral,0.44,0.35
0.4350,INSTITUTO DE ODONTOLOGIA ELIDA LEMOS,54.765.149/0001-90,ME,TAGUATINGA NORTE (TAGUATINGA),2,1,1000.0,(61) 82511121,clinica_institucional,0.2,0.6
0.4350,LEAO ODONTOLOGIA ESPECIALIZADA LTDA,59.022.894/0001-63,ME,SETOR INDUSTRIAL (TAGUATINGA),1,1,1000.0,(61) 81907291,clinica_institucional,0.2,0.6
0.4340,DRA JULIANNA MEDEIROS ODONTOLOGIA LTDA,36.625.578/0001-80,ME,CANDANGOLANDIA,6,1,105000.0,(61) 93073322,marca_pessoal,0.36,0.35
0.4340,MARILIA MARTINS QUEIROZ LTDA,28.464.047/0001-25,ME,SETOR HABITACIONAL ARNIQUEIRA (AGUAS CLA,9,1,100000.0,(61) 32226639,marca_pessoal,0.36,0.35
0.4340,WELLINGTON SOARES ODONTOLOGIA,34.004.420/0001-68,ME,CEILANDIA NORTE (CEILANDIA),7,1,99800.0,(61) 91366866,marca_pessoal,0.36,0.35
0.4340,ODONTOVITA,29.723.172/0001-75,ME,ASA,8,1,95400.0,(61) 30413433,clinica_geral,0.36,0.35
0.4340,SMILE SAUDE,31.870.262/0001-30,ME,SANTA MARIA,7,1,95400.0,(61) 33991305,clinica_geral,0.36,0.35
0.4340,FIORE SERVICOS ODONTOLOGICOS,40.944.961/0001-79,ME,SETOR NORTE (BRAZLANDIA),5,1,80000.0,(61) 35265108,clinica_geral,0.36,0.35
0.4340,RISO ODONTOLOGIA,42.116.785/0001-02,ME,SANTA MARIA,5,1,70000.0,(61) 85193057,clinica_geral,0.36,0.35
0.4340,REALCE SEU SORRISO,36.403.415/0001-53,ME,CENTRO (SAO SEBASTIAO),6,1,60000.0,(61) 32642351,clinica_geral,0.36,0.35
0.4340,GRUPO ABADE VASCONCELOS,41.717.796/0001-85,ME,SANTA MARIA,5,1,50000.0,(61) 86339749,clinica_geral,0.36,0.35
0.4340,ODONTO COMPANY,37.179.435/0001-55,ME,SANTA MARIA,6,1,50000.0,(61) 83213775,clinica_geral,0.36,0.35
0.4340,ODONTO HOUSE,43.346.308/0001-04,ME,JARDINS MANGUEIRAL (SAO SEBASTIAO),5,1,50000.0,(61) 85620102,clinica_geral,0.36,0.35
0.4340,ERICK LUIZ BARROS DE ANDRADE,41.901.165/0001-11,ME,SETORES COMPLEMENTARES,5,1,1000.0,(61) 41017555,clinica_geral,0.36,0.35
0.4340,MURIEL ODONTOLOGIA ESPECIALIZADA,59.012.676/0001-48,ME,TAGUATINGA SUL (TAGUATINGA),1,1,30000.0,(61) 99999650,clinica_institucional,0.26,0.6
0.4330,BERNARDO'S ODONTOLOGIA,37.843.482/0001-51,ME,SANTA MARIA,6,1,30000.0,(61) 81023759,clinica_geral,0.42,0.35
0.4330,GONCALVES ODONTOLOGIA,33.718.633/0001-99,ME,CEILANDIA SUL (CEILANDIA),7,1,30000.0,(61) 98147811,clinica_geral,0.42,0.35
0.4330,CLINICA DENTARIA REC. DAS EMAS,39.608.719/0001-45,ME,RECANTO DAS EMAS,5,1,20000.0,(61) 33515400,clinica_geral,0.42,0.35
0.4330,RAME ODONTOLOGIA,55.123.560/0001-25,ME,TAGUATINGA NORTE (TAGUATINGA),2,1,10000.0,(61) 39651880,clinica_geral,0.32,0.35
0.4330,CARLA TILL ODONTOLOGIA NEURODIVERSA,55.117.057/0001-67,ME,CRUZEIRO VELHO,2,1,10000.0,(61) 81411719,marca_pessoal,0.32,0.35
0.4330,ODONTOCENTER,52.472.684/0001-28,ME,SOBRADINHO,2,1,10000.0,(61) 30344881,clinica_geral,0.32,0.35
0.4330,V B ODONTOLOGIA,56.659.711/0001-27,ME,PONTE ALTA NORTE (GAMA),2,1,5000.0,(61) 91947179,clinica_geral,0.32,0.35
0.4320,RIA ODONTOLOGIA,44.304.573/0001-84,ME,FAZENDINHA (ITAPOA),4,1,700000.0,(61) 92311515,clinica_geral,0.43,0.35
0.4320,ODONTO VIDA,48.783.556/0001-28,ME,CEILANDIA NORTE (CEILANDIA),3,1,90000.0,(61) 85089768,clinica_geral,0.43,0.35
0.4320,EXPERIENCE ODONTO,44.319.415/0001-06,ME,PARANOA,4,1,80000.0,(61) 98595930,clinica_geral,0.43,0.35
0.4320,ODONTOLOBO,49.706.035/0001-30,ME,RECANTO DAS EMAS,3,1,50000.0,(61) 98280086,clinica_geral,0.43,0.35
0.4320,RACHEL DANTAS DA SILVA LTDA,53.113.485/0001-96,EPP,CEILANDIA NORTE (CEILANDIA),2,1,1000.0,(41) 97880145,clinica_geral,0.43,0.35
0.4305,CENTRO ODONTOLOGICO RTS,00.798.259/0001-20,ME,CEILANDIA,30,1,0.0,,clinica_institucional,0.17,0.6
0.4305,CLINICA MICHELUTTI,03.511.899/0001-03,ME,SC/NORTE,26,1,0.0,,clinica_geral,0.17,0.6
0.4300,ODONTO VIDA ODONTOLOGIA,36.879.643/0001-02,ME,SETOR LESTE (VILA ESTRUTURAL),6,1,30000.0,(61) 91023440,clinica_geral,0.35,0.35
0.4300,CAPACITA ODONTOLOGIA,30.544.737/0001-36,ME,SETOR DE HABITACOES INDIVIDUAIS SUL,8,1,20000.0,(61) 92693935,clinica_geral,0.35,0.35
0.4300,ORAL CLIN,43.277.321/0001-40,ME,SANTA MARIA,5,1,20000.0,(61) 33931765,clinica_geral,0.35,0.35
0.4300,RAMALHOS ODONTOLOGIA,54.561.078/0001-04,ME,SETOR RESIDENCIAL OESTE (SAO SEBASTIAO),2,1,70000.0,(61) 98322403,clinica_institucional,0.3,0.6
0.4300,CLINICA ODONTOLOGICA DRA. TAYNA ALMEIDA,58.802.207/0001-60,ME,CEILANDIA NORTE (CEILANDIA),1,1,60000.0,(61) 83184468,clinica_geral,0.3,0.6
0.4300,ODONTO NERES,58.852.912/0001-71,ME,CENTRO (SAO SEBASTIAO),1,1,55000.0,(61) 92752864,clinica_geral,0.3,0.6
0.4300,ODONTO BARBOZA,52.881.686/0001-70,ME,CEILANDIA SUL (CEILANDIA),2,1,50000.0,(61) 82209821,clinica_geral,0.3,0.6
0.4300,IOB - INSTITUTO ODONTOLOGICO BRILHANTE,54.485.501/0001-34,ME,BRASILIA,2,1,50000.0,(61) 99813099,clinica_institucional,0.3,0.6
0.4300,CLINICA MUKAI,53.531.164/0001-01,ME,SETOR NORTE (BRAZLANDIA),2,1,50000.0,(61) 81550449,clinica_geral,0.3,0.6
0.4300,R2S ODONTOLOGIA ESPECIALIZADA,43.849.676/0001-67,ME,SETOR DE MANSOES DE SOBRADINHO,4,1,10000.0,(77) 36111120,clinica_institucional,0.25,0.6
0.4280,AL ODONTOLOGIA LTDA,37.293.499/0001-82,ME,CEILANDIA NORTE (CEILANDIA),6,2,50000.0,(61) 33751076,multi_unidade,0.37,0.35
0.4280,ORIS SALUTEM ODONTOLOGIA ESPECIALIZADA DE BRASILIA LTDA,28.246.350/0001-51,ME,SETORES COMPLEMENTARES,9,1,1000.0,(61) 81069102,clinica_institucional,0.22,0.6
0.4275,LFO ODONTOLOGIA AVANCADA,58.943.981/0001-90,ME,ASA NORTE,1,1,1000.0,(61) 82376618,clinica_geral,0.2,0.35
0.4270,ORAL CLINICA,31.532.197/0001-33,ME,VARJAO,7,1,10000.0,(61) 99690104,clinica_geral,0.28,0.6
0.4270,INSTITUTO SMILE ODONTOLOGIA E ENSINO,56.193.596/0001-48,ME,TAGUATINGA,2,1,50000.0,(61) 99564100,clinica_institucional,0.18,0.6
0.4270,INSTITUTO ODONTOLOGICO KMT LTDA,56.929.301/0001-59,ME,TAGUATINGA NORTE (TAGUATINGA),2,1,10000.0,(61) 99458588,clinica_institucional,0.18,0.6
0.4260,ODONTO RISUS ODONTOLOGIA ESPECIALIZADA LTDA,50.242.039/0001-93,ME,CEILANDIA,3,1,50000.0,(61) 99903035,clinica_institucional,0.29,0.6
0.4260,MODIFICARE ODONTOLOGIA,48.704.065/0001-44,ME,CEILANDIA,3,1,40000.0,(34) 98936729,clinica_geral,0.29,0.6
0.4260,ABILITA CLINICA ODONTOLOGICA,45.431.967/0001-66,ME,SETOR DE HABITACOES INDIVIDUAIS NORTE,4,1,37000.0,(61) 30338730,clinica_geral,0.29,0.6
0.4260,PRO INOVE ODONTOLOGIA ESPECIALIZADA,48.828.324/0001-49,ME,PARANOA,3,1,30000.0,(61) 91678099,clinica_institucional,0.29,0.6
0.4260,CLINICA ODONTOLOGICA CANDANGA,50.618.001/0001-72,ME,CANDANGOLANDIA,3,1,20000.0,(61) 81102579,clinica_geral,0.29,0.6
0.4260,MENDES ODONTOLOGIA ESPECIALIZADA,45.187.386/0001-20,ME,RECANTO DAS EMAS,4,1,20000.0,(61) 92203040,clinica_institucional,0.29,0.6
0.4255,CONSULTORIO SORRISO,02.104.433/0001-12,ME,GUARA II,28,1,0.0,,clinica_geral,0.17,0.35
0.4255,ORAL CLIN,00.806.157/0001-09,ME,TAGUATINGA,30,1,0.0,,clinica_geral,0.17,0.35
0.4250,SUELE ANDRADE LOPES LTDA,56.263.070/0001-97,ME,TAGUATINGA NORTE (TAGUATINGA),2,1,150000.0,(61) 33362493,clinica_geral,0.3,0.35
0.4250,ELITE ODONTOLOGIA INTEGRADA,58.359.157/0001-98,ME,TAGUATINGA,1,1,80000.0,(61) 33361614,clinica_geral,0.3,0.35
0.4250,NOB - NUCLEO ODONTOLOGICO BRITO,53.379.016/0001-13,ME,NUCLEO BANDEIRANTE,2,1,80000.0,(61) 84560973,clinica_geral,0.3,0.35
0.4250,ODONTOMAR,55.571.606/0001-79,ME,GAMA,2,1,65000.0,(61) 33848334,clinica_geral,0.3,0.35
0.4250,ANA CAROLINE CONSULTORIO ODONTOLOGICO,54.478.090/0001-50,ME,SETOR HABITACIONAL MESTRE D'ARMAS (PLANALTINA),2,1,60000.0,(61) 99017416,marca_pessoal,0.3,0.35
0.4250,BUENO ODONTOLOGIA,57.162.681/0001-01,ME,SOBRADINHO,1,1,60000.0,(61) 35918202,clinica_geral,0.3,0.35
0.4250,CLINICA ELEVE ESPECIALIDADES EM ODONTOLOGIA,53.460.738/0001-06,ME,SETOR RESIDENCIAL LESTE (PLANALTINA),2,1,60000.0,(61) 93218112,clinica_geral,0.3,0.35
0.4250,CLINICA DRA. ALINE CACAU,55.423.507/0001-40,ME,SAMAMBAIA,2,1,50000.0,(61) 99997294,clinica_geral,0.3,0.35
0.4250,CS ODONTOLOGIA INTEGRADA,57.657.057/0001-85,ME,TAGUATINGA,1,1,50000.0,(61) 33540894,clinica_geral,0.3,0.35
0.4250,ODONTO SAUDE LIFE,54.178.384/0001-66,ME,GAMA,2,1,50000.0,(61) 96643138,clinica_geral,0.3,0.35
0.4250,GUARA ODONTO SAUDE,57.064.904/0001-06,ME,GUARA II,2,1,50000.0,(61) 91099692,clinica_geral,0.3,0.35
0.4250,LR BSB ODONTOLOGIA,57.972.806/0001-69,ME,TAGUATINGA CENTRO (TAGUATINGA),1,1,50000.0,(61) 82051172,clinica_geral,0.3,0.35
0.4250,ODONTO SIMOES 01,59.469.219/0001-87,ME,RIACHO FUNDO I,1,1,50000.0,(61) 33990148,clinica_geral,0.3,0.35
0.4250,ODONTOLOGIA CH TAGUACENTER,52.365.943/0001-11,ME,TAGUATINGA NORTE (TAGUATINGA),2,1,50000.0,(61) 33263005,clinica_geral,0.3,0.35
0.4250,CLINIC OLIVEIRA & ROCA,57.984.586/0001-93,ME,TAGUATINGA,1,1,50000.0,(61) 85050691,clinica_geral,0.3,0.35
0.4250,DRA. LUCIANA SHIMAKAWA ODONTOLOGIA,57.835.406/0001-01,ME,CRUZEIRO VELHO,1,1,50000.0,(61) 93328264,marca_pessoal,0.3,0.35
0.4250,JCI ODONTOLOGIA,53.303.224/0001-39,ME,TAGUATINGA CENTRO (TAGUATINGA),2,1,1000.0,(41) 97880145,clinica_geral,0.3,0.35
0.4230,ODONTOCOMPANY - NOROESTE TAGUATINGA,36.295.473/0001-00,ME,TAGUATINGA NORTE (TAGUATINGA),6,1,40000.0,(71) 91852864,clinica_geral,0.22,0.35
0.4230,ODONTOCOMPANY GUARA II,41.792.710/0001-89,ME,GUARA II,5,1,20000.0,(61) 92235058,clinica_geral,0.22,0.35
0.4230,LEIDE MARIA DE OLIVEIRA SOUSA LTDA,41.638.675/0001-48,ME,TAGUATINGA SUL (TAGUATINGA),5,1,1000.0,(61) 98108821,clinica_geral,0.22,0.35
0.4225,CLINICA ODONTOLOGICA CLARICE AMIEL CHARCHAT SC LTDA,00.877.965/0001-67,ME,BRASILIA,30,1,3000.0,,clinica_geral,0.15,0.6
0.4220,CLINICA ODONTO SMILE LTDA,47.328.677/0001-17,ME,SANTA MARIA,4,1,20000.0,(61) 33948308,clinica_geral,0.28,0.6
0.4220,GUSTAVO VIERO BUOGO,27.788.465/0001-05,ME,SETOR RESIDENCIAL LESTE (PLANALTINA),9,1,20000.0,(61) 33886037,marca_pessoal,0.28,0.35
0.4220,CLINICA SORRISO CRISTAO,30.223.380/0001-94,ME,TAGUATINGA NORTE (TAGUATINGA),8,1,10000.0,(61) 33720859,clinica_geral,0.28,0.35
0.4220,TMP ODONTOLOGIA,33.550.865/0001-80,ME,GUARA I,7,1,10000.0,(61) 99795494,clinica_geral,0.28,0.35
0.4220,PALACE ODONTOLOGIA,34.466.510/0001-70,ME,TAGUATINGA NORTE (TAGUATINGA),7,1,10000.0,(61) 85058520,clinica_geral,0.28,0.35
0.4220,DR KEDSON DAVI ODONTOLOGIA,41.482.336/0001-15,ME,SETOR RESIDENCIAL LESTE (PLANALTINA),5,1,5000.0,(61) 82767551,marca_pessoal,0.28,0.35
0.4220,PF ODONTOLOGIA,41.354.261/0001-97,ME,CRUZEIRO NOVO,5,1,5000.0,(61) 83258909,clinica_geral,0.28,0.35
0.4215,CODE - CENTRO DE ODONTOLOGIA DINIZ LTDA,03.047.564/0001-78,ME,TAGUATINGA,27,1,0.0,,clinica_institucional,0.16,0.35
0.4215,UNIDONTO - UNIAO ODONTOLOGICA S/S,01.297.743/0001-38,ME,GUARA I,30,1,0.0,,clinica_geral,0.16,0.35
0.4210,JONATAS DE ARAUJO SOUSA LTDA,47.313.199/0001-71,ME,VILA VICENTINA (PLANALTINA),4,1,80000.0,(61) 99744623,clinica_geral,0.29,0.35
0.4210,ODONTO SANTA JULIANA,45.458.636/0001-10,ME,GUARA II,4,1,45000.0,(61) 35672372,clinica_geral,0.29,0.35
0.4210,CENTRO CLINICO ODONTOLOGICO MAYA,46.594.449/0001-26,ME,SETOR COMERCIAL CENTRAL (PLANALTINA),4,1,40000.0,(61) 91929564,clinica_institucional,0.29,0.35
0.4210,IMPRESS ODONTOLOGIA,47.144.072/0001-76,ME,SETOR CENTRAL (GAMA),4,1,35000.0,(61) 96664003,clinica_geral,0.29,0.35
0.4210,ARMONIZZA ODONTOLOGIA,51.688.494/0001-80,ME,TAGUATINGA SUL (TAGUATINGA),3,1,30000.0,(61) 74014615,clinica_geral,0.29,0.35
0.4210,CLINICA SPECIALIS,48.288.694/0001-30,ME,TAGUATINGA,3,1,30000.0,(61) 99124333,clinica_geral,0.29,0.35
0.4210,DETALHE ODONTOLOGIA,46.009.803/0001-08,ME,TAGUATINGA NORTE (TAGUATINGA),4,1,30000.0,(61) 84475591,clinica_geral,0.29,0.35
0.4210,DR SORRISO ODONTOLOGIA AVANCADA,51.951.417/0001-70,ME,SETOR CENTRAL (GAMA),3,1,30000.0,(61) 94434190,marca_pessoal,0.29,0.35
0.4210,MH ODONTOLOGIA,45.566.715/0001-44,ME,TAGUATINGA NORTE (TAGUATINGA),4,1,30000.0,(61) 84023810,clinica_geral,0.29,0.35
0.4210,MAIBERG ODONTOLOGIA,51.937.246/0001-25,ME,TAGUATINGA CENTRO (TAGUATINGA),3,1,22055.0,(61) 81758404,clinica_geral,0.29,0.35
0.4210,AMARAL SOLUTIONS,49.731.700/0001-45,ME,TAGUATINGA NORTE (TAGUATINGA),3,1,20000.0,(61) 98931556,clinica_geral,0.29,0.35
0.4210,DODWELL GUEDES ODONTOLOGIA INTEGRADA,51.725.215/0001-00,ME,TAGUATINGA NORTE (TAGUATINGA),3,1,20000.0,(61) 33546558,clinica_geral,0.29,0.35
0.4210,ODONTOCRIS ODONTOLOGIA FAMILIAR,45.296.145/0001-10,ME,TAGUATINGA NORTE (TAGUATINGA),4,1,20000.0,(61) 30378141,clinica_geral,0.29,0.35
0.4210,ORALDENTE,45.159.473/0001-74,ME,TAGUATINGA CENTRO,4,1,20000.0,(61) 86754588,clinica_geral,0.29,0.35
0.4210,LOUBACH ODONTOLOGIA,44.805.374/0001-50,ME,SOBRADINHO,4,1,20000.0,(61) 81301035,clinica_geral,0.29,0.35
0.4210,DHIOGENES SALVIATO ODONTOLOGIA,50.418.340/0001-05,ME,SOBRADINHO,3,1,20000.0,(61) 91135550,clinica_geral,0.29,0.35
0.4205,CESO CENTRO DE SAUDE ORAL LTDA,02.841.193/0001-39,ME,ASA  SUL,27,1,1000.0,(061) 2449103,clinica_institucional,0.27,0.35
0.4200,ALINE BARBOSA SERVICOS ODONTOLOGICOS,47.576.563/0001-96,ME,TAGUATINGA NORTE (TAGUATINGA),4,1,5000.0,(61) 99114030,marca_pessoal,0.35,0.35
0.4200,UMANIZZA ODONTOLOGIA HOSPITALAR E ONCOLOGICA,45.417.427/0001-28,ME,GUARA II,4,1,5000.0,(98) 91764310,clinica_geral,0.35,0.35
0.4195,JOSE MARIO FREITAS BINHA ODONTOLOGIA,59.329.109/0001-10,ME,SUDOESTE/OCTOGONAL,1,1,5000.0,(61) 82511020,marca_pessoal,0.18,0.35
0.4180,RF ODONTOLOGIA LTDA,27.397.216/0001-99,ME,SETOR DE HABITACOES INDIVIDUAIS NORTE,9,1,50000.0,(61) 81375238,clinica_geral,0.32,0.35
0.4180,MENDONCA ODONTOLOGIA LTDA,28.803.977/0001-66,ME,PARANOA,8,1,45000.0,(61) 86252868,clinica_geral,0.32,0.35
0.4180,ODONTO RISOS,34.971.726/0001-93,ME,CANDANGOLANDIA,6,1,45000.0,(61) 82991572,clinica_geral,0.32,0.35
0.4180,ODONTOVILA,37.676.072/0001-63,ME,VILA PLANALTO,6,1,40000.0,(61) 33061761,clinica_geral,0.32,0.35
0.4180,VIVA ODONTOLOGIA,30.645.426/0001-63,ME,CENTRO (SAO SEBASTIAO),8,1,40000.0,(61) 33392584,clinica_geral,0.32,0.35
0.4180,ODONTOCOMPANY ITAPUA / PARANOA,35.295.749/0001-98,ME,PARANOA,6,1,30000.0,(61) 81172556,clinica_geral,0.32,0.35
0.4180,DUNCKE ODONTOLOGIA ESPECIALIZADA,54.088.228/0001-04,ME,RIACHO FUNDO II,2,1,5000.0,(61) 96908652,clinica_institucional,0.22,0.6
0.4170,RIVE ODONTOLOGIA INTEGRADA,51.887.394/0001-82,ME,PLANALTINA,3,1,10000.0,(61) 32543478,clinica_geral,0.28,0.35
0.4160,CELEBRARE ODONTOLOGIA LTDA,48.826.873/0001-84,ME,SETOR DE HABITACOES INDIVIDUAIS NORTE,3,1,50000.0,(61) 95552041,clinica_geral,0.39,0.35
0.4160,SOS DENTES ODONTOLOGIA,46.828.457/0001-90,ME,CEILANDIA,4,1,49900.0,(61) 82266646,clinica_geral,0.39,0.35
0.4160,PRIME DENTAL CLINIC,48.467.536/0001-48,ME,CEILANDIA SUL (CEILANDIA),3,1,40000.0,(61) 33776340,clinica_geral,0.39,0.35
0.4160,SORRIDENTE ODONTOLOGIA,45.260.032/0001-64,ME,RECANTO DAS EMAS,4,1,30000.0,(61) 82764707,clinica_geral,0.39,0.35
0.4160,DENTTARES SOL NASCENTE,45.621.337/0001-54,ME,SETOR HABITACIONAL SOL NASCENTE (CEILANDIA),4,1,20000.0,(61) 35850080,clinica_geral,0.39,0.35
0.4160,R.A ODONTOLOGIA,55.486.455/0001-50,ME,SETOR HABITACIONAL MESTRE D'ARMAS (PLANALTINA),2,1,100000.0,(61) 93493335,clinica_geral,0.34,0.35
0.4160,ZAIRA CANDIDA,57.258.625/0001-75,ME,TAGUATINGA,1,1,100000.0,(61) 82847972,clinica_geral,0.34,0.35
0.4145,JR CLINICA ODONTOLOGICA S/C,24.912.271/0001-81,ME,GUAR II,38,1,0.0,,clinica_geral,0.13,0.6
0.4140,CEIDENTES,36.301.357/0001-57,ME,CEILANDIA NORTE (CEILANDIA),6,1,10000.0,(61) 33795867,clinica_geral,0.31,0.35
0.4140,MARANATA CLINICA ODONTOLOGICA LTDA,52.518.907/0001-40,ME,RESIDENCIAL DO BOSQUE (SAO SEBASTIAO),2,1,50000.0,(61) 95862569,clinica_geral,0.26,0.6
0.4140,AZO ODONTOLOGIA ESPECIALIZADA,54.397.109/0001-33,ME,CEILANDIA SUL (CEILANDIA),2,1,40000.0,(61) 33741417,clinica_institucional,0.26,0.6
0.4140,IDEAL ODONTOLOGIA ESPECIALIZADA,59.119.992/0001-13,ME,CEILANDIA NORTE (CEILANDIA),1,1,40000.0,(61) 33710581,clinica_institucional,0.26,0.6
0.4140,COL - CENTRO ODONTOLOGICO LIMA,54.801.455/0001-35,ME,CEILANDIA CENTRO (CEILANDIA),2,1,30000.0,(61) 95289955,clinica_institucional,0.26,0.6
0.4140,NS CLINICA ODONTOLOGICA,59.468.569/0001-29,ME,SETOR BANCARIO NORTE,1,1,20000.0,(61) 33270051,clinica_geral,0.26,0.6
0.4140,FRANZAO ODONTOLOGIA,30.429.141/0001-95,ME,TAGUATINGA CENTRO (TAGUATINGA),8,1,2000.0,(61) 33515071,clinica_geral,0.26,0.35
0.4120,IOSPE,33.202.461/0001-04,ME,CEILANDIA SUL (CEILANDIA),7,1,100000.0,(61) 39655252,especialista_alto_ticket,0.43,0.1
0.4120,PHSA ODONTOLOGIA,45.274.785/0001-29,ME,SETOR LESTE (GAMA),4,1,1000.0,(21) 91002684,clinica_geral,0.33,0.35
0.4100,ODONTO COMPANY CEILANDIA,27.425.720/0001-55,ME,CEILANDIA NORTE (CEILANDIA),9,1,100000.0,(61) 34717899,clinica_geral,0.3,0.35
0.4100,DRA. RIVANE LAUDARES ODONTOLOGIA E SAUDE,45.930.499/0001-74,ME,SETOR DE HABITACOES INDIVIDUAIS SUL,4,1,10000.0,(61) 30430043,marca_pessoal,0.25,0.6
0.4100,ODONTOPLAX,51.401.989/0001-86,ME,CANDANGOLANDIA,3,1,10000.0,(61) 32259818,clinica_geral,0.25,0.6
0.4100,INSTITUTO ODONTOLOGICO ISAURA,44.507.392/0001-55,ME,CEILANDIA SUL (CEILANDIA),4,1,10000.0,(61) 39651036,clinica_institucional,0.25,0.6
0.4100,LA ODONTOLOGIA ESPECIALIZADA,50.015.053/0001-54,ME,ZONA INDUSTRIAL,3,1,5000.0,(61) 96576787,clinica_institucional,0.25,0.6
0.4095,ODONTO CLINICA SANDU LTDA,01.027.674/0001-42,ME,TAGUATINGA,30,1,0.0,,clinica_geral,0.13,0.35
0.4090,BRAVE ODONTOLOGIA INTEGRADA,52.366.834/0001-19,ME,TAGUATINGA SUL (TAGUATINGA),2,1,49990.0,(61) 40428922,clinica_geral,0.26,0.35
0.4090,VOLTE A SORRIR,54.848.675/0001-14,ME,TAGUATINGA NORTE (TAGUATINGA),2,1,40000.0,(61) 81055006,clinica_geral,0.26,0.35
0.4090,ODONTO MARINHO CENTRO DE CLAREAMENTO DENTAL,57.222.633/0001-61,ME,TAGUATINGA CENTRO (TAGUATINGA),1,1,40000.0,(61) 98547771,clinica_institucional,0.26,0.35
0.4090,ADELCIO SUDARIO ODONTOLOGIA,58.129.050/0001-53,ME,SETOR OESTE (GAMA),1,1,30000.0,(61) 85729388,clinica_geral,0.26,0.35
0.4090,BE ORAL CLINIC,54.764.745/0001-56,ME,SAMAMBAIA SUL (SAMAMBAIA),2,1,30000.0,(61) 81362051,clinica_geral,0.26,0.35
0.4090,FREITAS ODONTOLOGIA,55.487.152/0001-52,ME,TAGUATINGA,2,1,30000.0,(61) 98854673,clinica_geral,0.26,0.35
0.4090,STAR MAX ODONTOLOGIA INTEGRADA,53.261.676/0001-03,ME,GUARA II,2,1,30000.0,(61) 30430043,clinica_geral,0.26,0.35
0.4090,REALYZZE ODONTOLOGIA,54.273.843/0001-90,ME,SAMAMBAIA,2,1,30000.0,(61) 91229328,clinica_geral,0.26,0.35
0.4090,SOOI,58.145.641/0001-14,ME,SETOR CENTRAL (GAMA),1,1,30000.0,(61) 30429848,clinica_geral,0.26,0.35
0.4090,D CLINIC ODONTOLOGIA,52.088.018/0001-90,ME,TAGUATINGA NORTE (TAGUATINGA),2,1,20000.0,(61) 82994414,clinica_geral,0.26,0.35
0.4090,ODONTOLOGIA LAYA OLIVEIRA,52.128.358/0001-06,ME,TAGUATINGA NORTE (TAGUATINGA),2,1,20000.0,(61) 82597190,clinica_geral,0.26,0.35
0.4090,GUIOTTI SERVICOS ODONTOLOGICOS,57.915.465/0001-90,ME,SAMAMBAIA,1,1,20000.0,(62) 39112017,clinica_geral,0.26,0.35
0.4090,ODONTO HOUSE ODONTOLOGIA FAMILIAR,54.251.175/0001-09,ME,TAGUATINGA,2,1,20000.0,(61) 35625762,clinica_geral,0.26,0.35
0.4090,ODONTOCLINICA RENOVE,52.681.001/0001-42,ME,TAGUATINGA SUL (TAGUATINGA),2,1,20000.0,(61) 33552398,clinica_geral,0.26,0.35
0.4080,LENK ODONTOLOGIA LTDA,53.528.092/0001-43,ME,CEILANDIA NORTE (CEILANDIA),2,1,450000.0,(61) 82164581,clinica_geral,0.37,0.35
0.4080,REALIZE SORRISOS,43.579.669/0001-92,ME,CEILANDIA SUL (CEILANDIA),4,1,150000.0,(85) 96364499,clinica_geral,0.37,0.35
0.4080,ODONTO MAX,51.321.819/0001-91,ME,RECANTO DAS EMAS,3,1,150000.0,(61) 39676137,clinica_geral,0.37,0.35
0.4080,SORRIE ODONTOLOGIA INTEGRADA,43.660.954/0001-33,ME,CEILANDIA SUL (CEILANDIA),4,1,150000.0,(61) 81111915,clinica_geral,0.37,0.35
0.4080,DENTARYS ODONTOLOGIA,51.328.115/0001-40,ME,VILA SAO JOSE (BRAZLANDIA),3,1,140000.0,(61) 84041119,clinica_geral,0.37,0.35
0.4080,ODONTO LIMA,47.502.365/0001-88,ME,CEILANDIA NORTE (CEILANDIA),4,1,120000.0,(61) 32471260,clinica_geral,0.37,0.35
0.4080,QUALITY ODONTOLOGIA,49.229.490/0001-91,ME,PARANOA,3,1,100000.0,(61) 33694563,clinica_geral,0.37,0.35
0.4080,ODONTO COMPANY CEILANDIA,44.370.360/0001-50,ME,CEILANDIA NORTE (CEILANDIA),4,1,100000.0,(61) 34717899,clinica_geral,0.37,0.35
0.4060,THIAGO VINICIUS DA ROCHA GUIMARAES,26.881.301/0001-65,ME,SETOR RESIDENCIAL LESTE (PLANALTINA),9,1,10000.0,(61) 98421124,marca_pessoal,0.24,0.35
0.4055,E & C ODONTOLOGIA LTDA,03.318.196/0001-55,ME,RECANTO DAS EMAS,27,4,0.0,(061) 3332000,multi_unidade,0.37,0.35
0.4050,CLINICA RIBEIRO,53.499.980/0001-85,ME,ARAPOANGA (PLANALTINA),2,1,300000.0,(61) 33894970,clinica_institucional,0.25,0.35
0.4050,ODONTO CAPITAL DF LTDA,50.516.630/0001-91,ME,NUCLEO BANDEIRANTE,3,1,30000.0,(61) 35520761,clinica_geral,0.25,0.35
0.4050,DR JOAO VICTOR ODONTOLOGIA LTDA,45.493.011/0001-99,ME,PONTE ALTA SUL GAMA,4,1,20000.0,(61) 95512317,marca_pessoal,0.25,0.35
0.4050,GT GISELE TEIXEIRA ODONTOLOGIA LTDA,48.839.436/0001-03,ME,SAMAMBAIA SUL (SAMAMBAIA),3,1,20000.0,(61) 82091186,clinica_geral,0.25,0.35
0.4050,CLINICA AMC,51.344.097/0001-90,ME,TAGUATINGA NORTE (TAGUATINGA),3,1,10000.0,(61) 83380736,clinica_geral,0.25,0.35
0.4050,ODONTO MAIS,48.042.866/0001-91,ME,TAGUATINGA SUL (TAGUATINGA),3,1,10000.0,(61) 82569973,clinica_geral,0.25,0.35
0.4050,BARRETO ODNTOLOGIA INTEGRADA IOB,54.145.421/0001-30,ME,TAGUATINGA NORTE (TAGUATINGA),2,1,10000.0,(61) 92545478,clinica_geral,0.25,0.35
0.4050,JACOBINA ODONTOLOGIA,49.794.873/0001-02,ME,TAGUATINGA NORTE (TAGUATINGA),3,1,10000.0,(61) 30221557,clinica_geral,0.25,0.35
0.4050,ODONTOLOGIA INOVADORA,48.561.069/0001-10,ME,SETOR RESIDENCIAL MESTRE D'ARMAS (PLANALTINA),3,1,10000.0,(61) 98078499,clinica_geral,0.25,0.35
0.4050,LUMINAR ODONTOLOGIA,54.866.539/0001-57,ME,TAGUATINGA,2,1,10000.0,(61) 94512585,clinica_geral,0.25,0.35
0.4050,H I ODONTOLOGIA E EDUCACAO,46.908.108/0001-88,ME,GUARA II,4,1,10000.0,(61) 82103630,clinica_geral,0.25,0.35
0.4050,TIA LARYSSA ODONTOPEDIATRIA,44.865.156/0001-00,ME,SETOR INDUSTRIAL (GAMA),4,1,10000.0,(61) 99557950,clinica_geral,0.25,0.35
0.4050,NL ODONTOLOGIA,51.948.292/0001-20,ME,GAMA,3,1,10000.0,(61) 98156431,clinica_geral,0.25,0.35
0.4050,SAUDE BUCAL,47.506.595/0001-15,ME,TAGUATINGA,4,1,10000.0,(61) 86374946,clinica_geral,0.25,0.35
0.4050,SHIZA ODONTOLOGIA,49.540.801/0001-39,ME,GUARA II,3,1,10000.0,(61) 83449701,clinica_geral,0.25,0.35
0.4050,DRA SOCORRO OLIVEIRA,47.542.313/0001-35,ME,SOBRADINHO,4,1,10000.0,(61) 81342366,marca_pessoal,0.25,0.35
0.4050,THAIS MELO SERVICO ODONTOLOGICO,51.509.513/0001-63,ME,GUARA II,3,1,10000.0,(31) 97763757,marca_pessoal,0.25,0.35
0.4050,UNIORTOFACE,47.305.553/0001-16,ME,SAMAMBAIA NORTE (SAMAMBAIA),4,1,10000.0,(61) 81959958,clinica_geral,0.25,0.35
0.4050,ZURC - ODONTOLOGIA SISTEMICA,51.764.542/0001-71,ME,GUARA,3,1,10000.0,(61) 96616375,clinica_geral,0.25,0.35
0.4050,C2K ODONTOLOGIA,53.186.791/0001-52,ME,TAGUATINGA NORTE (TAGUATINGA),2,1,5000.0,(61) 92653574,clinica_geral,0.25,0.35
0.4050,ORALART ODONTOLOGIA,50.459.714/0001-30,ME,SETOR LESTE (GAMA),3,1,5000.0,(61) 93011293,clinica_geral,0.25,0.35
0.4040,BR ODONTOLOGIA LTDA,50.205.971/0001-46,ME,SETOR DE HABITACOES INDIVIDUAIS SUL,3,1,300000.0,(61) 32649240,clinica_geral,0.36,0.35
0.4040,DR. LUISMAR,59.174.582/0001-75,ME,CEILANDIA SUL (CEILANDIA),1,1,20000.0,(61) 33552398,marca_pessoal,0.36,0.35
0.4040,SORRIVIDA,59.172.930/0001-75,ME,CEILANDIA NORTE (CEILANDIA),1,1,20000.0,(61) 37108228,clinica_geral,0.36,0.35
0.4020,D. M. CASTRO DE ABREU LTDA,37.191.786/0001-81,ME,SETOR DE HABITACOES INDIVIDUAIS SUL,6,1,30000.0,(61) 96391213,clinica_geral,0.28,0.35
0.4020,CONSULTORIO DENTAL CARD,28.993.671/0001-10,ME,BRASILIA,8,1,16000.0,(61) 84301567,clinica_geral,0.28,0.35
0.4020,ORAL DENTE,36.390.659/0001-49,ME,RECANTO DAS EMAS,6,1,12000.0,(61) 30820754,clinica_geral,0.28,0.35
0.4020,CLASSE A ODONTOLOGIA,41.162.908/0001-89,ME,CANDANGOLANDIA,5,1,10000.0,(61) 83740136,clinica_geral,0.28,0.35
0.4020,LIRA MULTICLINICA,34.197.618/0001-05,ME,CEILANDIA SUL (CEILANDIA),7,1,10000.0,(61) 86012323,clinica_geral,0.28,0.35
0.4020,ODONTOLOGIA P&D,28.361.980/0001-77,ME,PLANO PILOTO,9,1,10000.0,(61) 84004154,clinica_geral,0.28,0.35
0.4020,SR ODONTOLOGIA INTEGRADA,42.368.394/0001-85,ME,SETOR RESIDENCIAL OESTE (SAO SEBASTIAO),5,1,10000.0,(61) 96231049,clinica_geral,0.28,0.35
0.4020,CLINICA JUNCAL - SERVICOS MEDICOS E ODONTOLOGICOS,34.046.911/0001-71,ME,CEILANDIA CENTRO (CEILANDIA),7,1,5000.0,(61) 91198606,clinica_geral,0.28,0.35
0.4020,DL ODONTOLOGIA,46.866.766/0001-54,ME,CEILANDIA CENTRO (CEILANDIA),4,1,1000.0,(61) 83853888,clinica_geral,0.23,0.6
0.4020,LULE ODONTOLOGIA CRIATIVE,47.815.889/0001-29,ME,SETOR LESTE (VILA ESTRUTURAL),3,1,1000.0,(61) 99697513,clinica_institucional,0.23,0.6
0.4010,ODONTOCOMPANY SOBRADINHO,54.565.732/0001-58,ME,SOBRADINHO II,2,1,100000.0,(61) 96187943,clinica_geral,0.24,0.35
0.4000,SUBLIME ODONTOLOGIA,51.459.319/0001-10,ME,VILA SAO JOSE (BRAZLANDIA),3,1,15000.0,(61) 34794241,clinica_geral,0.35,0.35
0.4000,V&B ODONTOLOGIA INTEGRADA,47.819.620/0001-10,ME,SETOR DE HABITACOES INDIVIDUAIS SUL,3,1,10000.0,(61) 96485771,clinica_geral,0.35,0.35
0.4000,SORRIA DF,59.464.757/0001-89,ME,SAMAMBAIA,1,1,50000.0,(61) 99787857,clinica_geral,0.3,0.35
0.4000,ESPACO ODONTOLOGICO BRUNO BARRETO,59.426.187/0001-32,ME,SETOR RESIDENCIAL LESTE (PLANALTINA),1,1,1000.0,(61) 33891521,clinica_geral,0.3,0.35
0.3970,DRA JOANA RODRIGUES ODONTOLOGIA,49.927.237/0001-01,ME,ZONA INDUSTRIAL (GUARA),3,1,4000.0,(61) 82069461,marca_pessoal,0.23,0.35
0.3970,ODONTOLIZZ,51.718.089/0001-67,ME,TAGUATINGA SUL (TAGUATINGA),3,1,3000.0,(61) 93988903,clinica_geral,0.23,0.35
0.3970,ORAL FACIS,45.184.479/0001-00,ME,TAGUATINGA NORTE (TAGUATINGA),4,1,1000.0,(61) 84734407,clinica_geral,0.23,0.35
0.3970,THAWANY GONTIJO,43.915.527/0001-59,ME,SETOR CENTRAL (GAMA),4,1,1000.0,(61) 96204506,clinica_geral,0.23,0.35
0.3970,MEDINA ODONTOLOGIA,47.119.002/0001-68,ME,RIACHO FUNDO I,4,1,1000.0,(61) 99591232,clinica_geral,0.23,0.35
0.3970,YTALLO DE SOUZA MARTINS ODONTOLOGIA,43.503.456/0001-87,ME,RIACHO FUNDO I,4,1,1000.0,(61) 91111275,clinica_geral,0.23,0.35
0.3970,DRAISABELLA SERVICOS ODONTOLOGICOS,51.396.248/0001-54,ME,SETOR HABITACIONAL MESTRE D'ARMAS (PLANALTINA),3,1,500.0,(61) 81385577,clinica_geral,0.23,0.35
0.3970,JM ODONTOLOGIA,49.803.658/0001-20,ME,SETOR RESIDENCIAL LESTE (PLANALTINA),3,1,500.0,(61) 81040528,clinica_geral,0.23,0.35
0.3960,JP ODONTO,57.034.030/0001-36,ME,CEILANDIA,2,1,120000.0,(61) 99751981,clinica_geral,0.34,0.35
0.3960,MASTER ODONTO,53.736.139/0001-64,ME,SETOR NORTE (BRAZLANDIA),2,1,110000.0,(61) 91575321,clinica_geral,0.34,0.35
0.3960,MB BARBOSA CONSULTORIO ODONTOLOGICO,59.063.337/0001-90,ME,CEILANDIA SUL (CEILANDIA),1,1,100000.0,(61) 92190559,clinica_geral,0.34,0.35
0.3960,CORA,55.815.795/0001-88,ME,RECANTO DAS EMAS,2,1,100000.0,(61) 98024586,clinica_geral,0.34,0.35
0.3960,DRA. ISABELLA FERNANDES ONDONTO,46.183.949/0001-75,ME,ARAPOANGA (PLANALTINA),4,1,30000.0,(61) 81505476,marca_pessoal,0.29,0.35
0.3960,CLINIC ODONTO,45.352.664/0001-58,ME,CONDOMINIO MESTRE D'ARMAS (PLANALTINA),4,1,20000.0,(61) 95711103,clinica_geral,0.29,0.35
0.3940,IDEAL ODONTOCLINIC,41.738.309/0001-60,ME,CEILANDIA SUL (CEILANDIA),5,1,50000.0,(61) 30273294,clinica_geral,0.26,0.35
0.3930,CLINICA LARA,30.818.847/0001-49,ME,SETOR NORTE (BRAZLANDIA),8,1,30000.0,(61) 33911255,clinica_geral,0.32,0.35
0.3930,MARIANA FREITAS,54.787.958/0001-01,ME,GAMA,2,1,15000.0,(61) 98226565,marca_pessoal,0.22,0.35
0.3930,BIANCA RIBEIRO CARVALHO CONTABILIDADE,52.347.251/0001-40,ME,RIACHO FUNDO I,2,1,10000.0,(61) 92800204,marca_pessoal,0.22,0.35
0.3930,DR FABIO FERNANDES,53.970.391/0001-33,ME,TAGUATINGA,2,1,10000.0,(61) 98541885,marca_pessoal,0.22,0.35
0.3930,HOME KIDS ODONTOLOGIA DOMICILIAR E HOSPITALAR,56.941.392/0001-48,ME,TAGUATINGA,2,1,10000.0,(61) 98266456,clinica_geral,0.22,0.35
0.3930,MEIRELES ODONTO & SAUDE,59.007.163/0001-49,ME,SOBRADINHO II,1,1,10000.0,(61) 92119616,clinica_geral,0.22,0.35
0.3930,MENDES ODONTOLOGIA,52.779.413/0001-10,ME,TAGUATINGA,2,1,10000.0,(61) 81844470,clinica_geral,0.22,0.35
0.3930,VERIODONTOLOGIA,55.512.926/0001-58,ME,GAMA,2,1,10000.0,(61) 98802777,clinica_geral,0.22,0.35
0.3930,ENOKI ODONTOLOGIA,56.944.576/0001-61,ME,TAGUATINGA,2,1,5000.0,(61) 93383158,clinica_geral,0.22,0.35
0.3930,RK ODONTOLOGIA,52.127.856/0001-26,ME,SETOR SUL (GAMA),2,1,5000.0,(61) 99599086,clinica_geral,0.22,0.35
0.3930,ORTHUS EXCELENCIA E PROFISSIONALISMO,58.471.427/0001-58,ME,TAGUATINGA SUL (TAGUATINGA),1,1,5000.0,(61) 32563000,clinica_geral,0.22,0.35
0.3925,MIOLA ODONTOLOGIA,48.375.541/0001-20,ME,SUL (AGUAS CLARAS),3,1,5000.0,(61) 83514083,clinica_geral,0.05,0.35
0.3920,ODONTO LINS,49.949.198/0001-43,ME,VARJAO,3,1,90000.0,(61) 93956405,clinica_geral,0.33,0.35
0.3920,M&C ODONTOLOGIA INTEGRADA,51.423.959/0001-70,ME,ITAPOA II,3,1,70000.0,(61) 98887688,clinica_geral,0.33,0.35
0.3920,CONSULTORIO ODONTOLOGICO SORRIDENTE,47.611.998/0001-24,ME,SETOR RESIDENCIAL OESTE (SAO SEBASTIAO),4,1,60000.0,(61) 33351535,clinica_geral,0.33,0.35
0.3920,IFO ODONTOLOGIA,43.814.309/0001-28,ME,CEILANDIA SUL (CEILANDIA),4,1,60000.0,(61) 96110610,clinica_geral,0.33,0.35
0.3920,CNO CLINICA NERES ODONTO,46.872.996/0001-26,ME,CEILANDIA,4,1,50000.0,(61) 92170247,clinica_geral,0.33,0.35
0.3920,FLUORESCER - CUIDADO EM ODONTOLOGIA LTDA,47.353.277/0001-61,ME,RECANTO DAS EMAS,4,1,50000.0,(61) 33342527,clinica_geral,0.33,0.35
0.3920,KS PUREZA,49.886.040/0001-71,ME,SETOR NORTE (BRAZLANDIA),3,1,50000.0,(61) 35401473,clinica_geral,0.33,0.35
0.3920,CLINICA MUNDO SORRISO,49.588.484/0001-20,ME,SETOR ESPECIAL (VILA ESTRUTURAL),3,1,50000.0,(61) 92617045,clinica_geral,0.33,0.35
0.3920,ODONTOARTE,48.968.166/0001-22,ME,ASA NRTE,3,1,50000.0,(61) 91619131,clinica_geral,0.33,0.35
0.3920,QUANTICO ODONTOLOGIA ESTEETICA,46.655.416/0001-49,ME,PARANOA,4,1,50000.0,(61) 95526729,clinica_geral,0.33,0.35
0.3920,LGONTIJO SERVICOS MEDICOS E ODONTOLOGICOS,49.480.834/0001-30,ME,SETOR DE HABITACOES INDIVIDUAIS NORTE,3,1,10000.0,(61) 84370290,clinica_geral,0.33,0.35
0.3920,ZR ODONTO,50.561.681/0001-35,ME,ZONA INDUSTRIAL,3,1,2000.0,(61) 98160042,clinica_geral,0.33,0.35
0.3900,CLINICA ODONTORAMOS,56.822.928/0001-06,ME,CEILANDIA SUL (CEILANDIA),2,1,1000.0,(61) 91492912,clinica_geral,0.2,0.6
0.3890,CLARISSA GERARD ODONTOLOGIA LTDA,49.138.204/0001-82,ME,GUARA II,3,1,5000.0,(61) 92935487,clinica_geral,0.21,0.35
0.3890,LARISSA CHIOZINI BITTENCOURT SERVICOS ODONTOLOGICOS LTDA,48.340.250/0001-05,ME,GUARA II,3,1,5000.0,(17) 35221153,marca_pessoal,0.21,0.35
0.3880,ODONTO RECANTO LTDA,51.529.459/0001-18,ME,RECANTO DAS EMAS,3,1,50000.0,(61) 83167887,clinica_geral,0.32,0.35
0.3880,S PARANOA ODONTOLOGIA LTDA,59.161.076/0001-41,ME,PARANOA,1,1,20000.0,(61) 81056000,clinica_geral,0.32,0.35
0.3850,CLINICA ODONTOLOGICA YASSUNAGA,48.416.030/0001-00,ME,VILA SAO JOSE (BRAZLANDIA),3,1,7000.0,(61) 35514715,clinica_geral,0.25,0.6
0.3850,AF. ODONTOLOGIA,55.683.094/0001-32,ME,ZONA INDUSTRIAL (GUARA),2,1,3000.0,(61) 96591485,clinica_geral,0.2,0.35
0.3850,KAROLYNE ODONTOLOGIA,58.251.798/0001-24,ME,SOBRADINHO,1,1,2000.0,(61) 99880669,clinica_geral,0.2,0.35
0.3850,ODONTOCASTRO,54.681.237/0001-04,ME,TAGUATINGA SUL (TAGUATINGA),2,1,2000.0,(61) 33517187,clinica_geral,0.2,0.35
0.3850,ODONTOLOGIA REABILITADORA LARISSA RIBEIRO,56.943.245/0001-07,ME,TAGUATINGA NORTE (TAGUATINGA),2,1,1000.0,(61) 98170831,clinica_geral,0.2,0.35
0.3850,MVBL ODONTOLOGIA,59.294.050/0001-71,ME,GUARA I,1,1,1000.0,(61) 85214923,clinica_geral,0.2,0.35
0.3850,TRINDADE NETO ODONTOLOGIA,58.610.681/0001-90,ME,SOBRADINHO,1,1,1000.0,(61) 81402224,clinica_geral,0.2,0.35
0.3840,KAREN HELEN CORREIA SILVEIRA,55.249.599/0001-93,ME,TAGUATINGA,2,1,2000.0,(61) 85453050,clinica_geral,0.26,0.35
0.3830,SRS ODONTOLOGIA,45.597.731/0001-02,ME,SANTA MARIA,4,1,100000.0,(61) 98518604,clinica_geral,0.37,0.35
0.3820,AFA CLINICA ODONTOLOGICA LTDA,53.918.604/0001-88,ME,RECANTO DAS EMAS,2,1,10000.0,(61) 92020999,clinica_geral,0.18,0.6
0.3810,NICOLAS VALENTIM ODONTOLOGIA LTDA,58.802.286/0001-09,ME,RIACHO FUNDO I,1,1,1000.0,(61) 93468558,clinica_geral,0.19,0.35
0.3800,CRBC,58.525.764/0001-80,ME,CEILANDIA,1,1,90000.0,(61) 91912076,clinica_geral,0.3,0.35
0.3800,CBK ODONTOLOGIA,54.073.813/0001-30,ME,RECANTO DAS EMAS,2,1,50000.0,(61) 96171457,clinica_geral,0.3,0.35
0.3800,DENTISTAS CLARECLINIC,54.145.364/0001-99,ME,PARANOA,2,1,50000.0,(61) 35460301,clinica_geral,0.3,0.35
0.3800,CONSULTORIO ODONTOLOGICO 304,56.239.881/0001-52,ME,RECANTO DAS EMAS,2,1,50000.0,(61) 99858661,clinica_geral,0.3,0.35
0.3800,ODONTOQUALLITY,59.218.987/0001-68,ME,CEILANDIA NORTE (CEILANDIA),1,1,50000.0,(61) 84337351,clinica_geral,0.3,0.35
0.3800,ODONTO QUALLITY,59.215.660/0001-32,ME,CEILANDIA NORTE (CEILANDIA),1,1,50000.0,(61) 33724228,clinica_geral,0.3,0.35
0.3800,Nº 1 ODONTOLOGIA E CLINICA MEDICA,53.769.208/0001-36,ME,SETOR HABITACIONAL SOL NASCENTE (CEILANDIA),2,1,50000.0,(61) 41419229,clinica_geral,0.3,0.35
0.3800,SENSI ODONTOLOGIA INTEGRADA,57.560.614/0001-45,ME,CEILANDIA SUL (CEILANDIA),1,1,50000.0,(61) 81947626,clinica_geral,0.3,0.35
0.3800,ZENITE ODONTOLOGIA INTEGRADA,58.749.877/0001-60,ME,BRAZLANDIA,1,1,50000.0,(61) 94322784,clinica_geral,0.3,0.35
0.3800,M.D. ODONTOLOGIA,59.341.646/0001-85,ME,VILA NOVA (SAO SEBASTIAO),1,1,1000.0,(61) 94643594,clinica_geral,0.3,0.35
0.3800,SAMAVI ODONTO,46.484.779/0001-69,ME,SETOR HABITACIONAL MESTRE D'ARMAS (PLANALTINA),4,1,5000.0,(61) 82685649,clinica_geral,0.25,0.35
0.3770,ANDRE SALES ODONTOLOGIA,36.016.036/0001-00,ME,CANDANGOLANDIA,6,1,10000.0,(61) 99870848,marca_pessoal,0.28,0.35
0.3770,JR ODONTOLOGIA ESPECIALIZADA,49.244.872/0001-94,ME,SH JARDIM,3,1,1000.0,(61) 96852212,clinica_institucional,0.23,0.6
0.3765,CLINICA INTERDISCIPLINAR DE ODONTOLOGIA LTDA,01.297.992/0001-23,ME,PLANO PILOTO,30,1,0.0,,clinica_geral,0.16,0.35
0.3765,NUCLEO ODONTOLOGICO DR EVALDO VALENTIM LTDA,03.373.993/0001-35,ME,SCS,26,1,0.0,,clinica_geral,0.16,0.35
0.3760,MAIS ODONTO,50.339.564/0001-21,ME,RECANTO DAS EMAS,3,1,49000.0,(61) 33338714,clinica_geral,0.29,0.35
0.3760,DANIEL MIRANDA CIRURGIA BUCOMAXILOFACIAL,53.769.119/0001-90,ME,BRASILIA,2,1,40000.0,(61) 83617176,marca_pessoal,0.29,0.35
0.3760,ROLETO ODONTOLOGIA,47.483.429/0001-40,ME,SETOR DE HABITACOES INDIVIDUAIS SUL,4,1,40000.0,(61) 84426836,clinica_geral,0.29,0.35
0.3760,JK SORRISOS,59.003.503/0001-63,ME,CEILANDIA SUL (CEILANDIA),1,1,35000.0,(61) 92010056,clinica_geral,0.29,0.35
0.3760,DANIELLY VITORINO ODONTOLOGIA LTDA,45.672.520/0001-89,ME,RECANTO DAS EMAS,4,1,30000.0,(61) 93949965,clinica_geral,0.29,0.35
0.3760,JPSC ODONTOLOGIA,44.641.335/0001-64,ME,SANTA MARIA,4,1,30000.0,(61) 83251795,clinica_geral,0.29,0.35
0.3760,ODONTO ARTE DE SORRIR,45.951.743/0001-85,ME,CEILANDIA NORTE (CEILANDIA),4,1,30000.0,(61) 84309012,clinica_geral,0.29,0.35
0.3760,SALUD ODONTOLIGIA,49.709.412/0001-94,ME,SETOR HABITACIONAL POR DO SOL (CEILANDIA),3,1,30000.0,(61) 92092350,clinica_geral,0.29,0.35
0.3760,SORRISO TOP,45.102.326/0001-68,ME,RECANTO DAS EMAS,4,1,20000.0,(61) 39736146,clinica_geral,0.29,0.35
0.3760,DRA. RENATA CAETANO,48.344.275/0001-79,ME,PARANOA,3,1,20000.0,(61) 93691175,marca_pessoal,0.29,0.35
0.3760,PLENITURE ODONTOLOGIA,55.136.127/0001-24,ME,PLANO PILOTO,2,1,20000.0,(61) 99869739,clinica_geral,0.29,0.35
0.3750,RENOVA ODONTOLOGIA,51.325.482/0001-90,ME,SAO BARTOLOMEU (SAO SEBASTIAO),3,1,10000.0,(61) 91527152,clinica_geral,0.35,0.35
0.3725,DRA. JACKELYNE IKEDA,53.825.066/0001-87,ME,ASA SUL,2,1,1000.0,(41) 97880145,marca_pessoal,0.0,0.35
0.3720,SORRIA,49.970.472/0001-66,ME,BRASILIA,3,1,10000.0,(61) 91268473,clinica_geral,0.28,0.35
0.3720,MANJON - ERTTY,47.253.044/0001-97,ME,SETOR DE HABITACOES INDIVIDUAIS SUL,4,1,10000.0,(61) 99748187,clinica_geral,0.28,0.35
0.3710,ANA CRISTINA ODONTOLOGIA,55.372.086/0001-75,ME,CEILANDIA SUL (CEILANDIA),2,1,150000.0,(61) 30479505,marca_pessoal,0.34,0.35
0.3690,ODONTOCASTRO CT LTDA,54.193.633/0001-92,ME,TAGUATINGA SUL (TAGUATINGA),2,1,2000.0,(61) 33517187,clinica_geral,0.16,0.35
0.3690,MICHELLE BETTY BECERRA DE OLIVEIRA LTDA,58.812.364/0001-56,ME,CONDOMINIO IMPERIO DOS NOBRES (SOBRADINHO),1,1,1000.0,(41) 98130414,clinica_geral,0.16,0.35
0.3680,RODRIGUES ODONTOLOGIA,58.806.278/0001-30,ME,GAMA,1,1,5000.0,(61) 85923107,clinica_geral,0.22,0.35
0.3670,PERSONAL DENT,49.798.588/0001-60,ME,CEILANDIA,3,1,50000.0,(61) 35614238,clinica_geral,0.33,0.35
0.3645,ODONTOCLINICA ROBERTO COELHO CAIADO LTDA,02.884.037/0001-55,ME,ASA  NORTE,27,1,0.0,,clinica_geral,0.13,0.35
0.3640,GS CENTRO CLINICO E ODONTOLOGICO LTDA,54.908.515/0001-13,ME,BRASILIA,2,1,80000.0,(61) 96237945,clinica_institucional,0.26,0.35
0.3640,DF ODONTO,57.144.571/0001-17,ME,CEILANDIA NORTE (CEILANDIA),1,1,40000.0,(61) 74014615,clinica_geral,0.26,0.35
0.3640,DRA. KELLY MACIEL ODONTOLOGIA INTEGRADA,54.995.013/0001-77,ME,SANTA MARIA,2,1,40000.0,(61) 83503805,marca_pessoal,0.26,0.35
0.3640,ORTO VIDA,54.502.710/0001-49,ME,CEILANDIA NORTE (CEILANDIA),2,1,30000.0,(61) 86295575,clinica_geral,0.26,0.35
0.3640,KELLY CRIS ODONTO,59.198.391/0001-43,ME,CEILANDIA SUL (CEILANDIA),1,1,30000.0,(61) 85563864,clinica_geral,0.26,0.35
0.3640,ODONTOLOGIA TIA LUNA,57.281.680/0001-86,ME,PARANOA,1,1,25000.0,(61) 98580912,clinica_geral,0.26,0.35
0.3640,ESB ODONTO,52.658.067/0001-11,ME,CEILANDIA SUL (CEILANDIA),2,1,20000.0,(61) 84970377,clinica_geral,0.26,0.35
0.3640,SHOPPING DO DENTE,53.803.757/0001-80,ME,CEILANDIA,2,1,20000.0,(61) 99734837,clinica_geral,0.26,0.35
0.3640,BUGARIN ODONTOLOGIA,43.585.738/0001-70,ME,SETOR DE HABITACOES INDIVIDUAIS NORTE,4,1,1000.0,(61) 81559073,clinica_geral,0.26,0.35
0.3640,LETICIA LUZ ODONTOLOGIA,50.433.965/0001-46,ME,CEILANDIA SUL (CEILANDIA),3,1,1000.0,(61) 99428318,marca_pessoal,0.26,0.35
0.3640,MARCELLE D. DO P. N. CARVALHO,50.546.411/0001-55,ME,GUARA,3,1,10000.0,(99) 82412016,clinica_geral,0.21,0.35
0.3600,ODONTOCLINICA SMILE LTDA,47.328.686/0001-08,ME,SANTA MARIA,4,1,20000.0,(61) 33948308,clinica_geral,0.25,0.35
0.3600,SORRIDENTE CLINICAS ODONTOLOGICAS,50.272.621/0001-00,ME,SANTA MARIA,3,1,10000.0,(61) 95383192,clinica_geral,0.25,0.35
0.3600,CLUB DO SORRISO ODONTOLOGIA HUMANIZADA,48.961.728/0001-06,ME,CEILANDIA NORTE (CEILANDIA),3,1,5000.0,(61) 30210084,clinica_geral,0.25,0.35
0.3600,CABRAL ODONTOLOGIA,56.941.597/0001-23,ME,PONTE ALTA NORTE (GAMA),2,1,1000.0,(62) 82642977,clinica_geral,0.2,0.35
0.3600,ANNA CLARA MENEZES DE FARIA,59.010.634/0001-78,ME,SAMAMBAIA,1,1,100.0,(61) 85415576,clinica_geral,0.2,0.35
0.3560,ODONTO COMPANY,54.994.278/0001-50,ME,CEILANDIA NORTE (CEILANDIA),2,1,100000.0,(61) 95581082,clinica_geral,0.24,0.35
0.3560,LUIZ EDUARDO E. DE OLIVEIRA ODONTOLOGIA LTDA,46.349.074/0001-39,ME,SETOR DE HABITACOES INDIVIDUAIS SUL,4,1,5000.0,(61) 95203017,marca_pessoal,0.24,0.35
0.3540,GOMIDE ODONTOMEDICA,36.979.743/0001-00,ME,CEILANDIA CENTRO (CEILANDIA),6,1,5000.0,(61) 30323780,clinica_geral,0.16,0.35
0.3530,JAIR JUNIOR DE FREITAS ODONTOLOGIA,37.191.908/0001-30,ME,SANTA MARIA,6,1,1000.0,(61) 85765828,clinica_geral,0.22,0.35
0.3525,LABORATORIO DE PROTESE DENTARIA ROSSI,03.602.737/0001-72,ME,PLANO PILOTO,39,1,1000.0,,clinica_geral,0.1,0.35
0.3520,PORFIRIO ODONTOLOGIA,50.163.331/0001-10,ME,SETOR DE HABITACOES INDIVIDUAIS SUL,3,1,1000.0,(61) 83852531,clinica_geral,0.23,0.35
0.3520,FECHINE ODONTOLOGIA,51.387.351/0001-38,ME,SETOR DE HABITACOES INDIVIDUAIS NORTE,3,1,1000.0,(61) 91051345,clinica_geral,0.23,0.35
0.3520,RINOVA ODONTO,48.410.991/0001-07,ME,CEILANDIA NORTE (CEILANDIA),3,1,1000.0,(61) 95030638,clinica_geral,0.23,0.35
0.3520,M. T. PEIXOTO,55.211.424/0001-97,ME,SAMAMBAIA,2,1,15000.0,(61) 94004903,clinica_geral,0.18,0.35
0.3510,DENTE E FAMILIA,45.558.783/0001-61,ME,CEILANDIA SUL (CEILANDIA),4,1,20000.0,(61) 99188495,clinica_geral,0.29,0.35
0.3480,JV ODONTOLOGIA LTDA,58.409.974/0001-03,ME,RECANTO DAS EMAS,1,1,25000.0,(61) 91503109,clinica_geral,0.22,0.35
0.3480,MYLENA ODONTOLOGIA LTDA,55.796.433/0001-97,ME,AREAL,2,1,20000.0,(61) 39650000,clinica_geral,0.22,0.35
0.3480,DRA FLAVIA SERVICOS ODONTOLOGICOS,52.693.056/0001-72,ME,CEILANDIA,2,1,10000.0,(61) 82640249,marca_pessoal,0.22,0.35
0.3480,ENDOTECH ODONTOLOGIA,58.996.707/0001-80,ME,SETOR DE HABITACOES INDIVIDUAIS NORTE,1,1,10000.0,(61) 92734075,clinica_geral,0.22,0.35
0.3480,NERY NEUHAUSS SAUDE,53.640.631/0001-31,ME,CEILANDIA,2,1,10000.0,(61) 95462679,clinica_geral,0.22,0.35
0.3480,ODONTORABELO,57.799.516/0001-65,ME,SETOR MILITAR URBANO,1,1,10000.0,(55) 81167094,clinica_geral,0.22,0.35
0.3480,SANDERLEY LESSA ODONTOLOGIA,59.218.523/0001-51,ME,VILA PLANALTO,1,1,10000.0,(68) 81013076,clinica_geral,0.22,0.35
0.3480,WIN ODONTOLOGIA INTEGRADA,53.221.120/0001-85,ME,CEILANDIA,2,1,8000.0,(61) 83483859,clinica_geral,0.22,0.35
0.3480,XAVIER ODONTOLOGIA,54.763.607/0001-52,ME,SETOR DE HABITACOES INDIVIDUAIS NORTE,2,1,5700.0,(61) 96506563,clinica_geral,0.22,0.35
0.3480,DENS ODONTOLOGIA,52.933.597/0001-20,ME,CEILANDIA NORTE (CEILANDIA),2,1,5000.0,(61) 84845518,clinica_geral,0.22,0.35
0.3480,HUMANIZZE ODONTOLOGIA,59.026.946/0001-70,ME,RECANTO DAS EMAS,1,1,5000.0,(61) 36224525,clinica_geral,0.22,0.35
0.3480,MARIANA F. MARTINS LTDA,58.506.200/0001-09,ME,VILA PLANALTO,1,1,5000.0,(65) 84148656,marca_pessoal,0.22,0.35
0.3480,PREV ORAL,59.081.384/0001-67,ME,CEILANDIA NORTE (CEILANDIA),1,1,5000.0,(61) 30470040,clinica_geral,0.22,0.35
0.3440,CENTRAL ODONTOLOGIA LTDA.,51.355.510/0001-12,ME,CEILANDIA NORTE (CEILANDIA),3,1,5000.0,(61) 92974059,clinica_geral,0.21,0.35
0.3400,JOVI ODONTOLOGIA,58.318.501/0001-09,ME,SETOR MEIRELES (SANTA MARIA),1,1,1000.0,(61) 82776712,clinica_geral,0.2,0.35
0.3400,SERENECARE,55.438.632/0001-23,ME,PLANO PILOTO,2,1,1000.0,(61) 99295440,clinica_geral,0.2,0.35
0.3400,VALOR ODONTOLOGIA INTEGRADA,57.745.062/0001-40,ME,PLANO PILOTO,1,1,1000.0,(11) 32314580,clinica_geral,0.2,0.35
0.3390,ELZA GERALDA ODONTOLOGIA - CEILANDIA,52.510.445/0001-15,ME,CEILANDIA CENTRO (CEILANDIA),2,1,30000.0,(61) 93025231,clinica_geral,0.26,0.35
0.3360,ODONTOCOMPANY CIDADE ESTRUTURAL,44.145.634/0001-08,ME,SETOR ESPECIAL (VILA ESTRUTURAL),4,1,20000.0,(61) 85340060,clinica_geral,0.19,0.35
0.3350,DRA. CAMILA FERREIRA,50.222.297/0001-08,ME,PARANOA,3,1,10000.0,(61) 94208488,marca_pessoal,0.25,0.35
0.3320,MARA DENISE JOSE LEITE LTDA,55.849.609/0001-21,ME,PLANO PILOTO,2,1,10000.0,(61) 99312508,clinica_geral,0.18,0.35
0.3320,MARQUES MORENO LTDA,59.143.710/0001-13,ME,SANTA MARIA,1,1,5000.0,(61) 96799961,clinica_geral,0.18,0.35
0.3270,ALYNE RODRIGUES CHAVES ODONTOLOGIA,50.086.272/0001-24,ME,SETOR DE HABITACOES INDIVIDUAIS NORTE,3,1,1000.0,(61) 95123503,clinica_geral,0.23,0.35
0.3270,IMPACT ODONTOLOGIA AVANCADA,48.414.394/0001-50,ME,SANTA MARIA,3,1,1000.0,(61) 95682072,clinica_geral,0.23,0.35
0.3270,RAFAELA DOURADO ATAIDE DENTISTA,50.001.256/0001-91,ME,SETOR DE HABITACOES INDIVIDUAIS NORTE,3,1,1000.0,(61) 93796904,clinica_geral,0.23,0.35
0.3270,TCR ODONTOLOGIA,50.433.370/0001-90,ME,BRASILIA,3,1,1000.0,(61) 81272818,clinica_geral,0.23,0.35
0.3250,RDO ODONTOLOGIA E CIRURGIA BUCOMAXILOFACIAL,46.161.217/0001-84,ME,SOBRADINHO,4,1,9000.0,(61) 34871077,clinica_geral,0.05,0.35
0.3240,CAROLINA FONTANA ODONTOLOGIA LTDA,59.515.291/0001-01,ME,RECANTO DAS EMAS,1,1,1000.0,(61) 99709254,marca_pessoal,0.16,0.35
0.3230,NATHALIA CAMPOS GONCALVES,58.758.836/0001-30,ME,CEILANDIA,1,1,30000.0,(61) 98384354,marca_pessoal,0.22,0.35
0.3230,DENTISTA DO CANAL,58.104.714/0001-20,ME,PARANOA,1,1,8000.0,(61) 83043205,clinica_geral,0.22,0.35
